variable,exposure_type,exposure_value,exposure_probability,lag_window,reference_value,RR,model_key,specification_order
t2m,lag,0.171520487,0.01,0,17.83579852,0.887570190623829,t2m__lag,1
t2m,lag,0.171520487,0.01,1,17.83579852,0.923857185145332,t2m__lag,1
t2m,lag,0.171520487,0.01,2,17.83579852,0.95945304825291,t2m__lag,1
t2m,lag,0.171520487,0.01,3,17.83579852,0.991918795393369,t2m__lag,1
t2m,lag,0.171520487,0.01,4,17.83579852,1.01854160085457,t2m__lag,1
t2m,lag,0.171520487,0.01,5,17.83579852,1.03645019346364,t2m__lag,1
t2m,lag,0.171520487,0.01,6,17.83579852,1.04358929873239,t2m__lag,1
t2m,lag,0.171520487,0.01,7,17.83579852,1.04130465552117,t2m__lag,1
t2m,lag,0.171520487,0.01,8,17.83579852,1.03199183853785,t2m__lag,1
t2m,lag,0.171520487,0.01,9,17.83579852,1.01814169199577,t2m__lag,1
t2m,lag,0.171520487,0.01,10,17.83579852,1.00220585145603,t2m__lag,1
t2m,lag,3.1816965228,0.04,0,17.83579852,0.922164712821263,t2m__lag,1
t2m,lag,3.1816965228,0.04,1,17.83579852,0.949114268481693,t2m__lag,1
t2m,lag,3.1816965228,0.04,2,17.83579852,0.975172910270659,t2m__lag,1
t2m,lag,3.1816965228,0.04,3,17.83579852,0.998506739832206,t2m__lag,1
t2m,lag,3.1816965228,0.04,4,17.83579852,1.01713767880959,t2m__lag,1
t2m,lag,3.1816965228,0.04,5,17.83579852,1.02901327458675,t2m__lag,1
t2m,lag,3.1816965228,0.04,6,17.83579852,1.03270620622304,t2m__lag,1
t2m,lag,3.1816965228,0.04,7,17.83579852,1.02930738672398,t2m__lag,1
t2m,lag,3.1816965228,0.04,8,17.83579852,1.02064041530217,t2m__lag,1
t2m,lag,3.1816965228,0.04,9,17.83579852,1.00857147257455,t2m__lag,1
t2m,lag,3.1816965228,0.04,10,17.83579852,0.994932738462691,t2m__lag,1
t2m,lag,4.659152603,0.07,0,17.83579852,0.93729794188925,t2m__lag,1
t2m,lag,4.659152603,0.07,1,17.83579852,0.959942478399409,t2m__lag,1
t2m,lag,4.659152603,0.07,2,17.83579852,0.9816874002253,t2m__lag,1
t2m,lag,4.659152603,0.07,3,17.83579852,1.00097249571796,t2m__lag,1
t2m,lag,4.659152603,0.07,4,17.83579852,1.01613743747331,t2m__lag,1
t2m,lag,4.659152603,0.07,5,17.83579852,1.02547387633883,t2m__lag,1
t2m,lag,4.659152603,0.07,6,17.83579852,1.02780856245004,t2m__lag,1
t2m,lag,4.659152603,0.07,7,17.83579852,1.02409843478279,t2m__lag,1
t2m,lag,4.659152603,0.07,8,17.83579852,1.01590372807202,t2m__lag,1
t2m,lag,4.659152603,0.07,9,17.83579852,1.00481087375118,t2m__lag,1
t2m,lag,4.659152603,0.07,10,17.83579852,0.992376699274533,t2m__lag,1
t2m,lag,5.7758229574,0.1,0,17.83579852,0.947737259777099,t2m__lag,1
t2m,lag,5.7758229574,0.1,1,17.83579852,0.967305487094186,t2m__lag,1
t2m,lag,5.7758229574,0.1,2,17.83579852,0.985999419344411,t2m__lag,1
t2m,lag,5.7758229574,0.1,3,17.83579852,1.00245362366042,t2m__lag,1
t2m,lag,5.7758229574,0.1,4,17.83579852,1.01522862743035,t2m__lag,1
t2m,lag,5.7758229574,0.1,5,17.83579852,1.02285168987388,t2m__lag,1
t2m,lag,5.7758229574,0.1,6,17.83579852,1.0243198737387,t2m__lag,1
t2m,lag,5.7758229574,0.1,7,17.83579852,1.02048770568879,t2m__lag,1
t2m,lag,5.7758229574,0.1,8,17.83579852,1.01272583581015,t2m__lag,1
t2m,lag,5.7758229574,0.1,9,17.83579852,1.00242208211881,t2m__lag,1
t2m,lag,5.7758229574,0.1,10,17.83579852,0.990938431986328,t2m__lag,1
t2m,lag,6.669326401,0.13,0,17.83579852,0.955396033620069,t2m__lag,1
t2m,lag,6.669326401,0.13,1,17.83579852,0.97263522900293,t2m__lag,1
t2m,lag,6.669326401,0.13,2,17.83579852,0.989036967580022,t2m__lag,1
t2m,lag,6.669326401,0.13,3,17.83579852,1.0033835760056,t2m__lag,1
t2m,lag,6.669326401,0.13,4,17.83579852,1.01440026204238,t2m__lag,1
t2m,lag,6.669326401,0.13,5,17.83579852,1.02078807088142,t2m__lag,1
t2m,lag,6.669326401,0.13,6,17.83579852,1.02166770701208,t2m__lag,1
t2m,lag,6.669326401,0.13,7,17.83579852,1.0178121132937,t2m__lag,1
t2m,lag,6.669326401,0.13,8,17.83579852,1.01044682966014,t2m__lag,1
t2m,lag,6.669326401,0.13,9,17.83579852,1.00080911087192,t2m__lag,1
t2m,lag,6.669326401,0.13,10,17.83579852,0.990113545823467,t2m__lag,1
t2m,lag,7.56251696276,0.16,0,17.83579852,0.962379668680624,t2m__lag,1
t2m,lag,7.56251696276,0.16,1,17.83579852,0.977425143631688,t2m__lag,1
t2m,lag,7.56251696276,0.16,2,17.83579852,0.991682199581992,t2m__lag,1
t2m,lag,7.56251696276,0.16,3,17.83579852,1.00407329493276,t2m__lag,1
t2m,lag,7.56251696276,0.16,4,17.83579852,1.01347758126106,t2m__lag,1
t2m,lag,7.56251696276,0.16,5,17.83579852,1.01875710634168,t2m__lag,1
t2m,lag,7.56251696276,0.16,6,17.83579852,1.01914558391609,t2m__lag,1
t2m,lag,7.56251696276,0.16,7,17.83579852,1.01533551578643,t2m__lag,1
t2m,lag,7.56251696276,0.16,8,17.83579852,1.00841375262804,t2m__lag,1
t2m,lag,7.56251696276,0.16,9,17.83579852,0.999474756070428,t2m__lag,1
t2m,lag,7.56251696276,0.16,10,17.83579852,0.98959352026116,t2m__lag,1
t2m,lag,8.38318438184,0.19,0,17.83579852,0.968159869500223,t2m__lag,1
t2m,lag,8.38318438184,0.19,1,17.83579852,0.981321564082037,t2m__lag,1
t2m,lag,8.38318438184,0.19,2,17.83579852,0.993748602143036,t2m__lag,1
t2m,lag,8.38318438184,0.19,3,17.83579852,1.0044852533019,t2m__lag,1
t2m,lag,8.38318438184,0.19,4,17.83579852,1.01254275170407,t2m__lag,1
t2m,lag,8.38318438184,0.19,5,17.83579852,1.01692017895314,t2m__lag,1
t2m,lag,8.38318438184,0.19,6,17.83579852,1.01694625740018,t2m__lag,1
t2m,lag,8.38318438184,0.19,7,17.83579852,1.01324117951858,t2m__lag,1
t2m,lag,8.38318438184,0.19,8,17.83579852,1.0067703816766,t2m__lag,1
t2m,lag,8.38318438184,0.19,9,17.83579852,0.998504152540827,t2m__lag,1
t2m,lag,8.38318438184,0.19,10,17.83579852,0.989396211930412,t2m__lag,1
t2m,lag,9.143575923,0.22,0,17.83579852,0.972936521039037,t2m__lag,1
t2m,lag,9.143575923,0.22,1,17.83579852,0.984476146759271,t2m__lag,1
t2m,lag,9.143575923,0.22,2,17.83579852,0.995336683540153,t2m__lag,1
t2m,lag,9.143575923,0.22,3,17.83579852,1.00466914322956,t2m__lag,1
t2m,lag,9.143575923,0.22,4,17.83579852,1.011599202712,t2m__lag,1
t2m,lag,9.143575923,0.22,5,17.83579852,1.01524386683894,t2m__lag,1
t2m,lag,9.143575923,0.22,6,17.83579852,1.01501275387855,t2m__lag,1
t2m,lag,9.143575923,0.22,7,17.83579852,1.01146091564244,t2m__lag,1
t2m,lag,9.143575923,0.22,8,17.83579852,1.00544674667204,t2m__lag,1
t2m,lag,9.143575923,0.22,9,17.83579852,0.997831664837268,t2m__lag,1
t2m,lag,9.143575923,0.22,10,17.83579852,0.989463117356566,t2m__lag,1
t2m,lag,10.057553545,0.25,0,17.83579852,0.977896769549737,t2m__lag,1
t2m,lag,10.057553545,0.25,1,17.83579852,0.98765718267031,t2m__lag,1
t2m,lag,10.057553545,0.25,2,17.83579852,0.996810467506147,t2m__lag,1
t2m,lag,10.057553545,0.25,3,17.83579852,1.0046279348806,t2m__lag,1
t2m,lag,10.057553545,0.25,4,17.83579852,1.01036281786808,t2m__lag,1
t2m,lag,10.057553545,0.25,5,17.83579852,1.01326269689947,t2m__lag,1
t2m,lag,10.057553545,0.25,6,17.83579852,1.01282585504362,t2m__lag,1
t2m,lag,10.057553545,0.25,7,17.83579852,1.0095320187728,t2m__lag,1
t2m,lag,10.057553545,0.25,8,17.83579852,1.00411825210912,t2m__lag,1
t2m,lag,10.057553545,0.25,9,17.83579852,0.997323200103921,t2m__lag,1
t2m,lag,10.057553545,0.25,10,17.83579852,0.989874486599478,t2m__lag,1
t2m,lag,11.02585754,0.28,0,17.83579852,0.982207346190164,t2m__lag,1
t2m,lag,11.02585754,0.28,1,17.83579852,0.990294680638106,t2m__lag,1
t2m,lag,11.02585754,0.28,2,17.83579852,0.997854648621708,t2m__lag,1
t2m,lag,11.02585754,0.28,3,17.83579852,1.00427641662571,t2m__lag,1
t2m,lag,11.02585754,0.28,4,17.83579852,1.00893678165974,t2m__lag,1
t2m,lag,11.02585754,0.28,5,17.83579852,1.01120900188792,t2m__lag,1
t2m,lag,11.02585754,0.28,6,17.83579852,1.01067586409219,t2m__lag,1
t2m,lag,11.02585754,0.28,7,17.83579852,1.00774149932287,t2m__lag,1
t2m,lag,11.02585754,0.28,8,17.83579852,1.0030234890113,t2m__lag,1
t2m,lag,11.02585754,0.28,9,17.83579852,0.997140152113073,t2m__lag,1
t2m,lag,11.02585754,0.28,10,17.83579852,0.990701625994328,t2m__lag,1
t2m,lag,11.9703645724,0.31,0,17.83579852,0.98561185410847,t2m__lag,1
t2m,lag,11.9703645724,0.31,1,17.83579852,0.992257102554729,t2m__lag,1
t2m,lag,11.9703645724,0.31,2,17.83579852,0.998453880739537,t2m__lag,1
t2m,lag,11.9703645724,0.31,3,17.83579852,1.00369738420637,t2m__lag,1
t2m,lag,11.9703645724,0.31,4,17.83579852,1.00747449447845,t2m__lag,1
t2m,lag,11.9703645724,0.31,5,17.83579852,1.00926986927559,t2m__lag,1
t2m,lag,11.9703645724,0.31,6,17.83579852,1.00874067342485,t2m__lag,1
t2m,lag,11.9703645724,0.31,7,17.83579852,1.00622183341613,t2m__lag,1
t2m,lag,11.9703645724,0.31,8,17.83579852,1.00222313984175,t2m__lag,1
t2m,lag,11.9703645724,0.31,9,17.83579852,0.997254729928315,t2m__lag,1
t2m,lag,11.9703645724,0.31,10,17.83579852,0.991820953039634,t2m__lag,1
t2m,lag,12.97044896,0.34,0,17.83579852,0.988550753879542,t2m__lag,1
t2m,lag,12.97044896,0.34,1,17.83579852,0.993841188730234,t2m__lag,1
t2m,lag,12.97044896,0.34,2,17.83579852,0.998765946773672,t2m__lag,1
t2m,lag,12.97044896,0.34,3,17.83579852,1.00292369268497,t2m__lag,1
t2m,lag,12.97044896,0.34,4,17.83579852,1.00590785619876,t2m__lag,1
t2m,lag,12.97044896,0.34,5,17.83579852,1.00731051703691,t2m__lag,1
t2m,lag,12.97044896,0.34,6,17.83579852,1.00686027360657,t2m__lag,1
t2m,lag,12.97044896,0.34,7,17.83579852,1.00482377564322,t2m__lag,1
t2m,lag,12.97044896,0.34,8,17.83579852,1.00160559956387,t2m__lag,1
t2m,lag,12.97044896,0.34,9,17.83579852,0.997610507432685,t2m__lag,1
t2m,lag,12.97044896,0.34,10,17.83579852,0.993239540845161,t2m__lag,1
t2m,lag,13.93721161,0.37,0,17.83579852,0.990935393287634,t2m__lag,1
t2m,lag,13.93721161,0.37,1,17.83579852,0.995050939118451,t2m__lag,1
t2m,lag,13.93721161,0.37,2,17.83579852,0.998878879920791,t2m__lag,1
t2m,lag,13.93721161,0.37,3,17.83579852,1.00211008682739,t2m__lag,1
t2m,lag,13.93721161,0.37,4,17.83579852,1.00443229065287,t2m__lag,1
t2m,lag,13.93721161,0.37,5,17.83579852,1.00553240516267,t2m__lag,1
t2m,lag,13.93721161,0.37,6,17.83579852,1.005202000533,t2m__lag,1
t2m,lag,13.93721161,0.37,7,17.83579852,1.00364653599131,t2m__lag,1
t2m,lag,13.93721161,0.37,8,17.83579852,1.00117700278562,t2m__lag,1
t2m,lag,13.93721161,0.37,9,17.83579852,0.998104530189855,t2m__lag,1
t2m,lag,13.93721161,0.37,10,17.83579852,0.994738052016606,t2m__lag,1
t2m,lag,14.8802213,0.4,0,17.83579852,0.993016239408152,t2m__lag,1
t2m,lag,14.8802213,0.4,1,17.83579852,0.996080238218694,t2m__lag,1
t2m,lag,14.8802213,0.4,2,17.83579852,0.998930261330157,t2m__lag,1
t2m,lag,14.8802213,0.4,3,17.83579852,1.00134045114652,t2m__lag,1
t2m,lag,14.8802213,0.4,4,17.83579852,1.00308322953016,t2m__lag,1
t2m,lag,14.8802213,0.4,5,17.83579852,1.00393054684323,t2m__lag,1
t2m,lag,14.8802213,0.4,6,17.83579852,1.00373046733455,t2m__lag,1
t2m,lag,14.8802213,0.4,7,17.83579852,1.00263309460905,t2m__lag,1
t2m,lag,14.8802213,0.4,8,17.83579852,1.00086518362415,t2m__lag,1
t2m,lag,14.8802213,0.4,9,17.83579852,0.998653604113072,t2m__lag,1
t2m,lag,14.8802213,0.4,10,17.83579852,0.996224086932378,t2m__lag,1
t2m,lag,15.84765269,0.43,0,17.83579852,0.995091092283782,t2m__lag,1
t2m,lag,15.84765269,0.43,1,17.83579852,0.997138418013436,t2m__lag,1
t2m,lag,15.84765269,0.43,2,17.83579852,0.99904446803868,t2m__lag,1
t2m,lag,15.84765269,0.43,3,17.83579852,1.00066269313168,t2m__lag,1
t2m,lag,15.84765269,0.43,4,17.83579852,1.001845788022,t2m__lag,1
t2m,lag,15.84765269,0.43,5,17.83579852,1.00244622088467,t2m__lag,1
t2m,lag,15.84765269,0.43,6,17.83579852,1.00236563102358,t2m__lag,1
t2m,lag,15.84765269,0.43,7,17.83579852,1.00170142077419,t2m__lag,1
t2m,lag,15.84765269,0.43,8,17.83579852,1.00060044344603,t2m__lag,1
t2m,lag,15.84765269,0.43,9,17.83579852,0.999209631066263,t2m__lag,1
t2m,lag,15.84765269,0.43,10,17.83579852,0.997675463324497,t2m__lag,1
t2m,lag,16.75265083,0.46,0,17.83579852,0.997150659696714,t2m__lag,1
t2m,lag,16.75265083,0.46,1,17.83579852,0.99827172901461,t2m__lag,1
t2m,lag,16.75265083,0.46,2,17.83579852,0.9993170323291,t2m__lag,1
t2m,lag,16.75265083,0.46,3,17.83579852,1.0002092339296,t2m__lag,1
t2m,lag,16.75265083,0.46,4,17.83579852,1.0008707758019,t2m__lag,1
t2m,lag,16.75265083,0.46,5,17.83579852,1.00122402600647,t2m__lag,1
t2m,lag,16.75265083,0.46,6,17.83579852,1.00121721000296,t2m__lag,1
t2m,lag,16.75265083,0.46,7,17.83579852,1.00090176420202,t2m__lag,1
t2m,lag,16.75265083,0.46,8,17.83579852,1.00035508074725,t2m__lag,1
t2m,lag,16.75265083,0.46,9,17.83579852,0.999654585128213,t2m__lag,1
t2m,lag,16.75265083,0.46,10,17.83579852,0.998877587510004,t2m__lag,1
t2m,lag,17.57365125,0.49,0,17.83579852,0.999258245910544,t2m__lag,1
t2m,lag,17.57365125,0.49,1,17.83579852,0.999533433701387,t2m__lag,1
t2m,lag,17.57365125,0.49,2,17.83579852,0.999790501180812,t2m__lag,1
t2m,lag,17.57365125,0.49,3,17.83579852,1.00001123421698,t2m__lag,1
t2m,lag,17.57365125,0.49,4,17.83579852,1.00017740557981,t2m__lag,1
t2m,lag,17.57365125,0.49,5,17.83579852,1.0002707832191,t2m__lag,1
t2m,lag,17.57365125,0.49,6,17.83579852,1.00027921011956,t2m__lag,1
t2m,lag,17.57365125,0.49,7,17.83579852,1.00021481982908,t2m__lag,1
t2m,lag,17.57365125,0.49,8,17.83579852,1.00009582773114,t2m__lag,1
t2m,lag,17.57365125,0.49,9,17.83579852,0.999940451807985,t2m__lag,1
t2m,lag,17.57365125,0.49,10,17.83579852,0.999766904357697,t2m__lag,1
t2m,lag,18.33761431,0.52,0,17.83579852,1.00152885396857,t2m__lag,1
t2m,lag,18.33761431,0.52,1,17.83579852,1.00099078124551,t2m__lag,1
t2m,lag,18.33761431,0.52,2,17.83579852,1.00048722272658,t2m__lag,1
t2m,lag,18.33761431,0.52,3,17.83579852,1.00005233685171,t2m__lag,1
t2m,lag,18.33761431,0.52,4,17.83579852,0.999720233159755,t2m__lag,1
t2m,lag,18.33761431,0.52,5,17.83579852,0.999525001568039,t2m__lag,1
t2m,lag,18.33761431,0.52,6,17.83579852,0.999489356041598,t2m__lag,1
t2m,lag,18.33761431,0.52,7,17.83579852,0.999590482559065,t2m__lag,1
t2m,lag,18.33761431,0.52,8,17.83579852,0.999794220050303,t2m__lag,1
t2m,lag,18.33761431,0.52,9,17.83579852,1.00006641935483,t2m__lag,1
t2m,lag,18.33761431,0.52,10,17.83579852,1.00037291398058,t2m__lag,1
t2m,lag,19.13589058,0.55,0,17.83579852,1.00423693120085,t2m__lag,1
t2m,lag,19.13589058,0.55,1,17.83579852,1.00279988845357,t2m__lag,1
t2m,lag,19.13589058,0.55,2,17.83579852,1.00145349223066,t2m__lag,1
t2m,lag,19.13589058,0.55,3,17.83579852,1.00028586961246,t2m__lag,1
t2m,lag,19.13589058,0.55,4,17.83579852,0.999384806335055,t2m__lag,1
t2m,lag,19.13589058,0.55,5,17.83579852,0.998837942923895,t2m__lag,1
t2m,lag,19.13589058,0.55,6,17.83579852,0.998703597361844,t2m__lag,1
t2m,lag,19.13589058,0.55,7,17.83579852,0.998922688035539,t2m__lag,1
t2m,lag,19.13589058,0.55,8,17.83579852,0.999407030646673,t2m__lag,1
t2m,lag,19.13589058,0.55,9,17.83579852,1.00006853553219,t2m__lag,1
t2m,lag,19.13589058,0.55,10,17.83579852,1.00081901228422,t2m__lag,1
t2m,lag,19.8929643,0.58,0,17.83579852,1.00708276374918,t2m__lag,1
t2m,lag,19.8929643,0.58,1,17.83579852,1.00472563510135,t2m__lag,1
t2m,lag,19.8929643,0.58,2,17.83579852,1.00251653746487,t2m__lag,1
t2m,lag,19.8929643,0.58,3,17.83579852,1.00059675901268,t2m__lag,1
t2m,lag,19.8929643,0.58,4,17.83579852,0.99910668418785,t2m__lag,1
t2m,lag,19.8929643,0.58,5,17.83579852,0.998186301186847,t2m__lag,1
t2m,lag,19.8929643,0.58,6,17.83579852,0.997928615404307,t2m__lag,1
t2m,lag,19.8929643,0.58,7,17.83579852,0.998238498643892,t2m__lag,1
t2m,lag,19.8929643,0.58,8,17.83579852,0.998974449053866,t2m__lag,1
t2m,lag,19.8929643,0.58,9,17.83579852,0.999995233058439,t2m__lag,1
t2m,lag,19.8929643,0.58,10,17.83579852,1.00115938123578,t2m__lag,1
t2m,lag,20.64833094,0.61,0,17.83579852,1.01015240302128,t2m__lag,1
t2m,lag,20.64833094,0.61,1,17.83579852,1.0067912860169,t2m__lag,1
t2m,lag,20.64833094,0.61,2,17.83579852,1.00364263463161,t2m__lag,1
t2m,lag,20.64833094,0.61,3,17.83579852,1.0009052562524,t2m__lag,1
t2m,lag,20.64833094,0.61,4,17.83579852,0.998776141617798,t2m__lag,1
t2m,lag,20.64833094,0.61,5,17.83579852,0.997451476956505,t2m__lag,1
t2m,lag,20.64833094,0.61,6,17.83579852,0.997061382943015,t2m__lag,1
t2m,lag,20.64833094,0.61,7,17.83579852,0.997471378396039,t2m__lag,1
t2m,lag,20.64833094,0.61,8,17.83579852,0.998482163303135,t2m__lag,1
t2m,lag,20.64833094,0.61,9,17.83579852,0.99989499318263,t2m__lag,1
t2m,lag,20.64833094,0.61,10,17.83579852,1.00151067666898,t2m__lag,1
t2m,lag,21.3790987664,0.64,0,17.83579852,1.01330460411888,t2m__lag,1
t2m,lag,21.3790987664,0.64,1,17.83579852,1.008871484997,t2m__lag,1
t2m,lag,21.3790987664,0.64,2,17.83579852,1.00472307776658,t2m__lag,1
t2m,lag,21.3790987664,0.64,3,17.83579852,1.00112039071902,t2m__lag,1
t2m,lag,21.3790987664,0.64,4,17.83579852,0.998321293768899,t2m__lag,1
t2m,lag,21.3790987664,0.64,5,17.83579852,0.996582276658954,t2m__lag,1
t2m,lag,21.3790987664,0.64,6,17.83579852,0.996073182974953,t2m__lag,1
t2m,lag,21.3790987664,0.64,7,17.83579852,0.996616639303197,t2m__lag,1
t2m,lag,21.3790987664,0.64,8,17.83579852,0.997950770443402,t2m__lag,1
t2m,lag,21.3790987664,0.64,9,17.83579852,0.999814660243849,t2m__lag,1
t2m,lag,21.3790987664,0.64,10,17.83579852,1.00194661546504,t2m__lag,1
t2m,lag,22.0677920504,0.67,0,17.83579852,1.01640759659284,t2m__lag,1
t2m,lag,22.0677920504,0.67,1,17.83579852,1.01085692049009,t2m__lag,1
t2m,lag,22.0677920504,0.67,2,17.83579852,1.00567082737608,t2m__lag,1
t2m,lag,22.0677920504,0.67,3,17.83579852,1.00117678351994,t2m__lag,1
t2m,lag,22.0677920504,0.67,4,17.83579852,0.997697351791013,t2m__lag,1
t2m,lag,22.0677920504,0.67,5,17.83579852,0.995552981757505,t2m__lag,1
t2m,lag,22.0677920504,0.67,6,17.83579852,0.994955587994771,t2m__lag,1
t2m,lag,22.0677920504,0.67,7,17.83579852,0.99568169322764,t2m__lag,1
t2m,lag,22.0677920504,0.67,8,17.83579852,0.997402564092311,t2m__lag,1
t2m,lag,22.0677920504,0.67,9,17.83579852,0.999790930638531,t2m__lag,1
t2m,lag,22.0677920504,0.67,10,17.83579852,1.00251823880132,t2m__lag,1
t2m,lag,22.74694341,0.7,0,17.83579852,1.01956361462048,t2m__lag,1
t2m,lag,22.74694341,0.7,1,17.83579852,1.01279364716682,t2m__lag,1
t2m,lag,22.74694341,0.7,2,17.83579852,1.00648102859876,t2m__lag,1
t2m,lag,22.74694341,0.7,3,17.83579852,1.00102791076309,t2m__lag,1
t2m,lag,22.74694341,0.7,4,17.83579852,0.996829159272529,t2m__lag,1
t2m,lag,22.74694341,0.7,5,17.83579852,0.994276598799735,t2m__lag,1
t2m,lag,22.74694341,0.7,6,17.83579852,0.993629087505808,t2m__lag,1
t2m,lag,22.74694341,0.7,7,17.83579852,0.994611125442212,t2m__lag,1
t2m,lag,22.74694341,0.7,8,17.83579852,0.996818942740444,t2m__lag,1
t2m,lag,22.74694341,0.7,9,17.83579852,0.99985085148154,t2m__lag,1
t2m,lag,22.74694341,0.7,10,17.83579852,1.00330307576265,t2m__lag,1
t2m,lag,23.4273199982,0.73,0,17.83579852,1.02279173736441,t2m__lag,1
t2m,lag,23.4273199982,0.73,1,17.83579852,1.01466872169903,t2m__lag,1
t2m,lag,23.4273199982,0.73,2,17.83579852,1.00711284368317,t2m__lag,1
t2m,lag,23.4273199982,0.73,3,17.83579852,1.00061174257073,t2m__lag,1
t2m,lag,23.4273199982,0.73,4,17.83579852,0.995642563737325,t2m__lag,1
t2m,lag,23.4273199982,0.73,5,17.83579852,0.992678262304158,t2m__lag,1
t2m,lag,23.4273199982,0.73,6,17.83579852,0.992031129406099,t2m__lag,1
t2m,lag,23.4273199982,0.73,7,17.83579852,0.993365990018997,t2m__lag,1
t2m,lag,23.4273199982,0.73,8,17.83579852,0.996193427613098,t2m__lag,1
t2m,lag,23.4273199982,0.73,9,17.83579852,1.0000268402857,t2m__lag,1
t2m,lag,23.4273199982,0.73,10,17.83579852,1.00437626303395,t2m__lag,1
t2m,lag,24.0890626028,0.76,0,17.83579852,1.02596739297712,t2m__lag,1
t2m,lag,24.0890626028,0.76,1,17.83579852,1.01638818660873,t2m__lag,1
t2m,lag,24.0890626028,0.76,2,17.83579852,1.00750202372745,t2m__lag,1
t2m,lag,24.0890626028,0.76,3,17.83579852,0.999891282852772,t2m__lag,1
t2m,lag,24.0890626028,0.76,4,17.83579852,0.994123732924178,t2m__lag,1
t2m,lag,24.0890626028,0.76,5,17.83579852,0.99076162013471,t2m__lag,1
t2m,lag,24.0890626028,0.76,6,17.83579852,0.990176220889348,t2m__lag,1
t2m,lag,24.0890626028,0.76,7,17.83579852,0.991966220582502,t2m__lag,1
t2m,lag,24.0890626028,0.76,8,17.83579852,0.995547712869378,t2m__lag,1
t2m,lag,24.0890626028,0.76,9,17.83579852,1.00034040543973,t2m__lag,1
t2m,lag,24.0890626028,0.76,10,17.83579852,1.00575873099606,t2m__lag,1
t2m,lag,24.7704179374,0.79,0,17.83579852,1.02925617367427,t2m__lag,1
t2m,lag,24.7704179374,0.79,1,17.83579852,1.01802709728508,t2m__lag,1
t2m,lag,24.7704179374,0.79,2,17.83579852,1.00764248727358,t2m__lag,1
t2m,lag,24.7704179374,0.79,3,17.83579852,0.998794532903147,t2m__lag,1
t2m,lag,24.7704179374,0.79,4,17.83579852,0.992155329643693,t2m__lag,1
t2m,lag,24.7704179374,0.79,5,17.83579852,0.988389872428152,t2m__lag,1
t2m,lag,24.7704179374,0.79,6,17.83579852,0.987937623766482,t2m__lag,1
t2m,lag,24.7704179374,0.79,7,17.83579852,0.990320723601165,t2m__lag,1
t2m,lag,24.7704179374,0.79,8,17.83579852,0.994846410715064,t2m__lag,1
t2m,lag,24.7704179374,0.79,9,17.83579852,1.00082641556962,t2m__lag,1
t2m,lag,24.7704179374,0.79,10,17.83579852,1.00756426842683,t2m__lag,1
t2m,lag,25.48267708,0.82,0,17.83579852,1.03271295784979,t2m__lag,1
t2m,lag,25.48267708,0.82,1,17.83579852,1.01960289927499,t2m__lag,1
t2m,lag,25.48267708,0.82,2,17.83579852,1.00751969422157,t2m__lag,1
t2m,lag,25.48267708,0.82,3,17.83579852,0.997282321676924,t2m__lag,1
t2m,lag,25.48267708,0.82,4,17.83579852,0.989682379452837,t2m__lag,1
t2m,lag,25.48267708,0.82,5,17.83579852,0.985502529987946,t2m__lag,1
t2m,lag,25.48267708,0.82,6,17.83579852,0.985260794610076,t2m__lag,1
t2m,lag,25.48267708,0.82,7,17.83579852,0.988391149686671,t2m__lag,1
t2m,lag,25.48267708,0.82,8,17.83579852,0.994076106362522,t2m__lag,1
t2m,lag,25.48267708,0.82,9,17.83579852,1.00150360398916,t2m__lag,1
t2m,lag,25.48267708,0.82,10,17.83579852,1.00984901161311,t2m__lag,1
t2m,lag,26.234111978,0.85,0,17.83579852,1.03638034318437,t2m__lag,1
t2m,lag,26.234111978,0.85,1,17.83579852,1.02112212470117,t2m__lag,1
t2m,lag,26.234111978,0.85,2,17.83579852,1.00711023377031,t2m__lag,1
t2m,lag,26.234111978,0.85,3,17.83579852,0.995309020020709,t2m__lag,1
t2m,lag,26.234111978,0.85,4,17.83579852,0.986645825136839,t2m__lag,1
t2m,lag,26.234111978,0.85,5,17.83579852,0.982036977677036,t2m__lag,1
t2m,lag,26.234111978,0.85,6,17.83579852,0.982090442577477,t2m__lag,1
t2m,lag,26.234111978,0.85,7,17.83579852,0.986139475333455,t2m__lag,1
t2m,lag,26.234111978,0.85,8,17.83579852,0.99322493789706,t2m__lag,1
t2m,lag,26.234111978,0.85,9,17.83579852,1.00239408308472,t2m__lag,1
t2m,lag,26.234111978,0.85,10,17.83579852,1.01267520732949,t2m__lag,1
t2m,lag,27.05423508,0.88,0,17.83579852,1.04040644208982,t2m__lag,1
t2m,lag,27.05423508,0.88,1,17.83579852,1.02262379010963,t2m__lag,1
t2m,lag,27.05423508,0.88,2,17.83579852,1.00635910095524,t2m__lag,1
t2m,lag,27.05423508,0.88,3,17.83579852,0.992746855048106,t2m__lag,1
t2m,lag,27.05423508,0.88,4,17.83579852,0.982871503329663,t2m__lag,1
t2m,lag,27.05423508,0.88,5,17.83579852,0.977804151871779,t2m__lag,1
t2m,lag,27.05423508,0.88,6,17.83579852,0.978257992824414,t2m__lag,1
t2m,lag,27.05423508,0.88,7,17.83579852,0.983448998995949,t2m__lag,1
t2m,lag,27.05423508,0.88,8,17.83579852,0.992254238047826,t2m__lag,1
t2m,lag,27.05423508,0.88,9,17.83579852,1.00355813844537,t2m__lag,1
t2m,lag,27.05423508,0.88,10,17.83579852,1.01621672753002,t2m__lag,1
t2m,lag,28.01429774,0.91,0,17.83579852,1.04514989901361,t2m__lag,1
t2m,lag,28.01429774,0.91,1,17.83579852,1.02419126941969,t2m__lag,1
t2m,lag,28.01429774,0.91,2,17.83579852,1.00511160246737,t2m__lag,1
t2m,lag,28.01429774,0.91,3,17.83579852,0.989256616878295,t2m__lag,1
t2m,lag,28.01429774,0.91,4,17.83579852,0.977903121545359,t2m__lag,1
t2m,lag,28.01429774,0.91,5,17.83579852,0.97231194787144,t2m__lag,1
t2m,lag,28.01429774,0.91,6,17.83579852,0.973327111882889,t2m__lag,1
t2m,lag,28.01429774,0.91,7,17.83579852,0.980020003865336,t2m__lag,1
t2m,lag,28.01429774,0.91,8,17.83579852,0.991067537995944,t2m__lag,1
t2m,lag,28.01429774,0.91,9,17.83579852,1.00515496614502,t2m__lag,1
t2m,lag,28.01429774,0.91,10,17.83579852,1.02092426127619,t2m__lag,1
t2m,lag,29.11824125,0.94,0,17.83579852,1.05064355765906,t2m__lag,1
t2m,lag,29.11824125,0.94,1,17.83579852,1.02576594729343,t2m__lag,1
t2m,lag,29.11824125,0.94,2,17.83579852,1.00324011818118,t2m__lag,1
t2m,lag,29.11824125,0.94,3,17.83579852,0.98466608260942,t2m__lag,1
t2m,lag,29.11824125,0.94,4,17.83579852,0.97154803769004,t2m__lag,1
t2m,lag,29.11824125,0.94,5,17.83579852,0.965371623685475,t2m__lag,1
t2m,lag,29.11824125,0.94,6,17.83579852,0.967138978470318,t2m__lag,1
t2m,lag,29.11824125,0.94,7,17.83579852,0.975749179357927,t2m__lag,1
t2m,lag,29.11824125,0.94,8,17.83579852,0.989643359127721,t2m__lag,1
t2m,lag,29.11824125,0.94,9,17.83579852,1.0072718793131,t2m__lag,1
t2m,lag,29.11824125,0.94,10,17.83579852,1.0270189143369,t2m__lag,1
t2m,lag,30.36365407,0.97,0,17.83579852,1.0568899385641,t2m__lag,1
t2m,lag,30.36365407,0.97,1,17.83579852,1.02728897756872,t2m__lag,1
t2m,lag,30.36365407,0.97,2,17.83579852,1.00064719146183,t2m__lag,1
t2m,lag,30.36365407,0.97,3,17.83579852,0.978859383665469,t2m__lag,1
t2m,lag,30.36365407,0.97,4,17.83579852,0.963687218796482,t2m__lag,1
t2m,lag,30.36365407,0.97,5,17.83579852,0.956871986156337,t2m__lag,1
t2m,lag,30.36365407,0.97,6,17.83579852,0.959600628005504,t2m__lag,1
t2m,lag,30.36365407,0.97,7,17.83579852,0.970575126927644,t2m__lag,1
t2m,lag,30.36365407,0.97,8,17.83579852,0.987971130264608,t2m__lag,1
t2m,lag,30.36365407,0.97,9,17.83579852,1.00997430787338,t2m__lag,1
t2m,lag,30.36365407,0.97,10,17.83579852,1.03467006862042,t2m__lag,1
t2m,mavg,1.02780312247944,0.01,0,17.9187098645455,0.87880471513149,t2m__mavg,2
t2m,mavg,1.02780312247944,0.01,1,17.9187098645455,0.90614496468003,t2m__mavg,2
t2m,mavg,1.02780312247944,0.01,2,17.9187098645455,0.933607526170311,t2m__mavg,2
t2m,mavg,1.02780312247944,0.01,3,17.9187098645455,0.960403481458516,t2m__mavg,2
t2m,mavg,1.02780312247944,0.01,4,17.9187098645455,0.985660121457846,t2m__mavg,2
t2m,mavg,1.02780312247944,0.01,5,17.9187098645455,1.00843075953412,t2m__mavg,2
t2m,mavg,1.02780312247944,0.01,6,17.9187098645455,1.02797998825687,t2m__mavg,2
t2m,mavg,1.02780312247944,0.01,7,17.9187098645455,1.04464486663467,t2m__mavg,2
t2m,mavg,1.02780312247944,0.01,8,17.9187098645455,1.05909951034147,t2m__mavg,2
t2m,mavg,1.02780312247944,0.01,9,17.9187098645455,1.07208095007389,t2m__mavg,2
t2m,mavg,1.02780312247944,0.01,10,17.9187098645455,1.08437563398589,t2m__mavg,2
t2m,mavg,3.5995212600303,0.04,0,17.9187098645455,0.897811650283819,t2m__mavg,2
t2m,mavg,3.5995212600303,0.04,1,17.9187098645455,0.924239664185179,t2m__mavg,2
t2m,mavg,3.5995212600303,0.04,2,17.9187098645455,0.95045227176606,t2m__mavg,2
t2m,mavg,3.5995212600303,0.04,3,17.9187098645455,0.975368471138732,t2m__mavg,2
t2m,mavg,3.5995212600303,0.04,4,17.9187098645455,0.997806081556874,t2m__mavg,2
t2m,mavg,3.5995212600303,0.04,5,17.9187098645455,1.01650368854773,t2m__mavg,2
t2m,mavg,3.5995212600303,0.04,6,17.9187098645455,1.03051593759114,t2m__mavg,2
t2m,mavg,3.5995212600303,0.04,7,17.9187098645455,1.04036526847326,t2m__mavg,2
t2m,mavg,3.5995212600303,0.04,8,17.9187098645455,1.04702249308371,t2m__mavg,2
t2m,mavg,3.5995212600303,0.04,9,17.9187098645455,1.05152322007281,t2m__mavg,2
t2m,mavg,3.5995212600303,0.04,10,17.9187098645455,1.05494074803843,t2m__mavg,2
t2m,mavg,4.978082747132,0.07,0,17.9187098645455,0.908061732379383,t2m__mavg,2
t2m,mavg,4.978082747132,0.07,1,17.9187098645455,0.933540215574358,t2m__mavg,2
t2m,mavg,4.978082747132,0.07,2,17.9187098645455,0.958648938090469,t2m__mavg,2
t2m,mavg,4.978082747132,0.07,3,17.9187098645455,0.982209143537881,t2m__mavg,2
t2m,mavg,4.978082747132,0.07,4,17.9187098645455,1.00294027048666,t2m__mavg,2
t2m,mavg,4.978082747132,0.07,5,17.9187098645455,1.01948723614073,t2m__mavg,2
t2m,mavg,4.978082747132,0.07,6,17.9187098645455,1.03085301788467,t2m__mavg,2
t2m,mavg,4.978082747132,0.07,7,17.9187098645455,1.03764148564303,t2m__mavg,2
t2m,mavg,4.978082747132,0.07,8,17.9187098645455,1.04093743361192,t2m__mavg,2
t2m,mavg,4.978082747132,0.07,9,17.9187098645455,1.0418848899258,t2m__mavg,2
t2m,mavg,4.978082747132,0.07,10,17.9187098645455,1.04165465554563,t2m__mavg,2
t2m,mavg,6.00510403978,0.1,0,17.9187098645455,0.915718675302112,t2m__mavg,2
t2m,mavg,6.00510403978,0.1,1,17.9187098645455,0.940247861746519,t2m__mavg,2
t2m,mavg,6.00510403978,0.1,2,17.9187098645455,0.964308603424499,t2m__mavg,2
t2m,mavg,6.00510403978,0.1,3,17.9187098645455,0.986680479969709,t2m__mavg,2
t2m,mavg,6.00510403978,0.1,4,17.9187098645455,1.00604462043992,t2m__mavg,2
t2m,mavg,6.00510403978,0.1,5,17.9187098645455,1.02101369079294,t2m__mavg,2
t2m,mavg,6.00510403978,0.1,6,17.9187098645455,1.03058014958095,t2m__mavg,2
t2m,mavg,6.00510403978,0.1,7,17.9187098645455,1.03539388642378,t2m__mavg,2
t2m,mavg,6.00510403978,0.1,8,17.9187098645455,1.0365962451511,t2m__mavg,2
t2m,mavg,6.00510403978,0.1,9,17.9187098645455,1.03538167513043,t2m__mavg,2
t2m,mavg,6.00510403978,0.1,10,17.9187098645455,1.03296289405153,t2m__mavg,2
t2m,mavg,6.85139651821,0.13,0,17.9187098645455,0.922038315984673,t2m__mavg,2
t2m,mavg,6.85139651821,0.13,1,17.9187098645455,0.945615897645106,t2m__mavg,2
t2m,mavg,6.85139651821,0.13,2,17.9187098645455,0.968656346238566,t2m__mavg,2
t2m,mavg,6.85139651821,0.13,3,17.9187098645455,0.989926671497156,t2m__mavg,2
t2m,mavg,6.85139651821,0.13,4,17.9187098645455,1.00810048655319,t2m__mavg,2
t2m,mavg,6.85139651821,0.13,5,17.9187098645455,1.02178916142433,t2m__mavg,2
t2m,mavg,6.85139651821,0.13,6,17.9187098645455,1.02999442042098,t2m__mavg,2
t2m,mavg,6.85139651821,0.13,7,17.9187098645455,1.03339206167323,t2m__mavg,2
t2m,mavg,6.85139651821,0.13,8,17.9187098645455,1.03314878992319,t2m__mavg,2
t2m,mavg,6.85139651821,0.13,9,17.9187098645455,1.03047854950446,t2m__mavg,2
t2m,mavg,6.85139651821,0.13,10,17.9187098645455,1.02660696779007,t2m__mavg,2
t2m,mavg,7.597306188,0.16,0,17.9187098645455,0.927613975597537,t2m__mavg,2
t2m,mavg,7.597306188,0.16,1,17.9187098645455,0.950217325405155,t2m__mavg,2
t2m,mavg,7.597306188,0.16,2,17.9187098645455,0.972233966406462,t2m__mavg,2
t2m,mavg,7.597306188,0.16,3,17.9187098645455,0.992437124537705,t2m__mavg,2
t2m,mavg,7.597306188,0.16,4,17.9187098645455,1.00951264754209,t2m__mavg,2
t2m,mavg,7.597306188,0.16,5,17.9187098645455,1.02209028636825,t2m__mavg,2
t2m,mavg,7.597306188,0.16,6,17.9187098645455,1.0291932926312,t2m__mavg,2
t2m,mavg,7.597306188,0.16,7,17.9187098645455,1.03150982167257,t2m__mavg,2
t2m,mavg,7.597306188,0.16,8,17.9187098645455,1.0302113692518,t2m__mavg,2
t2m,mavg,7.597306188,0.16,9,17.9187098645455,1.02651116226215,t2m__mavg,2
t2m,mavg,7.597306188,0.16,10,17.9187098645455,1.02162896538299,t2m__mavg,2
t2m,mavg,8.301369133445,0.19,0,17.9187098645455,0.932880153443009,t2m__mavg,2
t2m,mavg,8.301369133445,0.19,1,17.9187098645455,0.954440896517109,t2m__mavg,2
t2m,mavg,8.301369133445,0.19,2,17.9187098645455,0.975378833949333,t2m__mavg,2
t2m,mavg,8.301369133445,0.19,3,17.9187098645455,0.994488614990349,t2m__mavg,2
t2m,mavg,8.301369133445,0.19,4,17.9187098645455,1.01048438476788,t2m__mavg,2
t2m,mavg,8.301369133445,0.19,5,17.9187098645455,1.02203036920865,t2m__mavg,2
t2m,mavg,8.301369133445,0.19,6,17.9187098645455,1.02818153182733,t2m__mavg,2
t2m,mavg,8.301369133445,0.19,7,17.9187098645455,1.02962765757769,t2m__mavg,2
t2m,mavg,8.301369133445,0.19,8,17.9187098645455,1.02752856384456,t2m__mavg,2
t2m,mavg,8.301369133445,0.19,9,17.9187098645455,1.02308050369681,t2m__mavg,2
t2m,mavg,8.301369133445,0.19,10,17.9187098645455,1.01748218644436,t2m__mavg,2
t2m,mavg,9.08911478672,0.22,0,17.9187098645455,0.938774345234088,t2m__mavg,2
t2m,mavg,9.08911478672,0.22,1,17.9187098645455,0.959019537697534,t2m__mavg,2
t2m,mavg,9.08911478672,0.22,2,17.9187098645455,0.978615438136356,t2m__mavg,2
t2m,mavg,9.08911478672,0.22,3,17.9187098645455,0.996399271611656,t2m__mavg,2
t2m,mavg,9.08911478672,0.22,4,17.9187098645455,1.01113661342091,t2m__mavg,2
t2m,mavg,9.08911478672,0.22,5,17.9187098645455,1.02155024820982,t2m__mavg,2
t2m,mavg,9.08911478672,0.22,6,17.9187098645455,1.02674359665584,t2m__mavg,2
t2m,mavg,9.08911478672,0.22,7,17.9187098645455,1.02739567784394,t2m__mavg,2
t2m,mavg,9.08911478672,0.22,8,17.9187098645455,1.02463352660444,t2m__mavg,2
t2m,mavg,9.08911478672,0.22,9,17.9187098645455,1.0196147768666,t2m__mavg,2
t2m,mavg,9.08911478672,0.22,10,17.9187098645455,1.0134960143629,t2m__mavg,2
t2m,mavg,9.99084572280556,0.25,0,17.9187098645455,0.945521676395096,t2m__mavg,2
t2m,mavg,9.99084572280556,0.25,1,17.9187098645455,0.964057471921778,t2m__mavg,2
t2m,mavg,9.99084572280556,0.25,2,17.9187098645455,0.981934121984458,t2m__mavg,2
t2m,mavg,9.99084572280556,0.25,3,17.9187098645455,0.998062554818726,t2m__mavg,2
t2m,mavg,9.99084572280556,0.25,4,17.9187098645455,1.01129333985667,t2m__mavg,2
t2m,mavg,9.99084572280556,0.25,5,17.9187098645455,1.02044240707965,t2m__mavg,2
t2m,mavg,9.99084572280556,0.25,6,17.9187098645455,1.02468523288681,t2m__mavg,2
t2m,mavg,9.99084572280556,0.25,7,17.9187098645455,1.02467094759016,t2m__mavg,2
t2m,mavg,9.99084572280556,0.25,8,17.9187098645455,1.02146230166426,t2m__mavg,2
t2m,mavg,9.99084572280556,0.25,9,17.9187098645455,1.01614631494172,t2m__mavg,2
t2m,mavg,9.99084572280556,0.25,10,17.9187098645455,1.00980645282154,t2m__mavg,2
t2m,mavg,10.9298641039133,0.28,0,17.9187098645455,0.952538285730799,t2m__mavg,2
t2m,mavg,10.9298641039133,0.28,1,17.9187098645455,0.969062589401081,t2m__mavg,2
t2m,mavg,10.9298641039133,0.28,2,17.9187098645455,0.984943242479804,t2m__mavg,2
t2m,mavg,10.9298641039133,0.28,3,17.9187098645455,0.999195709910646,t2m__mavg,2
t2m,mavg,10.9298641039133,0.28,4,17.9187098645455,1.01078755169862,t2m__mavg,2
t2m,mavg,10.9298641039133,0.28,5,17.9187098645455,1.01865979719688,t2m__mavg,2
t2m,mavg,10.9298641039133,0.28,6,17.9187098645455,1.0220804126993,t2m__mavg,2
t2m,mavg,10.9298641039133,0.28,7,17.9187098645455,1.0216471367063,t2m__mavg,2
t2m,mavg,10.9298641039133,0.28,8,17.9187098645455,1.01832580014985,t2m__mavg,2
t2m,mavg,10.9298641039133,0.28,9,17.9187098645455,1.01310054950897,t2m__mavg,2
t2m,mavg,10.9298641039133,0.28,10,17.9187098645455,1.0069510152824,t2m__mavg,2
t2m,mavg,11.9021914831667,0.31,0,17.9187098645455,0.959752458602835,t2m__mavg,2
t2m,mavg,11.9021914831667,0.31,1,17.9187098645455,0.973996606614953,t2m__mavg,2
t2m,mavg,11.9021914831667,0.31,2,17.9187098645455,0.987640109248307,t2m__mavg,2
t2m,mavg,11.9021914831667,0.31,3,17.9187098645455,0.999829906298777,t2m__mavg,2
t2m,mavg,11.9021914831667,0.31,4,17.9187098645455,1.00967759840106,t2m__mavg,2
t2m,mavg,11.9021914831667,0.31,5,17.9187098645455,1.01627578264888,t2m__mavg,2
t2m,mavg,11.9021914831667,0.31,6,17.9187098645455,1.01900129011943,t2m__mavg,2
t2m,mavg,11.9021914831667,0.31,7,17.9187098645455,1.01838067440984,t2m__mavg,2
t2m,mavg,11.9021914831667,0.31,8,17.9187098645455,1.01525411447782,t2m__mavg,2
t2m,mavg,11.9021914831667,0.31,9,17.9187098645455,1.01047482115595,t2m__mavg,2
t2m,mavg,11.9021914831667,0.31,10,17.9187098645455,1.00489179210986,t2m__mavg,2
t2m,mavg,12.97256917356,0.34,0,17.9187098645455,0.967572598760916,t2m__mavg,2
t2m,mavg,12.97256917356,0.34,1,17.9187098645455,0.979156294724935,t2m__mavg,2
t2m,mavg,12.97256917356,0.34,2,17.9187098645455,0.990215149811128,t2m__mavg,2
t2m,mavg,12.97256917356,0.34,3,17.9187098645455,1.00005822654995,t2m__mavg,2
t2m,mavg,12.97256917356,0.34,4,17.9187098645455,1.00797153470636,t2m__mavg,2
t2m,mavg,12.97256917356,0.34,5,17.9187098645455,1.01322896516297,t2m__mavg,2
t2m,mavg,12.97256917356,0.34,6,17.9187098645455,1.01533493857523,t2m__mavg,2
t2m,mavg,12.97256917356,0.34,7,17.9187098645455,1.01472278678046,t2m__mavg,2
t2m,mavg,12.97256917356,0.34,8,17.9187098645455,1.01207513721783,t2m__mavg,2
t2m,mavg,12.97256917356,0.34,9,17.9187098645455,1.00808295798538,t2m__mavg,2
t2m,mavg,12.97256917356,0.34,10,17.9187098645455,1.00343414846644,t2m__mavg,2
t2m,mavg,13.9863297578,0.37,0,17.9187098645455,0.974799397295714,t2m__mavg,2
t2m,mavg,13.9863297578,0.37,1,17.9187098645455,0.98380150729527,t2m__mavg,2
t2m,mavg,13.9863297578,0.37,2,17.9187098645455,0.992373187751071,t2m__mavg,2
t2m,mavg,13.9863297578,0.37,3,17.9187098645455,0.99998428117538,t2m__mavg,2
t2m,mavg,13.9863297578,0.37,4,17.9187098645455,1.00609095525587,t2m__mavg,2
t2m,mavg,13.9863297578,0.37,5,17.9187098645455,1.01014226485548,t2m__mavg,2
t2m,mavg,13.9863297578,0.37,6,17.9187098645455,1.01176411377933,t2m__mavg,2
t2m,mavg,13.9863297578,0.37,7,17.9187098645455,1.01129352514837,t2m__mavg,2
t2m,mavg,13.9863297578,0.37,8,17.9187098645455,1.00925544659635,t2m__mavg,2
t2m,mavg,13.9863297578,0.37,9,17.9187098645455,1.00617979079571,t2m__mavg,2
t2m,mavg,13.9863297578,0.37,10,17.9187098645455,1.00259465566715,t2m__mavg,2
t2m,mavg,14.954160498,0.4,0,17.9187098645455,0.98147771519695,t2m__mavg,2
t2m,mavg,14.954160498,0.4,1,17.9187098645455,0.988036780318552,t2m__mavg,2
t2m,mavg,14.954160498,0.4,2,17.9187098645455,0.994270026899806,t2m__mavg,2
t2m,mavg,14.954160498,0.4,3,17.9187098645455,0.999799044375794,t2m__mavg,2
t2m,mavg,14.954160498,0.4,4,17.9187098645455,1.00423831818893,t2m__mavg,2
t2m,mavg,14.954160498,0.4,5,17.9187098645455,1.00719863404083,t2m__mavg,2
t2m,mavg,14.954160498,0.4,6,17.9187098645455,1.00841689730479,t2m__mavg,2
t2m,mavg,14.954160498,0.4,7,17.9187098645455,1.00813656944395,t2m__mavg,2
t2m,mavg,14.954160498,0.4,8,17.9187098645455,1.00673304611891,t2m__mavg,2
t2m,mavg,14.954160498,0.4,9,17.9187098645455,1.00458436501117,t2m__mavg,2
t2m,mavg,14.954160498,0.4,10,17.9187098645455,1.00206771904725,t2m__mavg,2
t2m,mavg,15.9936218401317,0.43,0,17.9187098645455,0.988345892105663,t2m__mavg,2
t2m,mavg,15.9936218401317,0.43,1,17.9187098645455,0.992390397323608,t2m__mavg,2
t2m,mavg,15.9936218401317,0.43,2,17.9187098645455,0.996228900883907,t2m__mavg,2
t2m,mavg,15.9936218401317,0.43,3,17.9187098645455,0.999635574446987,t2m__mavg,2
t2m,mavg,15.9936218401317,0.43,4,17.9187098645455,1.00238196589131,t2m__mavg,2
t2m,mavg,15.9936218401317,0.43,5,17.9187098645455,1.00423823475988,t2m__mavg,2
t2m,mavg,15.9936218401317,0.43,6,17.9187098645455,1.00504973751231,t2m__mavg,2
t2m,mavg,15.9936218401317,0.43,7,17.9187098645455,1.00496357965979,t2m__mavg,2
t2m,mavg,15.9936218401317,0.43,8,17.9187098645455,1.00420427616083,t2m__mavg,2
t2m,mavg,15.9936218401317,0.43,9,17.9187098645455,1.00299736708567,t2m__mavg,2
t2m,mavg,15.9936218401317,0.43,10,17.9187098645455,1.00156816321084,t2m__mavg,2
t2m,mavg,16.910367102,0.46,0,17.9187098645455,0.99408734197299,t2m__mavg,2
t2m,mavg,16.910367102,0.46,1,17.9187098645455,0.996081008598143,t2m__mavg,2
t2m,mavg,16.910367102,0.46,2,17.9187098645455,0.997972556975173,t2m__mavg,2
t2m,mavg,16.910367102,0.46,3,17.9187098645455,0.9996550950749,t2m__mavg,2
t2m,mavg,16.910367102,0.46,4,17.9187098645455,1.00102111363907,t2m__mavg,2
t2m,mavg,16.910367102,0.46,5,17.9187098645455,1.00196276734318,t2m__mavg,2
t2m,mavg,16.910367102,0.46,6,17.9187098645455,1.00240779825791,t2m__mavg,2
t2m,mavg,16.910367102,0.46,7,17.9187098645455,1.00242659801462,t2m__mavg,2
t2m,mavg,16.910367102,0.46,8,17.9187098645455,1.00212568950934,t2m__mavg,2
t2m,mavg,16.910367102,0.46,9,17.9187098645455,1.00161185286633,t2m__mavg,2
t2m,mavg,16.910367102,0.46,10,17.9187098645455,1.00099184204861,t2m__mavg,2
t2m,mavg,17.6793349596,0.49,0,17.9187098645455,0.998637826898842,t2m__mavg,2
t2m,mavg,17.6793349596,0.49,1,17.9187098645455,0.999081819264441,t2m__mavg,2
t2m,mavg,17.6793349596,0.49,2,17.9187098645455,0.999503307733432,t2m__mavg,2
t2m,mavg,17.6793349596,0.49,3,17.9187098645455,0.999879553821944,t2m__mavg,2
t2m,mavg,17.6793349596,0.49,4,17.9187098645455,1.00018778947085,t2m__mavg,2
t2m,mavg,17.6793349596,0.49,5,17.9187098645455,1.00040522992516,t2m__mavg,2
t2m,mavg,17.6793349596,0.49,6,17.9187098645455,1.0005166664518,t2m__mavg,2
t2m,mavg,17.6793349596,0.49,7,17.9187098645455,1.00053721318513,t2m__mavg,2
t2m,mavg,17.6793349596,0.49,8,17.9187098645455,1.00048958770501,t2m__mavg,2
t2m,mavg,17.6793349596,0.49,9,17.9187098645455,1.00039652081203,t2m__mavg,2
t2m,mavg,17.6793349596,0.49,10,17.9187098645455,1.00028074362396,t2m__mavg,2
t2m,mavg,18.4202017814286,0.52,0,17.9187098645455,1.00277326036895,t2m__mavg,2
t2m,mavg,18.4202017814286,0.52,1,17.9187098645455,1.00190356569824,t2m__mavg,2
t2m,mavg,18.4202017814286,0.52,2,17.9187098645455,1.00107699510677,t2m__mavg,2
t2m,mavg,18.4202017814286,0.52,3,17.9187098645455,1.00033578150608,t2m__mavg,2
t2m,mavg,18.4202017814286,0.52,4,17.9187098645455,0.999722048705004,t2m__mavg,2
t2m,mavg,18.4202017814286,0.52,5,17.9187098645455,0.999277856325774,t2m__mavg,2
t2m,mavg,18.4202017814286,0.52,6,17.9187098645455,0.999031167663922,t2m__mavg,2
t2m,mavg,18.4202017814286,0.52,7,17.9187098645455,0.998953648897856,t2m__mavg,2
t2m,mavg,18.4202017814286,0.52,8,17.9187098645455,0.999002976841243,t2m__mavg,2
t2m,mavg,18.4202017814286,0.52,9,17.9187098645455,0.999136880807426,t2m__mavg,2
t2m,mavg,18.4202017814286,0.52,10,17.9187098645455,0.999313097868423,t2m__mavg,2
t2m,mavg,19.2215712731091,0.55,0,17.9187098645455,1.00707333245345,t2m__mavg,2
t2m,mavg,19.2215712731091,0.55,1,17.9187098645455,1.00492483276636,t2m__mavg,2
t2m,mavg,19.2215712731091,0.55,2,17.9187098645455,1.00288129147164,t2m__mavg,2
t2m,mavg,19.2215712731091,0.55,3,17.9187098645455,1.00104227715,t2m__mavg,2
t2m,mavg,19.2215712731091,0.55,4,17.9187098645455,0.999506716091394,t2m__mavg,2
t2m,mavg,19.2215712731091,0.55,5,17.9187098645455,0.998373144759104,t2m__mavg,2
t2m,mavg,19.2215712731091,0.55,6,17.9187098645455,0.997706772244669,t2m__mavg,2
t2m,mavg,19.2215712731091,0.55,7,17.9187098645455,0.99744010525765,t2m__mavg,2
t2m,mavg,19.2215712731091,0.55,8,17.9187098645455,0.997472979964395,t2m__mavg,2
t2m,mavg,19.2215712731091,0.55,9,17.9187098645455,0.997705559245694,t2m__mavg,2
t2m,mavg,19.2215712731091,0.55,10,17.9187098645455,0.998038082780903,t2m__mavg,2
t2m,mavg,19.972399897503,0.58,0,17.9187098645455,1.01110678663447,t2m__mavg,2
t2m,mavg,19.972399897503,0.58,1,17.9187098645455,1.00778845636843,t2m__mavg,2
t2m,mavg,19.972399897503,0.58,2,17.9187098645455,1.00463274562505,t2m__mavg,2
t2m,mavg,19.972399897503,0.58,3,17.9187098645455,1.0017894930769,t2m__mavg,2
t2m,mavg,19.972399897503,0.58,4,17.9187098645455,0.999407038733248,t2m__mavg,2
t2m,mavg,19.972399897503,0.58,5,17.9187098645455,0.997632801680942,t2m__mavg,2
t2m,mavg,19.972399897503,0.58,6,17.9187098645455,0.996563902434758,t2m__mavg,2
t2m,mavg,19.972399897503,0.58,7,17.9187098645455,0.996097772658547,t2m__mavg,2
t2m,mavg,19.972399897503,0.58,8,17.9187098645455,0.996083106498871,t2m__mavg,2
t2m,mavg,19.972399897503,0.58,9,17.9187098645455,0.996369380132001,t2m__mavg,2
t2m,mavg,19.972399897503,0.58,10,17.9187098645455,0.996806283177204,t2m__mavg,2
t2m,mavg,20.6856039021867,0.61,0,17.9187098645455,1.01509407770026,t2m__mavg,2
t2m,mavg,20.6856039021867,0.61,1,17.9187098645455,1.01059385801018,t2m__mavg,2
t2m,mavg,20.6856039021867,0.61,2,17.9187098645455,1.00631920310052,t2m__mavg,2
t2m,mavg,20.6856039021867,0.61,3,17.9187098645455,1.0024722433078,t2m__mavg,2
t2m,mavg,20.6856039021867,0.61,4,17.9187098645455,0.999252374627966,t2m__mavg,2
t2m,mavg,20.6856039021867,0.61,5,17.9187098645455,0.996857320927102,t2m__mavg,2
t2m,mavg,20.6856039021867,0.61,6,17.9187098645455,0.995416788537306,t2m__mavg,2
t2m,mavg,20.6856039021867,0.61,7,17.9187098645455,0.994791122647607,t2m__mavg,2
t2m,mavg,20.6856039021867,0.61,8,17.9187098645455,0.994775491335479,t2m__mavg,2
t2m,mavg,20.6856039021867,0.61,9,17.9187098645455,0.995166489101096,t2m__mavg,2
t2m,mavg,20.6856039021867,0.61,10,17.9187098645455,0.995761097229937,t2m__mavg,2
t2m,mavg,21.37818918768,0.64,0,17.9187098645455,1.01924855259048,t2m__mavg,2
t2m,mavg,21.37818918768,0.64,1,17.9187098645455,1.01344778459626,t2m__mavg,2
t2m,mavg,21.37818918768,0.64,2,17.9187098645455,1.00794968072292,t2m__mavg,2
t2m,mavg,21.37818918768,0.64,3,17.9187098645455,1.00301799574759,t2m__mavg,2
t2m,mavg,21.37818918768,0.64,4,17.9187098645455,0.998911924580699,t2m__mavg,2
t2m,mavg,21.37818918768,0.64,5,17.9187098645455,0.995887930394808,t2m__mavg,2
t2m,mavg,21.37818918768,0.64,6,17.9187098645455,0.994113578338565,t2m__mavg,2
t2m,mavg,21.37818918768,0.64,7,17.9187098645455,0.993404999589732,t2m__mavg,2
t2m,mavg,21.37818918768,0.64,8,17.9187098645455,0.993494062952854,t2m__mavg,2
t2m,mavg,21.37818918768,0.64,9,17.9187098645455,0.994114962261522,t2m__mavg,2
t2m,mavg,21.37818918768,0.64,10,17.9187098645455,0.995002436585576,t2m__mavg,2
t2m,mavg,22.0627521283333,0.67,0,17.9187098645455,1.0237593066492,t2m__mavg,2
t2m,mavg,22.0627521283333,0.67,1,17.9187098645455,1.01644177699396,t2m__mavg,2
t2m,mavg,22.0627521283333,0.67,2,17.9187098645455,1.00952739242695,t2m__mavg,2
t2m,mavg,22.0627521283333,0.67,3,17.9187098645455,1.00335731655484,t2m__mavg,2
t2m,mavg,22.0627521283333,0.67,4,17.9187098645455,0.998265372519928,t2m__mavg,2
t2m,mavg,22.0627521283333,0.67,5,17.9187098645455,0.994581138111069,t2m__mavg,2
t2m,mavg,22.0627521283333,0.67,6,17.9187098645455,0.992519152022376,t2m__mavg,2
t2m,mavg,22.0627521283333,0.67,7,17.9187098645455,0.991839500149795,t2m__mavg,2
t2m,mavg,22.0627521283333,0.67,8,17.9187098645455,0.992194407633038,t2m__mavg,2
t2m,mavg,22.0627521283333,0.67,9,17.9187098645455,0.993239684288651,t2m__mavg,2
t2m,mavg,22.0627521283333,0.67,10,17.9187098645455,0.994631726989155,t2m__mavg,2
t2m,mavg,22.7352023355556,0.7,0,17.9187098645455,1.02870845625747,t2m__mavg,2
t2m,mavg,22.7352023355556,0.7,1,17.9187098645455,1.01959614617216,t2m__mavg,2
t2m,mavg,22.7352023355556,0.7,2,17.9187098645455,1.01101872025897,t2m__mavg,2
t2m,mavg,22.7352023355556,0.7,3,17.9187098645455,1.00341475287472,t2m__mavg,2
t2m,mavg,22.7352023355556,0.7,4,17.9187098645455,0.997211266097468,t2m__mavg,2
t2m,mavg,22.7352023355556,0.7,5,17.9187098645455,0.992828914100048,t2m__mavg,2
t2m,mavg,22.7352023355556,0.7,6,17.9187098645455,0.990540629247875,t2m__mavg,2
t2m,mavg,22.7352023355556,0.7,7,17.9187098645455,0.990035384732216,t2m__mavg,2
t2m,mavg,22.7352023355556,0.7,8,17.9187098645455,0.990865139845362,t2m__mavg,2
t2m,mavg,22.7352023355556,0.7,9,17.9187098645455,0.992587165000676,t2m__mavg,2
t2m,mavg,22.7352023355556,0.7,10,17.9187098645455,0.994759045971105,t2m__mavg,2
t2m,mavg,23.3807190752444,0.73,0,17.9187098645455,1.03406075146811,t2m__mavg,2
t2m,mavg,23.3807190752444,0.73,1,17.9187098645455,1.022865397328,t2m__mavg,2
t2m,mavg,23.3807190752444,0.73,2,17.9187098645455,1.01237228824287,t2m__mavg,2
t2m,mavg,23.3807190752444,0.73,3,17.9187098645455,1.00313796794768,t2m__mavg,2
t2m,mavg,23.3807190752444,0.73,4,17.9187098645455,0.995701302720055,t2m__mavg,2
t2m,mavg,23.3807190752444,0.73,5,17.9187098645455,0.990591959375593,t2m__mavg,2
t2m,mavg,23.3807190752444,0.73,6,17.9187098645455,0.9881526900679,t2m__mavg,2
t2m,mavg,23.3807190752444,0.73,7,17.9187098645455,0.987985639898051,t2m__mavg,2
t2m,mavg,23.3807190752444,0.73,8,17.9187098645455,0.989521407991732,t2m__mavg,2
t2m,mavg,23.3807190752444,0.73,9,17.9187098645455,0.992198154209723,t2m__mavg,2
t2m,mavg,23.3807190752444,0.73,10,17.9187098645455,0.995453468462157,t2m__mavg,2
t2m,mavg,24.0393968385333,0.76,0,17.9187098645455,1.04024960232295,t2m__mavg,2
t2m,mavg,24.0393968385333,0.76,1,17.9187098645455,1.026487372173,t2m__mavg,2
t2m,mavg,24.0393968385333,0.76,2,17.9187098645455,1.01365130205766,t2m__mavg,2
t2m,mavg,24.0393968385333,0.76,3,17.9187098645455,1.0024469340076,t2m__mavg,2
t2m,mavg,24.0393968385333,0.76,4,17.9187098645455,0.993552814389578,t2m__mavg,2
t2m,mavg,24.0393968385333,0.76,5,17.9187098645455,0.987634379968598,t2m__mavg,2
t2m,mavg,24.0393968385333,0.76,6,17.9187098645455,0.985121345210657,t2m__mavg,2
t2m,mavg,24.0393968385333,0.76,7,17.9187098645455,0.985505232916373,t2m__mavg,2
t2m,mavg,24.0393968385333,0.76,8,17.9187098645455,0.988063591939939,t2m__mavg,2
t2m,mavg,24.0393968385333,0.76,9,17.9187098645455,0.99208457359348,t2m__mavg,2
t2m,mavg,24.0393968385333,0.76,10,17.9187098645455,0.996853677588342,t2m__mavg,2
t2m,mavg,24.7219085558333,0.79,0,17.9187098645455,1.04750728277778,t2m__mavg,2
t2m,mavg,24.7219085558333,0.79,1,17.9187098645455,1.03056819984924,t2m__mavg,2
t2m,mavg,24.7219085558333,0.79,2,17.9187098645455,1.01485478488075,t2m__mavg,2
t2m,mavg,24.7219085558333,0.79,3,17.9187098645455,1.00125807166807,t2m__mavg,2
t2m,mavg,24.7219085558333,0.79,4,17.9187098645455,0.990627994948948,t2m__mavg,2
t2m,mavg,24.7219085558333,0.79,5,17.9187098645455,0.983796071277168,t2m__mavg,2
t2m,mavg,24.7219085558333,0.79,6,17.9187098645455,0.981298521680903,t2m__mavg,2
t2m,mavg,24.7219085558333,0.79,7,17.9187098645455,0.982487707953224,t2m__mavg,2
t2m,mavg,24.7219085558333,0.79,8,17.9187098645455,0.986451066667622,t2m__mavg,2
t2m,mavg,24.7219085558333,0.79,9,17.9187098645455,0.99229071609382,t2m__mavg,2
t2m,mavg,24.7219085558333,0.79,10,17.9187098645455,0.999101910683578,t2m__mavg,2
t2m,mavg,25.3910733297818,0.82,0,17.9187098645455,1.05543580373005,t2m__mavg,2
t2m,mavg,25.3910733297818,0.82,1,17.9187098645455,1.03488162128813,t2m__mavg,2
t2m,mavg,25.3910733297818,0.82,2,17.9187098645455,1.01591954350265,t2m__mavg,2
t2m,mavg,25.3910733297818,0.82,3,17.9187098645455,0.999648996263763,t2m__mavg,2
t2m,mavg,25.3910733297818,0.82,4,17.9187098645455,0.987109021660516,t2m__mavg,2
t2m,mavg,25.3910733297818,0.82,5,17.9187098645455,0.979313778674976,t2m__mavg,2
t2m,mavg,25.3910733297818,0.82,6,17.9187098645455,0.976916905571469,t2m__mavg,2
t2m,mavg,25.3910733297818,0.82,7,17.9187098645455,0.979112380847751,t2m__mavg,2
t2m,mavg,25.3910733297818,0.82,8,17.9187098645455,0.984774574110611,t2m__mavg,2
t2m,mavg,25.3910733297818,0.82,9,17.9187098645455,0.992797535142217,t2m__mavg,2
t2m,mavg,25.3910733297818,0.82,10,17.9187098645455,1.00206142200495,t2m__mavg,2
t2m,mavg,26.0763395075714,0.85,0,17.9187098645455,1.06435859193983,t2m__mavg,2
t2m,mavg,26.0763395075714,0.85,1,17.9187098645455,1.03960440688375,t2m__mavg,2
t2m,mavg,26.0763395075714,0.85,2,17.9187098645455,1.01689875283536,t2m__mavg,2
t2m,mavg,26.0763395075714,0.85,3,17.9187098645455,0.997576570070479,t2m__mavg,2
t2m,mavg,26.0763395075714,0.85,4,17.9187098645455,0.98288600255759,t2m__mavg,2
t2m,mavg,26.0763395075714,0.85,5,17.9187098645455,0.974042497801032,t2m__mavg,2
t2m,mavg,26.0763395075714,0.85,6,17.9187098645455,0.971829655937804,t2m__mavg,2
t2m,mavg,26.0763395075714,0.85,7,17.9187098645455,0.975259602757425,t2m__mavg,2
t2m,mavg,26.0763395075714,0.85,8,17.9187098645455,0.982966477042028,t2m__mavg,2
t2m,mavg,26.0763395075714,0.85,9,17.9187098645455,0.993610338066369,t2m__mavg,2
t2m,mavg,26.0763395075714,0.85,10,17.9187098645455,1.00582623099211,t2m__mavg,2
t2m,mavg,26.8253266588889,0.88,0,17.9187098645455,1.07500487232915,t2m__mavg,2
t2m,mavg,26.8253266588889,0.88,1,17.9187098645455,1.04510203046641,t2m__mavg,2
t2m,mavg,26.8253266588889,0.88,2,17.9187098645455,1.01784883374203,t2m__mavg,2
t2m,mavg,26.8253266588889,0.88,3,17.9187098645455,0.994856727686702,t2m__mavg,2
t2m,mavg,26.8253266588889,0.88,4,17.9187098645455,0.977612617206654,t2m__mavg,2
t2m,mavg,26.8253266588889,0.88,5,17.9187098645455,0.967561071449757,t2m__mavg,2
t2m,mavg,26.8253266588889,0.88,6,17.9187098645455,0.965634698068974,t2m__mavg,2
t2m,mavg,26.8253266588889,0.88,7,17.9187098645455,0.970627677002774,t2m__mavg,2
t2m,mavg,26.8253266588889,0.88,8,17.9187098645455,0.980892644494725,t2m__mavg,2
t2m,mavg,26.8253266588889,0.88,9,17.9187098645455,0.994816433554159,t2m__mavg,2
t2m,mavg,26.8253266588889,0.88,10,17.9187098645455,1.01074303387092,t2m__mavg,2
t2m,mavg,27.6562653472333,0.91,0,17.9187098645455,1.08786061529713,t2m__mavg,2
t2m,mavg,27.6562653472333,0.91,1,17.9187098645455,1.05158754217334,t2m__mavg,2
t2m,mavg,27.6562653472333,0.91,2,17.9187098645455,1.01876726067152,t2m__mavg,2
t2m,mavg,27.6562653472333,0.91,3,17.9187098645455,0.991332318794008,t2m__mavg,2
t2m,mavg,27.6562653472333,0.91,4,17.9187098645455,0.971036727566231,t2m__mavg,2
t2m,mavg,27.6562653472333,0.91,5,17.9187098645455,0.95958074193706,t2m__mavg,2
t2m,mavg,27.6562653472333,0.91,6,17.9187098645455,0.958065301455149,t2m__mavg,2
t2m,mavg,27.6562653472333,0.91,7,17.9187098645455,0.965024134480377,t2m__mavg,2
t2m,mavg,27.6562653472333,0.91,8,17.9187098645455,0.978483135137814,t2m__mavg,2
t2m,mavg,27.6562653472333,0.91,9,17.9187098645455,0.996513650552589,t2m__mavg,2
t2m,mavg,27.6562653472333,0.91,10,17.9187098645455,1.01711609920014,t2m__mavg,2
t2m,mavg,28.7114150291556,0.94,0,17.9187098645455,1.10568322938635,t2m__mavg,2
t2m,mavg,28.7114150291556,0.94,1,17.9187098645455,1.06036603704932,t2m__mavg,2
t2m,mavg,28.7114150291556,0.94,2,17.9187098645455,1.01974797165991,t2m__mavg,2
t2m,mavg,28.7114150291556,0.94,3,17.9187098645455,0.986174571610576,t2m__mavg,2
t2m,mavg,28.7114150291556,0.94,4,17.9187098645455,0.961724352752625,t2m__mavg,2
t2m,mavg,28.7114150291556,0.94,5,17.9187098645455,0.948408077981119,t2m__mavg,2
t2m,mavg,28.7114150291556,0.94,6,17.9187098645455,0.947535876816409,t2m__mavg,2
t2m,mavg,28.7114150291556,0.94,7,17.9187098645455,0.95729083024746,t2m__mavg,2
t2m,mavg,28.7114150291556,0.94,8,17.9187098645455,0.975277035859754,t2m__mavg,2
t2m,mavg,28.7114150291556,0.94,9,17.9187098645455,0.999162225404819,t2m__mavg,2
t2m,mavg,28.7114150291556,0.94,10,17.9187098645455,1.02649294621705,t2m__mavg,2
t2m,mavg,30.0152930952,0.97,0,17.9187098645455,1.12985685401157,t2m__mavg,2
t2m,mavg,30.0152930952,0.97,1,17.9187098645455,1.07197158826807,t2m__mavg,2
t2m,mavg,30.0152930952,0.97,2,17.9187098645455,1.02071089983632,t2m__mavg,2
t2m,mavg,30.0152930952,0.97,3,17.9187098645455,0.97890711361909,t2m__mavg,2
t2m,mavg,30.0152930952,0.97,4,17.9187098645455,0.948984454283598,t2m__mavg,2
t2m,mavg,30.0152930952,0.97,5,17.9187098645455,0.933287008840785,t2m__mavg,2
t2m,mavg,30.0152930952,0.97,6,17.9187098645455,0.93336089937667,t2m__mavg,2
t2m,mavg,30.0152930952,0.97,7,17.9187098645455,0.946940071547466,t2m__mavg,2
t2m,mavg,30.0152930952,0.97,8,17.9187098645455,0.971123062823547,t2m__mavg,2
t2m,mavg,30.0152930952,0.97,9,17.9187098645455,1.00310246065641,t2m__mavg,2
t2m,mavg,30.0152930952,0.97,10,17.9187098645455,1.03986258098983,t2m__mavg,2
rh,lag,43.4228235,0.01,0,75.82061299,0.984879837926849,rh__lag,3
rh,lag,43.4228235,0.01,1,75.82061299,0.993104974242151,rh__lag,3
rh,lag,43.4228235,0.01,2,75.82061299,1.0007499524327,rh__lag,3
rh,lag,43.4228235,0.01,3,75.82061299,1.00714736378574,rh__lag,3
rh,lag,43.4228235,0.01,4,75.82061299,1.01161670961134,rh__lag,3
rh,lag,43.4228235,0.01,5,75.82061299,1.01347493127487,rh__lag,3
rh,lag,43.4228235,0.01,6,75.82061299,1.01227010214811,rh__lag,3
rh,lag,43.4228235,0.01,7,75.82061299,1.00844879560769,rh__lag,3
rh,lag,43.4228235,0.01,8,75.82061299,1.00269032659999,rh__lag,3
rh,lag,43.4228235,0.01,9,75.82061299,0.995673205103566,rh__lag,3
rh,lag,43.4228235,0.01,10,75.82061299,0.988064566605912,rh__lag,3
rh,lag,51.44309564,0.04,0,75.82061299,0.958523137800094,rh__lag,3
rh,lag,51.44309564,0.04,1,75.82061299,0.973813179980436,rh__lag,3
rh,lag,51.44309564,0.04,2,75.82061299,0.988300510886284,rh__lag,3
rh,lag,51.44309564,0.04,3,75.82061299,1.00088237170165,rh__lag,3
rh,lag,51.44309564,0.04,4,75.82061299,1.01041092525459,rh__lag,3
rh,lag,51.44309564,0.04,5,75.82061299,1.01572074838038,rh__lag,3
rh,lag,51.44309564,0.04,6,75.82061299,1.01602749648111,rh__lag,3
rh,lag,51.44309564,0.04,7,75.82061299,1.01204050782352,rh__lag,3
rh,lag,51.44309564,0.04,8,75.82061299,1.00487329175826,rh__lag,3
rh,lag,51.44309564,0.04,9,75.82061299,0.995646931285309,rh__lag,3
rh,lag,51.44309564,0.04,10,75.82061299,0.985461677101853,rh__lag,3
rh,lag,55.65418882,0.07,0,75.82061299,0.952684401191471,rh__lag,3
rh,lag,55.65418882,0.07,1,75.82061299,0.969285237258975,rh__lag,3
rh,lag,55.65418882,0.07,2,75.82061299,0.985065221910466,rh__lag,3
rh,lag,55.65418882,0.07,3,75.82061299,0.998849515078259,rh__lag,3
rh,lag,55.65418882,0.07,4,75.82061299,1.0094101620205,rh__lag,3
rh,lag,55.65418882,0.07,5,75.82061299,1.01549703360823,rh__lag,3
rh,lag,55.65418882,0.07,6,75.82061299,1.01626488314459,rh__lag,3
rh,lag,55.65418882,0.07,7,75.82061299,1.01246158861481,rh__lag,3
rh,lag,55.65418882,0.07,8,75.82061299,1.00527000704548,rh__lag,3
rh,lag,55.65418882,0.07,9,75.82061299,0.995883606450994,rh__lag,3
rh,lag,55.65418882,0.07,10,75.82061299,0.985474261132685,rh__lag,3
rh,lag,58.46959508,0.1,0,75.82061299,0.95220418717253,rh__lag,3
rh,lag,58.46959508,0.1,1,75.82061299,0.968671998038344,rh__lag,3
rh,lag,58.46959508,0.1,2,75.82061299,0.984334602594951,rh__lag,3
rh,lag,58.46959508,0.1,3,75.82061299,0.998038868582405,rh__lag,3
rh,lag,58.46959508,0.1,4,75.82061299,1.00857965292251,rh__lag,3
rh,lag,58.46959508,0.1,5,75.82061299,1.01472963052825,rh__lag,3
rh,lag,58.46959508,0.1,6,75.82061299,1.01565787367908,rh__lag,3
rh,lag,58.46959508,0.1,7,75.82061299,1.01209651531889,rh__lag,3
rh,lag,58.46959508,0.1,8,75.82061299,1.00520459184317,rh__lag,3
rh,lag,58.46959508,0.1,9,75.82061299,0.996152190433542,rh__lag,3
rh,lag,58.46959508,0.1,10,75.82061299,0.986089360165593,rh__lag,3
rh,lag,60.67693483,0.13,0,75.82061299,0.95388992757257,rh__lag,3
rh,lag,60.67693483,0.13,1,75.82061299,0.969645481789785,rh__lag,3
rh,lag,60.67693483,0.13,2,75.82061299,0.984624776008462,rh__lag,3
rh,lag,60.67693483,0.13,3,75.82061299,0.997733774699796,rh__lag,3
rh,lag,60.67693483,0.13,4,75.82061299,1.00783117303977,rh__lag,3
rh,lag,60.67693483,0.13,5,75.82061299,1.01375536622215,rh__lag,3
rh,lag,60.67693483,0.13,6,75.82061299,1.01471992434517,rh__lag,3
rh,lag,60.67693483,0.13,7,75.82061299,1.01141985576346,rh__lag,3
rh,lag,60.67693483,0.13,8,75.82061299,1.00495348746417,rh__lag,3
rh,lag,60.67693483,0.13,9,75.82061299,0.99642950944439,rh__lag,3
rh,lag,60.67693483,0.13,10,75.82061299,0.986938898416954,rh__lag,3
rh,lag,62.4452779016,0.16,0,75.82061299,0.956624481973357,rh__lag,3
rh,lag,62.4452779016,0.16,1,75.82061299,0.971399349446297,rh__lag,3
rh,lag,62.4452779016,0.16,2,75.82061299,0.985434092339898,rh__lag,3
rh,lag,62.4452779016,0.16,3,75.82061299,0.997709881456544,rh__lag,3
rh,lag,62.4452779016,0.16,4,75.82061299,1.00716665120578,rh__lag,3
rh,lag,62.4452779016,0.16,5,75.82061299,1.0127266342032,rh__lag,3
rh,lag,62.4452779016,0.16,6,75.82061299,1.01366066958223,rh__lag,3
rh,lag,62.4452779016,0.16,7,75.82061299,1.01061744634913,rh__lag,3
rh,lag,62.4452779016,0.16,8,75.82061299,1.00461893547975,rh__lag,3
rh,lag,62.4452779016,0.16,9,75.82061299,0.996696294425735,rh__lag,3
rh,lag,62.4452779016,0.16,10,75.82061299,0.987865424563196,rh__lag,3
rh,lag,64.11654005,0.19,0,75.82061299,0.960398507164623,rh__lag,3
rh,lag,64.11654005,0.19,1,75.82061299,0.97389143071603,rh__lag,3
rh,lag,64.11654005,0.19,2,75.82061299,0.986691756053363,rh__lag,3
rh,lag,64.11654005,0.19,3,75.82061299,0.997875198599992,rh__lag,3
rh,lag,64.11654005,0.19,4,75.82061299,1.00648340529984,rh__lag,3
rh,lag,64.11654005,0.19,5,75.82061299,1.01154348345273,rh__lag,3
rh,lag,64.11654005,0.19,6,75.82061299,1.01239805098376,rh__lag,3
rh,lag,64.11654005,0.19,7,75.82061299,1.00963777733985,rh__lag,3
rh,lag,64.11654005,0.19,8,75.82061299,1.00418919636679,rh__lag,3
rh,lag,64.11654005,0.19,9,75.82061299,0.996986485236355,rh__lag,3
rh,lag,64.11654005,0.19,10,75.82061299,0.988951252297319,rh__lag,3
rh,lag,65.5816892668,0.22,0,75.82061299,0.964702256828336,rh__lag,3
rh,lag,65.5816892668,0.22,1,75.82061299,0.976771651786532,rh__lag,3
rh,lag,65.5816892668,0.22,2,75.82061299,0.988203546161943,rh__lag,3
rh,lag,65.5816892668,0.22,3,75.82061299,0.998175685604611,rh__lag,3
rh,lag,65.5816892668,0.22,4,75.82061299,1.00583881724183,rh__lag,3
rh,lag,65.5816892668,0.22,5,75.82061299,1.01033228761356,rh__lag,3
rh,lag,65.5816892668,0.22,6,75.82061299,1.01107548431883,rh__lag,3
rh,lag,65.5816892668,0.22,7,75.82061299,1.00859628289951,rh__lag,3
rh,lag,65.5816892668,0.22,8,75.82061299,1.00371860143192,rh__lag,3
rh,lag,65.5816892668,0.22,9,75.82061299,0.997272400022059,rh__lag,3
rh,lag,65.5816892668,0.22,10,75.82061299,0.990077601996136,rh__lag,3
rh,lag,66.953352465,0.25,0,75.82061299,0.969611587465885,rh__lag,3
rh,lag,66.953352465,0.25,1,75.82061299,0.980080588519968,rh__lag,3
rh,lag,66.953352465,0.25,2,75.82061299,0.989977810488026,rh__lag,3
rh,lag,66.953352465,0.25,3,75.82061299,0.998592953442693,rh__lag,3
rh,lag,66.953352465,0.25,4,75.82061299,1.00519560249492,rh__lag,3
rh,lag,66.953352465,0.25,5,75.82061299,1.00904698929319,rh__lag,3
rh,lag,66.953352465,0.25,6,75.82061299,1.00964969400985,rh__lag,3
rh,lag,66.953352465,0.25,7,75.82061299,1.00746222962956,rh__lag,3
rh,lag,66.953352465,0.25,8,75.82061299,1.00319619067365,rh__lag,3
rh,lag,66.953352465,0.25,9,75.82061299,0.997567610173913,rh__lag,3
rh,lag,66.953352465,0.25,10,75.82061299,0.991284891466497,rh__lag,3
rh,lag,68.18887691,0.28,0,75.82061299,0.974728506589865,rh__lag,3
rh,lag,68.18887691,0.28,1,75.82061299,0.983540948385929,rh__lag,3
rh,lag,68.18887691,0.28,2,75.82061299,0.991854346479119,rh__lag,3
rh,lag,68.18887691,0.28,3,75.82061299,0.999071818704344,rh__lag,3
rh,lag,68.18887691,0.28,4,75.82061299,1.00458235642146,rh__lag,3
rh,lag,68.18887691,0.28,5,75.82061299,1.00776922063221,rh__lag,3
rh,lag,68.18887691,0.28,6,75.82061299,1.00821802464597,rh__lag,3
rh,lag,68.18887691,0.28,7,75.82061299,1.00631635456639,rh__lag,3
rh,lag,68.18887691,0.28,8,75.82061299,1.00266218018956,rh__lag,3
rh,lag,68.18887691,0.28,9,75.82061299,0.997856498587866,rh__lag,3
rh,lag,68.18887691,0.28,10,75.82061299,0.992494760303279,rh__lag,3
rh,lag,69.31045294,0.31,0,75.82061299,0.979695310265049,rh__lag,3
rh,lag,69.31045294,0.31,1,75.82061299,0.986896019718005,rh__lag,3
rh,lag,69.31045294,0.31,2,75.82061299,0.993673588294344,rh__lag,3
rh,lag,69.31045294,0.31,3,75.82061299,0.999539720487803,rh__lag,3
rh,lag,69.31045294,0.31,4,75.82061299,1.00399675727716,rh__lag,3
rh,lag,69.31045294,0.31,5,75.82061299,1.00654335542165,rh__lag,3
rh,lag,69.31045294,0.31,6,75.82061299,1.00684335008724,rh__lag,3
rh,lag,69.31045294,0.31,7,75.82061299,1.00521566738783,rh__lag,3
rh,lag,69.31045294,0.31,8,75.82061299,1.00214954628391,rh__lag,3
rh,lag,69.31045294,0.31,9,75.82061299,0.998136140974517,rh__lag,3
rh,lag,69.31045294,0.31,10,75.82061299,0.993662748015783,rh__lag,3
rh,lag,70.42066879,0.34,0,75.82061299,0.984635357682558,rh__lag,3
rh,lag,70.42066879,0.34,1,75.82061299,0.990217818636848,rh__lag,3
rh,lag,70.42066879,0.34,2,75.82061299,0.995458847269586,rh__lag,3
rh,lag,70.42066879,0.34,3,75.82061299,0.999977922849295,rh__lag,3
rh,lag,70.42066879,0.34,4,75.82061299,1.00338892709732,rh__lag,3
rh,lag,70.42066879,0.34,5,75.82061299,1.00530363046305,rh__lag,3
rh,lag,70.42066879,0.34,6,75.82061299,1.00546223136929,rh__lag,3
rh,lag,70.42066879,0.34,7,75.82061299,1.00411470457387,rh__lag,3
rh,lag,70.42066879,0.34,8,75.82061299,1.00164236169653,rh__lag,3
rh,lag,70.42066879,0.34,9,75.82061299,0.998427575770909,rh__lag,3
rh,lag,70.42066879,0.34,10,75.82061299,0.994850253354333,rh__lag,3
rh,lag,71.47014621,0.37,0,75.82061299,0.989081073623166,rh__lag,3
rh,lag,71.47014621,0.37,1,75.82061299,0.993183297822445,rh__lag,3
rh,lag,71.47014621,0.37,2,75.82061299,0.997024031748353,rh__lag,3
rh,lag,71.47014621,0.37,3,75.82061299,1.00032068977198,rh__lag,3
rh,lag,71.47014621,0.37,4,75.82061299,1.00278767058646,rh__lag,3
rh,lag,71.47014621,0.37,5,75.82061299,1.00413829901069,rh__lag,3
rh,lag,71.47014621,0.37,6,75.82061299,1.00418105967455,rh__lag,3
rh,lag,71.47014621,0.37,7,75.82061299,1.00310254350434,rh__lag,3
rh,lag,71.47014621,0.37,8,75.82061299,1.00118595071266,rh__lag,3
rh,lag,71.47014621,0.37,9,75.82061299,0.99871498868738,rh__lag,3
rh,lag,71.47014621,0.37,10,75.82061299,0.995971914685174,rh__lag,3
rh,lag,72.50688091,0.4,0,75.82061299,0.993026544097363,rh__lag,3
rh,lag,72.50688091,0.4,1,75.82061299,0.995781326066093,rh__lag,3
rh,lag,72.50688091,0.4,2,75.82061299,0.998352227742824,rh__lag,3
rh,lag,72.50688091,0.4,3,75.82061299,1.00054584367915,rh__lag,3
rh,lag,72.50688091,0.4,4,75.82061299,1.00216740593873,rh__lag,3
rh,lag,72.50688091,0.4,5,75.82061299,1.00302170194976,rh__lag,3
rh,lag,72.50688091,0.4,6,75.82061299,1.00297849746371,rh__lag,3
rh,lag,72.50688091,0.4,7,75.82061299,1.00216605733178,rh__lag,3
rh,lag,72.50688091,0.4,8,75.82061299,1.00077820139116,rh__lag,3
rh,lag,72.50688091,0.4,9,75.82061299,0.999008933887634,rh__lag,3
rh,lag,72.50688091,0.4,10,75.82061299,0.997051521375415,rh__lag,3
rh,lag,73.51419903,0.43,0,75.82061299,0.996218069139016,rh__lag,3
rh,lag,73.51419903,0.43,1,75.82061299,0.997836866502672,rh__lag,3
rh,lag,73.51419903,0.43,2,75.82061299,0.999341598219431,rh__lag,3
rh,lag,73.51419903,0.43,3,75.82061299,1.00061489584433,rh__lag,3
rh,lag,73.51419903,0.43,4,75.82061299,1.00153891678958,rh__lag,3
rh,lag,73.51419903,0.43,5,75.82061299,1.00199568493714,rh__lag,3
rh,lag,73.51419903,0.43,6,75.82061299,1.0019065649493,rh__lag,3
rh,lag,73.51419903,0.43,7,75.82061299,1.00134964861152,rh__lag,3
rh,lag,73.51419903,0.43,8,75.82061299,1.00044252693568,rh__lag,3
rh,lag,73.51419903,0.43,9,75.82061299,0.999302830248187,rh__lag,3
rh,lag,73.51419903,0.43,10,75.82061299,0.998047886865227,rh__lag,3
rh,lag,74.54153616,0.46,0,75.82061299,0.998600655611049,rh__lag,3
rh,lag,74.54153616,0.46,1,75.82061299,0.999302198245561,rh__lag,3
rh,lag,74.54153616,0.46,2,75.82061299,0.999950411924122,rh__lag,3
rh,lag,74.54153616,0.46,3,75.82061299,1.00049134133271,rh__lag,3
rh,lag,74.54153616,0.46,4,75.82061299,1.00087094059749,rh__lag,3
rh,lag,74.54153616,0.46,5,75.82061299,1.00103514571439,rh__lag,3
rh,lag,74.54153616,0.46,6,75.82061299,1.00094793396603,rh__lag,3
rh,lag,74.54153616,0.46,7,75.82061299,1.00064527558796,rh__lag,3
rh,lag,74.54153616,0.46,8,75.82061299,1.00018119734351,rh__lag,3
rh,lag,74.54153616,0.46,9,75.82061299,0.999609724492115,rh__lag,3
rh,lag,74.54153616,0.46,10,75.82061299,0.998984808328199,rh__lag,3
rh,lag,75.500348,0.49,0,75.82061299,0.99983357616102,rh__lag,3
rh,lag,75.500348,0.49,1,75.82061299,0.999957196043089,rh__lag,3
rh,lag,75.500348,0.49,2,75.82061299,1.00007024209131,rh__lag,3
rh,lag,75.500348,0.49,3,75.82061299,1.00016212062514,rh__lag,3
rh,lag,75.500348,0.49,4,75.82061299,1.00022223508076,rh__lag,3
rh,lag,75.500348,0.49,5,75.82061299,1.00023998881426,rh__lag,3
rh,lag,75.500348,0.49,6,75.82061299,1.00020831919553,rh__lag,3
rh,lag,75.500348,0.49,7,75.82061299,1.00013429072101,rh__lag,3
rh,lag,75.500348,0.49,8,75.82061299,1.00002850136031,rh__lag,3
rh,lag,75.500348,0.49,9,75.82061299,0.999901548413255,rh__lag,3
rh,lag,75.500348,0.49,10,75.82061299,0.999764025706858,rh__lag,3
rh,lag,76.46669664,0.52,0,75.82061299,0.999940537753863,rh__lag,3
rh,lag,76.46669664,0.52,1,75.82061299,0.999803520818454,rh__lag,3
rh,lag,76.46669664,0.52,2,75.82061299,0.999681639385761,rh__lag,3
rh,lag,76.46669664,0.52,3,75.82061299,0.999590003267063,rh__lag,3
rh,lag,76.46669664,0.52,4,75.82061299,0.999543718789712,rh__lag,3
rh,lag,76.46669664,0.52,5,75.82061299,0.999557894511129,rh__lag,3
rh,lag,76.46669664,0.52,6,75.82061299,0.999642610454305,rh__lag,3
rh,lag,76.46669664,0.52,7,75.82061299,0.999787805539206,rh__lag,3
rh,lag,76.46669664,0.52,8,75.82061299,0.999978384672908,rh__lag,3
rh,lag,76.46669664,0.52,9,75.82061299,1.00019924901605,rh__lag,3
rh,lag,76.46669664,0.52,10,75.82061299,1.00043529026562,rh__lag,3
rh,lag,77.484255264,0.55,0,75.82061299,0.998892426180956,rh__lag,3
rh,lag,77.484255264,0.55,1,75.82061299,0.998813032830434,rh__lag,3
rh,lag,77.484255264,0.55,2,75.82061299,0.998757234403208,rh__lag,3
rh,lag,77.484255264,0.55,3,75.82061299,0.998748615354912,rh__lag,3
rh,lag,77.484255264,0.55,4,75.82061299,0.998810764341386,rh__lag,3
rh,lag,77.484255264,0.55,5,75.82061299,0.998967288148032,rh__lag,3
rh,lag,77.484255264,0.55,6,75.82061299,0.999233964452793,rh__lag,3
rh,lag,77.484255264,0.55,7,75.82061299,0.9995951422126,rh__lag,3
rh,lag,77.484255264,0.55,8,75.82061299,1.00002730467676,rh__lag,3
rh,lag,77.484255264,0.55,9,75.82061299,1.00050691329658,rh__lag,3
rh,lag,77.484255264,0.55,10,75.82061299,1.00101039376259,rh__lag,3
rh,lag,78.49049909,0.58,0,75.82061299,0.996920207883753,rh__lag,3
rh,lag,78.49049909,0.58,1,75.82061299,0.997169204663636,rh__lag,3
rh,lag,78.49049909,0.58,2,75.82061299,0.997434710636223,rh__lag,3
rh,lag,78.49049909,0.58,3,75.82061299,0.997733190878073,rh__lag,3
rh,lag,78.49049909,0.58,4,75.82061299,0.998081132607842,rh__lag,3
rh,lag,78.49049909,0.58,5,75.82061299,0.998495051991438,rh__lag,3
rh,lag,78.49049909,0.58,6,75.82061299,0.998986012757589,rh__lag,3
rh,lag,78.49049909,0.58,7,75.82061299,0.999543140372119,rh__lag,3
rh,lag,78.49049909,0.58,8,75.82061299,1.00015005320469,rh__lag,3
rh,lag,78.49049909,0.58,9,75.82061299,1.00079033894418,rh__lag,3
rh,lag,78.49049909,0.58,10,75.82061299,1.00144754775863,rh__lag,3
rh,lag,79.4470599598,0.61,0,75.82061299,0.994402139806023,rh__lag,3
rh,lag,79.4470599598,0.61,1,75.82061299,0.995153755060301,rh__lag,3
rh,lag,79.4470599598,0.61,2,75.82061299,0.995904321018636,rh__lag,3
rh,lag,79.4470599598,0.61,3,75.82061299,0.996652215834564,rh__lag,3
rh,lag,79.4470599598,0.61,4,75.82061299,0.997395812817968,rh__lag,3
rh,lag,79.4470599598,0.61,5,75.82061299,0.998133480491849,rh__lag,3
rh,lag,79.4470599598,0.61,6,75.82061299,0.998864123411298,rh__lag,3
rh,lag,79.4470599598,0.61,7,75.82061299,0.999588807610643,rh__lag,3
rh,lag,79.4470599598,0.61,8,75.82061299,1.00030914390064,rh__lag,3
rh,lag,79.4470599598,0.61,9,75.82061299,1.0010267478444,rh__lag,3
rh,lag,79.4470599598,0.61,10,75.82061299,1.00174323970012,rh__lag,3
rh,lag,80.4097504,0.64,0,75.82061299,0.991446436369975,rh__lag,3
rh,lag,80.4097504,0.64,1,75.82061299,0.99283364626051,rh__lag,3
rh,lag,80.4097504,0.64,2,75.82061299,0.994194831147871,rh__lag,3
rh,lag,80.4097504,0.64,3,75.82061299,0.995501876000241,rh__lag,3
rh,lag,80.4097504,0.64,4,75.82061299,0.996726525314553,rh__lag,3
rh,lag,80.4097504,0.64,5,75.82061299,0.997840402419208,rh__lag,3
rh,lag,80.4097504,0.64,6,75.82061299,0.99882440203891,rh__lag,3
rh,lag,80.4097504,0.64,7,75.82061299,0.999696884362611,rh__lag,3
rh,lag,80.4097504,0.64,8,75.82061299,1.00048569769106,rh__lag,3
rh,lag,80.4097504,0.64,9,75.82061299,1.00121880557109,rh__lag,3
rh,lag,80.4097504,0.64,10,75.82061299,1.0019242672576,rh__lag,3
rh,lag,81.35610517,0.67,0,75.82061299,0.98832967543392,rh__lag,3
rh,lag,81.35610517,0.67,1,75.82061299,0.9904139795708,rh__lag,3
rh,lag,81.35610517,0.67,2,75.82061299,0.992443611116197,rh__lag,3
rh,lag,81.35610517,0.67,3,75.82061299,0.994359033983089,rh__lag,3
rh,lag,81.35610517,0.67,4,75.82061299,0.996100285489117,rh__lag,3
rh,lag,81.35610517,0.67,5,75.82061299,0.997607062821297,rh__lag,3
rh,lag,81.35610517,0.67,6,75.82061299,0.998838661255076,rh__lag,3
rh,lag,81.35610517,0.67,7,75.82061299,0.999833726677868,rh__lag,3
rh,lag,81.35610517,0.67,8,75.82061299,1.00065110265283,rh__lag,3
rh,lag,81.35610517,0.67,9,75.82061299,1.00134994669435,rh__lag,3
rh,lag,81.35610517,0.67,10,75.82061299,1.00198964242729,rh__lag,3
rh,lag,82.32716489,0.7,0,75.82061299,0.985119663111999,rh__lag,3
rh,lag,82.32716489,0.7,1,75.82061299,0.987938195889338,rh__lag,3
rh,lag,82.32716489,0.7,2,75.82061299,0.990671308404715,rh__lag,3
rh,lag,82.32716489,0.7,3,75.82061299,0.993224522542101,rh__lag,3
rh,lag,82.32716489,0.7,4,75.82061299,0.995502469542051,rh__lag,3
rh,lag,82.32716489,0.7,5,75.82061299,0.997409106905159,rh__lag,3
rh,lag,82.32716489,0.7,6,75.82061299,0.998879444779979,rh__lag,3
rh,lag,82.32716489,0.7,7,75.82061299,0.999974447639243,rh__lag,3
rh,lag,82.32716489,0.7,8,75.82061299,1.00078730720221,rh__lag,3
rh,lag,82.32716489,0.7,9,75.82061299,1.00141182278323,rh__lag,3
rh,lag,82.32716489,0.7,10,75.82061299,1.00194218011902,rh__lag,3
rh,lag,83.37899773,0.73,0,75.82061299,0.981868397431121,rh__lag,3
rh,lag,83.37899773,0.73,1,75.82061299,0.985439764322476,rh__lag,3
rh,lag,83.37899773,0.73,2,75.82061299,0.988893826819144,rh__lag,3
rh,lag,83.37899773,0.73,3,75.82061299,0.992098545246359,rh__lag,3
rh,lag,83.37899773,0.73,4,75.82061299,0.99492033153277,rh__lag,3
rh,lag,83.37899773,0.73,5,75.82061299,0.997224470962315,rh__lag,3
rh,lag,83.37899773,0.73,6,75.82061299,0.998919592212318,rh__lag,3
rh,lag,83.37899773,0.73,7,75.82061299,1.00009041140503,rh__lag,3
rh,lag,83.37899773,0.73,8,75.82061299,1.0008669343474,rh__lag,3
rh,lag,83.37899773,0.73,9,75.82061299,1.00138016331328,rh__lag,3
rh,lag,83.37899773,0.73,10,75.82061299,1.00176166542619,rh__lag,3
rh,lag,84.4145746204,0.76,0,75.82061299,0.979142351405796,rh__lag,3
rh,lag,84.4145746204,0.76,1,75.82061299,0.983346504027101,rh__lag,3
rh,lag,84.4145746204,0.76,2,75.82061299,0.987406066891272,rh__lag,3
rh,lag,84.4145746204,0.76,3,75.82061299,0.991155844386971,rh__lag,3
rh,lag,84.4145746204,0.76,4,75.82061299,0.994428387553102,rh__lag,3
rh,lag,84.4145746204,0.76,5,75.82061299,0.997054651739782,rh__lag,3
rh,lag,84.4145746204,0.76,6,75.82061299,0.998919777543398,rh__lag,3
rh,lag,84.4145746204,0.76,7,75.82061299,1.00012928197867,rh__lag,3
rh,lag,84.4145746204,0.76,8,75.82061299,1.00084560482689,rh__lag,3
rh,lag,84.4145746204,0.76,9,75.82061299,1.00123257634669,rh__lag,3
rh,lag,84.4145746204,0.76,10,75.82061299,1.00145474228483,rh__lag,3
rh,lag,85.47381418,0.79,0,75.82061299,0.976984162338778,rh__lag,3
rh,lag,85.47381418,0.79,1,75.82061299,0.981686361723695,rh__lag,3
rh,lag,85.47381418,0.79,2,75.82061299,0.986221523640297,rh__lag,3
rh,lag,85.47381418,0.79,3,75.82061299,0.990396656338002,rh__lag,3
rh,lag,85.47381418,0.79,4,75.82061299,0.994015849920429,rh__lag,3
rh,lag,85.47381418,0.79,5,75.82061299,0.996881171485438,rh__lag,3
rh,lag,85.47381418,0.79,6,75.82061299,0.998857973198796,rh__lag,3
rh,lag,85.47381418,0.79,7,75.82061299,1.0000691441565,rh__lag,3
rh,lag,85.47381418,0.79,8,75.82061299,1.00070430964616,rh__lag,3
rh,lag,85.47381418,0.79,9,75.82061299,1.00095483646889,rh__lag,3
rh,lag,85.47381418,0.79,10,75.82061299,1.00101291231588,rh__lag,3
rh,lag,86.57384488,0.82,0,75.82061299,0.975380636052972,rh__lag,3
rh,lag,86.57384488,0.82,1,75.82061299,0.980449365498927,rh__lag,3
rh,lag,86.57384488,0.82,2,75.82061299,0.985332874917998,rh__lag,3
rh,lag,86.57384488,0.82,3,75.82061299,0.98981561688494,rh__lag,3
rh,lag,86.57384488,0.82,4,75.82061299,0.993678558221596,rh__lag,3
rh,lag,86.57384488,0.82,5,75.82061299,0.996700294776296,rh__lag,3
rh,lag,86.57384488,0.82,6,75.82061299,0.998730120088868,rh__lag,3
rh,lag,86.57384488,0.82,7,75.82061299,0.999905045345894,rh__lag,3
rh,lag,86.57384488,0.82,8,75.82061299,1.00043680396129,rh__lag,3
rh,lag,86.57384488,0.82,9,75.82061299,1.00053914831359,rh__lag,3
rh,lag,86.57384488,0.82,10,75.82061299,1.00042670181299,rh__lag,3
rh,lag,87.736073976,0.85,0,75.82061299,0.974333533812841,rh__lag,3
rh,lag,87.736073976,0.85,1,75.82061299,0.979637146102435,rh__lag,3
rh,lag,87.736073976,0.85,2,75.82061299,0.984741197477599,rh__lag,3
rh,lag,87.736073976,0.85,3,75.82061299,0.989412760756181,rh__lag,3
rh,lag,87.736073976,0.85,4,75.82061299,0.99341499857031,rh__lag,3
rh,lag,87.736073976,0.85,5,75.82061299,0.996508464548575,rh__lag,3
rh,lag,87.736073976,0.85,6,75.82061299,0.998530169230946,rh__lag,3
rh,lag,87.736073976,0.85,7,75.82061299,0.999628118711386,rh__lag,3
rh,lag,87.736073976,0.85,8,75.82061299,1.0000311829985,rh__lag,3
rh,lag,87.736073976,0.85,9,75.82061299,0.999970430175184,rh__lag,3
rh,lag,87.736073976,0.85,10,75.82061299,0.999677786015597,rh__lag,3
rh,lag,88.94708535,0.88,0,75.82061299,0.973884247017786,rh__lag,3
rh,lag,88.94708535,0.88,1,75.82061299,0.979281822657859,rh__lag,3
rh,lag,88.94708535,0.88,2,75.82061299,0.984469505799805,rh__lag,3
rh,lag,88.94708535,0.88,3,75.82061299,0.98920269059676,rh__lag,3
rh,lag,88.94708535,0.88,4,75.82061299,0.993232628460582,rh__lag,3
rh,lag,88.94708535,0.88,5,75.82061299,0.996307864071868,rh__lag,3
rh,lag,88.94708535,0.88,6,75.82061299,0.99825733888427,rh__lag,3
rh,lag,88.94708535,0.88,7,75.82061299,0.999236653568234,rh__lag,3
rh,lag,88.94708535,0.88,8,75.82061299,0.999486354432191,rh__lag,3
rh,lag,88.94708535,0.88,9,75.82061299,0.999249242839278,rh__lag,3
rh,lag,88.94708535,0.88,10,75.82061299,0.998768896723414,rh__lag,3
rh,lag,90.25429907,0.91,0,75.82061299,0.974056470500104,rh__lag,3
rh,lag,90.25429907,0.91,1,75.82061299,0.979401213427836,rh__lag,3
rh,lag,90.25429907,0.91,2,75.82061299,0.984529536007287,rh__lag,3
rh,lag,90.25429907,0.91,3,75.82061299,0.989190827833695,rh__lag,3
rh,lag,90.25429907,0.91,4,75.82061299,0.993130320151076,rh__lag,3
rh,lag,90.25429907,0.91,5,75.82061299,0.99609059634832,rh__lag,3
rh,lag,90.25429907,0.91,6,75.82061299,0.997896772081906,rh__lag,3
rh,lag,90.25429907,0.91,7,75.82061299,0.998708702592033,rh__lag,3
rh,lag,90.25429907,0.91,8,75.82061299,0.998773198558387,rh__lag,3
rh,lag,90.25429907,0.91,9,75.82061299,0.998339247482132,rh__lag,3
rh,lag,90.25429907,0.91,10,75.82061299,0.997656460877172,rh__lag,3
rh,lag,91.7586939664,0.94,0,75.82061299,0.974991607929195,rh__lag,3
rh,lag,91.7586939664,0.94,1,75.82061299,0.980102467371851,rh__lag,3
rh,lag,91.7586939664,0.94,2,75.82061299,0.984994635123415,rh__lag,3
rh,lag,91.7586939664,0.94,3,75.82061299,0.98941799066583,rh__lag,3
rh,lag,91.7586939664,0.94,4,75.82061299,0.99311850362016,rh__lag,3
rh,lag,91.7586939664,0.94,5,75.82061299,0.995839743988494,rh__lag,3
rh,lag,91.7586939664,0.94,6,75.82061299,0.997407888266017,rh__lag,3
rh,lag,91.7586939664,0.94,7,75.82061299,0.997983251415455,rh__lag,3
rh,lag,91.7586939664,0.94,8,75.82061299,0.997812729145911,rh__lag,3
rh,lag,91.7586939664,0.94,9,75.82061299,0.997145152575754,rh__lag,3
rh,lag,91.7586939664,0.94,10,75.82061299,0.996229740030749,rh__lag,3
rh,lag,93.63484213,0.97,0,75.82061299,0.977077144675905,rh__lag,3
rh,lag,93.63484213,0.97,1,75.82061299,0.981679807476165,rh__lag,3
rh,lag,93.63484213,0.97,2,75.82061299,0.986067842936287,rh__lag,3
rh,lag,93.63484213,0.97,3,75.82061299,0.990000932924954,rh__lag,3
rh,lag,93.63484213,0.97,4,75.82061299,0.99323545988474,rh__lag,3
rh,lag,93.63484213,0.97,5,75.82061299,0.995525909776222,rh__lag,3
rh,lag,93.63484213,0.97,6,75.82061299,0.996706479318385,rh__lag,3
rh,lag,93.63484213,0.97,7,75.82061299,0.996932455181334,rh__lag,3
rh,lag,93.63484213,0.97,8,75.82061299,0.996441925669499,rh__lag,3
rh,lag,93.63484213,0.97,9,75.82061299,0.995474454107448,rh__lag,3
rh,lag,93.63484213,0.97,10,75.82061299,0.9942696474986,rh__lag,3
rh,mavg,47.9113061521333,0.01,0,76.166598945,0.951738248945047,rh__mavg,4
rh,mavg,47.9113061521333,0.01,1,76.166598945,0.975043335546373,rh__mavg,4
rh,mavg,47.9113061521333,0.01,2,76.166598945,0.997046388856141,rh__mavg,4
rh,mavg,47.9113061521333,0.01,3,76.166598945,1.01572680824618,rh__mavg,4
rh,mavg,47.9113061521333,0.01,4,76.166598945,1.02894845721751,rh__mavg,4
rh,mavg,47.9113061521333,0.01,5,76.166598945,1.03454773113414,rh__mavg,4
rh,mavg,47.9113061521333,0.01,6,76.166598945,1.03110846663052,rh__mavg,4
rh,mavg,47.9113061521333,0.01,7,76.166598945,1.01999579236451,rh__mavg,4
rh,mavg,47.9113061521333,0.01,8,76.166598945,1.00333869743056,rh__mavg,4
rh,mavg,47.9113061521333,0.01,9,76.166598945,0.983256551187484,rh__mavg,4
rh,mavg,47.9113061521333,0.01,10,76.166598945,0.961769911758538,rh__mavg,4
rh,mavg,56.1251473576,0.04,0,76.166598945,0.952099723988002,rh__mavg,4
rh,mavg,56.1251473576,0.04,1,76.166598945,0.969431751731382,rh__mavg,4
rh,mavg,56.1251473576,0.04,2,76.166598945,0.985902854025471,rh__mavg,4
rh,mavg,56.1251473576,0.04,3,76.166598945,1.00026523225704,rh__mavg,4
rh,mavg,56.1251473576,0.04,4,76.166598945,1.01121260013304,rh__mavg,4
rh,mavg,56.1251473576,0.04,5,76.166598945,1.01741492286576,rh__mavg,4
rh,mavg,56.1251473576,0.04,6,76.166598945,1.01797423995653,rh__mavg,4
rh,mavg,56.1251473576,0.04,7,76.166598945,1.01368683248919,rh__mavg,4
rh,mavg,56.1251473576,0.04,8,76.166598945,1.00581259842777,rh__mavg,4
rh,mavg,56.1251473576,0.04,9,76.166598945,0.995622042571964,rh__mavg,4
rh,mavg,56.1251473576,0.04,10,76.166598945,0.984360137109233,rh__mavg,4
rh,mavg,59.50236515671,0.07,0,76.166598945,0.9555156878073,rh__mavg,4
rh,mavg,59.50236515671,0.07,1,76.166598945,0.970189820926061,rh__mavg,4
rh,mavg,59.50236515671,0.07,2,76.166598945,0.984166699042722,rh__mavg,4
rh,mavg,59.50236515671,0.07,3,76.166598945,0.996475758789018,rh__mavg,4
rh,mavg,59.50236515671,0.07,4,76.166598945,1.00610658299094,rh__mavg,4
rh,mavg,59.50236515671,0.07,5,76.166598945,1.01203022557388,rh__mavg,4
rh,mavg,59.50236515671,0.07,6,76.166598945,1.01354707198483,rh__mavg,4
rh,mavg,59.50236515671,0.07,7,76.166598945,1.01126878869779,rh__mavg,4
rh,mavg,59.50236515671,0.07,8,76.166598945,1.00616328096292,rh__mavg,4
rh,mavg,59.50236515671,0.07,9,76.166598945,0.999209247601692,rh__mavg,4
rh,mavg,59.50236515671,0.07,10,76.166598945,0.991373910232966,rh__mavg,4
rh,mavg,61.7946768236667,0.1,0,76.166598945,0.959070912325597,rh__mavg,4
rh,mavg,61.7946768236667,0.1,1,76.166598945,0.971852403484331,rh__mavg,4
rh,mavg,61.7946768236667,0.1,2,76.166598945,0.984043091467051,rh__mavg,4
rh,mavg,61.7946768236667,0.1,3,76.166598945,0.994847104949816,rh__mavg,4
rh,mavg,61.7946768236667,0.1,4,76.166598945,1.00343950358229,rh__mavg,4
rh,mavg,61.7946768236667,0.1,5,76.166598945,1.00898076866229,rh__mavg,4
rh,mavg,61.7946768236667,0.1,6,76.166598945,1.01089852543448,rh__mavg,4
rh,mavg,61.7946768236667,0.1,7,76.166598945,1.00969237776191,rh__mavg,4
rh,mavg,61.7946768236667,0.1,8,76.166598945,1.00615113775484,rh__mavg,4
rh,mavg,61.7946768236667,0.1,9,76.166598945,1.00107309100154,rh__mavg,4
rh,mavg,61.7946768236667,0.1,10,76.166598945,0.995250862645803,rh__mavg,4
rh,mavg,63.60860254314,0.13,0,76.166598945,0.962644415616947,rh__mavg,4
rh,mavg,63.60860254314,0.13,1,76.166598945,0.973869691807258,rh__mavg,4
rh,mavg,63.60860254314,0.13,2,76.166598945,0.984586271694641,rh__mavg,4
rh,mavg,63.60860254314,0.13,3,76.166598945,0.99412877519363,rh__mavg,4
rh,mavg,63.60860254314,0.13,4,76.166598945,1.00181015034935,rh__mavg,4
rh,mavg,63.60860254314,0.13,5,76.166598945,1.00693189216746,rh__mavg,4
rh,mavg,63.60860254314,0.13,6,76.166598945,1.00901734458526,rh__mavg,4
rh,mavg,63.60860254314,0.13,7,76.166598945,1.00848409363663,rh__mavg,4
rh,mavg,63.60860254314,0.13,8,76.166598945,1.00598936143998,rh__mavg,4
rh,mavg,63.60860254314,0.13,9,76.166598945,1.00219831020719,rh__mavg,4
rh,mavg,63.60860254314,0.13,10,76.166598945,0.997773386206873,rh__mavg,4
rh,mavg,65.148653509,0.16,0,76.166598945,0.966234275279281,rh__mavg,4
rh,mavg,65.148653509,0.16,1,76.166598945,0.976093209472543,rh__mavg,4
rh,mavg,65.148653509,0.16,2,76.166598945,0.985512009868054,rh__mavg,4
rh,mavg,65.148653509,0.16,3,76.166598945,0.993930701238572,rh__mavg,4
rh,mavg,65.148653509,0.16,4,76.166598945,1.00077309744747,rh__mavg,4
rh,mavg,65.148653509,0.16,5,76.166598945,1.00545409775395,rh__mavg,4
rh,mavg,65.148653509,0.16,6,76.166598945,1.00757450325757,rh__mavg,4
rh,mavg,65.148653509,0.16,7,76.166598945,1.00748641628462,rh__mavg,4
rh,mavg,65.148653509,0.16,8,76.166598945,1.00574194218396,rh__mavg,4
rh,mavg,65.148653509,0.16,9,76.166598945,1.00289964819371,rh__mavg,4
rh,mavg,65.148653509,0.16,10,76.166598945,0.999516973443912,rh__mavg,4
rh,mavg,66.57951539,0.19,0,76.166598945,0.970048233977321,rh__mavg,4
rh,mavg,66.57951539,0.19,1,76.166598945,0.978597206326643,rh__mavg,4
rh,mavg,66.57951539,0.19,2,76.166598945,0.986769062861402,rh__mavg,4
rh,mavg,66.57951539,0.19,3,76.166598945,0.994097315083736,rh__mavg,4
rh,mavg,66.57951539,0.19,4,76.166598945,1.00010364501882,rh__mavg,4
rh,mavg,66.57951539,0.19,5,76.166598945,1.00430300951616,rh__mavg,4
rh,mavg,66.57951539,0.19,6,76.166598945,1.00636479770729,rh__mavg,4
rh,mavg,66.57951539,0.19,7,76.166598945,1.00658337771646,rh__mavg,4
rh,mavg,66.57951539,0.19,8,76.166598945,1.00541834545414,rh__mavg,4
rh,mavg,66.57951539,0.19,9,76.166598945,1.00333434479891,rh__mavg,4
rh,mavg,66.57951539,0.19,10,76.166598945,1.00079577485716,rh__mavg,4
rh,mavg,67.8709934233333,0.22,0,76.166598945,0.973902852877402,rh__mavg,4
rh,mavg,67.8709934233333,0.22,1,76.166598945,0.981233310598189,rh__mavg,4
rh,mavg,67.8709934233333,0.22,2,76.166598945,0.988243180390437,rh__mavg,4
rh,mavg,67.8709934233333,0.22,3,76.166598945,0.994546663946538,rh__mavg,4
rh,mavg,67.8709934233333,0.22,4,76.166598945,0.999749504760506,rh__mavg,4
rh,mavg,67.8709934233333,0.22,5,76.166598945,1.003452506622,rh__mavg,4
rh,mavg,67.8709934233333,0.22,6,76.166598945,1.00538400219905,rh__mavg,4
rh,mavg,67.8709934233333,0.22,7,76.166598945,1.00578860360244,rh__mavg,4
rh,mavg,67.8709934233333,0.22,8,76.166598945,1.00504647392461,rh__mavg,4
rh,mavg,67.8709934233333,0.22,9,76.166598945,1.00354158587595,rh__mavg,4
rh,mavg,67.8709934233333,0.22,10,76.166598945,1.00165808688014,rh__mavg,4
rh,mavg,69.0278560573296,0.25,0,76.166598945,0.977700285330593,rh__mavg,4
rh,mavg,69.0278560573296,0.25,1,76.166598945,0.983908026459244,rh__mavg,4
rh,mavg,69.0278560573296,0.25,2,76.166598945,0.989845704609074,rh__mavg,4
rh,mavg,69.0278560573296,0.25,3,76.166598945,0.995196816093371,rh__mavg,4
rh,mavg,69.0278560573296,0.25,4,76.166598945,0.99963894297283,rh__mavg,4
rh,mavg,69.0278560573296,0.25,5,76.166598945,1.00284613890443,rh__mavg,4
rh,mavg,69.0278560573296,0.25,6,76.166598945,1.00459703085788,rh__mavg,4
rh,mavg,69.0278560573296,0.25,7,76.166598945,1.00509340927895,rh__mavg,4
rh,mavg,69.0278560573296,0.25,8,76.166598945,1.0046474210082,rh__mavg,4
rh,mavg,69.0278560573296,0.25,9,76.166598945,1.00357399221675,rh__mavg,4
rh,mavg,69.0278560573296,0.25,10,76.166598945,1.0021883734034,rh__mavg,4
rh,mavg,70.10922018025,0.28,0,76.166598945,0.981523777333407,rh__mavg,4
rh,mavg,70.10922018025,0.28,1,76.166598945,0.986658612410227,rh__mavg,4
rh,mavg,70.10922018025,0.28,2,76.166598945,0.99157055643167,rh__mavg,4
rh,mavg,70.10922018025,0.28,3,76.166598945,0.9960051489353,rh__mavg,4
rh,mavg,70.10922018025,0.28,4,76.166598945,0.999703976344391,rh__mavg,4
rh,mavg,70.10922018025,0.28,5,76.166598945,1.00240622564883,rh__mavg,4
rh,mavg,70.10922018025,0.28,6,76.166598945,1.00393518226844,rh__mavg,4
rh,mavg,70.10922018025,0.28,7,76.166598945,1.0044540926591,rh__mavg,4
rh,mavg,70.10922018025,0.28,8,76.166598945,1.00421426440444,rh__mavg,4
rh,mavg,70.10922018025,0.28,9,76.166598945,1.00346892807413,rh__mavg,4
rh,mavg,70.10922018025,0.28,10,76.166598945,1.00247164529342,rh__mavg,4
rh,mavg,71.1037979416,0.31,0,76.166598945,0.985149209499048,rh__mavg,4
rh,mavg,71.1037979416,0.31,1,76.166598945,0.989297336086373,rh__mavg,4
rh,mavg,71.1037979416,0.31,2,76.166598945,0.993265492380963,rh__mavg,4
rh,mavg,71.1037979416,0.31,3,76.166598945,0.99685322632527,rh__mavg,4
rh,mavg,71.1037979416,0.31,4,76.166598945,0.999857559923652,rh__mavg,4
rh,mavg,71.1037979416,0.31,5,76.166598945,1.00207396027533,rh__mavg,4
rh,mavg,71.1037979416,0.31,6,76.166598945,1.00336419580945,rh__mavg,4
rh,mavg,71.1037979416,0.31,7,76.166598945,1.00385768618088,rh__mavg,4
rh,mavg,71.1037979416,0.31,8,76.166598945,1.00375273655819,rh__mavg,4
rh,mavg,71.1037979416,0.31,9,76.166598945,1.00324891607988,rh__mavg,4
rh,mavg,71.1037979416,0.31,10,76.166598945,1.00254606710278,rh__mavg,4
rh,mavg,72.0343914692,0.34,0,76.166598945,0.988509161422571,rh__mavg,4
rh,mavg,72.0343914692,0.34,1,76.166598945,0.991754922539236,rh__mavg,4
rh,mavg,72.0343914692,0.34,2,76.166598945,0.994859869454967,rh__mavg,4
rh,mavg,72.0343914692,0.34,3,76.166598945,0.997670714903666,rh__mavg,4
rh,mavg,72.0343914692,0.34,4,76.166598945,1.00003265485359,rh__mavg,4
rh,mavg,72.0343914692,0.34,5,76.166598945,1.00178994019121,rh__mavg,4
rh,mavg,72.0343914692,0.34,6,76.166598945,1.0028375786389,rh__mavg,4
rh,mavg,72.0343914692,0.34,7,76.166598945,1.00327516154283,rh__mavg,4
rh,mavg,72.0343914692,0.34,8,76.166598945,1.00325461631568,rh__mavg,4
rh,mavg,72.0343914692,0.34,9,76.166598945,1.00292864799072,rh__mavg,4
rh,mavg,72.0343914692,0.34,10,76.166598945,1.00245015829383,rh__mavg,4
rh,mavg,72.9180867054833,0.37,0,76.166598945,0.991563530132996,rh__mavg,4
rh,mavg,72.9180867054833,0.37,1,76.166598945,0.993989045666203,rh__mavg,4
rh,mavg,72.9180867054833,0.37,2,76.166598945,0.996309379203002,rh__mavg,4
rh,mavg,72.9180867054833,0.37,3,76.166598945,0.998412417383043,rh__mavg,4
rh,mavg,72.9180867054833,0.37,4,76.166598945,1.00018521508311,rh__mavg,4
rh,mavg,72.9180867054833,0.37,5,76.166598945,1.00151430318228,rh__mavg,4
rh,mavg,72.9180867054833,0.37,6,76.166598945,1.00232338322425,rh__mavg,4
rh,mavg,72.9180867054833,0.37,7,76.166598945,1.00268573680464,rh__mavg,4
rh,mavg,72.9180867054833,0.37,8,76.166598945,1.00271269600827,rh__mavg,4
rh,mavg,72.9180867054833,0.37,9,76.166598945,1.00251602869774,rh__mavg,4
rh,mavg,72.9180867054833,0.37,10,76.166598945,1.00220762697091,rh__mavg,4
rh,mavg,73.7331587234318,0.4,0,76.166598945,0.994175151781784,rh__mavg,4
rh,mavg,73.7331587234318,0.4,1,76.166598945,0.995890706893309,rh__mavg,4
rh,mavg,73.7331587234318,0.4,2,76.166598945,0.997531973928429,rh__mavg,4
rh,mavg,73.7331587234318,0.4,3,76.166598945,0.999021212294225,rh__mavg,4
rh,mavg,73.7331587234318,0.4,4,76.166598945,1.00028027215244,rh__mavg,4
rh,mavg,73.7331587234318,0.4,5,76.166598945,1.00123074324572,rh__mavg,4
rh,mavg,73.7331587234318,0.4,6,76.166598945,1.00182002367791,rh__mavg,4
rh,mavg,73.7331587234318,0.4,7,76.166598945,1.00209920633998,rh__mavg,4
rh,mavg,73.7331587234318,0.4,8,76.166598945,1.00214563158624,rh__mavg,4
rh,mavg,73.7331587234318,0.4,9,76.166598945,1.00203685836261,rh__mavg,4
rh,mavg,73.7331587234318,0.4,10,76.166598945,1.00185051406989,rh__mavg,4
rh,mavg,74.5177337198,0.43,0,76.166598945,0.996426761286252,rh__mavg,4
rh,mavg,74.5177337198,0.43,1,76.166598945,0.997514227290389,rh__mavg,4
rh,mavg,74.5177337198,0.43,2,76.166598945,0.99855474285468,rh__mavg,4
rh,mavg,74.5177337198,0.43,3,76.166598945,0.99949997580737,rh__mavg,4
rh,mavg,74.5177337198,0.43,4,76.166598945,1.00030143214813,rh__mavg,4
rh,mavg,74.5177337198,0.43,5,76.166598945,1.00091051387608,rh__mavg,4
rh,mavg,74.5177337198,0.43,6,76.166598945,1.00129468960938,rh__mavg,4
rh,mavg,74.5177337198,0.43,7,76.166598945,1.00148588457754,rh__mavg,4
rh,mavg,74.5177337198,0.43,8,76.166598945,1.00153226667067,rh__mavg,4
rh,mavg,74.5177337198,0.43,9,76.166598945,1.0014820918216,rh__mavg,4
rh,mavg,74.5177337198,0.43,10,76.166598945,1.00138364585049,rh__mavg,4
rh,mavg,75.24823056,0.46,0,76.166598945,0.998228585860045,rh__mavg,4
rh,mavg,75.24823056,0.46,1,76.166598945,0.998791019895399,rh__mavg,4
rh,mavg,75.24823056,0.46,2,76.166598945,0.999329288462628,rh__mavg,4
rh,mavg,75.24823056,0.46,3,76.166598945,0.999818857802781,rh__mavg,4
rh,mavg,75.24823056,0.46,4,76.166598945,1.00023515151872,rh__mavg,4
rh,mavg,75.24823056,0.46,5,76.166598945,1.000553565544,rh__mavg,4
rh,mavg,75.24823056,0.46,6,76.166598945,1.00075766147095,rh__mavg,4
rh,mavg,75.24823056,0.46,7,76.166598945,1.00086371561316,rh__mavg,4
rh,mavg,75.24823056,0.46,8,76.166598945,1.00089621694402,rh__mavg,4
rh,mavg,75.24823056,0.46,9,76.166598945,1.0008796780412,rh__mavg,4
rh,mavg,75.24823056,0.46,10,76.166598945,1.00083862007335,rh__mavg,4
rh,mavg,75.9425018,0.49,0,76.166598945,0.999623944765038,rh__mavg,4
rh,mavg,75.9425018,0.49,1,76.166598945,0.999750200680816,rh__mavg,4
rh,mavg,75.9425018,0.49,2,76.166598945,0.999871070737343,rh__mavg,4
rh,mavg,75.9425018,0.49,3,76.166598945,0.999981150576883,rh__mavg,4
rh,mavg,75.9425018,0.49,4,76.166598945,1.00007503372485,rh__mavg,4
rh,mavg,75.9425018,0.49,5,76.166598945,1.00014731231907,rh__mavg,4
rh,mavg,75.9425018,0.49,6,76.166598945,1.00019437930911,rh__mavg,4
rh,mavg,75.9425018,0.49,7,76.166598945,1.00021983357897,rh__mavg,4
rh,mavg,75.9425018,0.49,8,76.166598945,1.00022907718924,rh__mavg,4
rh,mavg,75.9425018,0.49,9,76.166598945,1.00022751339277,rh__mavg,4
rh,mavg,75.9425018,0.49,10,76.166598945,1.0002205459049,rh__mavg,4
rh,mavg,76.6071863461,0.52,0,76.166598945,1.0006278223675,rh__mavg,4
rh,mavg,76.6071863461,0.52,1,76.166598945,1.00040131283705,rh__mavg,4
rh,mavg,76.6071863461,0.52,2,76.166598945,1.0001843756575,rh__mavg,4
rh,mavg,76.6071863461,0.52,3,76.166598945,0.999986523816404,rh__mavg,4
rh,mavg,76.6071863461,0.52,4,76.166598945,0.999817263587233,rh__mavg,4
rh,mavg,76.6071863461,0.52,5,76.166598945,0.999686096796922,rh__mavg,4
rh,mavg,76.6071863461,0.52,6,76.166598945,0.999599352141159,rh__mavg,4
rh,mavg,76.6071863461,0.52,7,76.166598945,0.999550674645409,rh__mavg,4
rh,mavg,76.6071863461,0.52,8,76.166598945,0.999530543805841,rh__mavg,4
rh,mavg,76.6071863461,0.52,9,76.166598945,0.999529442965145,rh__mavg,4
rh,mavg,76.6071863461,0.52,10,76.166598945,0.999537857047764,rh__mavg,4
rh,mavg,77.2587424713556,0.55,0,76.166598945,1.00130418097746,rh__mavg,4
rh,mavg,77.2587424713556,0.55,1,76.166598945,1.00079244705731,rh__mavg,4
rh,mavg,77.2587424713556,0.55,2,76.166598945,1.00030213947684,rh__mavg,4
rh,mavg,77.2587424713556,0.55,3,76.166598945,0.999854382330608,rh__mavg,4
rh,mavg,77.2587424713556,0.55,4,76.166598945,0.999470265892088,rh__mavg,4
rh,mavg,77.2587424713556,0.55,5,76.166598945,0.99917085782885,rh__mavg,4
rh,mavg,77.2587424713556,0.55,6,76.166598945,0.998970173224263,rh__mavg,4
rh,mavg,77.2587424713556,0.55,7,76.166598945,0.998854062925099,rh__mavg,4
rh,mavg,77.2587424713556,0.55,8,76.166598945,0.998801363945424,rh__mavg,4
rh,mavg,77.2587424713556,0.55,9,76.166598945,0.998790932967845,rh__mavg,4
rh,mavg,77.2587424713556,0.55,10,76.166598945,0.998801635160076,rh__mavg,4
rh,mavg,77.91451340008,0.58,0,76.166598945,1.0017157742939,rh__mavg,4
rh,mavg,77.91451340008,0.58,1,76.166598945,1.00097128190061,rh__mavg,4
rh,mavg,77.91451340008,0.58,2,76.166598945,1.00025770560699,rh__mavg,4
rh,mavg,77.91451340008,0.58,3,76.166598945,0.999605323043474,rh__mavg,4
rh,mavg,77.91451340008,0.58,4,76.166598945,0.999044341057152,rh__mavg,4
rh,mavg,77.91451340008,0.58,5,76.166598945,0.998604918814501,rh__mavg,4
rh,mavg,77.91451340008,0.58,6,76.166598945,0.998307098636479,rh__mavg,4
rh,mavg,77.91451340008,0.58,7,76.166598945,0.998130554603256,rh__mavg,4
rh,mavg,77.91451340008,0.58,8,76.166598945,0.998044925865664,rh__mavg,4
rh,mavg,77.91451340008,0.58,9,76.166598945,0.998019893257308,rh__mavg,4
rh,mavg,77.91451340008,0.58,10,76.166598945,0.99802515628798,rh__mavg,4
rh,mavg,78.56541275372,0.61,0,76.166598945,1.00189599153255,rh__mavg,4
rh,mavg,78.56541275372,0.61,1,76.166598945,1.00096798891187,rh__mavg,4
rh,mavg,78.56541275372,0.61,2,76.166598945,1.00007830071995,rh__mavg,4
rh,mavg,78.56541275372,0.61,3,76.166598945,0.999264250669776,rh__mavg,4
rh,mavg,78.56541275372,0.61,4,76.166598945,0.998563053405385,rh__mavg,4
rh,mavg,78.56541275372,0.61,5,76.166598945,0.998011849689788,rh__mavg,4
rh,mavg,78.56541275372,0.61,6,76.166598945,0.997635300679798,rh__mavg,4
rh,mavg,78.56541275372,0.61,7,76.166598945,0.997408304839982,rh__mavg,4
rh,mavg,78.56541275372,0.61,8,76.166598945,0.997293408162917,rh__mavg,4
rh,mavg,78.56541275372,0.61,9,76.166598945,0.99725322145247,rh__mavg,4
rh,mavg,78.56541275372,0.61,10,76.166598945,0.997250385320091,rh__mavg,4
rh,mavg,79.216640095,0.64,0,76.166598945,1.00188743054589,rh__mavg,4
rh,mavg,79.216640095,0.64,1,76.166598945,1.00081676862701,rh__mavg,4
rh,mavg,79.216640095,0.64,2,76.166598945,0.999790234289467,rh__mavg,4
rh,mavg,79.216640095,0.64,3,76.166598945,0.998850637075114,rh__mavg,4
rh,mavg,79.216640095,0.64,4,76.166598945,0.99804064196879,rh__mavg,4
rh,mavg,79.216640095,0.64,5,76.166598945,0.99740281578033,rh__mavg,4
rh,mavg,79.216640095,0.64,6,76.166598945,0.99696540400964,rh__mavg,4
rh,mavg,79.216640095,0.64,7,76.166598945,0.996699575208735,rh__mavg,4
rh,mavg,79.216640095,0.64,8,76.166598945,0.996562345709245,rh__mavg,4
rh,mavg,79.216640095,0.64,9,76.166598945,0.996510818129743,rh__mavg,4
rh,mavg,79.216640095,0.64,10,76.166598945,0.996502135274991,rh__mavg,4
rh,mavg,79.8512010497667,0.67,0,76.166598945,1.0017343780746,rh__mavg,4
rh,mavg,79.8512010497667,0.67,1,76.166598945,1.00055791703765,rh__mavg,4
rh,mavg,79.8512010497667,0.67,2,76.166598945,0.999430143484245,rh__mavg,4
rh,mavg,79.8512010497667,0.67,3,76.166598945,0.998398152802637,rh__mavg,4
rh,mavg,79.8512010497667,0.67,4,76.166598945,0.997508865668304,rh__mavg,4
rh,mavg,79.8512010497667,0.67,5,76.166598945,0.996809084264385,rh__mavg,4
rh,mavg,79.8512010497667,0.67,6,76.166598945,0.996329850358393,rh__mavg,4
rh,mavg,79.8512010497667,0.67,7,76.166598945,0.99603941477063,rh__mavg,4
rh,mavg,79.8512010497667,0.67,8,76.166598945,0.995890471983289,rh__mavg,4
rh,mavg,79.8512010497667,0.67,9,76.166598945,0.99583582061699,rh__mavg,4
rh,mavg,79.8512010497667,0.67,10,76.166598945,0.995828307584146,rh__mavg,4
rh,mavg,80.4984939968571,0.7,0,76.166598945,1.00146871943409,rh__mavg,4
rh,mavg,80.4984939968571,0.7,1,76.166598945,1.00021178910782,rh__mavg,4
rh,mavg,80.4984939968571,0.7,2,76.166598945,0.999007518864987,rh__mavg,4
rh,mavg,80.4984939968571,0.7,3,76.166598945,0.99790674845393,rh__mavg,4
rh,mavg,80.4984939968571,0.7,4,76.166598945,0.996960116630901,rh__mavg,4
rh,mavg,80.4984939968571,0.7,5,76.166598945,0.996218126754915,rh__mavg,4
rh,mavg,80.4984939968571,0.7,6,76.166598945,0.995714266115703,rh__mavg,4
rh,mavg,80.4984939968571,0.7,7,76.166598945,0.995414239862448,rh__mavg,4
rh,mavg,80.4984939968571,0.7,8,76.166598945,0.995266969986021,rh__mavg,4
rh,mavg,80.4984939968571,0.7,9,76.166598945,0.995221497165598,rh__mavg,4
rh,mavg,80.4984939968571,0.7,10,76.166598945,0.995226915634745,rh__mavg,4
rh,mavg,81.170741396875,0.73,0,76.166598945,1.00111638665433,rh__mavg,4
rh,mavg,81.170741396875,0.73,1,76.166598945,0.999798380120014,rh__mavg,4
rh,mavg,81.170741396875,0.73,2,76.166598945,0.99853692407939,rh__mavg,4
rh,mavg,81.170741396875,0.73,3,76.166598945,0.997386560904849,rh__mavg,4
rh,mavg,81.170741396875,0.73,4,76.166598945,0.99640160820735,rh__mavg,4
rh,mavg,81.170741396875,0.73,5,76.166598945,0.995636234400141,rh__mavg,4
rh,mavg,81.170741396875,0.73,6,76.166598945,0.99512635381682,rh__mavg,4
rh,mavg,81.170741396875,0.73,7,76.166598945,0.994835164681267,rh__mavg,4
rh,mavg,81.170741396875,0.73,8,76.166598945,0.994707867033191,rh__mavg,4
rh,mavg,81.170741396875,0.73,9,76.166598945,0.994689790874256,rh__mavg,4
rh,mavg,81.170741396875,0.73,10,76.166598945,0.99472632114808,rh__mavg,4
rh,mavg,81.8882694085143,0.76,0,76.166598945,1.00070169200385,rh__mavg,4
rh,mavg,81.8882694085143,0.76,1,76.166598945,0.999335793054569,rh__mavg,4
rh,mavg,81.8882694085143,0.76,2,76.166598945,0.998030910423169,rh__mavg,4
rh,mavg,81.8882694085143,0.76,3,76.166598945,0.996845891563845,rh__mavg,4
rh,mavg,81.8882694085143,0.76,4,76.166598945,0.995839335413933,rh__mavg,4
rh,mavg,81.8882694085143,0.76,5,76.166598945,0.995069680405317,rh__mavg,4
rh,mavg,81.8882694085143,0.76,6,76.166598945,0.994575677094,rh__mavg,4
rh,mavg,81.8882694085143,0.76,7,76.166598945,0.994317625534148,rh__mavg,4
rh,mavg,81.8882694085143,0.76,8,76.166598945,0.994236411604702,rh__mavg,4
rh,mavg,81.8882694085143,0.76,9,76.166598945,0.994273059262773,rh__mavg,4
rh,mavg,81.8882694085143,0.76,10,76.166598945,0.994368643160198,rh__mavg,4
rh,mavg,82.66585142856,0.79,0,76.166598945,1.00024264921686,rh__mavg,4
rh,mavg,82.66585142856,0.79,1,76.166598945,0.998838820215809,rh__mavg,4
rh,mavg,82.66585142856,0.79,2,76.166598945,0.997501631357495,rh__mavg,4
rh,mavg,82.66585142856,0.79,3,76.166598945,0.996295411831309,rh__mavg,4
rh,mavg,82.66585142856,0.79,4,76.166598945,0.995284216742556,rh__mavg,4
rh,mavg,82.66585142856,0.79,5,76.166598945,0.994531932306725,rh__mavg,4
rh,mavg,82.66585142856,0.79,6,76.166598945,0.994080938609062,rh__mavg,4
rh,mavg,82.66585142856,0.79,7,76.166598945,0.993887866752712,rh__mavg,4
rh,mavg,82.66585142856,0.79,8,76.166598945,0.993888126707072,rh__mavg,4
rh,mavg,82.66585142856,0.79,9,76.166598945,0.994017270458191,rh__mavg,4
rh,mavg,82.66585142856,0.79,10,76.166598945,0.994210887529891,rh__mavg,4
rh,mavg,83.4958086685714,0.82,0,76.166598945,0.999745112182361,rh__mavg,4
rh,mavg,83.4958086685714,0.82,1,76.166598945,0.998315625265509,rh__mavg,4
rh,mavg,83.4958086685714,0.82,2,76.166598945,0.996959675605786,rh__mavg,4
rh,mavg,83.4958086685714,0.82,3,76.166598945,0.995748375405723,rh__mavg,4
rh,mavg,83.4958086685714,0.82,4,76.166598945,0.994752536661441,rh__mavg,4
rh,mavg,83.4958086685714,0.82,5,76.166598945,0.994042799697497,rh__mavg,4
rh,mavg,83.4958086685714,0.82,6,76.166598945,0.993666058598775,rh__mavg,4
rh,mavg,83.4958086685714,0.82,7,76.166598945,0.993574431801034,rh__mavg,4
rh,mavg,83.4958086685714,0.82,8,76.166598945,0.993696576028641,rh__mavg,4
rh,mavg,83.4958086685714,0.82,9,76.166598945,0.99396128673019,rh__mavg,4
rh,mavg,83.4958086685714,0.82,10,76.166598945,0.994297370333845,rh__mavg,4
rh,mavg,84.3706055315758,0.85,0,76.166598945,0.999212672361672,rh__mavg,4
rh,mavg,84.3706055315758,0.85,1,76.166598945,0.99777187234844,rh__mavg,4
rh,mavg,84.3706055315758,0.85,2,76.166598945,0.99641282587115,rh__mavg,4
rh,mavg,84.3706055315758,0.85,3,76.166598945,0.995214784555843,rh__mavg,4
rh,mavg,84.3706055315758,0.85,4,76.166598945,0.994256675390213,rh__mavg,4
rh,mavg,84.3706055315758,0.85,5,76.166598945,0.993617260310981,rh__mavg,4
rh,mavg,84.3706055315758,0.85,6,76.166598945,0.993348880079037,rh__mavg,4
rh,mavg,84.3706055315758,0.85,7,76.166598945,0.99339827400247,rh__mavg,4
rh,mavg,84.3706055315758,0.85,8,76.166598945,0.993686025179982,rh__mavg,4
rh,mavg,84.3706055315758,0.85,9,76.166598945,0.994132840714915,rh__mavg,4
rh,mavg,84.3706055315758,0.85,10,76.166598945,0.994659392948617,rh__mavg,4
rh,mavg,85.35592591625,0.88,0,76.166598945,0.998603693883462,rh__mavg,4
rh,mavg,85.35592591625,0.88,1,76.166598945,0.997168365521938,rh__mavg,4
rh,mavg,85.35592591625,0.88,2,76.166598945,0.995825139680296,rh__mavg,4
rh,mavg,85.35592591625,0.88,3,76.166598945,0.994663583981029,rh__mavg,4
rh,mavg,85.35592591625,0.88,4,76.166598945,0.993772920526573,rh__mavg,4
rh,mavg,85.35592591625,0.88,5,76.166598945,0.993242229624084,rh__mavg,4
rh,mavg,85.35592591625,0.88,6,76.166598945,0.9931307999978,rh__mavg,4
rh,mavg,85.35592591625,0.88,7,76.166598945,0.993378607203834,rh__mavg,4
rh,mavg,85.35592591625,0.88,8,76.166598945,0.993896047014952,rh__mavg,4
rh,mavg,85.35592591625,0.88,9,76.166598945,0.9945936044638,rh__mavg,4
rh,mavg,85.35592591625,0.88,10,76.166598945,0.995381650860207,rh__mavg,4
rh,mavg,86.490493427775,0.91,0,76.166598945,0.997891170421874,rh__mavg,4
rh,mavg,86.490493427775,0.91,1,76.166598945,0.996484413077104,rh__mavg,4
rh,mavg,86.490493427775,0.91,2,76.166598945,0.995183014131134,rh__mavg,4
rh,mavg,86.490493427775,0.91,3,76.166598945,0.994089827463169,rh__mavg,4
rh,mavg,86.490493427775,0.91,4,76.166598945,0.993307350728325,rh__mavg,4
rh,mavg,86.490493427775,0.91,5,76.166598945,0.992937993814557,rh__mavg,4
rh,mavg,86.490493427775,0.91,6,76.166598945,0.993050066461791,rh__mavg,4
rh,mavg,86.490493427775,0.91,7,76.166598945,0.993574920273021,rh__mavg,4
rh,mavg,86.490493427775,0.91,8,76.166598945,0.994409904124831,rh__mavg,4
rh,mavg,86.490493427775,0.91,9,76.166598945,0.995452385405236,rh__mavg,4
rh,mavg,86.490493427775,0.91,10,76.166598945,0.996599481949066,rh__mavg,4
rh,mavg,87.9177604333333,0.94,0,76.166598945,0.99697919214776,rh__mavg,4
rh,mavg,87.9177604333333,0.94,1,76.166598945,0.995639303583603,rh__mavg,4
rh,mavg,87.9177604333333,0.94,2,76.166598945,0.994423315371934,rh__mavg,4
rh,mavg,87.9177604333333,0.94,3,76.166598945,0.993452758170804,rh__mavg,4
rh,mavg,87.9177604333333,0.94,4,76.166598945,0.992848822195806,rh__mavg,4
rh,mavg,87.9177604333333,0.94,5,76.166598945,0.992732731708914,rh__mavg,4
rh,mavg,87.9177604333333,0.94,6,76.166598945,0.993185615698209,rh__mavg,4
rh,mavg,87.9177604333333,0.94,7,76.166598945,0.994126869225468,rh__mavg,4
rh,mavg,87.9177604333333,0.94,8,76.166598945,0.99543564149759,rh__mavg,4
rh,mavg,87.9177604333333,0.94,9,76.166598945,0.996990951497254,rh__mavg,4
rh,mavg,87.9177604333333,0.94,10,76.166598945,0.998671312776867,rh__mavg,4
rh,mavg,89.92292729,0.97,0,76.166598945,0.995672260731459,rh__mavg,4
rh,mavg,89.92292729,0.97,1,76.166598945,0.994477454205632,rh__mavg,4
rh,mavg,89.92292729,0.97,2,76.166598945,0.993435709797266,rh__mavg,4
rh,mavg,89.92292729,0.97,3,76.166598945,0.992698065046836,rh__mavg,4
rh,mavg,89.92292729,0.97,4,76.166598945,0.99241531647804,rh__mavg,4
rh,mavg,89.92292729,0.97,5,76.166598945,0.992738597494865,rh__mavg,4
rh,mavg,89.92292729,0.97,6,76.166598945,0.993769622583071,rh__mavg,4
rh,mavg,89.92292729,0.97,7,76.166598945,0.995409297655611,rh__mavg,4
rh,mavg,89.92292729,0.97,8,76.166598945,0.997508358285538,rh__mavg,4
rh,mavg,89.92292729,0.97,9,76.166598945,0.999917057196279,rh__mavg,4
rh,mavg,89.92292729,0.97,10,76.166598945,1.00248458191121,rh__mavg,4
ssr,lag,1.047656,0.01,0,12.951992,0.956852980416218,ssr__lag,5
ssr,lag,1.047656,0.01,1,12.951992,0.962654768231259,ssr__lag,5
ssr,lag,1.047656,0.01,2,12.951992,0.968325273164804,ssr__lag,5
ssr,lag,1.047656,0.01,3,12.951992,0.973694382436821,ssr__lag,5
ssr,lag,1.047656,0.01,4,12.951992,0.978588497875401,ssr__lag,5
ssr,lag,1.047656,0.01,5,12.951992,0.982831217929253,ssr__lag,5
ssr,lag,1.047656,0.01,6,12.951992,0.986300842335553,ssr__lag,5
ssr,lag,1.047656,0.01,7,12.951992,0.989102407127245,ssr__lag,5
ssr,lag,1.047656,0.01,8,12.951992,0.991400556997876,ssr__lag,5
ssr,lag,1.047656,0.01,9,12.951992,0.99336248612298,ssr__lag,5
ssr,lag,1.047656,0.01,10,12.951992,0.995157223738429,ssr__lag,5
ssr,lag,1.68580608,0.04,0,12.951992,0.957930631376046,ssr__lag,5
ssr,lag,1.68580608,0.04,1,12.951992,0.964471142722563,ssr__lag,5
ssr,lag,1.68580608,0.04,2,12.951992,0.970815091082678,ssr__lag,5
ssr,lag,1.68580608,0.04,3,12.951992,0.97671533536146,ssr__lag,5
ssr,lag,1.68580608,0.04,4,12.951992,0.981919320042341,ssr__lag,5
ssr,lag,1.68580608,0.04,5,12.951992,0.986170525008724,ssr__lag,5
ssr,lag,1.68580608,0.04,6,12.951992,0.989292494486047,ssr__lag,5
ssr,lag,1.68580608,0.04,7,12.951992,0.991438602729755,ssr__lag,5
ssr,lag,1.68580608,0.04,8,12.951992,0.992849098326822,ssr__lag,5
ssr,lag,1.68580608,0.04,9,12.951992,0.99376769317738,ssr__lag,5
ssr,lag,1.68580608,0.04,10,12.951992,0.994440047825447,ssr__lag,5
ssr,lag,2.315168699,0.07,0,12.951992,0.959058367684354,ssr__lag,5
ssr,lag,2.315168699,0.07,1,12.951992,0.966287387975594,ssr__lag,5
ssr,lag,2.315168699,0.07,2,12.951992,0.973258875830996,ssr__lag,5
ssr,lag,2.315168699,0.07,3,12.951992,0.979652416687311,ssr__lag,5
ssr,lag,2.315168699,0.07,4,12.951992,0.985140160814496,ssr__lag,5
ssr,lag,2.315168699,0.07,5,12.951992,0.989389261952939,ssr__lag,5
ssr,lag,2.315168699,0.07,6,12.951992,0.992171419350215,ssr__lag,5
ssr,lag,2.315168699,0.07,7,12.951992,0.993686502984388,ssr__lag,5
ssr,lag,2.315168699,0.07,8,12.951992,0.994247341013023,ssr__lag,5
ssr,lag,2.315168699,0.07,9,12.951992,0.994170940655525,ssr__lag,5
ssr,lag,2.315168699,0.07,10,12.951992,0.993775946431163,ssr__lag,5
ssr,lag,2.981596,0.1,0,12.951992,0.960358637951584,ssr__lag,5
ssr,lag,2.981596,0.1,1,12.951992,0.968249700355696,ssr__lag,5
ssr,lag,2.981596,0.1,2,12.951992,0.975823657836693,ssr__lag,5
ssr,lag,2.981596,0.1,3,12.951992,0.98268744940251,ssr__lag,5
ssr,lag,2.981596,0.1,4,12.951992,0.988438420642817,ssr__lag,5
ssr,lag,2.981596,0.1,5,12.951992,0.992667987180232,ssr__lag,5
ssr,lag,2.981596,0.1,6,12.951992,0.995096738110863,ssr__lag,5
ssr,lag,2.981596,0.1,7,12.951992,0.995971195760552,ssr__lag,5
ssr,lag,2.981596,0.1,8,12.951992,0.995676819883193,ssr__lag,5
ssr,lag,2.981596,0.1,9,12.951992,0.994603789090644,ssr__lag,5
ssr,lag,2.981596,0.1,10,12.951992,0.993143191605282,ssr__lag,5
ssr,lag,3.690868,0.13,0,12.951992,0.961904649185622,ssr__lag,5
ssr,lag,3.690868,0.13,1,12.951992,0.970396727387732,ssr__lag,5
ssr,lag,3.690868,0.13,2,12.951992,0.978515351110423,ssr__lag,5
ssr,lag,3.690868,0.13,3,12.951992,0.985798163705145,ssr__lag,5
ssr,lag,3.690868,0.13,4,12.951992,0.991771053313436,ssr__lag,5
ssr,lag,3.690868,0.13,5,12.951992,0.99595320807477,ssr__lag,5
ssr,lag,3.690868,0.13,6,12.951992,0.99801684414391,ssr__lag,5
ssr,lag,3.690868,0.13,7,12.951992,0.998253612157537,ssr__lag,5
ssr,lag,3.690868,0.13,8,12.951992,0.997118953699134,ssr__lag,5
ssr,lag,3.690868,0.13,9,12.951992,0.995073347969311,ssr__lag,5
ssr,lag,3.690868,0.13,10,12.951992,0.992577068809459,ssr__lag,5
ssr,lag,4.42248992,0.16,0,12.951992,0.963722893516805,ssr__lag,5
ssr,lag,4.42248992,0.16,1,12.951992,0.972691141585901,ssr__lag,5
ssr,lag,4.42248992,0.16,2,12.951992,0.98123697767564,ssr__lag,5
ssr,lag,4.42248992,0.16,3,12.951992,0.988838057238169,ssr__lag,5
ssr,lag,4.42248992,0.16,4,12.951992,0.994958395524982,ssr__lag,5
ssr,lag,4.42248992,0.16,5,12.951992,0.999054801948091,ssr__lag,5
ssr,lag,4.42248992,0.16,6,12.951992,1.00075810991893,ssr__lag,5
ssr,lag,4.42248992,0.16,7,12.951992,1.0003997330383,ssr__lag,5
ssr,lag,4.42248992,0.16,8,12.951992,0.998496387245659,ssr__lag,5
ssr,lag,4.42248992,0.16,9,12.951992,0.995569881625389,ssr__lag,5
ssr,lag,4.42248992,0.16,10,12.951992,0.992140463097583,ssr__lag,5
ssr,lag,5.19858016,0.19,0,12.951992,0.965956759687466,ssr__lag,5
ssr,lag,5.19858016,0.19,1,12.951992,0.97523293503577,ssr__lag,5
ssr,lag,5.19858016,0.19,2,12.951992,0.984046766183953,ssr__lag,5
ssr,lag,5.19858016,0.19,3,12.951992,0.991828372903259,ssr__lag,5
ssr,lag,5.19858016,0.19,4,12.951992,0.997992857144143,ssr__lag,5
ssr,lag,5.19858016,0.19,5,12.951992,1.00194794542055,ssr__lag,5
ssr,lag,5.19858016,0.19,6,12.951992,1.00329237039039,ssr__lag,5
ssr,lag,5.19858016,0.19,7,12.951992,1.00238989795712,ssr__lag,5
ssr,lag,5.19858016,0.19,8,12.951992,0.999806529085233,ssr__lag,5
ssr,lag,5.19858016,0.19,9,12.951992,0.996113133795524,ssr__lag,5
ssr,lag,5.19858016,0.19,10,12.951992,0.991877570014049,ssr__lag,5
ssr,lag,6.02008464,0.22,0,12.951992,0.968731633371408,ssr__lag,5
ssr,lag,6.02008464,0.22,1,12.951992,0.978067667110059,ssr__lag,5
ssr,lag,6.02008464,0.22,2,12.951992,0.986914874649466,ssr__lag,5
ssr,lag,6.02008464,0.22,3,12.951992,0.994675063852236,ssr__lag,5
ssr,lag,6.02008464,0.22,4,12.951992,1.00073452129376,ssr__lag,5
ssr,lag,6.02008464,0.22,5,12.951992,1.00447242591698,ssr__lag,5
ssr,lag,6.02008464,0.22,6,12.951992,1.00546947829725,ssr__lag,5
ssr,lag,6.02008464,0.22,7,12.951992,1.00410990514557,ssr__lag,5
ssr,lag,6.02008464,0.22,8,12.951992,1.00098996993286,ssr__lag,5
ssr,lag,6.02008464,0.22,9,12.951992,0.996710294324488,ssr__lag,5
ssr,lag,6.02008464,0.22,10,12.951992,0.991867210710005,ssr__lag,5
ssr,lag,6.851668,0.25,0,12.951992,0.972045943798294,ssr__lag,5
ssr,lag,6.851668,0.25,1,12.951992,0.981113840281905,ssr__lag,5
ssr,lag,6.851668,0.25,2,12.951992,0.989685603763056,ssr__lag,5
ssr,lag,6.851668,0.25,3,12.951992,0.997161690986981,ssr__lag,5
ssr,lag,6.851668,0.25,4,12.951992,1.00292773265881,ssr__lag,5
ssr,lag,6.851668,0.25,5,12.951992,1.00636299509607,ssr__lag,5
ssr,lag,6.851668,0.25,6,12.951992,1.00704946146,ssr__lag,5
ssr,lag,6.851668,0.25,7,12.951992,1.00537459689352,ssr__lag,5
ssr,lag,6.851668,0.25,8,12.951992,1.00193774166407,ssr__lag,5
ssr,lag,6.851668,0.25,9,12.951992,0.997341858004095,ssr__lag,5
ssr,lag,6.851668,0.25,10,12.951992,0.992184864710207,ssr__lag,5
ssr,lag,7.755374,0.28,0,12.951992,0.976254523780119,ssr__lag,5
ssr,lag,7.755374,0.28,1,12.951992,0.984620285472845,ssr__lag,5
ssr,lag,7.755374,0.28,2,12.951992,0.992507232920817,ssr__lag,5
ssr,lag,7.755374,0.28,3,12.951992,0.99934845443362,ssr__lag,5
ssr,lag,7.755374,0.28,4,12.951992,1.00456433409025,ssr__lag,5
ssr,lag,7.755374,0.28,5,12.951992,1.00757014731942,ssr__lag,5
ssr,lag,7.755374,0.28,6,12.951992,1.0079732560922,ssr__lag,5
ssr,lag,7.755374,0.28,7,12.951992,1.00614240684507,ssr__lag,5
ssr,lag,7.755374,0.28,8,12.951992,1.00264558012801,ssr__lag,5
ssr,lag,7.755374,0.28,9,12.951992,0.998053442038578,ssr__lag,5
ssr,lag,7.755374,0.28,10,12.951992,0.992931598176684,ssr__lag,5
ssr,lag,8.613628,0.31,0,12.951992,0.980646344967613,ssr__lag,5
ssr,lag,8.613628,0.31,1,12.951992,0.988004581822564,ssr__lag,5
ssr,lag,8.613628,0.31,2,12.951992,0.99492355690978,ssr__lag,5
ssr,lag,8.613628,0.31,3,12.951992,1.00089585382776,ssr__lag,5
ssr,lag,8.613628,0.31,4,12.951992,1.00540420744216,ssr__lag,5
ssr,lag,8.613628,0.31,5,12.951992,1.00792762600458,ssr__lag,5
ssr,lag,8.613628,0.31,6,12.951992,1.00811710135469,ssr__lag,5
ssr,lag,8.613628,0.31,7,12.951992,1.00630459917492,ssr__lag,5
ssr,lag,8.613628,0.31,8,12.951992,1.0029991497833,ssr__lag,5
ssr,lag,8.613628,0.31,9,12.951992,0.998711598006682,ssr__lag,5
ssr,lag,8.613628,0.31,10,12.951992,0.993948385043563,ssr__lag,5
ssr,lag,9.416752,0.34,0,12.951992,0.984891023549199,ssr__lag,5
ssr,lag,9.416752,0.34,1,12.951992,0.99107372872094,ssr__lag,5
ssr,lag,9.416752,0.34,2,12.951992,0.996872534114805,ssr__lag,5
ssr,lag,9.416752,0.34,3,12.951992,1.00185543841742,ssr__lag,5
ssr,lag,9.416752,0.34,4,12.951992,1.0055834900002,ssr__lag,5
ssr,lag,9.416752,0.34,5,12.951992,1.00761525739983,ssr__lag,5
ssr,lag,9.416752,0.34,6,12.951992,1.0076555850878,ssr__lag,5
ssr,lag,9.416752,0.34,7,12.951992,1.00598851853104,ssr__lag,5
ssr,lag,9.416752,0.34,8,12.951992,1.00304767723198,ssr__lag,5
ssr,lag,9.416752,0.34,9,12.951992,0.999267797884198,ssr__lag,5
ssr,lag,9.416752,0.34,10,12.951992,0.995080210592006,ssr__lag,5
ssr,lag,10.19218696,0.37,0,12.951992,0.988923875104473,ssr__lag,5
ssr,lag,10.19218696,0.37,1,12.951992,0.993818871163604,ssr__lag,5
ssr,lag,10.19218696,0.37,2,12.951992,0.998398154217536,ssr__lag,5
ssr,lag,10.19218696,0.37,3,12.951992,1.00231586874208,ssr__lag,5
ssr,lag,10.19218696,0.37,4,12.951992,1.00522180953711,ssr__lag,5
ssr,lag,10.19218696,0.37,5,12.951992,1.00676431112497,ssr__lag,5
ssr,lag,10.19218696,0.37,6,12.951992,1.00670857838121,ssr__lag,5
ssr,lag,10.19218696,0.37,7,12.951992,1.00528300303457,ssr__lag,5
ssr,lag,10.19218696,0.37,8,12.951992,1.00283473870383,ssr__lag,5
ssr,lag,10.19218696,0.37,9,12.951992,0.99971154187016,ssr__lag,5
ssr,lag,10.19218696,0.37,10,12.951992,0.99625885786733,ssr__lag,5
ssr,lag,10.950416,0.4,0,12.951992,0.992629676910401,ssr__lag,5
ssr,lag,10.950416,0.4,1,12.951992,0.996177521898759,ssr__lag,5
ssr,lag,10.950416,0.4,2,12.951992,0.999487897314535,ssr__lag,5
ssr,lag,10.950416,0.4,3,12.951992,1.00230749873639,ssr__lag,5
ssr,lag,10.950416,0.4,4,12.951992,1.00438074119579,ssr__lag,5
ssr,lag,10.950416,0.4,5,12.951992,1.0054513231306,ssr__lag,5
ssr,lag,10.950416,0.4,6,12.951992,1.00534829479391,ssr__lag,5
ssr,lag,10.950416,0.4,7,12.951992,1.00423954163767,ssr__lag,5
ssr,lag,10.950416,0.4,8,12.951992,1.0023792012899,ssr__lag,5
ssr,lag,10.950416,0.4,9,12.951992,1.00002167689568,ssr__lag,5
ssr,lag,10.950416,0.4,10,12.951992,0.997420064527357,ssr__lag,5
ssr,lag,11.6591764,0.43,0,12.951992,0.995728683553967,ssr__lag,5
ssr,lag,11.6591764,0.43,1,12.951992,0.997988944994902,ssr__lag,5
ssr,lag,11.6591764,0.43,2,12.951992,1.00009260042578,ssr__lag,5
ssr,lag,11.6591764,0.43,3,12.951992,1.00187661349674,ssr__lag,5
ssr,lag,11.6591764,0.43,4,12.951992,1.00317702368556,ssr__lag,5
ssr,lag,11.6591764,0.43,5,12.951992,1.00382959998925,ssr__lag,5
ssr,lag,11.6591764,0.43,6,12.951992,1.00372486360112,ssr__lag,5
ssr,lag,11.6591764,0.43,7,12.951992,1.00297117179729,ssr__lag,5
ssr,lag,11.6591764,0.43,8,12.951992,1.00173196185375,ssr__lag,5
ssr,lag,11.6591764,0.43,9,12.951992,1.00017075815104,ssr__lag,5
ssr,lag,11.6591764,0.43,10,12.951992,0.998450516445223,ssr__lag,5
ssr,lag,12.28402688,0.46,0,12.951992,0.998052968397844,ssr__lag,5
ssr,lag,12.28402688,0.46,1,12.951992,0.999193974712184,ssr__lag,5
ssr,lag,12.28402688,0.46,2,12.951992,1.00025348240817,ssr__lag,5
ssr,lag,12.28402688,0.46,3,12.951992,1.00114835244007,ssr__lag,5
ssr,lag,12.28402688,0.46,4,12.951992,1.00179521042239,ssr__lag,5
ssr,lag,12.28402688,0.46,5,12.951992,1.0021106179795,ssr__lag,5
ssr,lag,12.28402688,0.46,6,12.951992,1.00203896207649,ssr__lag,5
ssr,lag,12.28402688,0.46,7,12.951992,1.00163560023806,ssr__lag,5
ssr,lag,12.28402688,0.46,8,12.951992,1.00098378966028,ssr__lag,5
ssr,lag,12.28402688,0.46,9,12.951992,1.00016680463542,ssr__lag,5
ssr,lag,12.28402688,0.46,10,12.951992,0.999267764965289,ssr__lag,5
ssr,lag,12.7923739538,0.49,0,12.951992,0.999591376991329,ssr__lag,5
ssr,lag,12.7923739538,0.49,1,12.951992,0.99985672522514,ssr__lag,5
ssr,lag,12.7923739538,0.49,2,12.951992,1.00010264403639,ssr__lag,5
ssr,lag,12.7923739538,0.49,3,12.951992,1.00030961515905,ssr__lag,5
ssr,lag,12.7923739538,0.49,4,12.951992,1.00045810759791,ssr__lag,5
ssr,lag,12.7923739538,0.49,5,12.951992,1.0005285871337,ssr__lag,5
ssr,lag,12.7923739538,0.49,6,12.951992,1.00050803214262,ssr__lag,5
ssr,lag,12.7923739538,0.49,7,12.951992,1.00040945191936,ssr__lag,5
ssr,lag,12.7923739538,0.49,8,12.951992,1.00025237192723,ssr__lag,5
ssr,lag,12.7923739538,0.49,9,12.951992,1.0000563183034,ssr__lag,5
ssr,lag,12.7923739538,0.49,10,12.951992,0.999840808351101,ssr__lag,5
ssr,lag,13.279904,0.52,0,12.951992,1.00072115557465,ssr__lag,5
ssr,lag,13.279904,0.52,1,12.951992,1.00019346824656,ssr__lag,5
ssr,lag,13.279904,0.52,2,12.951992,0.999705344084214,ssr__lag,5
ssr,lag,13.279904,0.52,3,12.951992,0.999295994250815,ssr__lag,5
ssr,lag,13.279904,0.52,4,12.951992,0.999004579530834,ssr__lag,5
ssr,lag,13.279904,0.52,5,12.951992,0.998870248923376,ssr__lag,5
ssr,lag,13.279904,0.52,6,12.951992,0.998919108590656,ssr__lag,5
ssr,lag,13.279904,0.52,7,12.951992,0.999125009820537,ssr__lag,5
ssr,lag,13.279904,0.52,8,12.951992,0.999448773352069,ssr__lag,5
ssr,lag,13.279904,0.52,9,12.951992,0.999851221544171,ssr__lag,5
ssr,lag,13.279904,0.52,10,12.951992,1.00029313980095,ssr__lag,5
ssr,lag,13.7742668,0.55,0,12.951992,1.00152287700297,ssr__lag,5
ssr,lag,13.7742668,0.55,1,12.951992,1.0002464784275,ssr__lag,5
ssr,lag,13.7742668,0.55,2,12.951992,0.999067978821961,ssr__lag,5
ssr,lag,13.7742668,0.55,3,12.951992,0.998083213187337,ssr__lag,5
ssr,lag,13.7742668,0.55,4,12.951992,0.997387721459943,ssr__lag,5
ssr,lag,13.7742668,0.55,5,12.951992,0.997076980411471,ssr__lag,5
ssr,lag,13.7742668,0.55,6,12.951992,0.997214694075309,ssr__lag,5
ssr,lag,13.7742668,0.55,7,12.951992,0.997736947147295,ssr__lag,5
ssr,lag,13.7742668,0.55,8,12.951992,0.998548112389228,ssr__lag,5
ssr,lag,13.7742668,0.55,9,12.951992,0.999552565730536,ssr__lag,5
ssr,lag,13.7742668,0.55,10,12.951992,1.00065445459531,ssr__lag,5
ssr,lag,14.266164,0.58,0,12.951992,1.00200837499338,ssr__lag,5
ssr,lag,14.266164,0.58,1,12.951992,1.00004617657297,ssr__lag,5
ssr,lag,14.266164,0.58,2,12.951992,0.998237732827875,ssr__lag,5
ssr,lag,14.266164,0.58,3,12.951992,0.996731908981227,ssr__lag,5
ssr,lag,14.266164,0.58,4,12.951992,0.995676872043477,ssr__lag,5
ssr,lag,14.266164,0.58,5,12.951992,0.995220653497992,ssr__lag,5
ssr,lag,14.266164,0.58,6,12.951992,0.995462096829183,ssr__lag,5
ssr,lag,14.266164,0.58,7,12.951992,0.996301949771128,ssr__lag,5
ssr,lag,14.266164,0.58,8,12.951992,0.997591889325951,ssr__lag,5
ssr,lag,14.266164,0.58,9,12.951992,0.999183584896199,ssr__lag,5
ssr,lag,14.266164,0.58,10,12.951992,1.000928136283,ssr__lag,5
ssr,lag,14.86275552,0.61,0,12.951992,1.00222573742077,ssr__lag,5
ssr,lag,14.86275552,0.61,1,12.951992,0.99951601064274,ssr__lag,5
ssr,lag,14.86275552,0.61,2,12.951992,0.997023866389069,ssr__lag,5
ssr,lag,14.86275552,0.61,3,12.951992,0.994957532588461,ssr__lag,5
ssr,lag,14.86275552,0.61,4,12.951992,0.99352390310362,ssr__lag,5
ssr,lag,14.86275552,0.61,5,12.951992,0.992929645647027,ssr__lag,5
ssr,lag,14.86275552,0.61,6,12.951992,0.993312909377068,ssr__lag,5
ssr,lag,14.86275552,0.61,7,12.951992,0.994534981091492,ssr__lag,5
ssr,lag,14.86275552,0.61,8,12.951992,0.996388790247402,ssr__lag,5
ssr,lag,14.86275552,0.61,9,12.951992,0.99866721601823,ssr__lag,5
ssr,lag,14.86275552,0.61,10,12.951992,1.00116198070058,ssr__lag,5
ssr,lag,15.571802,0.64,0,12.951992,1.00203044538418,ssr__lag,5
ssr,lag,15.571802,0.64,1,12.951992,0.998560017792752,ssr__lag,5
ssr,lag,15.571802,0.64,2,12.951992,0.995375909397741,ssr__lag,5
ssr,lag,15.571802,0.64,3,12.951992,0.992749030447074,ssr__lag,5
ssr,lag,15.571802,0.64,4,12.951992,0.99094809693673,ssr__lag,5
ssr,lag,15.571802,0.64,5,12.951992,0.990241518676106,ssr__lag,5
ssr,lag,15.571802,0.64,6,12.951992,0.99080899295418,ssr__lag,5
ssr,lag,15.571802,0.64,7,12.951992,0.992470336433346,ssr__lag,5
ssr,lag,15.571802,0.64,8,12.951992,0.994956791631361,ssr__lag,5
ssr,lag,15.571802,0.64,9,12.951992,0.997999445828888,ssr__lag,5
ssr,lag,15.571802,0.64,10,12.951992,1.00132734449084,ssr__lag,5
ssr,lag,16.36621968,0.67,0,12.951992,1.00134159563067,ssr__lag,5
ssr,lag,16.36621968,0.67,1,12.951992,0.997194462021504,ssr__lag,5
ssr,lag,16.36621968,0.67,2,12.951992,0.993399266218455,ssr__lag,5
ssr,lag,16.36621968,0.67,3,12.951992,0.990285827883323,ssr__lag,5
ssr,lag,16.36621968,0.67,4,12.951992,0.988180821599762,ssr__lag,5
ssr,lag,16.36621968,0.67,5,12.951992,0.987410593323161,ssr__lag,5
ssr,lag,16.36621968,0.67,6,12.951992,0.98819404311246,ssr__lag,5
ssr,lag,16.36621968,0.67,7,12.951992,0.990312327414487,ssr__lag,5
ssr,lag,16.36621968,0.67,8,12.951992,0.993439140752927,ssr__lag,5
ssr,lag,16.36621968,0.67,9,12.951992,0.99724783154077,ssr__lag,5
ssr,lag,16.36621968,0.67,10,12.951992,1.00140858541944,ssr__lag,5
ssr,lag,17.17008,0.7,0,12.951992,1.00027550838055,ssr__lag,5
ssr,lag,17.17008,0.7,1,12.951992,0.995644430691072,ssr__lag,5
ssr,lag,17.17008,0.7,2,12.951992,0.991417005234294,ssr__lag,5
ssr,lag,17.17008,0.7,3,12.951992,0.987969146325493,ssr__lag,5
ssr,lag,17.17008,0.7,4,12.951992,0.985672828920927,ssr__lag,5
ssr,lag,17.17008,0.7,5,12.951992,0.984899765666469,ssr__lag,5
ssr,lag,17.17008,0.7,6,12.951992,0.985899782047662,ssr__lag,5
ssr,lag,17.17008,0.7,7,12.951992,0.988424162420399,ssr__lag,5
ssr,lag,17.17008,0.7,8,12.951992,0.992101990133441,ssr__lag,5
ssr,lag,17.17008,0.7,9,12.951992,0.99656174388146,ssr__lag,5
ssr,lag,17.17008,0.7,10,12.951992,1.00142761592193,ssr__lag,5
ssr,lag,18.09634716,0.73,0,12.951992,0.998773023753909,ssr__lag,5
ssr,lag,18.09634716,0.73,1,12.951992,0.993850123595304,ssr__lag,5
ssr,lag,18.09634716,0.73,2,12.951992,0.989369143694539,ssr__lag,5
ssr,lag,18.09634716,0.73,3,12.951992,0.985740438972025,ssr__lag,5
ssr,lag,18.09634716,0.73,4,12.951992,0.983369886563777,ssr__lag,5
ssr,lag,18.09634716,0.73,5,12.951992,0.982663283391151,ssr__lag,5
ssr,lag,18.09634716,0.73,6,12.951992,0.983893961491687,ssr__lag,5
ssr,lag,18.09634716,0.73,7,12.951992,0.986791395514145,ssr__lag,5
ssr,lag,18.09634716,0.73,8,12.951992,0.990951803329394,ssr__lag,5
ssr,lag,18.09634716,0.73,9,12.951992,0.995970458819849,ssr__lag,5
ssr,lag,18.09634716,0.73,10,12.951992,1.00143728121301,ssr__lag,5
ssr,lag,19.03405856,0.76,0,12.951992,0.997165513588666,ssr__lag,5
ssr,lag,19.03405856,0.76,1,12.951992,0.992253837919822,ssr__lag,5
ssr,lag,19.03405856,0.76,2,12.951992,0.98779655622523,ssr__lag,5
ssr,lag,19.03405856,0.76,3,12.951992,0.984216393556738,ssr__lag,5
ssr,lag,19.03405856,0.76,4,12.951992,0.981931587812204,ssr__lag,5
ssr,lag,19.03405856,0.76,5,12.951992,0.981360561074689,ssr__lag,5
ssr,lag,19.03405856,0.76,6,12.951992,0.9827856920095,ssr__lag,5
ssr,lag,19.03405856,0.76,7,12.951992,0.985929321338924,ssr__lag,5
ssr,lag,19.03405856,0.76,8,12.951992,0.990376415939999,ssr__lag,5
ssr,lag,19.03405856,0.76,9,12.951992,0.99571067570143,ssr__lag,5
ssr,lag,19.03405856,0.76,10,12.951992,1.00150983947402,ssr__lag,5
ssr,lag,19.93006138,0.79,0,12.951992,0.995677276852493,ssr__lag,5
ssr,lag,19.93006138,0.79,1,12.951992,0.991065704104727,ssr__lag,5
ssr,lag,19.93006138,0.79,2,12.951992,0.986894988539927,ssr__lag,5
ssr,lag,19.93006138,0.79,3,12.951992,0.983577823394419,ssr__lag,5
ssr,lag,19.93006138,0.79,4,12.951992,0.981522920248409,ssr__lag,5
ssr,lag,19.93006138,0.79,5,12.951992,0.981139453890785,ssr__lag,5
ssr,lag,19.93006138,0.79,6,12.951992,0.982703963771523,ssr__lag,5
ssr,lag,19.93006138,0.79,7,12.951992,0.985946279771456,ssr__lag,5
ssr,lag,19.93006138,0.79,8,12.951992,0.990461799780401,ssr__lag,5
ssr,lag,19.93006138,0.79,9,12.951992,0.99584442517075,ssr__lag,5
ssr,lag,19.93006138,0.79,10,12.951992,1.00168208600995,ssr__lag,5
ssr,lag,20.86391825,0.82,0,12.951992,0.994182224467395,ssr__lag,5
ssr,lag,20.86391825,0.82,1,12.951992,0.990160811600389,ssr__lag,5
ssr,lag,20.86391825,0.82,2,12.951992,0.986542167880705,ssr__lag,5
ssr,lag,20.86391825,0.82,3,12.951992,0.983707382182476,ssr__lag,5
ssr,lag,20.86391825,0.82,4,12.951992,0.982034500262663,ssr__lag,5
ssr,lag,20.86391825,0.82,5,12.951992,0.98190229906786,ssr__lag,5
ssr,lag,20.86391825,0.82,6,12.951992,0.983567064698869,ssr__lag,5
ssr,lag,20.86391825,0.82,7,12.951992,0.986780128255188,ssr__lag,5
ssr,lag,20.86391825,0.82,8,12.951992,0.991168177058112,ssr__lag,5
ssr,lag,20.86391825,0.82,9,12.951992,0.996356281218875,ssr__lag,5
ssr,lag,20.86391825,0.82,10,12.951992,1.0019640863205,ssr__lag,5
ssr,lag,21.7668114,0.85,0,12.951992,0.992786341547748,ssr__lag,5
ssr,lag,21.7668114,0.85,1,12.951992,0.989580356621272,ssr__lag,5
ssr,lag,21.7668114,0.85,2,12.951992,0.986719963300612,ssr__lag,5
ssr,lag,21.7668114,0.85,3,12.951992,0.98453671798335,ssr__lag,5
ssr,lag,21.7668114,0.85,4,12.951992,0.983360254249414,ssr__lag,5
ssr,lag,21.7668114,0.85,5,12.951992,0.983521122407922,ssr__lag,5
ssr,lag,21.7668114,0.85,6,12.951992,0.985243149409335,ssr__lag,5
ssr,lag,21.7668114,0.85,7,12.951992,0.988310623184158,ssr__lag,5
ssr,lag,21.7668114,0.85,8,12.951992,0.99239880758723,ssr__lag,5
ssr,lag,21.7668114,0.85,9,12.951992,0.997181373520144,ssr__lag,5
ssr,lag,21.7668114,0.85,10,12.951992,1.00232752884445,ssr__lag,5
ssr,lag,22.73361,0.88,0,12.951992,0.991340385624065,ssr__lag,5
ssr,lag,22.73361,0.88,1,12.951992,0.989247530956331,ssr__lag,5
ssr,lag,22.73361,0.88,2,12.951992,0.987420323965551,ssr__lag,5
ssr,lag,22.73361,0.88,3,12.951992,0.986118192704469,ssr__lag,5
ssr,lag,22.73361,0.88,4,12.951992,0.985599814899317,ssr__lag,5
ssr,lag,22.73361,0.88,5,12.951992,0.986124842133214,ssr__lag,5
ssr,lag,22.73361,0.88,6,12.951992,0.987869182222598,ssr__lag,5
ssr,lag,22.73361,0.88,7,12.951992,0.990664542526991,ssr__lag,5
ssr,lag,22.73361,0.88,8,12.951992,0.994256718060675,ssr__lag,5
ssr,lag,22.73361,0.88,9,12.951992,0.99839011206755,ssr__lag,5
ssr,lag,22.73361,0.88,10,12.951992,1.00280598947842,ssr__lag,5
ssr,lag,23.76181932,0.91,0,12.951992,0.989851661615056,ssr__lag,5
ssr,lag,23.76181932,0.91,1,12.951992,0.989183771358751,ssr__lag,5
ssr,lag,23.76181932,0.91,2,12.951992,0.988679441550662,ssr__lag,5
ssr,lag,23.76181932,0.91,3,12.951992,0.988501502850903,ssr__lag,5
ssr,lag,23.76181932,0.91,4,12.951992,0.988812910891785,ssr__lag,5
ssr,lag,23.76181932,0.91,5,12.951992,0.989777419173517,ssr__lag,5
ssr,lag,23.76181932,0.91,6,12.951992,0.991505992608289,ssr__lag,5
ssr,lag,23.76181932,0.91,7,12.951992,0.993893302446597,ssr__lag,5
ssr,lag,23.76181932,0.91,8,12.951992,0.996779617403191,ssr__lag,5
ssr,lag,23.76181932,0.91,9,12.951992,1.00000424341093,ssr__lag,5
ssr,lag,23.76181932,0.91,10,12.951992,1.00340484038194,ssr__lag,5
ssr,lag,24.93179,0.94,0,12.951992,0.98821076479077,ssr__lag,5
ssr,lag,24.93179,0.94,1,12.951992,0.989424193497731,ssr__lag,5
ssr,lag,24.93179,0.94,2,12.951992,0.990669334699602,ssr__lag,5
ssr,lag,24.93179,0.94,3,12.951992,0.991976566726552,ssr__lag,5
ssr,lag,24.93179,0.94,4,12.951992,0.993376436248565,ssr__lag,5
ssr,lag,24.93179,0.94,5,12.951992,0.994899682003708,ssr__lag,5
ssr,lag,24.93179,0.94,6,12.951992,0.996567133650002,ssr__lag,5
ssr,lag,24.93179,0.94,7,12.951992,0.99835920283464,ssr__lag,5
ssr,lag,24.93179,0.94,8,12.951992,1.00024603583546,ssr__lag,5
ssr,lag,24.93179,0.94,9,12.951992,1.00219758232189,ssr__lag,5
ssr,lag,24.93179,0.94,10,12.951992,1.00418357120636,ssr__lag,5
ssr,lag,26.314284,0.97,0,12.951992,0.986331608887514,ssr__lag,5
ssr,lag,26.314284,0.97,1,12.951992,0.990059128947594,ssr__lag,5
ssr,lag,26.314284,0.97,2,12.951992,0.993649596489652,ssr__lag,5
ssr,lag,26.314284,0.97,3,12.951992,0.996949778971718,ssr__lag,5
ssr,lag,26.314284,0.97,4,12.951992,0.999804625816688,ssr__lag,5
ssr,lag,26.314284,0.97,5,12.951992,1.00205783499881,ssr__lag,5
ssr,lag,26.314284,0.97,6,12.951992,1.00360354035683,ssr__lag,5
ssr,lag,26.314284,0.97,7,12.951992,1.00454030653029,ssr__lag,5
ssr,lag,26.314284,0.97,8,12.951992,1.00501927074774,ssr__lag,5
ssr,lag,26.314284,0.97,9,12.951992,1.00519264961785,ssr__lag,5
ssr,lag,26.314284,0.97,10,12.951992,1.00521316004781,ssr__lag,5
ssr,mavg,1.944673,0.01,0,12.787697,0.994368480660842,ssr__mavg,6
ssr,mavg,1.944673,0.01,1,12.787697,0.987641043996003,ssr__mavg,6
ssr,mavg,1.944673,0.01,2,12.787697,0.981778657396166,ssr__mavg,6
ssr,mavg,1.944673,0.01,3,12.787697,0.977582452417015,ssr__mavg,6
ssr,mavg,1.944673,0.01,4,12.787697,0.975845892015306,ssr__mavg,6
ssr,mavg,1.944673,0.01,5,12.787697,0.977371759307911,ssr__mavg,6
ssr,mavg,1.944673,0.01,6,12.787697,0.982722332674204,ssr__mavg,6
ssr,mavg,1.944673,0.01,7,12.787697,0.991408349661121,ssr__mavg,6
ssr,mavg,1.944673,0.01,8,12.787697,1.00267999250401,ssr__mavg,6
ssr,mavg,1.944673,0.01,9,12.787697,1.01577490563562,ssr__mavg,6
ssr,mavg,1.944673,0.01,10,12.787697,1.029900542061,ssr__mavg,6
ssr,mavg,3.61973228832,0.04,0,12.787697,0.992750078840592,ssr__mavg,6
ssr,mavg,3.61973228832,0.04,1,12.787697,0.987164353829008,ssr__mavg,6
ssr,mavg,3.61973228832,0.04,2,12.787697,0.98234649520688,ssr__mavg,6
ssr,mavg,3.61973228832,0.04,3,12.787697,0.979019488036182,ssr__mavg,6
ssr,mavg,3.61973228832,0.04,4,12.787697,0.977901417987976,ssr__mavg,6
ssr,mavg,3.61973228832,0.04,5,12.787697,0.979719197196945,ssr__mavg,6
ssr,mavg,3.61973228832,0.04,6,12.787697,0.984981552806817,ssr__mavg,6
ssr,mavg,3.61973228832,0.04,7,12.787697,0.993247267337623,ssr__mavg,6
ssr,mavg,3.61973228832,0.04,8,12.787697,1.00383830366448,ssr__mavg,6
ssr,mavg,3.61973228832,0.04,9,12.787697,1.01606513391218,ssr__mavg,6
ssr,mavg,3.61973228832,0.04,10,12.787697,1.029212460265,ssr__mavg,6
ssr,mavg,4.71550509090909,0.07,0,12.787697,0.992043117292168,ssr__mavg,6
ssr,mavg,4.71550509090909,0.07,1,12.787697,0.987189236938496,ssr__mavg,6
ssr,mavg,4.71550509090909,0.07,2,12.787697,0.983035383559467,ssr__mavg,6
ssr,mavg,4.71550509090909,0.07,3,12.787697,0.98024726420173,ssr__mavg,6
ssr,mavg,4.71550509090909,0.07,4,12.787697,0.979487172822432,ssr__mavg,6
ssr,mavg,4.71550509090909,0.07,5,12.787697,0.981425566726097,ssr__mavg,6
ssr,mavg,4.71550509090909,0.07,6,12.787697,0.986530990247911,ssr__mavg,6
ssr,mavg,4.71550509090909,0.07,7,12.787697,0.99439652492937,ssr__mavg,6
ssr,mavg,4.71550509090909,0.07,8,12.787697,1.00439626429061,ssr__mavg,6
ssr,mavg,4.71550509090909,0.07,9,12.787697,1.01589384669152,ssr__mavg,6
ssr,mavg,4.71550509090909,0.07,10,12.787697,1.02823041458684,ssr__mavg,6
ssr,mavg,5.590286,0.1,0,12.787697,0.991758982564691,ssr__mavg,6
ssr,mavg,5.590286,0.1,1,12.787697,0.987478177889285,ssr__mavg,6
ssr,mavg,5.590286,0.1,2,12.787697,0.983839428760321,ssr__mavg,6
ssr,mavg,5.590286,0.1,3,12.787697,0.981457830698594,ssr__mavg,6
ssr,mavg,5.590286,0.1,4,12.787697,0.980946048137654,ssr__mavg,6
ssr,mavg,5.590286,0.1,5,12.787697,0.982924155691682,ssr__mavg,6
ssr,mavg,5.590286,0.1,6,12.787697,0.987824677186728,ssr__mavg,6
ssr,mavg,5.590286,0.1,7,12.787697,0.995270526043372,ssr__mavg,6
ssr,mavg,5.590286,0.1,8,12.787697,1.00468165298271,ssr__mavg,6
ssr,mavg,5.590286,0.1,9,12.787697,1.01546861260871,ssr__mavg,6
ssr,mavg,5.590286,0.1,10,12.787697,1.0270223367341,ssr__mavg,6
ssr,mavg,6.34631533333333,0.13,0,12.787697,0.991757029367725,ssr__mavg,6
ssr,mavg,6.34631533333333,0.13,1,12.787697,0.987962214894384,ssr__mavg,6
ssr,mavg,6.34631533333333,0.13,2,12.787697,0.984755854958389,ssr__mavg,6
ssr,mavg,6.34631533333333,0.13,3,12.787697,0.982705045187679,ssr__mavg,6
ssr,mavg,6.34631533333333,0.13,4,12.787697,0.982375145589254,ssr__mavg,6
ssr,mavg,6.34631533333333,0.13,5,12.787697,0.984338114424571,ssr__mavg,6
ssr,mavg,6.34631533333333,0.13,6,12.787697,0.988992014320748,ssr__mavg,6
ssr,mavg,6.34631533333333,0.13,7,12.787697,0.995987810213936,ssr__mavg,6
ssr,mavg,6.34631533333333,0.13,8,12.787697,1.00478889788534,ssr__mavg,6
ssr,mavg,6.34631533333333,0.13,9,12.787697,1.01485035975817,ssr__mavg,6
ssr,mavg,6.34631533333333,0.13,10,12.787697,1.0256103171408,ssr__mavg,6
ssr,mavg,7.02449127272727,0.16,0,12.787697,0.991976419014028,ssr__mavg,6
ssr,mavg,7.02449127272727,0.16,1,12.787697,0.988609404985646,ssr__mavg,6
ssr,mavg,7.02449127272727,0.16,2,12.787697,0.985779472118169,ssr__mavg,6
ssr,mavg,7.02449127272727,0.16,3,12.787697,0.984006775080877,ssr__mavg,6
ssr,mavg,7.02449127272727,0.16,4,12.787697,0.983810234607047,ssr__mavg,6
ssr,mavg,7.02449127272727,0.16,5,12.787697,0.985714524508385,ssr__mavg,6
ssr,mavg,7.02449127272727,0.16,6,12.787697,0.990083849976189,ssr__mavg,6
ssr,mavg,7.02449127272727,0.16,7,12.787697,0.996596526368132,ssr__mavg,6
ssr,mavg,7.02449127272727,0.16,8,12.787697,1.00475850451791,ssr__mavg,6
ssr,mavg,7.02449127272727,0.16,9,12.787697,1.0140685145287,ssr__mavg,6
ssr,mavg,7.02449127272727,0.16,10,12.787697,1.02401082932944,ssr__mavg,6
ssr,mavg,7.64223791428571,0.19,0,12.787697,0.992379590538903,ssr__mavg,6
ssr,mavg,7.64223791428571,0.19,1,12.787697,0.989394987926514,ssr__mavg,6
ssr,mavg,7.64223791428571,0.19,2,12.787697,0.986897560766768,ssr__mavg,6
ssr,mavg,7.64223791428571,0.19,3,12.787697,0.985361115685332,ssr__mavg,6
ssr,mavg,7.64223791428571,0.19,4,12.787697,0.985258583846348,ssr__mavg,6
ssr,mavg,7.64223791428571,0.19,5,12.787697,0.987067799366612,ssr__mavg,6
ssr,mavg,7.64223791428571,0.19,6,12.787697,0.991119490067524,ssr__mavg,6
ssr,mavg,7.64223791428571,0.19,7,12.787697,0.997119015765986,ssr__mavg,6
ssr,mavg,7.64223791428571,0.19,8,12.787697,1.00461450250401,ssr__mavg,6
ssr,mavg,7.64223791428571,0.19,9,12.787697,1.01314793354115,ssr__mavg,6
ssr,mavg,7.64223791428571,0.19,10,12.787697,1.02224917829272,ssr__mavg,6
ssr,mavg,8.23024508,0.22,0,12.787697,0.992960895650106,ssr__mavg,6
ssr,mavg,8.23024508,0.22,1,12.787697,0.990333415037144,ssr__mavg,6
ssr,mavg,8.23024508,0.22,2,12.787697,0.988142517195004,ssr__mavg,6
ssr,mavg,8.23024508,0.22,3,12.787697,0.986814385140426,ssr__mavg,6
ssr,mavg,8.23024508,0.22,4,12.787697,0.986774584910497,ssr__mavg,6
ssr,mavg,8.23024508,0.22,5,12.787697,0.988452725679117,ssr__mavg,6
ssr,mavg,8.23024508,0.22,6,12.787697,0.99214517856401,ssr__mavg,6
ssr,mavg,8.23024508,0.22,7,12.787697,0.997585236710919,ssr__mavg,6
ssr,mavg,8.23024508,0.22,8,12.787697,1.00436460380005,ssr__mavg,6
ssr,mavg,8.23024508,0.22,9,12.787697,1.01206991757078,ssr__mavg,6
ssr,mavg,8.23024508,0.22,10,12.787697,1.02027794739326,ssr__mavg,6
ssr,mavg,8.7989433,0.25,0,12.787697,0.993721802459057,ssr__mavg,6
ssr,mavg,8.7989433,0.25,1,12.787697,0.99143296193575,ssr__mavg,6
ssr,mavg,8.7989433,0.25,2,12.787697,0.989528604614392,ssr__mavg,6
ssr,mavg,8.7989433,0.25,3,12.787697,0.988385306399279,ssr__mavg,6
ssr,mavg,8.7989433,0.25,4,12.787697,0.988379206247785,ssr__mavg,6
ssr,mavg,8.7989433,0.25,5,12.787697,0.989889632772018,ssr__mavg,6
ssr,mavg,8.7989433,0.25,6,12.787697,0.993177298072965,ssr__mavg,6
ssr,mavg,8.7989433,0.25,7,12.787697,0.998004841780713,ssr__mavg,6
ssr,mavg,8.7989433,0.25,8,12.787697,1.00400969091833,ssr__mavg,6
ssr,mavg,8.7989433,0.25,9,12.787697,1.01082526732355,ssr__mavg,6
ssr,mavg,8.7989433,0.25,10,12.787697,1.01807726214552,ssr__mavg,6
ssr,mavg,9.33826191824727,0.28,0,12.787697,0.994623134383836,ssr__mavg,6
ssr,mavg,9.33826191824727,0.28,1,12.787697,0.992649331587235,ssr__mavg,6
ssr,mavg,9.33826191824727,0.28,2,12.787697,0.991007680968968,ssr__mavg,6
ssr,mavg,9.33826191824727,0.28,3,12.787697,0.990024455840942,ssr__mavg,6
ssr,mavg,9.33826191824727,0.28,4,12.787697,0.99002561026205,ssr__mavg,6
ssr,mavg,9.33826191824727,0.28,5,12.787697,0.991339492796297,ssr__mavg,6
ssr,mavg,9.33826191824727,0.28,6,12.787697,0.994190870671054,ssr__mavg,6
ssr,mavg,9.33826191824727,0.28,7,12.787697,0.998372491112045,ssr__mavg,6
ssr,mavg,9.33826191824727,0.28,8,12.787697,1.00356855608652,ssr__mavg,6
ssr,mavg,9.33826191824727,0.28,9,12.787697,1.00946024734645,ssr__mavg,6
ssr,mavg,9.33826191824727,0.28,10,12.787697,1.01572294845352,ssr__mavg,6
ssr,mavg,9.83952432,0.31,0,12.787697,0.995566427116177,ssr__mavg,6
ssr,mavg,9.83952432,0.31,1,12.787697,0.993881317131486,ssr__mavg,6
ssr,mavg,9.83952432,0.31,2,12.787697,0.992477933906877,ssr__mavg,6
ssr,mavg,9.83952432,0.31,3,12.787697,0.991633728612078,ssr__mavg,6
ssr,mavg,9.83952432,0.31,4,12.787697,0.991625911876033,ssr__mavg,6
ssr,mavg,9.83952432,0.31,5,12.787697,0.992733410224553,ssr__mavg,6
ssr,mavg,9.83952432,0.31,6,12.787697,0.995146386936671,ssr__mavg,6
ssr,mavg,9.83952432,0.31,7,12.787697,0.998687232741321,ssr__mavg,6
ssr,mavg,9.83952432,0.31,8,12.787697,1.0030860054957,ssr__mavg,6
ssr,mavg,9.83952432,0.31,9,12.787697,1.00807058503204,ssr__mavg,6
ssr,mavg,9.83952432,0.31,10,12.787697,1.01336467760829,ssr__mavg,6
ssr,mavg,10.322014380832,0.34,0,12.787697,0.996514162361166,ssr__mavg,6
ssr,mavg,10.322014380832,0.34,1,12.787697,0.995104463908177,ssr__mavg,6
ssr,mavg,10.322014380832,0.34,2,12.787697,0.993927191700933,ssr__mavg,6
ssr,mavg,10.322014380832,0.34,3,12.787697,0.993211791269367,ssr__mavg,6
ssr,mavg,10.322014380832,0.34,4,12.787697,0.993187527306559,ssr__mavg,6
ssr,mavg,10.322014380832,0.34,5,12.787697,0.994084817749374,ssr__mavg,6
ssr,mavg,10.322014380832,0.34,6,12.787697,0.996060118088534,ssr__mavg,6
ssr,mavg,10.322014380832,0.34,7,12.787697,0.998965421771746,ssr__mavg,6
ssr,mavg,10.322014380832,0.34,8,12.787697,1.00257634977462,ssr__mavg,6
ssr,mavg,10.322014380832,0.34,9,12.787697,1.00666704727847,ssr__mavg,6
ssr,mavg,10.322014380832,0.34,10,12.787697,1.0110088278375,ssr__mavg,6
ssr,mavg,10.794844,0.37,0,12.787697,0.997429347669382,ssr__mavg,6
ssr,mavg,10.794844,0.37,1,12.787697,0.996288301492085,ssr__mavg,6
ssr,mavg,10.794844,0.37,2,12.787697,0.995331443714465,ssr__mavg,6
ssr,mavg,10.794844,0.37,3,12.787697,0.994741020487191,ssr__mavg,6
ssr,mavg,10.794844,0.37,4,12.787697,0.994699147392675,ssr__mavg,6
ssr,mavg,10.794844,0.37,5,12.787697,0.99538864872982,ssr__mavg,6
ssr,mavg,10.794844,0.37,6,12.787697,0.996933167783291,ssr__mavg,6
ssr,mavg,10.794844,0.37,7,12.787697,0.999214267011194,ssr__mavg,6
ssr,mavg,10.794844,0.37,8,12.787697,1.00205283833374,ssr__mavg,6
ssr,mavg,10.794844,0.37,9,12.787697,1.00526885747426,ssr__mavg,6
ssr,mavg,10.794844,0.37,10,12.787697,1.00868053403641,ssr__mavg,6
ssr,mavg,11.26097152,0.4,0,12.787697,0.998269606166229,ssr__mavg,6
ssr,mavg,11.26097152,0.4,1,12.787697,0.99739319438086,ssr__mavg,6
ssr,mavg,11.26097152,0.4,2,12.787697,0.996654264418029,ssr__mavg,6
ssr,mavg,11.26097152,0.4,3,12.787697,0.996189160344619,ssr__mavg,6
ssr,mavg,11.26097152,0.4,4,12.787697,0.996134140234194,ssr__mavg,6
ssr,mavg,11.26097152,0.4,5,12.787697,0.996625844638438,ssr__mavg,6
ssr,mavg,11.26097152,0.4,6,12.787697,0.997756327790546,ssr__mavg,6
ssr,mavg,11.26097152,0.4,7,12.787697,0.999436356506795,ssr__mavg,6
ssr,mavg,11.26097152,0.4,8,12.787697,1.00153130168437,ssr__mavg,6
ssr,mavg,11.26097152,0.4,9,12.787697,1.00390603349955,ssr__mavg,6
ssr,mavg,11.26097152,0.4,10,12.787697,1.00642444862627,ssr__mavg,6
ssr,mavg,11.7291736536364,0.43,0,12.787697,0.999003236817804,ssr__mavg,6
ssr,mavg,11.7291736536364,0.43,1,12.787697,0.998393365915825,ssr__mavg,6
ssr,mavg,11.7291736536364,0.43,2,12.787697,0.997875690420896,ssr__mavg,6
ssr,mavg,11.7291736536364,0.43,3,12.787697,0.997541859648125,ssr__mavg,6
ssr,mavg,11.7291736536364,0.43,4,12.787697,0.997483476225344,ssr__mavg,6
ssr,mavg,11.7291736536364,0.43,5,12.787697,0.997792307212842,ssr__mavg,6
ssr,mavg,11.7291736536364,0.43,6,12.787697,0.998529950208047,ssr__mavg,6
ssr,mavg,11.7291736536364,0.43,7,12.787697,0.999636028050151,ssr__mavg,6
ssr,mavg,11.7291736536364,0.43,8,12.787697,1.00101964286049,ssr__mavg,6
ssr,mavg,11.7291736536364,0.43,9,12.787697,1.0025896780041,ssr__mavg,6
ssr,mavg,11.7291736536364,0.43,10,12.787697,1.00425458571744,ssr__mavg,6
ssr,mavg,12.19248176,0.46,0,12.787697,0.999572733816183,ssr__mavg,6
ssr,mavg,12.19248176,0.46,1,12.787697,0.999228209243685,ssr__mavg,6
ssr,mavg,12.19248176,0.46,2,12.787697,0.998933451574659,ssr__mavg,6
ssr,mavg,12.19248176,0.46,3,12.787697,0.998738055275993,ssr__mavg,6
ssr,mavg,12.19248176,0.46,4,12.787697,0.998691598202482,ssr__mavg,6
ssr,mavg,12.19248176,0.46,5,12.787697,0.998843703266184,ssr__mavg,6
ssr,mavg,12.19248176,0.46,6,12.787697,0.999227569989464,ssr__mavg,6
ssr,mavg,12.19248176,0.46,7,12.787697,0.999810336370049,ssr__mavg,6
ssr,mavg,12.19248176,0.46,8,12.787697,1.00054261961454,ssr__mavg,6
ssr,mavg,12.19248176,0.46,9,12.787697,1.0013749757302,ssr__mavg,6
ssr,mavg,12.19248176,0.46,10,12.787697,1.00225783766823,ssr__mavg,6
ssr,mavg,12.63607092,0.49,0,12.787697,0.999928464543268,ssr__mavg,6
ssr,mavg,12.63607092,0.49,1,12.787697,0.999840232826553,ssr__mavg,6
ssr,mavg,12.63607092,0.49,2,12.787697,0.999764092074747,ssr__mavg,6
ssr,mavg,12.63607092,0.49,3,12.787697,0.999712122078063,ssr__mavg,6
ssr,mavg,12.63607092,0.49,4,12.787697,0.999696401429032,ssr__mavg,6
ssr,mavg,12.63607092,0.49,5,12.787697,0.999729011173134,ssr__mavg,6
ssr,mavg,12.63607092,0.49,6,12.787697,0.999818011943705,ssr__mavg,6
ssr,mavg,12.63607092,0.49,7,12.787697,0.999955361726004,ssr__mavg,6
ssr,mavg,12.63607092,0.49,8,12.787697,1.00012899270758,ssr__mavg,6
ssr,mavg,12.63607092,0.49,9,12.787697,1.00032683365375,ssr__mavg,6
ssr,mavg,12.63607092,0.49,10,12.787697,1.00053680625449,ssr__mavg,6
ssr,mavg,13.0909324,0.52,0,12.787697,1.00006115679351,ssr__mavg,6
ssr,mavg,13.0909324,0.52,1,12.787697,1.0002382334809,ssr__mavg,6
ssr,mavg,13.0909324,0.52,2,12.787697,1.00039247753682,ssr__mavg,6
ssr,mavg,13.0909324,0.52,3,12.787697,1.00050101192317,ssr__mavg,6
ssr,mavg,13.0909324,0.52,4,12.787697,1.00054095437927,ssr__mavg,6
ssr,mavg,13.0909324,0.52,5,12.787697,1.00048943048802,ssr__mavg,6
ssr,mavg,13.0909324,0.52,6,12.787697,1.00033121271383,ssr__mavg,6
ssr,mavg,13.0909324,0.52,7,12.787697,1.00008158930445,ssr__mavg,6
ssr,mavg,13.0909324,0.52,8,12.787697,0.999763477789879,ssr__mavg,6
ssr,mavg,13.0909324,0.52,9,12.787697,0.999399784344578,ssr__mavg,6
ssr,mavg,13.0909324,0.52,10,12.787697,0.99901339073684,ssr__mavg,6
ssr,mavg,13.54846681,0.55,0,12.787697,0.999968741999173,ssr__mavg,6
ssr,mavg,13.54846681,0.55,1,12.787697,1.00040971332645,ssr__mavg,6
ssr,mavg,13.54846681,0.55,2,12.787697,1.00079700558733,ssr__mavg,6
ssr,mavg,13.54846681,0.55,3,12.787697,1.00107666771607,ssr__mavg,6
ssr,mavg,13.54846681,0.55,4,12.787697,1.00119471447837,ssr__mavg,6
ssr,mavg,13.54846681,0.55,5,12.787697,1.00109719900346,ssr__mavg,6
ssr,mavg,13.54846681,0.55,6,12.787697,1.00074827065946,ssr__mavg,6
ssr,mavg,13.54846681,0.55,7,12.787697,1.00018408440575,ssr__mavg,6
ssr,mavg,13.54846681,0.55,8,12.787697,0.999458803055781,ssr__mavg,6
ssr,mavg,13.54846681,0.55,9,12.787697,0.998626531367871,ssr__mavg,6
ssr,mavg,13.54846681,0.55,10,12.787697,0.997741243696586,ssr__mavg,6
ssr,mavg,13.9949158933333,0.58,0,12.787697,0.999702494313775,ssr__mavg,6
ssr,mavg,13.9949158933333,0.58,1,12.787697,1.00038925893733,ssr__mavg,6
ssr,mavg,13.9949158933333,0.58,2,12.787697,1.00099669908411,ssr__mavg,6
ssr,mavg,13.9949158933333,0.58,3,12.787697,1.00144483773294,ssr__mavg,6
ssr,mavg,13.9949158933333,0.58,4,12.787697,1.00165361202434,ssr__mavg,6
ssr,mavg,13.9949158933333,0.58,5,12.787697,1.00154303239114,ssr__mavg,6
ssr,mavg,13.9949158933333,0.58,6,12.787697,1.00106000442551,ssr__mavg,6
ssr,mavg,13.9949158933333,0.58,7,12.787697,1.00025822170104,ssr__mavg,6
ssr,mavg,13.9949158933333,0.58,8,12.787697,0.999218098666175,ssr__mavg,6
ssr,mavg,13.9949158933333,0.58,9,12.787697,0.998019932936782,ssr__mavg,6
ssr,mavg,13.9949158933333,0.58,10,12.787697,0.996743746700885,ssr__mavg,6
ssr,mavg,14.4890822,0.61,0,12.787697,0.999255847396324,ssr__mavg,6
ssr,mavg,14.4890822,0.61,1,12.787697,1.0001907182709,ssr__mavg,6
ssr,mavg,14.4890822,0.61,2,12.787697,1.00102334655765,ssr__mavg,6
ssr,mavg,14.4890822,0.61,3,12.787697,1.00165029374273,ssr__mavg,6
ssr,mavg,14.4890822,0.61,4,12.787697,1.00196795810558,ssr__mavg,6
ssr,mavg,14.4890822,0.61,5,12.787697,1.00187284050004,ssr__mavg,6
ssr,mavg,14.4890822,0.61,6,12.787697,1.00129629609482,ssr__mavg,6
ssr,mavg,14.4890822,0.61,7,12.787697,1.00030784571031,ssr__mavg,6
ssr,mavg,14.4890822,0.61,8,12.787697,0.999011609322492,ssr__mavg,6
ssr,mavg,14.4890822,0.61,9,12.787697,0.997511531133751,ssr__mavg,6
ssr,mavg,14.4890822,0.61,10,12.787697,0.99591111480388,ssr__mavg,6
ssr,mavg,15.00565864,0.64,0,12.787697,0.998677790019042,ssr__mavg,6
ssr,mavg,15.00565864,0.64,1,12.787697,0.999832935788103,ssr__mavg,6
ssr,mavg,15.00565864,0.64,2,12.787697,1.00086839011731,ssr__mavg,6
ssr,mavg,15.00565864,0.64,3,12.787697,1.00166265491919,ssr__mavg,6
ssr,mavg,15.00565864,0.64,4,12.787697,1.00209397876118,ssr__mavg,6
ssr,mavg,15.00565864,0.64,5,12.787697,1.00204072309589,ssr__mavg,6
ssr,mavg,15.00565864,0.64,6,12.787697,1.00142223711057,ssr__mavg,6
ssr,mavg,15.00565864,0.64,7,12.787697,1.0003201999836,ssr__mavg,6
ssr,mavg,15.00565864,0.64,8,12.787697,0.99885697876949,ssr__mavg,6
ssr,mavg,15.00565864,0.64,9,12.787697,0.997154726300685,ssr__mavg,6
ssr,mavg,15.00565864,0.64,10,12.787697,0.995335016352703,ssr__mavg,6
ssr,mavg,15.5513,0.67,0,12.787697,0.998014286070586,ssr__mavg,6
ssr,mavg,15.5513,0.67,1,12.787697,0.999344398863042,ssr__mavg,6
ssr,mavg,15.5513,0.67,2,12.787697,1.00054402132144,ssr__mavg,6
ssr,mavg,15.5513,0.67,3,12.787697,1.00148029267562,ssr__mavg,6
ssr,mavg,15.5513,0.67,4,12.787697,1.00202001312376,ssr__mavg,6
ssr,mavg,15.5513,0.67,5,12.787697,1.00203008137765,ssr__mavg,6
ssr,mavg,15.5513,0.67,6,12.787697,1.00142223065182,ssr__mavg,6
ssr,mavg,15.5513,0.67,7,12.787697,1.00028572813317,ssr__mavg,6
ssr,mavg,15.5513,0.67,8,12.787697,0.998754383617701,ssr__mavg,6
ssr,mavg,15.5513,0.67,9,12.787697,0.996961786997847,ssr__mavg,6
ssr,mavg,15.5513,0.67,10,12.787697,0.995040872201632,ssr__mavg,6
ssr,mavg,16.1136532,0.7,0,12.787697,0.997352457557011,ssr__mavg,6
ssr,mavg,16.1136532,0.7,1,12.787697,0.998784915451207,ssr__mavg,6
ssr,mavg,16.1136532,0.7,2,12.787697,1.00008439985318,ssr__mavg,6
ssr,mavg,16.1136532,0.7,3,12.787697,1.00111521660824,ssr__mavg,6
ssr,mavg,16.1136532,0.7,4,12.787697,1.00174127731159,ssr__mavg,6
ssr,mavg,16.1136532,0.7,5,12.787697,1.00182655553987,ssr__mavg,6
ssr,mavg,16.1136532,0.7,6,12.787697,1.00128078692413,ssr__mavg,6
ssr,mavg,16.1136532,0.7,7,12.787697,1.00019502297146,ssr__mavg,6
ssr,mavg,16.1136532,0.7,8,12.787697,0.9987058475414,ssr__mavg,6
ssr,mavg,16.1136532,0.7,9,12.787697,0.996949655901036,ssr__mavg,6
ssr,mavg,16.1136532,0.7,10,12.787697,0.995062199686357,ssr__mavg,6
ssr,mavg,16.6861851418182,0.73,0,12.787697,0.996786475049607,ssr__mavg,6
ssr,mavg,16.6861851418182,0.73,1,12.787697,0.998224694388288,ssr__mavg,6
ssr,mavg,16.6861851418182,0.73,2,12.787697,0.999536916014752,ssr__mavg,6
ssr,mavg,16.6861851418182,0.73,3,12.787697,1.00059442948732,ssr__mavg,6
ssr,mavg,16.6861851418182,0.73,4,12.787697,1.00126812845566,ssr__mavg,6
ssr,mavg,16.6861851418182,0.73,5,12.787697,1.00142892123879,ssr__mavg,6
ssr,mavg,16.6861851418182,0.73,6,12.787697,1.00099105639463,ssr__mavg,6
ssr,mavg,16.6861851418182,0.73,7,12.787697,1.00004073483887,ssr__mavg,6
ssr,mavg,16.6861851418182,0.73,8,12.787697,0.998707366617135,ssr__mavg,6
ssr,mavg,16.6861851418182,0.73,9,12.787697,0.997120233421673,ssr__mavg,6
ssr,mavg,16.6861851418182,0.73,10,12.787697,0.99540807865971,ssr__mavg,6
ssr,mavg,17.2934395985455,0.76,0,12.787697,0.996401078980084,ssr__mavg,6
ssr,mavg,17.2934395985455,0.76,1,12.787697,0.997717522862685,ssr__mavg,6
ssr,mavg,17.2934395985455,0.76,2,12.787697,0.9989264477131,ssr__mavg,6
ssr,mavg,17.2934395985455,0.76,3,12.787697,0.999918091888127,ssr__mavg,6
ssr,mavg,17.2934395985455,0.76,4,12.787697,1.00058236626616,ssr__mavg,6
ssr,mavg,17.2934395985455,0.76,5,12.787697,1.00080915314507,ssr__mavg,6
ssr,mavg,17.2934395985455,0.76,6,12.787697,1.00052520083394,ssr__mavg,6
ssr,mavg,17.2934395985455,0.76,7,12.787697,0.999803840190356,ssr__mavg,6
ssr,mavg,17.2934395985455,0.76,8,12.787697,0.998755245016594,ssr__mavg,6
ssr,mavg,17.2934395985455,0.76,9,12.787697,0.997489535371618,ssr__mavg,6
ssr,mavg,17.2934395985455,0.76,10,12.787697,0.996116478770352,ssr__mavg,6
ssr,mavg,17.93608008,0.79,0,12.787697,0.996295797149,ssr__mavg,6
ssr,mavg,17.93608008,0.79,1,12.787697,0.997329321530597,ssr__mavg,6
ssr,mavg,17.93608008,0.79,2,12.787697,0.998287589595177,ssr__mavg,6
ssr,mavg,17.93608008,0.79,3,12.787697,0.999093992319364,ssr__mavg,6
ssr,mavg,17.93608008,0.79,4,12.787697,0.999671726037569,ssr__mavg,6
ssr,mavg,17.93608008,0.79,5,12.787697,0.999943938340575,ssr__mavg,6
ssr,mavg,17.93608008,0.79,6,12.787697,0.999859414426243,ssr__mavg,6
ssr,mavg,17.93608008,0.79,7,12.787697,0.999469187375809,ssr__mavg,6
ssr,mavg,17.93608008,0.79,8,12.787697,0.998849980721987,ssr__mavg,6
ssr,mavg,17.93608008,0.79,9,12.787697,0.998078526901279,ssr__mavg,6
ssr,mavg,17.93608008,0.79,10,12.787697,0.99723142119967,ssr__mavg,6
ssr,mavg,18.6314207393714,0.82,0,12.787697,0.996520618483253,ssr__mavg,6
ssr,mavg,18.6314207393714,0.82,1,12.787697,0.997077160490046,ssr__mavg,6
ssr,mavg,18.6314207393714,0.82,2,12.787697,0.997607659551735,ssr__mavg,6
ssr,mavg,18.6314207393714,0.82,3,12.787697,0.998085707382852,ssr__mavg,6
ssr,mavg,18.6314207393714,0.82,4,12.787697,0.998484851386362,ssr__mavg,6
ssr,mavg,18.6314207393714,0.82,5,12.787697,0.998778612034947,ssr__mavg,6
ssr,mavg,18.6314207393714,0.82,6,12.787697,0.998949303509299,ssr__mavg,6
ssr,mavg,18.6314207393714,0.82,7,12.787697,0.999014456256296,ssr__mavg,6
ssr,mavg,18.6314207393714,0.82,8,12.787697,0.999000439485374,ssr__mavg,6
ssr,mavg,18.6314207393714,0.82,9,12.787697,0.998933644625859,ssr__mavg,6
ssr,mavg,18.6314207393714,0.82,10,12.787697,0.998840467899734,ssr__mavg,6
ssr,mavg,19.369656415,0.85,0,12.787697,0.997122592378446,ssr__mavg,6
ssr,mavg,19.369656415,0.85,1,12.787697,0.996989227107151,ssr__mavg,6
ssr,mavg,19.369656415,0.85,2,12.787697,0.996897920157642,ssr__mavg,6
ssr,mavg,19.369656415,0.85,3,12.787697,0.996890700156751,ssr__mavg,6
ssr,mavg,19.369656415,0.85,4,12.787697,0.997009610471792,ssr__mavg,6
ssr,mavg,19.369656415,0.85,5,12.787697,0.997296753543176,ssr__mavg,6
ssr,mavg,19.369656415,0.85,6,12.787697,0.997780326715173,ssr__mavg,6
ssr,mavg,19.369656415,0.85,7,12.787697,0.998432544515632,ssr__mavg,6
ssr,mavg,19.369656415,0.85,8,12.787697,0.999211597484349,ssr__mavg,6
ssr,mavg,19.369656415,0.85,9,12.787697,1.00007560553345,ssr__mavg,6
ssr,mavg,19.369656415,0.85,10,12.787697,1.00098257342079,ssr__mavg,6
ssr,mavg,20.1880339266667,0.88,0,12.787697,0.998198857052898,ssr__mavg,6
ssr,mavg,20.1880339266667,0.88,1,12.787697,0.997093683091402,ssr__mavg,6
ssr,mavg,20.1880339266667,0.88,2,12.787697,0.996124776624805,ssr__mavg,6
ssr,mavg,20.1880339266667,0.88,3,12.787697,0.995426691864706,ssr__mavg,6
ssr,mavg,20.1880339266667,0.88,4,12.787697,0.995133770051002,ssr__mavg,6
ssr,mavg,20.1880339266667,0.88,5,12.787697,0.995380596654286,ssr__mavg,6
ssr,mavg,20.1880339266667,0.88,6,12.787697,0.996257616665975,ssr__mavg,6
ssr,mavg,20.1880339266667,0.88,7,12.787697,0.997676316293679,ssr__mavg,6
ssr,mavg,20.1880339266667,0.88,8,12.787697,0.999503486875551,ssr__mavg,6
ssr,mavg,20.1880339266667,0.88,9,12.787697,1.00160555919115,ssr__mavg,6
ssr,mavg,20.1880339266667,0.88,10,12.787697,1.00384814334228,ssr__mavg,6
ssr,mavg,21.16694192,0.91,0,12.787697,1.00000752756455,ssr__mavg,6
ssr,mavg,21.16694192,0.91,1,12.787697,0.99747519839041,ssr__mavg,6
ssr,mavg,21.16694192,0.91,2,12.787697,0.995217327775176,ssr__mavg,6
ssr,mavg,21.16694192,0.91,3,12.787697,0.993499662555123,ssr__mavg,6
ssr,mavg,21.16694192,0.91,4,12.787697,0.992586758139991,ssr__mavg,6
ssr,mavg,21.16694192,0.91,5,12.787697,0.99274377938421,ssr__mavg,6
ssr,mavg,21.16694192,0.91,6,12.787697,0.994149747728503,ssr__mavg,6
ssr,mavg,21.16694192,0.91,7,12.787697,0.996630980211053,ssr__mavg,6
ssr,mavg,21.16694192,0.91,8,12.787697,0.99992613032147,ssr__mavg,6
ssr,mavg,21.16694192,0.91,9,12.787697,1.00377280272989,ssr__mavg,6
ssr,mavg,21.16694192,0.91,10,12.787697,1.00790573645671,ssr__mavg,6
ssr,mavg,22.3746434533333,0.94,0,12.787697,1.00294476912253,ssr__mavg,6
ssr,mavg,22.3746434533333,0.94,1,12.787697,0.998291543091721,ssr__mavg,6
ssr,mavg,22.3746434533333,0.94,2,12.787697,0.994121188995164,ssr__mavg,6
ssr,mavg,22.3746434533333,0.94,3,12.787697,0.990887608331393,ssr__mavg,6
ssr,mavg,22.3746434533333,0.94,4,12.787697,0.989040683563613,ssr__mavg,6
ssr,mavg,22.3746434533333,0.94,5,12.787697,0.989031609529457,ssr__mavg,6
ssr,mavg,22.3746434533333,0.94,6,12.787697,0.991166967498286,ssr__mavg,6
ssr,mavg,22.3746434533333,0.94,7,12.787697,0.995152697120381,ssr__mavg,6
ssr,mavg,22.3746434533333,0.94,8,12.787697,1.00054660155587,ssr__mavg,6
ssr,mavg,22.3746434533333,0.94,9,12.787697,1.00690395379423,ssr__mavg,6
ssr,mavg,22.3746434533333,0.94,10,12.787697,1.01377210111293,ssr__mavg,6
ssr,mavg,23.8906393965714,0.97,0,12.787697,1.00758872536532,ssr__mavg,6
ssr,mavg,23.8906393965714,0.97,1,12.787697,0.999781139030722,ssr__mavg,6
ssr,mavg,23.8906393965714,0.97,2,12.787697,0.992776757063158,ssr__mavg,6
ssr,mavg,23.8906393965714,0.97,3,12.787697,0.98729810754228,ssr__mavg,6
ssr,mavg,23.8906393965714,0.97,4,12.787697,0.984056584500677,ssr__mavg,6
ssr,mavg,23.8906393965714,0.97,5,12.787697,0.983766259239778,ssr__mavg,6
ssr,mavg,23.8906393965714,0.97,6,12.787697,0.986916796029967,ssr__mavg,6
ssr,mavg,23.8906393965714,0.97,7,12.787697,0.993045714648497,ssr__mavg,6
ssr,mavg,23.8906393965714,0.97,8,12.787697,1.00145861399548,ssr__mavg,6
ssr,mavg,23.8906393965714,0.97,9,12.787697,1.01145557752123,ssr__mavg,6
ssr,mavg,23.8906393965714,0.97,10,12.787697,1.02231713926264,ssr__mavg,6
uv,lag,0.1518779888,0.01,0,1.602408672,1.04206830085282,uv__lag,7
uv,lag,0.1518779888,0.01,1,1.602408672,1.02231826728477,uv__lag,7
uv,lag,0.1518779888,0.01,2,1.602408672,1.0043831348736,uv__lag,7
uv,lag,0.1518779888,0.01,3,1.602408672,0.989599373049832,uv__lag,7
uv,lag,0.1518779888,0.01,4,1.602408672,0.979240744046651,uv__lag,7
uv,lag,0.1518779888,0.01,5,1.602408672,0.97456981827601,uv__lag,7
uv,lag,0.1518779888,0.01,6,1.602408672,0.976439698613993,uv__lag,7
uv,lag,0.1518779888,0.01,7,1.602408672,0.983946118943526,uv__lag,7
uv,lag,0.1518779888,0.01,8,1.602408672,0.995788874938249,uv__lag,7
uv,lag,0.1518779888,0.01,9,1.602408672,1.01067129755688,uv__lag,7
uv,lag,0.1518779888,0.01,10,1.602408672,1.02724952474474,uv__lag,7
uv,lag,0.30814718764,0.04,0,1.602408672,1.03154900043442,uv__lag,7
uv,lag,0.30814718764,0.04,1,1.602408672,1.01653611979743,uv__lag,7
uv,lag,0.30814718764,0.04,2,1.602408672,1.00281168804563,uv__lag,7
uv,lag,0.30814718764,0.04,3,1.602408672,0.991386955383749,uv__lag,7
uv,lag,0.30814718764,0.04,4,1.602408672,0.983236232750736,uv__lag,7
uv,lag,0.30814718764,0.04,5,1.602408672,0.979325424159276,uv__lag,7
uv,lag,0.30814718764,0.04,6,1.602408672,0.98030167776847,uv__lag,7
uv,lag,0.30814718764,0.04,7,1.602408672,0.985478023364679,uv__lag,7
uv,lag,0.30814718764,0.04,8,1.602408672,0.993859520868621,uv__lag,7
uv,lag,0.30814718764,0.04,9,1.602408672,1.00445457647359,uv__lag,7
uv,lag,0.30814718764,0.04,10,1.602408672,1.01624687113181,uv__lag,7
uv,lag,0.417750824,0.07,0,1.602408672,1.02470244223247,uv__lag,7
uv,lag,0.417750824,0.07,1,1.602408672,1.0127750012633,uv__lag,7
uv,lag,0.417750824,0.07,2,1.602408672,1.00181353422266,uv__lag,7
uv,lag,0.417750824,0.07,3,1.602408672,0.992609108819828,uv__lag,7
uv,lag,0.417750824,0.07,4,1.602408672,0.985929310591222,uv__lag,7
uv,lag,0.417750824,0.07,5,1.602408672,0.982535338767437,uv__lag,7
uv,lag,0.417750824,0.07,6,1.602408672,0.982934566232216,uv__lag,7
uv,lag,0.417750824,0.07,7,1.602408672,0.986588198660828,uv__lag,7
uv,lag,0.417750824,0.07,8,1.602408672,0.992712257972868,uv__lag,7
uv,lag,0.417750824,0.07,9,1.602408672,1.0005258020203,uv__lag,7
uv,lag,0.417750824,0.07,10,1.602408672,1.00923411210174,uv__lag,7
uv,lag,0.513952899,0.1,0,1.602408672,1.01917733014312,uv__lag,7
uv,lag,0.513952899,0.1,1,1.602408672,1.00974825689318,uv__lag,7
uv,lag,0.513952899,0.1,2,1.602408672,1.00103661556056,uv__lag,7
uv,lag,0.513952899,0.1,3,1.602408672,0.993650835913956,uv__lag,7
uv,lag,0.513952899,0.1,4,1.602408672,0.988184694512541,uv__lag,7
uv,lag,0.513952899,0.1,5,1.602408672,0.985227259768407,uv__lag,7
uv,lag,0.513952899,0.1,6,1.602408672,0.98516964348045,uv__lag,7
uv,lag,0.513952899,0.1,7,1.602408672,0.987596628463715,uv__lag,7
uv,lag,0.513952899,0.1,8,1.602408672,0.991901753111868,uv__lag,7
uv,lag,0.513952899,0.1,9,1.602408672,0.997481167513966,uv__lag,7
uv,lag,0.513952899,0.1,10,1.602408672,1.00372385509416,uv__lag,7
uv,lag,0.603616304,0.13,0,1.602408672,1.01451824536362,uv__lag,7
uv,lag,0.603616304,0.13,1,1.602408672,1.00720887269119,uv__lag,7
uv,lag,0.603616304,0.13,2,1.602408672,1.0004155251884,uv__lag,7
uv,lag,0.603616304,0.13,3,1.602408672,0.994589111952806,uv__lag,7
uv,lag,0.603616304,0.13,4,1.602408672,0.990171849268592,uv__lag,7
uv,lag,0.603616304,0.13,5,1.602408672,0.987602647179009,uv__lag,7
uv,lag,0.603616304,0.13,6,1.602408672,0.987172034765509,uv__lag,7
uv,lag,0.603616304,0.13,7,1.602408672,0.98857184670977,uv__lag,7
uv,lag,0.603616304,0.13,8,1.602408672,0.991350498137586,uv__lag,7
uv,lag,0.603616304,0.13,9,1.602408672,0.995058509448303,uv__lag,7
uv,lag,0.603616304,0.13,10,1.602408672,0.999243209893751,uv__lag,7
uv,lag,0.685873397,0.16,0,1.602408672,1.01072321374827,uv__lag,7
uv,lag,0.685873397,0.16,1,1.602408672,1.00515693323537,uv__lag,7
uv,lag,0.685873397,0.16,2,1.602408672,0.999948184240404,uv__lag,7
uv,lag,0.685873397,0.16,3,1.602408672,0.995417111901996,uv__lag,7
uv,lag,0.685873397,0.16,4,1.602408672,0.991878970248265,uv__lag,7
uv,lag,0.685873397,0.16,5,1.602408672,0.98964680750154,uv__lag,7
uv,lag,0.685873397,0.16,6,1.602408672,0.988927376823478,uv__lag,7
uv,lag,0.685873397,0.16,7,1.602408672,0.989501682297429,uv__lag,7
uv,lag,0.685873397,0.16,8,1.602408672,0.991047905552337,uv__lag,7
uv,lag,0.685873397,0.16,9,1.602408672,0.993245810427587,uv__lag,7
uv,lag,0.685873397,0.16,10,1.602408672,0.99577410200053,uv__lag,7
uv,lag,0.764170156,0.19,0,1.602408672,1.00758877635223,uv__lag,7
uv,lag,0.764170156,0.19,1,1.602408672,1.00348262921231,uv__lag,7
uv,lag,0.764170156,0.19,2,1.602408672,0.999606875297952,uv__lag,7
uv,lag,0.764170156,0.19,3,1.602408672,0.996171896332335,uv__lag,7
uv,lag,0.764170156,0.19,4,1.602408672,0.993385574954618,uv__lag,7
uv,lag,0.764170156,0.19,5,1.602408672,0.991454444205014,uv__lag,7
uv,lag,0.764170156,0.19,6,1.602408672,0.990514690185562,uv__lag,7
uv,lag,0.764170156,0.19,7,1.602408672,0.990422341984041,uv__lag,7
uv,lag,0.764170156,0.19,8,1.602408672,0.990965304637853,uv__lag,7
uv,lag,0.764170156,0.19,9,1.602408672,0.991932558493331,uv__lag,7
uv,lag,0.764170156,0.19,10,1.602408672,0.993113028206743,uv__lag,7
uv,lag,0.841981484,0.22,0,1.602408672,1.00498325599854,uv__lag,7
uv,lag,0.841981484,0.22,1,1.602408672,1.00211759982402,uv__lag,7
uv,lag,0.841981484,0.22,2,1.602408672,0.999379209594183,uv__lag,7
uv,lag,0.841981484,0.22,3,1.602408672,0.996885883247638,uv__lag,7
uv,lag,0.841981484,0.22,4,1.602408672,0.99475436568799,uv__lag,7
uv,lag,0.841981484,0.22,5,1.602408672,0.993100706988404,uv__lag,7
uv,lag,0.841981484,0.22,6,1.602408672,0.992001348971187,uv__lag,7
uv,lag,0.841981484,0.22,7,1.602408672,0.991375687112294,uv__lag,7
uv,lag,0.841981484,0.22,8,1.602408672,0.991104703490927,uv__lag,7
uv,lag,0.841981484,0.22,9,1.602408672,0.991069988826529,uv__lag,7
uv,lag,0.841981484,0.22,10,1.602408672,0.99115338979703,uv__lag,7
uv,lag,0.920997436,0.25,0,1.602408672,1.00290537124253,uv__lag,7
uv,lag,0.920997436,0.25,1,1.602408672,1.00106608399295,uv__lag,7
uv,lag,0.920997436,0.25,2,1.602408672,0.999273379164773,uv__lag,7
uv,lag,0.920997436,0.25,3,1.602408672,0.997570154030586,uv__lag,7
uv,lag,0.920997436,0.25,4,1.602408672,0.995999029372223,uv__lag,7
uv,lag,0.920997436,0.25,5,1.602408672,0.994602397072543,uv__lag,7
uv,lag,0.920997436,0.25,6,1.602408672,0.993408166899033,uv__lag,7
uv,lag,0.920997436,0.25,7,1.602408672,0.99238700540929,uv__lag,7
uv,lag,0.920997436,0.25,8,1.602408672,0.991495506819589,uv__lag,7
uv,lag,0.920997436,0.25,9,1.602408672,0.990690483472351,uv__lag,7
uv,lag,0.920997436,0.25,10,1.602408672,0.989928918929905,uv__lag,7
uv,lag,1.00075964028,0.28,0,1.602408672,1.00141235721153,uv__lag,7
uv,lag,1.00075964028,0.28,1,1.602408672,1.00036051853579,uv__lag,7
uv,lag,1.00075964028,0.28,2,1.602408672,0.999298056425732,uv__lag,7
uv,lag,1.00075964028,0.28,3,1.602408672,0.998213291582627,uv__lag,7
uv,lag,1.00075964028,0.28,4,1.602408672,0.997094596735733,uv__lag,7
uv,lag,1.00075964028,0.28,5,1.602408672,0.995930399927409,uv__lag,7
uv,lag,1.00075964028,0.28,6,1.602408672,0.994713080590618,uv__lag,7
uv,lag,1.00075964028,0.28,7,1.602408672,0.993450609913864,uv__lag,7
uv,lag,1.00075964028,0.28,8,1.602408672,0.99215480792464,uv__lag,7
uv,lag,1.00075964028,0.28,9,1.602408672,0.990837438089932,uv__lag,7
uv,lag,1.00075964028,0.28,10,1.602408672,0.989510204077559,uv__lag,7
uv,lag,1.080290471,0.31,0,1.602408672,1.00045041634741,uv__lag,7
uv,lag,1.080290471,0.31,1,1.602408672,0.999960448805176,uv__lag,7
uv,lag,1.080290471,0.31,2,1.602408672,0.999423758228689,uv__lag,7
uv,lag,1.080290471,0.31,3,1.602408672,0.998793486739245,uv__lag,7
uv,lag,1.080290471,0.31,4,1.602408672,0.998022914603921,uv__lag,7
uv,lag,1.080290471,0.31,5,1.602408672,0.997065515035959,uv__lag,7
uv,lag,1.080290471,0.31,6,1.602408672,0.995890629212259,uv__lag,7
uv,lag,1.080290471,0.31,7,1.602408672,0.994530182451924,uv__lag,7
uv,lag,1.080290471,0.31,8,1.602408672,0.993031599686783,uv__lag,7
uv,lag,1.080290471,0.31,9,1.602408672,0.991442096963128,uv__lag,7
uv,lag,1.080290471,0.31,10,1.602408672,0.989808627309052,uv__lag,7
uv,lag,1.159713484,0.34,0,1.602408672,0.999912587338067,uv__lag,7
uv,lag,1.159713484,0.34,1,1.602408672,0.99979470843468,uv__lag,7
uv,lag,1.159713484,0.34,2,1.602408672,0.999611260226778,uv__lag,7
uv,lag,1.159713484,0.34,3,1.602408672,0.999296716248871,uv__lag,7
uv,lag,1.159713484,0.34,4,1.602408672,0.998785671243224,uv__lag,7
uv,lag,1.159713484,0.34,5,1.602408672,0.99801294845956,uv__lag,7
uv,lag,1.159713484,0.34,6,1.602408672,0.996935551079356,uv__lag,7
uv,lag,1.159713484,0.34,7,1.602408672,0.995598011492511,uv__lag,7
uv,lag,1.159713484,0.34,8,1.602408672,0.994066595311206,uv__lag,7
uv,lag,1.159713484,0.34,9,1.602408672,0.992407309344405,uv__lag,7
uv,lag,1.159713484,0.34,10,1.602408672,0.990685795428088,uv__lag,7
uv,lag,1.2417229905,0.37,0,1.602408672,0.999693455503961,uv__lag,7
uv,lag,1.2417229905,0.37,1,1.602408672,0.999796375963203,uv__lag,7
uv,lag,1.2417229905,0.37,2,1.602408672,0.99982879956409,uv__lag,7
uv,lag,1.2417229905,0.37,3,1.602408672,0.999720219650427,uv__lag,7
uv,lag,1.2417229905,0.37,4,1.602408672,0.999400204928166,uv__lag,7
uv,lag,1.2417229905,0.37,5,1.602408672,0.998798523641799,uv__lag,7
uv,lag,1.2417229905,0.37,6,1.602408672,0.997868772375452,uv__lag,7
uv,lag,1.2417229905,0.37,7,1.602408672,0.996658721239449,uv__lag,7
uv,lag,1.2417229905,0.37,8,1.602408672,0.9952395711341,uv__lag,7
uv,lag,1.2417229905,0.37,9,1.602408672,0.993682288815654,uv__lag,7
uv,lag,1.2417229905,0.37,10,1.602408672,0.992057483800587,uv__lag,7
uv,lag,1.323729708,0.4,0,1.602408672,0.999706425645343,uv__lag,7
uv,lag,1.323729708,0.4,1,1.602408672,0.999899457195207,uv__lag,7
uv,lag,1.323729708,0.4,2,1.602408672,1.00002847436103,uv__lag,7
uv,lag,1.323729708,0.4,3,1.602408672,1.00002940064048,uv__lag,7
uv,lag,1.323729708,0.4,4,1.602408672,0.999838196208734,uv__lag,7
uv,lag,1.323729708,0.4,5,1.602408672,0.999390960440697,uv__lag,7
uv,lag,1.323729708,0.4,6,1.602408672,0.998645395344744,uv__lag,7
uv,lag,1.323729708,0.4,7,1.602408672,0.997644765977336,uv__lag,7
uv,lag,1.323729708,0.4,8,1.602408672,0.996453658893958,uv__lag,7
uv,lag,1.323729708,0.4,9,1.602408672,0.995136493162408,uv__lag,7
uv,lag,1.323729708,0.4,10,1.602408672,0.99375741853487,uv__lag,7
uv,lag,1.404594531,0.43,0,1.602408672,0.99983884691957,uv__lag,7
uv,lag,1.404594531,0.43,1,1.602408672,1.00002738777336,uv__lag,7
uv,lag,1.404594531,0.43,2,1.602408672,1.00016631395086,uv__lag,7
uv,lag,1.404594531,0.43,3,1.602408672,1.00020595256868,uv__lag,7
uv,lag,1.404594531,0.43,4,1.602408672,1.00009664505015,uv__lag,7
uv,lag,1.404594531,0.43,5,1.602408672,0.999788808735723,uv__lag,7
uv,lag,1.404594531,0.43,6,1.602408672,0.999249557412933,uv__lag,7
uv,lag,1.404594531,0.43,7,1.602408672,0.998512309692593,uv__lag,7
uv,lag,1.404594531,0.43,8,1.602408672,0.997627026015892,uv__lag,7
uv,lag,1.404594531,0.43,9,1.602408672,0.996643574070193,uv__lag,7
uv,lag,1.404594531,0.43,10,1.602408672,0.995611667474745,uv__lag,7
uv,lag,1.48896145052,0.46,0,1.602408672,0.9999886305124,uv__lag,7
uv,lag,1.48896145052,0.46,1,1.602408672,1.00011062153836,uv__lag,7
uv,lag,1.48896145052,0.46,2,1.602408672,1.00020317948588,uv__lag,7
uv,lag,1.48896145052,0.46,3,1.602408672,1.00023684722908,uv__lag,7
uv,lag,1.48896145052,0.46,4,1.602408672,1.00018217147888,uv__lag,7
uv,lag,1.48896145052,0.46,5,1.602408672,1.00000972445742,uv__lag,7
uv,lag,1.48896145052,0.46,6,1.602408672,0.999699945081426,uv__lag,7
uv,lag,1.48896145052,0.46,7,1.602408672,0.999272574224244,uv__lag,7
uv,lag,1.48896145052,0.46,8,1.602408672,0.998757167309585,uv__lag,7
uv,lag,1.48896145052,0.46,9,1.602408672,0.998183248388045,uv__lag,7
uv,lag,1.48896145052,0.46,10,1.602408672,0.997580288521996,uv__lag,7
uv,lag,1.573581019,0.49,0,1.602408672,1.0000315303544,uv__lag,7
uv,lag,1.573581019,0.49,1,1.602408672,1.00006163509099,uv__lag,7
uv,lag,1.573581019,0.49,2,1.602408672,1.00008440910804,uv__lag,7
uv,lag,1.573581019,0.49,3,1.602408672,1.00009252021943,uv__lag,7
uv,lag,1.573581019,0.49,4,1.602408672,1.00007863648488,uv__lag,7
uv,lag,1.573581019,0.49,5,1.602408672,1.00003542755371,uv__lag,7
uv,lag,1.573581019,0.49,6,1.602408672,0.999958010100122,uv__lag,7
uv,lag,1.573581019,0.49,7,1.602408672,0.99985127865046,uv__lag,7
uv,lag,1.573581019,0.49,8,1.602408672,0.999722571512171,uv__lag,7
uv,lag,1.573581019,0.49,9,1.602408672,0.999579225043551,uv__lag,7
uv,lag,1.573581019,0.49,10,1.602408672,0.99942857231098,uv__lag,7
uv,lag,1.661968693,0.52,0,1.602408672,0.999838775241338,uv__lag,7
uv,lag,1.661968693,0.52,1,1.602408672,0.999785941724391,uv__lag,7
uv,lag,1.661968693,0.52,2,1.602408672,0.999747266613799,uv__lag,7
uv,lag,1.661968693,0.52,3,1.602408672,0.999736903734453,uv__lag,7
uv,lag,1.661968693,0.52,4,1.602408672,0.999769008128321,uv__lag,7
uv,lag,1.661968693,0.52,5,1.602408672,0.999857741065456,uv__lag,7
uv,lag,1.661968693,0.52,6,1.602408672,1.00001255722656,uv__lag,7
uv,lag,1.661968693,0.52,7,1.602408672,1.00022404561729,uv__lag,7
uv,lag,1.661968693,0.52,8,1.602408672,1.00047807601966,uv__lag,7
uv,lag,1.661968693,0.52,9,1.602408672,1.00076051066087,uv__lag,7
uv,lag,1.661968693,0.52,10,1.602408672,1.0010571991954,uv__lag,7
uv,lag,1.7503909666,0.55,0,1.602408672,0.999372513183861,uv__lag,7
uv,lag,1.7503909666,0.55,1,1.602408672,0.999265000740662,uv__lag,7
uv,lag,1.7503909666,0.55,2,1.602408672,0.999190214374862,uv__lag,7
uv,lag,1.7503909666,0.55,3,1.602408672,0.999180860945028,uv__lag,7
uv,lag,1.7503909666,0.55,4,1.602408672,0.999269655725829,uv__lag,7
uv,lag,1.7503909666,0.55,5,1.602408672,0.999489349189964,uv__lag,7
uv,lag,1.7503909666,0.55,6,1.602408672,0.999861852124294,uv__lag,7
uv,lag,1.7503909666,0.55,7,1.602408672,1.0003654994189,uv__lag,7
uv,lag,1.7503909666,0.55,8,1.602408672,1.0009677153154,uv__lag,7
uv,lag,1.7503909666,0.55,9,1.602408672,1.0016358818394,uv__lag,7
uv,lag,1.7503909666,0.55,10,1.602408672,1.0023373119287,uv__lag,7
uv,lag,1.845118643,0.58,0,1.602408672,0.99860303698128,uv__lag,7
uv,lag,1.845118643,0.58,1,1.602408672,0.998466792768414,uv__lag,7
uv,lag,1.845118643,0.58,2,1.602408672,0.998380158159036,uv__lag,7
uv,lag,1.845118643,0.58,3,1.602408672,0.998392711880641,uv__lag,7
uv,lag,1.845118643,0.58,4,1.602408672,0.998554057327742,uv__lag,7
uv,lag,1.845118643,0.58,5,1.602408672,0.99891388416611,uv__lag,7
uv,lag,1.845118643,0.58,6,1.602408672,0.99950550516245,uv__lag,7
uv,lag,1.845118643,0.58,7,1.602408672,1.00029620649926,uv__lag,7
uv,lag,1.845118643,0.58,8,1.602408672,1.00123672465791,uv__lag,7
uv,lag,1.845118643,0.58,9,1.602408672,1.00227769387892,uv__lag,7
uv,lag,1.845118643,0.58,10,1.602408672,1.00336958422555,uv__lag,7
uv,lag,1.941854488,0.61,0,1.602408672,0.997567200873826,uv__lag,7
uv,lag,1.941854488,0.61,1,1.602408672,0.997431398465965,uv__lag,7
uv,lag,1.941854488,0.61,2,1.602408672,0.997359545115114,uv__lag,7
uv,lag,1.941854488,0.61,3,1.602408672,0.997415561163014,uv__lag,7
uv,lag,1.941854488,0.61,4,1.602408672,0.997663418203575,uv__lag,7
uv,lag,1.941854488,0.61,5,1.602408672,0.998167241601709,uv__lag,7
uv,lag,1.941854488,0.61,6,1.602408672,0.998970108748331,uv__lag,7
uv,lag,1.941854488,0.61,7,1.602408672,1.00003000400448,uv__lag,7
uv,lag,1.941854488,0.61,8,1.602408672,1.00128355774958,uv__lag,7
uv,lag,1.941854488,0.61,9,1.602408672,1.00266722030632,uv__lag,7
uv,lag,1.941854488,0.61,10,1.602408672,1.00411715866246,uv__lag,7
uv,lag,2.043144463,0.64,0,1.602408672,0.996255076651832,uv__lag,7
uv,lag,2.043144463,0.64,1,1.602408672,0.996149595025966,uv__lag,7
uv,lag,2.043144463,0.64,2,1.602408672,0.996120295414059,uv__lag,7
uv,lag,2.043144463,0.64,3,1.602408672,0.996243351349709,uv__lag,7
uv,lag,2.043144463,0.64,4,1.602408672,0.996595026447226,uv__lag,7
uv,lag,2.043144463,0.64,5,1.602408672,0.997251820183591,uv__lag,7
uv,lag,2.043144463,0.64,6,1.602408672,0.998265226197291,uv__lag,7
uv,lag,2.043144463,0.64,7,1.602408672,0.999585370211234,uv__lag,7
uv,lag,2.043144463,0.64,8,1.602408672,1.00113690583315,uv__lag,7
uv,lag,2.043144463,0.64,9,1.602408672,1.0028442138667,uv__lag,7
uv,lag,2.043144463,0.64,10,1.602408672,1.00463125514849,uv__lag,7
uv,lag,2.149753728,0.67,0,1.602408672,0.994672329324146,uv__lag,7
uv,lag,2.149753728,0.67,1,1.602408672,0.994628972491844,uv__lag,7
uv,lag,2.149753728,0.67,2,1.602408672,0.994672023978437,uv__lag,7
uv,lag,2.149753728,0.67,3,1.602408672,0.994887920188289,uv__lag,7
uv,lag,2.149753728,0.67,4,1.602408672,0.99536324014916,uv__lag,7
uv,lag,2.149753728,0.67,5,1.602408672,0.996184893501239,uv__lag,7
uv,lag,2.149753728,0.67,6,1.602408672,0.997411501280545,uv__lag,7
uv,lag,2.149753728,0.67,7,1.602408672,0.998986699126146,uv__lag,7
uv,lag,2.149753728,0.67,8,1.602408672,1.00082518485129,uv__lag,7
uv,lag,2.149753728,0.67,9,1.602408672,1.00284127863928,uv__lag,7
uv,lag,2.149753728,0.67,10,1.602408672,1.0049487328693,uv__lag,7
uv,lag,2.265475525,0.7,0,1.602408672,0.992781210969432,uv__lag,7
uv,lag,2.265475525,0.7,1,1.602408672,0.992836919704368,uv__lag,7
uv,lag,2.265475525,0.7,2,1.602408672,0.992987593189266,uv__lag,7
uv,lag,2.265475525,0.7,3,1.602408672,0.993328268862967,uv__lag,7
uv,lag,2.265475525,0.7,4,1.602408672,0.99395419633342,uv__lag,7
uv,lag,2.265475525,0.7,5,1.602408672,0.99496106503318,uv__lag,7
uv,lag,2.265475525,0.7,6,1.602408672,0.996413558924066,uv__lag,7
uv,lag,2.265475525,0.7,7,1.602408672,0.998249977974732,uv__lag,7
uv,lag,2.265475525,0.7,8,1.602408672,1.000376758952,uv__lag,7
uv,lag,2.265475525,0.7,9,1.602408672,1.00269984274209,uv__lag,7
uv,lag,2.265475525,0.7,10,1.602408672,1.00512444351606,uv__lag,7
uv,lag,2.38905849504,0.73,0,1.602408672,0.990637295271926,uv__lag,7
uv,lag,2.38905849504,0.73,1,1.602408672,0.990830947742753,uv__lag,7
uv,lag,2.38905849504,0.73,2,1.602408672,0.991126435804886,uv__lag,7
uv,lag,2.38905849504,0.73,3,1.602408672,0.991625699556463,uv__lag,7
uv,lag,2.38905849504,0.73,4,1.602408672,0.992430978569267,uv__lag,7
uv,lag,2.38905849504,0.73,5,1.602408672,0.993645074335373,uv__lag,7
uv,lag,2.38905849504,0.73,6,1.602408672,0.995337640115834,uv__lag,7
uv,lag,2.38905849504,0.73,7,1.602408672,0.997442811808653,uv__lag,7
uv,lag,2.38905849504,0.73,8,1.602408672,0.999860488774296,uv__lag,7
uv,lag,2.38905849504,0.73,9,1.602408672,1.00248994505544,uv__lag,7
uv,lag,2.38905849504,0.73,10,1.602408672,1.00522956259715,uv__lag,7
uv,lag,2.52086474804,0.76,0,1.602408672,0.988299000168606,uv__lag,7
uv,lag,2.52086474804,0.76,1,1.602408672,0.988671314586494,uv__lag,7
uv,lag,2.52086474804,0.76,2,1.602408672,0.989151010242835,uv__lag,7
uv,lag,2.52086474804,0.76,3,1.602408672,0.98984555956955,uv__lag,7
uv,lag,2.52086474804,0.76,4,1.602408672,0.990862841360128,uv__lag,7
uv,lag,2.52086474804,0.76,5,1.602408672,0.992311433144548,uv__lag,7
uv,lag,2.52086474804,0.76,6,1.602408672,0.994265088074505,uv__lag,7
uv,lag,2.52086474804,0.76,7,1.602408672,0.996654737109305,uv__lag,7
uv,lag,2.52086474804,0.76,8,1.602408672,0.999375142617786,uv__lag,7
uv,lag,2.52086474804,0.76,9,1.602408672,1.00232029930421,uv__lag,7
uv,lag,2.52086474804,0.76,10,1.602408672,1.00538313618275,uv__lag,7
uv,lag,2.67040879194,0.79,0,1.602408672,0.985653126648979,uv__lag,7
uv,lag,2.67040879194,0.79,1,1.602408672,0.986263141648301,uv__lag,7
uv,lag,2.67040879194,0.79,2,1.602408672,0.986985277790477,uv__lag,7
uv,lag,2.67040879194,0.79,3,1.602408672,0.98793163151619,uv__lag,7
uv,lag,2.67040879194,0.79,4,1.602408672,0.989214842697544,uv__lag,7
uv,lag,2.67040879194,0.79,5,1.602408672,0.990948413629358,uv__lag,7
uv,lag,2.67040879194,0.79,6,1.602408672,0.993209672492643,uv__lag,7
uv,lag,2.67040879194,0.79,7,1.602408672,0.995927038637375,uv__lag,7
uv,lag,2.67040879194,0.79,8,1.602408672,0.998991109550494,uv__lag,7
uv,lag,2.67040879194,0.79,9,1.602408672,1.0022915476213,uv__lag,7
uv,lag,2.67040879194,0.79,10,1.602408672,1.00571675391586,uv__lag,7
uv,lag,2.837944678,0.82,0,1.602408672,0.982704357162899,uv__lag,7
uv,lag,2.837944678,0.82,1,1.602408672,0.983623159675202,uv__lag,7
uv,lag,2.837944678,0.82,2,1.602408672,0.984657614181385,uv__lag,7
uv,lag,2.837944678,0.82,3,1.602408672,0.985923024123094,uv__lag,7
uv,lag,2.837944678,0.82,4,1.602408672,0.987535405319083,uv__lag,7
uv,lag,2.837944678,0.82,5,1.602408672,0.989611824743804,uv__lag,7
uv,lag,2.837944678,0.82,6,1.602408672,0.992232316113616,uv__lag,7
uv,lag,2.837944678,0.82,7,1.602408672,0.995323811062485,uv__lag,7
uv,lag,2.837944678,0.82,8,1.602408672,0.998774213469653,uv__lag,7
uv,lag,2.837944678,0.82,9,1.602408672,1.00247030260005,uv__lag,7
uv,lag,2.837944678,0.82,10,1.602408672,1.00629738530798,uv__lag,7
uv,lag,3.018801719,0.85,0,1.602408672,0.979539104130343,uv__lag,7
uv,lag,3.018801719,0.85,1,1.602408672,0.980839857730942,uv__lag,7
uv,lag,3.018801719,0.85,2,1.602408672,0.982258136809669,uv__lag,7
uv,lag,3.018801719,0.85,3,1.602408672,0.983910438954464,uv__lag,7
uv,lag,3.018801719,0.85,4,1.602408672,0.985914166962253,uv__lag,7
uv,lag,3.018801719,0.85,5,1.602408672,0.988387976423015,uv__lag,7
uv,lag,3.018801719,0.85,6,1.602408672,0.991413303401816,uv__lag,7
uv,lag,3.018801719,0.85,7,1.602408672,0.994916969646494,uv__lag,7
uv,lag,3.018801719,0.85,8,1.602408672,0.998786216249148,uv__lag,7
uv,lag,3.018801719,0.85,9,1.602408672,1.00290696139191,uv__lag,7
uv,lag,3.018801719,0.85,10,1.602408672,1.00716344196746,uv__lag,7
uv,lag,3.227892421,0.88,0,1.602408672,0.975902522241052,uv__lag,7
uv,lag,3.227892421,0.88,1,1.602408672,0.977705208668148,uv__lag,7
uv,lag,3.227892421,0.88,2,1.602408672,0.979625339058512,uv__lag,7
uv,lag,3.227892421,0.88,3,1.602408672,0.981777956690847,uv__lag,7
uv,lag,3.227892421,0.88,4,1.602408672,0.984279232881452,uv__lag,7
uv,lag,3.227892421,0.88,5,1.602408672,0.987246808593866,uv__lag,7
uv,lag,3.227892421,0.88,6,1.602408672,0.990761802527381,uv__lag,7
uv,lag,3.227892421,0.88,7,1.602408672,0.994752735039314,uv__lag,7
uv,lag,3.227892421,0.88,8,1.602408672,0.99910885381781,uv__lag,7
uv,lag,3.227892421,0.88,9,1.602408672,1.0037178758835,uv__lag,7
uv,lag,3.227892421,0.88,10,1.602408672,1.0084656335553,uv__lag,7
uv,lag,3.49056723602,0.91,0,1.602408672,0.971367820123464,uv__lag,7
uv,lag,3.49056723602,0.91,1,1.602408672,0.973888345442943,uv__lag,7
uv,lag,3.49056723602,0.91,2,1.602408672,0.976523277773041,uv__lag,7
uv,lag,3.49056723602,0.91,3,1.602408672,0.979381692051425,uv__lag,7
uv,lag,3.49056723602,0.91,4,1.602408672,0.982574042525175,uv__lag,7
uv,lag,3.49056723602,0.91,5,1.602408672,0.986212474323233,uv__lag,7
uv,lag,3.49056723602,0.91,6,1.602408672,0.990374793817509,uv__lag,7
uv,lag,3.49056723602,0.91,7,1.602408672,0.994994235586561,uv__lag,7
uv,lag,3.49056723602,0.91,8,1.602408672,0.999966556114248,uv__lag,7
uv,lag,3.49056723602,0.91,9,1.602408672,1.00518577824841,uv__lag,7
uv,lag,3.49056723602,0.91,10,1.602408672,1.01054386618472,uv__lag,7
uv,lag,3.84644909907999,0.94,0,1.602408672,0.96528232017945,uv__lag,7
uv,lag,3.84644909907999,0.94,1,1.602408672,0.968920595842752,uv__lag,7
uv,lag,3.84644909907999,0.94,2,1.602408672,0.972665071155946,uv__lag,7
uv,lag,3.84644909907999,0.94,3,1.602408672,0.976609731664695,uv__lag,7
uv,lag,3.84644909907999,0.94,4,1.602408672,0.980850157599337,uv__lag,7
uv,lag,3.84644909907999,0.94,5,1.602408672,0.985483763490728,uv__lag,7
uv,lag,3.84644909907999,0.94,6,1.602408672,0.990578734855525,uv__lag,7
uv,lag,3.84644909907999,0.94,7,1.602408672,0.996078844600212,uv__lag,7
uv,lag,3.84644909907999,0.94,8,1.602408672,1.00189526374574,uv__lag,7
uv,lag,3.84644909907999,0.94,9,1.602408672,1.00793731848183,uv__lag,7
uv,lag,3.84644909907999,0.94,10,1.602408672,1.01411223812841,uv__lag,7
uv,lag,4.370001285,0.97,0,1.602408672,0.956446476420726,uv__lag,7
uv,lag,4.370001285,0.97,1,1.602408672,0.962005125450736,uv__lag,7
uv,lag,4.370001285,0.97,2,1.602408672,0.967652647843359,uv__lag,7
uv,lag,4.370001285,0.97,3,1.602408672,0.973447134106469,uv__lag,7
uv,lag,4.370001285,0.97,4,1.602408672,0.979448080724048,uv__lag,7
uv,lag,4.370001285,0.97,5,1.602408672,0.985716495781168,uv__lag,7
uv,lag,4.370001285,0.97,6,1.602408672,0.992295705040498,uv__lag,7
uv,lag,4.370001285,0.97,7,1.602408672,0.999152443840205,uv__lag,7
uv,lag,4.370001285,0.97,8,1.602408672,1.0062330215828,uv__lag,7
uv,lag,4.370001285,0.97,9,1.602408672,1.01348226677669,uv__lag,7
uv,lag,4.370001285,0.97,10,1.602408672,1.02084341522685,uv__lag,7
uv,mavg,0.348939914625,0.01,0,1.76445038733333,1.00874995851816,uv__mavg,8
uv,mavg,0.348939914625,0.01,1,1.76445038733333,1.01829477416772,uv__mavg,8
uv,mavg,0.348939914625,0.01,2,1.76445038733333,1.02643496093495,uv__mavg,8
uv,mavg,0.348939914625,0.01,3,1.76445038733333,1.03163300594558,uv__mavg,8
uv,mavg,0.348939914625,0.01,4,1.76445038733333,1.03234017386708,uv__mavg,8
uv,mavg,0.348939914625,0.01,5,1.76445038733333,1.02705138249686,uv__mavg,8
uv,mavg,0.348939914625,0.01,6,1.76445038733333,1.01487342803558,uv__mavg,8
uv,mavg,0.348939914625,0.01,7,1.76445038733333,0.997018771513699,uv__mavg,8
uv,mavg,0.348939914625,0.01,8,1.76445038733333,0.975211010392728,uv__mavg,8
uv,mavg,0.348939914625,0.01,9,1.76445038733333,0.951107767207668,uv__mavg,8
uv,mavg,0.348939914625,0.01,10,1.76445038733333,0.926251227562546,uv__mavg,8
uv,mavg,0.531460198256,0.04,0,1.76445038733333,1.0108834067964,uv__mavg,8
uv,mavg,0.531460198256,0.04,1,1.76445038733333,1.01644868542976,uv__mavg,8
uv,mavg,0.531460198256,0.04,2,1.76445038733333,1.02101148034041,uv__mavg,8
uv,mavg,0.531460198256,0.04,3,1.76445038733333,1.02352238293454,uv__mavg,8
uv,mavg,0.531460198256,0.04,4,1.76445038733333,1.02293112231013,uv__mavg,8
uv,mavg,0.531460198256,0.04,5,1.76445038733333,1.01821278116212,uv__mavg,8
uv,mavg,0.531460198256,0.04,6,1.76445038733333,1.0087440477333,uv__mavg,8
uv,mavg,0.531460198256,0.04,7,1.76445038733333,0.995328708204807,uv__mavg,8
uv,mavg,0.531460198256,0.04,8,1.76445038733333,0.979116579290401,uv__mavg,8
uv,mavg,0.531460198256,0.04,9,1.76445038733333,0.961222284499592,uv__mavg,8
uv,mavg,0.531460198256,0.04,10,1.76445038733333,0.942701141765332,uv__mavg,8
uv,mavg,0.64579285185,0.07,0,1.76445038733333,1.01187513138121,uv__mavg,8
uv,mavg,0.64579285185,0.07,1,1.76445038733333,1.01522894392971,uv__mavg,8
uv,mavg,0.64579285185,0.07,2,1.76445038733333,1.01782105641353,uv__mavg,8
uv,mavg,0.64579285185,0.07,3,1.76445038733333,1.01887197163654,uv__mavg,8
uv,mavg,0.64579285185,0.07,4,1.76445038733333,1.01760425699326,uv__mavg,8
uv,mavg,0.64579285185,0.07,5,1.76445038733333,1.01325720953436,uv__mavg,8
uv,mavg,0.64579285185,0.07,6,1.76445038733333,1.00536144309468,uv__mavg,8
uv,mavg,0.64579285185,0.07,7,1.76445038733333,0.994503317042423,uv__mavg,8
uv,mavg,0.64579285185,0.07,8,1.76445038733333,0.981524991938028,uv__mavg,8
uv,mavg,0.64579285185,0.07,9,1.76445038733333,0.967246645618463,uv__mavg,8
uv,mavg,0.64579285185,0.07,10,1.76445038733333,0.952452824880287,uv__mavg,8
uv,mavg,0.753016215709091,0.1,0,1.76445038733333,1.012498685691,uv__mavg,8
uv,mavg,0.753016215709091,0.1,1,1.76445038733333,1.01402886479861,uv__mavg,8
uv,mavg,0.753016215709091,0.1,2,1.76445038733333,1.01500785377898,uv__mavg,8
uv,mavg,0.753016215709091,0.1,3,1.76445038733333,1.01488061954501,uv__mavg,8
uv,mavg,0.753016215709091,0.1,4,1.76445038733333,1.01309511843221,uv__mavg,8
uv,mavg,0.753016215709091,0.1,5,1.76445038733333,1.00910981200802,uv__mavg,8
uv,mavg,0.753016215709091,0.1,6,1.76445038733333,1.00258622928486,uv__mavg,8
uv,mavg,0.753016215709091,0.1,7,1.76445038733333,0.993935000437942,uv__mavg,8
uv,mavg,0.753016215709091,0.1,8,1.76445038733333,0.98374817594703,uv__mavg,8
uv,mavg,0.753016215709091,0.1,9,1.76445038733333,0.972604707943343,uv__mavg,8
uv,mavg,0.753016215709091,0.1,10,1.76445038733333,0.961063382511735,uv__mavg,8
uv,mavg,0.860076582076,0.13,0,1.76445038733333,1.01277417196276,uv__mavg,8
uv,mavg,0.860076582076,0.13,1,1.76445038733333,1.01276710729094,uv__mavg,8
uv,mavg,0.860076582076,0.13,2,1.76445038733333,1.01239806990857,uv__mavg,8
uv,mavg,0.860076582076,0.13,3,1.76445038733333,1.01130587320612,uv__mavg,8
uv,mavg,0.860076582076,0.13,4,1.76445038733333,1.00913205265158,uv__mavg,8
uv,mavg,0.860076582076,0.13,5,1.76445038733333,1.00552407320902,uv__mavg,8
uv,mavg,0.860076582076,0.13,6,1.76445038733333,1.00025894730612,uv__mavg,8
uv,mavg,0.860076582076,0.13,7,1.76445038733333,0.993599622123304,uv__mavg,8
uv,mavg,0.860076582076,0.13,8,1.76445038733333,0.985926729325782,uv__mavg,8
uv,mavg,0.860076582076,0.13,9,1.76445038733333,0.977613892024672,uv__mavg,8
uv,mavg,0.860076582076,0.13,10,1.76445038733333,0.969024679338496,uv__mavg,8
uv,mavg,0.963910693706667,0.16,0,1.76445038733333,1.01266303454595,uv__mavg,8
uv,mavg,0.963910693706667,0.16,1,1.76445038733333,1.01147426717137,uv__mavg,8
uv,mavg,0.963910693706667,0.16,2,1.76445038733333,1.01008127959278,uv__mavg,8
uv,mavg,0.963910693706667,0.16,3,1.76445038733333,1.00827967071748,uv__mavg,8
uv,mavg,0.963910693706667,0.16,4,1.76445038733333,1.00586687678342,uv__mavg,8
uv,mavg,0.963910693706667,0.16,5,1.76445038733333,1.00264320098256,uv__mavg,8
uv,mavg,0.963910693706667,0.16,6,1.76445038733333,0.998480982520007,uv__mavg,8
uv,mavg,0.963910693706667,0.16,7,1.76445038733333,0.993526812136978,uv__mavg,8
uv,mavg,0.963910693706667,0.16,8,1.76445038733333,0.987993741616154,uv__mavg,8
uv,mavg,0.963910693706667,0.16,9,1.76445038733333,0.982091608686223,uv__mavg,8
uv,mavg,0.963910693706667,0.16,10,1.76445038733333,0.976026050953573,uv__mavg,8
uv,mavg,1.06210939533143,0.19,0,1.76445038733333,1.01217417393294,uv__mavg,8
uv,mavg,1.06210939533143,0.19,1,1.76445038733333,1.01018156140781,uv__mavg,8
uv,mavg,1.06210939533143,0.19,2,1.76445038733333,1.00810568559482,uv__mavg,8
uv,mavg,1.06210939533143,0.19,3,1.76445038733333,1.005860084435,uv__mavg,8
uv,mavg,1.06210939533143,0.19,4,1.76445038733333,1.00335913634586,uv__mavg,8
uv,mavg,1.06210939533143,0.19,5,1.76445038733333,1.00051824230983,uv__mavg,8
uv,mavg,1.06210939533143,0.19,6,1.76445038733333,0.997282828009871,uv__mavg,8
uv,mavg,1.06210939533143,0.19,7,1.76445038733333,0.993714066087568,uv__mavg,8
uv,mavg,1.06210939533143,0.19,8,1.76445038733333,0.98990121784636,uv__mavg,8
uv,mavg,1.06210939533143,0.19,9,1.76445038733333,0.985932455235935,uv__mavg,8
uv,mavg,1.06210939533143,0.19,10,1.76445038733333,0.981894685214092,uv__mavg,8
uv,mavg,1.15037510146786,0.22,0,1.76445038733333,1.01138484565378,uv__mavg,8
uv,mavg,1.15037510146786,0.22,1,1.76445038733333,1.00895577558016,uv__mavg,8
uv,mavg,1.15037510146786,0.22,2,1.76445038733333,1.0065251933982,uv__mavg,8
uv,mavg,1.15037510146786,0.22,3,1.76445038733333,1.00408580991925,uv__mavg,8
uv,mavg,1.15037510146786,0.22,4,1.76445038733333,1.00163040725498,uv__mavg,8
uv,mavg,1.15037510146786,0.22,5,1.76445038733333,0.999151839712632,uv__mavg,8
uv,mavg,1.15037510146786,0.22,6,1.76445038733333,0.996645459846713,uv__mavg,8
uv,mavg,1.15037510146786,0.22,7,1.76445038733333,0.994116344913027,uv__mavg,8
uv,mavg,1.15037510146786,0.22,8,1.76445038733333,0.991571936966175,uv__mavg,8
uv,mavg,1.15037510146786,0.22,9,1.76445038733333,0.989019604679967,uv__mavg,8
uv,mavg,1.15037510146786,0.22,10,1.76445038733333,0.986466642489575,uv__mavg,8
uv,mavg,1.23200291971429,0.25,0,1.76445038733333,1.01033584324865,uv__mavg,8
uv,mavg,1.23200291971429,0.25,1,1.76445038733333,1.00776394588456,uv__mavg,8
uv,mavg,1.23200291971429,0.25,2,1.76445038733333,1.00524095328513,uv__mavg,8
uv,mavg,1.23200291971429,0.25,3,1.76445038733333,1.00280878594258,uv__mavg,8
uv,mavg,1.23200291971429,0.25,4,1.76445038733333,1.00050897302616,uv__mavg,8
uv,mavg,1.23200291971429,0.25,5,1.76445038733333,0.998382698964742,uv__mavg,8
uv,mavg,1.23200291971429,0.25,6,1.76445038733333,0.996456870842124,uv__mavg,8
uv,mavg,1.23200291971429,0.25,7,1.76445038733333,0.994702401804817,uv__mavg,8
uv,mavg,1.23200291971429,0.25,8,1.76445038733333,0.99307655220445,uv__mavg,8
uv,mavg,1.23200291971429,0.25,9,1.76445038733333,0.991536918971059,uv__mavg,8
uv,mavg,1.23200291971429,0.25,10,1.76445038733333,0.990041390048579,uv__mavg,8
uv,mavg,1.30654421604,0.28,0,1.76445038733333,1.00910704246219,uv__mavg,8
uv,mavg,1.30654421604,0.28,1,1.76445038733333,1.00662790501847,uv__mavg,8
uv,mavg,1.30654421604,0.28,2,1.76445038733333,1.00422188391054,uv__mavg,8
uv,mavg,1.30654421604,0.28,3,1.76445038733333,1.00195535796962,uv__mavg,8
uv,mavg,1.30654421604,0.28,4,1.76445038733333,0.999894144701778,uv__mavg,8
uv,mavg,1.30654421604,0.28,5,1.76445038733333,0.998103614362233,uv__mavg,8
uv,mavg,1.30654421604,0.28,6,1.76445038733333,0.996626673199319,uv__mavg,8
uv,mavg,1.30654421604,0.28,7,1.76445038733333,0.995417643138693,uv__mavg,8
uv,mavg,1.30654421604,0.28,8,1.76445038733333,0.994409178719173,uv__mavg,8
uv,mavg,1.30654421604,0.28,9,1.76445038733333,0.993534356263781,uv__mavg,8
uv,mavg,1.30654421604,0.28,10,1.76445038733333,0.992726561864099,uv__mavg,8
uv,mavg,1.3760796083675,0.31,0,1.76445038733333,1.00778029887964,uv__mavg,8
uv,mavg,1.3760796083675,0.31,1,1.76445038733333,1.00554464383603,uv__mavg,8
uv,mavg,1.3760796083675,0.31,2,1.76445038733333,1.00338887511653,uv__mavg,8
uv,mavg,1.3760796083675,0.31,3,1.76445038733333,1.00138727710776,uv__mavg,8
uv,mavg,1.3760796083675,0.31,4,1.76445038733333,0.999613589769725,uv__mavg,8
uv,mavg,1.3760796083675,0.31,5,1.76445038733333,0.998141150209111,uv__mavg,8
uv,mavg,1.3760796083675,0.31,6,1.76445038733333,0.997018270194006,uv__mavg,8
uv,mavg,1.3760796083675,0.31,7,1.76445038733333,0.996194178070176,uv__mavg,8
uv,mavg,1.3760796083675,0.31,8,1.76445038733333,0.995593784458721,uv__mavg,8
uv,mavg,1.3760796083675,0.31,9,1.76445038733333,0.995142369068686,uv__mavg,8
uv,mavg,1.3760796083675,0.31,10,1.76445038733333,0.994765441170195,uv__mavg,8
uv,mavg,1.44233979499048,0.34,0,1.76445038733333,1.00641093487044,uv__mavg,8
uv,mavg,1.44233979499048,0.34,1,1.76445038733333,1.00450982592193,uv__mavg,8
uv,mavg,1.44233979499048,0.34,2,1.76445038733333,1.00268418969003,uv__mavg,8
uv,mavg,1.44233979499048,0.34,3,1.76445038733333,1.00100538864284,uv__mavg,8
uv,mavg,1.44233979499048,0.34,4,1.76445038733333,0.999544352309732,uv__mavg,8
uv,mavg,1.44233979499048,0.34,5,1.76445038733333,0.998371707140709,uv__mavg,8
uv,mavg,1.44233979499048,0.34,6,1.76445038733333,0.997534117997975,uv__mavg,8
uv,mavg,1.44233979499048,0.34,7,1.76445038733333,0.996983092084489,uv__mavg,8
uv,mavg,1.44233979499048,0.34,8,1.76445038733333,0.99664670129176,uv__mavg,8
uv,mavg,1.44233979499048,0.34,9,1.76445038733333,0.996453288552314,uv__mavg,8
uv,mavg,1.44233979499048,0.34,10,1.76445038733333,0.996331339441396,uv__mavg,8
uv,mavg,1.50586764633222,0.37,0,1.76445038733333,1.00505095996331,uv__mavg,8
uv,mavg,1.50586764633222,0.37,1,1.76445038733333,1.00353134578012,uv__mavg,8
uv,mavg,1.50586764633222,0.37,2,1.76445038733333,1.0020758898926,uv__mavg,8
uv,mavg,1.50586764633222,0.37,3,1.76445038733333,1.00074609825329,uv__mavg,8
uv,mavg,1.50586764633222,0.37,4,1.76445038733333,0.999603183950237,uv__mavg,8
uv,mavg,1.50586764633222,0.37,5,1.76445038733333,0.998708163192824,uv__mavg,8
uv,mavg,1.50586764633222,0.37,6,1.76445038733333,0.998101449441228,uv__mavg,8
uv,mavg,1.50586764633222,0.37,7,1.76445038733333,0.997741453846224,uv__mavg,8
uv,mavg,1.50586764633222,0.37,8,1.76445038733333,0.997566323549993,uv__mavg,8
uv,mavg,1.50586764633222,0.37,9,1.76445038733333,0.997514378352351,uv__mavg,8
uv,mavg,1.50586764633222,0.37,10,1.76445038733333,0.99752401553451,uv__mavg,8
uv,mavg,1.56666881683333,0.4,0,1.76445038733333,1.00374913597965,uv__mavg,8
uv,mavg,1.56666881683333,0.4,1,1.76445038733333,1.0026213883315,uv__mavg,8
uv,mavg,1.56666881683333,0.4,2,1.76445038733333,1.00154292782954,uv__mavg,8
uv,mavg,1.56666881683333,0.4,3,1.76445038733333,1.0005615711228,uv__mavg,8
uv,mavg,1.56666881683333,0.4,4,1.76445038733333,0.999724967852104,uv__mavg,8
uv,mavg,1.56666881683333,0.4,5,1.76445038733333,0.999080658416156,uv__mavg,8
uv,mavg,1.56666881683333,0.4,6,1.76445038733333,0.998660193296188,uv__mavg,8
uv,mavg,1.56666881683333,0.4,7,1.76445038733333,0.998431374938862,uv__mavg,8
uv,mavg,1.56666881683333,0.4,8,1.76445038733333,0.998346202558555,uv__mavg,8
uv,mavg,1.56666881683333,0.4,9,1.76445038733333,0.998356769784846,uv__mavg,8
uv,mavg,1.56666881683333,0.4,10,1.76445038733333,0.998415207242797,uv__mavg,8
uv,mavg,1.6269823500725,0.43,0,1.76445038733333,1.00249752894587,uv__mavg,8
uv,mavg,1.6269823500725,0.43,1,1.76445038733333,1.00175741670841,uv__mavg,8
uv,mavg,1.6269823500725,0.43,2,1.76445038733333,1.00105014544708,uv__mavg,8
uv,mavg,1.6269823500725,0.43,3,1.76445038733333,1.00040792021168,uv__mavg,8
uv,mavg,1.6269823500725,0.43,4,1.76445038733333,0.999862872692288,uv__mavg,8
uv,mavg,1.6269823500725,0.43,5,1.76445038733333,0.99944708732317,uv__mavg,8
uv,mavg,1.6269823500725,0.43,6,1.76445038733333,0.999181892708326,uv__mavg,8
uv,mavg,1.6269823500725,0.43,7,1.76445038733333,0.999045681859212,uv__mavg,8
uv,mavg,1.6269823500725,0.43,8,1.76445038733333,0.999006172363547,uv__mavg,8
uv,mavg,1.6269823500725,0.43,9,1.76445038733333,0.999031122269755,uv__mavg,8
uv,mavg,1.6269823500725,0.43,10,1.76445038733333,0.999088304083368,uv__mavg,8
uv,mavg,1.68652428634,0.46,0,1.76445038733333,1.00133882636132,uv__mavg,8
uv,mavg,1.68652428634,0.46,1,1.76445038733333,1.00095473255611,uv__mavg,8
uv,mavg,1.68652428634,0.46,2,1.76445038733333,1.00058762021161,uv__mavg,8
uv,mavg,1.68652428634,0.46,3,1.76445038733333,1.00025429927095,uv__mavg,8
uv,mavg,1.68652428634,0.46,4,1.76445038733333,0.99997155981421,uv__mavg,8
uv,mavg,1.68652428634,0.46,5,1.76445038733333,0.999756179146975,uv__mavg,8
uv,mavg,1.68652428634,0.46,6,1.76445038733333,0.99961932569818,uv__mavg,8
uv,mavg,1.68652428634,0.46,7,1.76445038733333,0.999549755959745,uv__mavg,8
uv,mavg,1.68652428634,0.46,8,1.76445038733333,0.999530639255322,uv__mavg,8
uv,mavg,1.68652428634,0.46,9,1.76445038733333,0.999545155816034,uv__mavg,8
uv,mavg,1.68652428634,0.46,10,1.76445038733333,0.99957648970597,uv__mavg,8
uv,mavg,1.74493691477622,0.49,0,1.76445038733333,1.00031241661195,uv__mavg,8
uv,mavg,1.74493691477622,0.49,1,1.76445038733333,1.00022759108999,uv__mavg,8
uv,mavg,1.74493691477622,0.49,2,1.76445038733333,1.00014641698992,uv__mavg,8
uv,mavg,1.74493691477622,0.49,3,1.76445038733333,1.00007253738342,uv__mavg,8
uv,mavg,1.74493691477622,0.49,4,1.76445038733333,1.00000959438514,uv__mavg,8
uv,mavg,1.74493691477622,0.49,5,1.76445038733333,0.999961229484682,uv__mavg,8
uv,mavg,1.74493691477622,0.49,6,1.76445038733333,0.999929869528495,uv__mavg,8
uv,mavg,1.74493691477622,0.49,7,1.76445038733333,0.999913083990384,uv__mavg,8
uv,mavg,1.74493691477622,0.49,8,1.76445038733333,0.9999072287659,uv__mavg,8
uv,mavg,1.74493691477622,0.49,9,1.76445038733333,0.999908660287311,uv__mavg,8
uv,mavg,1.74493691477622,0.49,10,1.76445038733333,0.999913735191706,uv__mavg,8
uv,mavg,1.80388643063,0.52,0,1.76445038733333,0.99942064665581,uv__mavg,8
uv,mavg,1.80388643063,0.52,1,1.76445038733333,0.999565105600526,uv__mavg,8
uv,mavg,1.80388643063,0.52,2,1.76445038733333,0.999703703375851,uv__mavg,8
uv,mavg,1.80388643063,0.52,3,1.76445038733333,0.999830554741782,uv__mavg,8
uv,mavg,1.80388643063,0.52,4,1.76445038733333,0.999939771783346,uv__mavg,8
uv,mavg,1.80388643063,0.52,5,1.76445038733333,1.00002546477537,uv__mavg,8
uv,mavg,1.80388643063,0.52,6,1.76445038733333,1.00008370481486,uv__mavg,8
uv,mavg,1.80388643063,0.52,7,1.76445038733333,1.00011841007874,uv__mavg,8
uv,mavg,1.80388643063,0.52,8,1.76445038733333,1.00013546267234,uv__mavg,8
uv,mavg,1.80388643063,0.52,9,1.76445038733333,1.00014074627938,uv__mavg,8
uv,mavg,1.80388643063,0.52,10,1.76445038733333,1.00014014529653,uv__mavg,8
uv,mavg,1.86241789998143,0.55,0,1.76445038733333,0.998682574859519,uv__mavg,8
uv,mavg,1.86241789998143,0.55,1,1.76445038733333,0.998977746652273,uv__mavg,8
uv,mavg,1.86241789998143,0.55,2,1.76445038733333,0.999261990468322,uv__mavg,8
uv,mavg,1.86241789998143,0.55,3,1.76445038733333,0.99952427882149,uv__mavg,8
uv,mavg,1.86241789998143,0.55,4,1.76445038733333,0.999753573745426,uv__mavg,8
uv,mavg,1.86241789998143,0.55,5,1.76445038733333,0.999938829825237,uv__mavg,8
uv,mavg,1.86241789998143,0.55,6,1.76445038733333,1.00007267313943,uv__mavg,8
uv,mavg,1.86241789998143,0.55,7,1.76445038733333,1.00016243306385,uv__mavg,8
uv,mavg,1.86241789998143,0.55,8,1.76445038733333,1.00021912337338,uv__mavg,8
uv,mavg,1.86241789998143,0.55,9,1.76445038733333,1.00025376447323,uv__mavg,8
uv,mavg,1.86241789998143,0.55,10,1.76445038733333,1.00027738036179,uv__mavg,8
uv,mavg,1.921404196132,0.58,0,1.76445038733333,0.998073091374408,uv__mavg,8
uv,mavg,1.921404196132,0.58,1,1.76445038733333,0.998449180181733,uv__mavg,8
uv,mavg,1.921404196132,0.58,2,1.76445038733333,0.998813369229354,uv__mavg,8
uv,mavg,1.921404196132,0.58,3,1.76445038733333,0.999153599816803,uv__mavg,8
uv,mavg,1.921404196132,0.58,4,1.76445038733333,0.999457798128852,uv__mavg,8
uv,mavg,1.921404196132,0.58,5,1.76445038733333,0.999713878856435,uv__mavg,8
uv,mavg,1.921404196132,0.58,6,1.76445038733333,0.99991376849209,uv__mavg,8
uv,mavg,1.921404196132,0.58,7,1.76445038733333,1.0000654709404,uv__mavg,8
uv,mavg,1.921404196132,0.58,8,1.76445038733333,1.00018102207715,uv__mavg,8
uv,mavg,1.921404196132,0.58,9,1.76445038733333,1.00027246828742,uv__mavg,8
uv,mavg,1.921404196132,0.58,10,1.76445038733333,1.00035186283527,uv__mavg,8
uv,mavg,1.98221717749067,0.61,0,1.76445038733333,0.997570552500568,uv__mavg,8
uv,mavg,1.98221717749067,0.61,1,1.76445038733333,0.997962621233918,uv__mavg,8
uv,mavg,1.98221717749067,0.61,2,1.76445038733333,0.998345862294008,uv__mavg,8
uv,mavg,1.98221717749067,0.61,3,1.76445038733333,0.998711280340725,uv__mavg,8
uv,mavg,1.98221717749067,0.61,4,1.76445038733333,0.999049867598851,uv__mavg,8
uv,mavg,1.98221717749067,0.61,5,1.76445038733333,0.999352605869601,uv__mavg,8
uv,mavg,1.98221717749067,0.61,6,1.76445038733333,0.999613467060469,uv__mavg,8
uv,mavg,1.98221717749067,0.61,7,1.76445038733333,0.999838415084491,uv__mavg,8
uv,mavg,1.98221717749067,0.61,8,1.76445038733333,1.00003642256221,uv__mavg,8
uv,mavg,1.98221717749067,0.61,9,1.76445038733333,1.00021647198281,uv__mavg,8
uv,mavg,1.98221717749067,0.61,10,1.76445038733333,1.00038755368614,uv__mavg,8
uv,mavg,2.04410015614857,0.64,0,1.76445038733333,0.997174084087194,uv__mavg,8
uv,mavg,2.04410015614857,0.64,1,1.76445038733333,0.997519651244173,uv__mavg,8
uv,mavg,2.04410015614857,0.64,2,1.76445038733333,0.997863506399717,uv__mavg,8
uv,mavg,2.04410015614857,0.64,3,1.76445038733333,0.998203815319842,uv__mavg,8
uv,mavg,2.04410015614857,0.64,4,1.76445038733333,0.998538741299911,uv__mavg,8
uv,mavg,2.04410015614857,0.64,5,1.76445038733333,0.998866445246705,uv__mavg,8
uv,mavg,2.04410015614857,0.64,6,1.76445038733333,0.999185697188119,uv__mavg,8
uv,mavg,2.04410015614857,0.64,7,1.76445038733333,0.999497712121238,uv__mavg,8
uv,mavg,2.04410015614857,0.64,8,1.76445038733333,0.999804318519249,uv__mavg,8
uv,mavg,2.04410015614857,0.64,9,1.76445038733333,1.00010734721765,uv__mavg,8
uv,mavg,2.04410015614857,0.64,10,1.76445038733333,1.00040863133187,uv__mavg,8
uv,mavg,2.10905725368,0.67,0,1.76445038733333,0.996864517047011,uv__mavg,8
uv,mavg,2.10905725368,0.67,1,1.76445038733333,0.997101553259629,uv__mavg,8
uv,mavg,2.10905725368,0.67,2,1.76445038733333,0.997348413774711,uv__mavg,8
uv,mavg,2.10905725368,0.67,3,1.76445038733333,0.997614876409927,uv__mavg,8
uv,mavg,2.10905725368,0.67,4,1.76445038733333,0.99791073028964,uv__mavg,8
uv,mavg,2.10905725368,0.67,5,1.76445038733333,0.998245778246744,uv__mavg,8
uv,mavg,2.10905725368,0.67,6,1.76445038733333,0.998626580012967,uv__mavg,8
uv,mavg,2.10905725368,0.67,7,1.76445038733333,0.999046664757386,uv__mavg,8
uv,mavg,2.10905725368,0.67,8,1.76445038733333,0.999496292855199,uv__mavg,8
uv,mavg,2.10905725368,0.67,9,1.76445038733333,0.999965710361712,uv__mavg,8
uv,mavg,2.10905725368,0.67,10,1.76445038733333,1.00044514660076,uv__mavg,8
uv,mavg,2.17717991177778,0.7,0,1.76445038733333,0.996636531585094,uv__mavg,8
uv,mavg,2.17717991177778,0.7,1,1.76445038733333,0.99670358365533,uv__mavg,8
uv,mavg,2.17717991177778,0.7,2,1.76445038733333,0.996796752251218,uv__mavg,8
uv,mavg,2.17717991177778,0.7,3,1.76445038733333,0.996942160519283,uv__mavg,8
uv,mavg,2.17717991177778,0.7,4,1.76445038733333,0.997165953004198,uv__mavg,8
uv,mavg,2.17717991177778,0.7,5,1.76445038733333,0.99749431276981,uv__mavg,8
uv,mavg,2.17717991177778,0.7,6,1.76445038733333,0.99794477121344,uv__mavg,8
uv,mavg,2.17717991177778,0.7,7,1.76445038733333,0.998500055504909,uv__mavg,8
uv,mavg,2.17717991177778,0.7,8,1.76445038733333,0.99913416645085,uv__mavg,8
uv,mavg,2.17717991177778,0.7,9,1.76445038733333,0.999821061889594,uv__mavg,8
uv,mavg,2.17717991177778,0.7,10,1.76445038733333,1.00053463949448,uv__mavg,8
uv,mavg,2.24943836022,0.73,0,1.76445038733333,0.996478621698348,uv__mavg,8
uv,mavg,2.24943836022,0.73,1,1.76445038733333,0.996313746525471,uv__mavg,8
uv,mavg,2.24943836022,0.73,2,1.76445038733333,0.996196638922934,uv__mavg,8
uv,mavg,2.24943836022,0.73,3,1.76445038733333,0.996175021306507,uv__mavg,8
uv,mavg,2.24943836022,0.73,4,1.76445038733333,0.99629663254231,uv__mavg,8
uv,mavg,2.24943836022,0.73,5,1.76445038733333,0.996609285153992,uv__mavg,8
uv,mavg,2.24943836022,0.73,6,1.76445038733333,0.997145016405105,uv__mavg,8
uv,mavg,2.24943836022,0.73,7,1.76445038733333,0.997872304261485,uv__mavg,8
uv,mavg,2.24943836022,0.73,8,1.76445038733333,0.998743702755803,uv__mavg,8
uv,mavg,2.24943836022,0.73,9,1.76445038733333,0.9997116773888,uv__mavg,8
uv,mavg,2.24943836022,0.73,10,1.76445038733333,1.0007285476464,uv__mavg,8
uv,mavg,2.3278282834,0.76,0,1.76445038733333,0.99637520055417,uv__mavg,8
uv,mavg,2.3278282834,0.76,1,1.76445038733333,0.995912415982509,uv__mavg,8
uv,mavg,2.3278282834,0.76,2,1.76445038733333,0.995525573929459,uv__mavg,8
uv,mavg,2.3278282834,0.76,3,1.76445038733333,0.995290295723864,uv__mavg,8
uv,mavg,2.3278282834,0.76,4,1.76445038733333,0.995282183013229,uv__mavg,8
uv,mavg,2.3278282834,0.76,5,1.76445038733333,0.995576961721522,uv__mavg,8
uv,mavg,2.3278282834,0.76,6,1.76445038733333,0.99622542218205,uv__mavg,8
uv,mavg,2.3278282834,0.76,7,1.76445038733333,0.997177683363258,uv__mavg,8
uv,mavg,2.3278282834,0.76,8,1.76445038733333,0.998358666683744,uv__mavg,8
uv,mavg,2.3278282834,0.76,9,1.76445038733333,0.999693132063617,uv__mavg,8
uv,mavg,2.3278282834,0.76,10,1.76445038733333,1.00110553319489,uv__mavg,8
uv,mavg,2.4125659399175,0.79,0,1.76445038733333,0.996320148426766,uv__mavg,8
uv,mavg,2.4125659399175,0.79,1,1.76445038733333,0.995491741022497,uv__mavg,8
uv,mavg,2.4125659399175,0.79,2,1.76445038733333,0.994774912459287,uv__mavg,8
uv,mavg,2.4125659399175,0.79,3,1.76445038733333,0.994280257525553,uv__mavg,8
uv,mavg,2.4125659399175,0.79,4,1.76445038733333,0.994118262050145,uv__mavg,8
uv,mavg,2.4125659399175,0.79,5,1.76445038733333,0.994399611682012,uv__mavg,8
uv,mavg,2.4125659399175,0.79,6,1.76445038733333,0.99519864246356,uv__mavg,8
uv,mavg,2.4125659399175,0.79,7,1.76445038733333,0.996442544775923,uv__mavg,8
uv,mavg,2.4125659399175,0.79,8,1.76445038733333,0.998021720575158,uv__mavg,8
uv,mavg,2.4125659399175,0.79,9,1.76445038733333,0.999826292925057,uv__mavg,8
uv,mavg,2.4125659399175,0.79,10,1.76445038733333,1.00174579532064,uv__mavg,8
uv,mavg,2.50921984259333,0.82,0,1.76445038733333,0.996326184772898,uv__mavg,8
uv,mavg,2.50921984259333,0.82,1,1.76445038733333,0.995027189146854,uv__mavg,8
uv,mavg,2.50921984259333,0.82,2,1.76445038733333,0.993886974413619,uv__mavg,8
uv,mavg,2.50921984259333,0.82,3,1.76445038733333,0.993061955227881,uv__mavg,8
uv,mavg,2.50921984259333,0.82,4,1.76445038733333,0.992708249431714,uv__mavg,8
uv,mavg,2.50921984259333,0.82,5,1.76445038733333,0.992982297975187,uv__mavg,8
uv,mavg,2.50921984259333,0.82,6,1.76445038733333,0.993989359257958,uv__mavg,8
uv,mavg,2.50921984259333,0.82,7,1.76445038733333,0.995626741696058,uv__mavg,8
uv,mavg,2.50921984259333,0.82,8,1.76445038733333,0.997739835315663,uv__mavg,8
uv,mavg,2.50921984259333,0.82,9,1.76445038733333,1.00017355052037,uv__mavg,8
uv,mavg,2.50921984259333,0.82,10,1.76445038733333,1.00277169365381,uv__mavg,8
uv,mavg,2.62044221986,0.85,0,1.76445038733333,0.996422460524786,uv__mavg,8
uv,mavg,2.62044221986,0.85,1,1.76445038733333,0.994512423599726,uv__mavg,8
uv,mavg,2.62044221986,0.85,2,1.76445038733333,0.992824168977539,uv__mavg,8
uv,mavg,2.62044221986,0.85,3,1.76445038733333,0.991574425221097,uv__mavg,8
uv,mavg,2.62044221986,0.85,4,1.76445038733333,0.99097925805141,uv__mavg,8
uv,mavg,2.62044221986,0.85,5,1.76445038733333,0.991255266205246,uv__mavg,8
uv,mavg,2.62044221986,0.85,6,1.76445038733333,0.992548556694894,uv__mavg,8
uv,mavg,2.62044221986,0.85,7,1.76445038733333,0.994717394110519,uv__mavg,8
uv,mavg,2.62044221986,0.85,8,1.76445038733333,0.997548302790682,uv__mavg,8
uv,mavg,2.62044221986,0.85,9,1.76445038733333,1.00082697808814,uv__mavg,8
uv,mavg,2.62044221986,0.85,10,1.76445038733333,1.00433707983779,uv__mavg,8
uv,mavg,2.75275760735,0.88,0,1.76445038733333,0.99665919738653,uv__mavg,8
uv,mavg,2.75275760735,0.88,1,1.76445038733333,0.993927086242031,uv__mavg,8
uv,mavg,2.75275760735,0.88,2,1.76445038733333,0.991503909302555,uv__mavg,8
uv,mavg,2.75275760735,0.88,3,1.76445038733333,0.989688334081711,uv__mavg,8
uv,mavg,2.75275760735,0.88,4,1.76445038733333,0.988777656950309,uv__mavg,8
uv,mavg,2.75275760735,0.88,5,1.76445038733333,0.989070088583201,uv__mavg,8
uv,mavg,2.75275760735,0.88,6,1.76445038733333,0.990767520795995,uv__mavg,8
uv,mavg,2.75275760735,0.88,7,1.76445038733333,0.993675735340416,uv__mavg,8
uv,mavg,2.75275760735,0.88,8,1.76445038733333,0.997502014863306,uv__mavg,8
uv,mavg,2.75275760735,0.88,9,1.76445038733333,1.00195217800116,uv__mavg,8
uv,mavg,2.75275760735,0.88,10,1.76445038733333,1.00672826806608,uv__mavg,8
uv,mavg,2.92110398281,0.91,0,1.76445038733333,0.997148050402099,uv__mavg,8
uv,mavg,2.92110398281,0.91,1,1.76445038733333,0.993223798591034,uv__mavg,8
uv,mavg,2.92110398281,0.91,2,1.76445038733333,0.989738785580943,uv__mavg,8
uv,mavg,2.92110398281,0.91,3,1.76445038733333,0.987111159532389,uv__mavg,8
uv,mavg,2.92110398281,0.91,4,1.76445038733333,0.985756236523223,uv__mavg,8
uv,mavg,2.92110398281,0.91,5,1.76445038733333,0.986091021126252,uv__mavg,8
uv,mavg,2.92110398281,0.91,6,1.76445038733333,0.988399403237925,uv__mavg,8
uv,mavg,2.92110398281,0.91,7,1.76445038733333,0.99241185605408,uv__mavg,8
uv,mavg,2.92110398281,0.91,8,1.76445038733333,0.997721688480299,uv__mavg,8
uv,mavg,2.92110398281,0.91,9,1.76445038733333,1.00391948077665,uv__mavg,8
uv,mavg,2.92110398281,0.91,10,1.76445038733333,1.01058849603315,uv__mavg,8
uv,mavg,3.15407605128571,0.94,0,1.76445038733333,0.998161105362539,uv__mavg,8
uv,mavg,3.15407605128571,0.94,1,1.76445038733333,0.992324592499174,uv__mavg,8
uv,mavg,3.15407605128571,0.94,2,1.76445038733333,0.987144304066655,uv__mavg,8
uv,mavg,3.15407605128571,0.94,3,1.76445038733333,0.983229928013572,uv__mavg,8
uv,mavg,3.15407605128571,0.94,4,1.76445038733333,0.981184928664458,uv__mavg,8
uv,mavg,3.15407605128571,0.94,5,1.76445038733333,0.98161629675453,uv__mavg,8
uv,mavg,3.15407605128571,0.94,6,1.76445038733333,0.984941148736248,uv__mavg,8
uv,mavg,3.15407605128571,0.94,7,1.76445038733333,0.990772435405577,uv__mavg,8
uv,mavg,3.15407605128571,0.94,8,1.76445038733333,0.998524862829816,uv__mavg,8
uv,mavg,3.15407605128571,0.94,9,1.76445038733333,1.00760753533161,uv__mavg,8
uv,mavg,3.15407605128571,0.94,10,1.76445038733333,1.01741399734883,uv__mavg,8
uv,mavg,3.5457266406325,0.97,0,1.76445038733333,1.00070648830326,uv__mavg,8
uv,mavg,3.5457266406325,0.97,1,1.76445038733333,0.990997123478708,uv__mavg,8
uv,mavg,3.5457266406325,0.97,2,1.76445038733333,0.982408579635876,uv__mavg,8
uv,mavg,3.5457266406325,0.97,3,1.76445038733333,0.975933101058542,uv__mavg,8
uv,mavg,3.5457266406325,0.97,4,1.76445038733333,0.972546048450905,uv__mavg,8
uv,mavg,3.5457266406325,0.97,5,1.76445038733333,0.973232485623601,uv__mavg,8
uv,mavg,3.5457266406325,0.97,6,1.76445038733333,0.978682977185825,uv__mavg,8
uv,mavg,3.5457266406325,0.97,7,1.76445038733333,0.988288564185156,uv__mavg,8
uv,mavg,3.5457266406325,0.97,8,1.76445038733333,1.00112366863471,uv__mavg,8
uv,mavg,3.5457266406325,0.97,9,1.76445038733333,1.01624831192928,uv__mavg,8
uv,mavg,3.5457266406325,0.97,10,1.76445038733333,1.03268060327741,uv__mavg,8
sp,lag,88.1985280156,0.01,0,100.3137165,1.24716510172766,sp__lag,9
sp,lag,88.1985280156,0.01,1,100.3137165,1.13495438690599,sp__lag,9
sp,lag,88.1985280156,0.01,2,100.3137165,1.03965564791512,sp__lag,9
sp,lag,88.1985280156,0.01,3,100.3137165,0.964970261190958,sp__lag,9
sp,lag,88.1985280156,0.01,4,100.3137165,0.913499461170328,sp__lag,9
sp,lag,88.1985280156,0.01,5,100.3137165,0.887828878441485,sp__lag,9
sp,lag,88.1985280156,0.01,6,100.3137165,0.889777211607868,sp__lag,9
sp,lag,88.1985280156,0.01,7,100.3137165,0.915503261114199,sp__lag,9
sp,lag,88.1985280156,0.01,8,100.3137165,0.960745738364119,sp__lag,9
sp,lag,88.1985280156,0.01,9,100.3137165,1.02157519809307,sp__lag,9
sp,lag,88.1985280156,0.01,10,100.3137165,1.09342466359245,sp__lag,9
sp,lag,92.32905404,0.04,0,100.3137165,1.20104728853775,sp__lag,9
sp,lag,92.32905404,0.04,1,100.3137165,1.1099753374504,sp__lag,9
sp,lag,92.32905404,0.04,2,100.3137165,1.03149794912409,sp__lag,9
sp,lag,92.32905404,0.04,3,100.3137165,0.969230434902554,sp__lag,9
sp,lag,92.32905404,0.04,4,100.3137165,0.925957746192534,sp__lag,9
sp,lag,92.32905404,0.04,5,100.3137165,0.904404187797112,sp__lag,9
sp,lag,92.32905404,0.04,6,100.3137165,0.90644705229432,sp__lag,9
sp,lag,92.32905404,0.04,7,100.3137165,0.928815783195525,sp__lag,9
sp,lag,92.32905404,0.04,8,100.3137165,0.967658652598916,sp__lag,9
sp,lag,92.32905404,0.04,9,100.3137165,1.0193384741918,sp__lag,9
sp,lag,92.32905404,0.04,10,100.3137165,1.0797332270629,sp__lag,9
sp,lag,94.10395768,0.07,0,100.3137165,1.17033389248272,sp__lag,9
sp,lag,94.10395768,0.07,1,100.3137165,1.09351294346477,sp__lag,9
sp,lag,94.10395768,0.07,2,100.3137165,1.02662094986806,sp__lag,9
sp,lag,94.10395768,0.07,3,100.3137165,0.973061779971035,sp__lag,9
sp,lag,94.10395768,0.07,4,100.3137165,0.935592761598214,sp__lag,9
sp,lag,94.10395768,0.07,5,100.3137165,0.916898974199187,sp__lag,9
sp,lag,94.10395768,0.07,6,100.3137165,0.918809933071991,sp__lag,9
sp,lag,94.10395768,0.07,7,100.3137165,0.93846498121504,sp__lag,9
sp,lag,94.10395768,0.07,8,100.3137165,0.972358931967742,sp__lag,9
sp,lag,94.10395768,0.07,9,100.3137165,1.0171365060947,sp__lag,9
sp,lag,94.10395768,0.07,10,100.3137165,1.06906454007261,sp__lag,9
sp,lag,96.705284734,0.1,0,100.3137165,1.1107355107068,sp__lag,9
sp,lag,96.705284734,0.1,1,100.3137165,1.06138676583639,sp__lag,9
sp,lag,96.705284734,0.1,2,100.3137165,1.01748419597098,sp__lag,9
sp,lag,96.705284734,0.1,3,100.3137165,0.981665800975459,sp__lag,9
sp,lag,96.705284734,0.1,4,100.3137165,0.956252598112584,sp__lag,9
sp,lag,96.705284734,0.1,5,100.3137165,0.943507952332291,sp__lag,9
sp,lag,96.705284734,0.1,6,100.3137165,0.944952112494521,sp__lag,9
sp,lag,96.705284734,0.1,7,100.3137165,0.958601282415469,sp__lag,9
sp,lag,96.705284734,0.1,8,100.3137165,0.981836535231507,sp__lag,9
sp,lag,96.705284734,0.1,9,100.3137165,1.01209751070474,sp__lag,9
sp,lag,96.705284734,0.1,10,100.3137165,1.04663804523533,sp__lag,9
sp,lag,97.70139893,0.13,0,100.3137165,1.08302854926266,sp__lag,9
sp,lag,97.70139893,0.13,1,100.3137165,1.04629169252507,sp__lag,9
sp,lag,97.70139893,0.13,2,100.3137165,1.01326558981595,sp__lag,9
sp,lag,97.70139893,0.13,3,100.3137165,0.986073079256223,sp__lag,9
sp,lag,97.70139893,0.13,4,100.3137165,0.966646863436466,sp__lag,9
sp,lag,97.70139893,0.13,5,100.3137165,0.956879325039992,sp__lag,9
sp,lag,97.70139893,0.13,6,100.3137165,0.958036761468721,sp__lag,9
sp,lag,97.70139893,0.13,7,100.3137165,0.968585042546227,sp__lag,9
sp,lag,97.70139893,0.13,8,100.3137165,0.986430014269449,sp__lag,9
sp,lag,97.70139893,0.13,9,100.3137165,1.00950875266396,sp__lag,9
sp,lag,97.70139893,0.13,10,100.3137165,1.03564650667866,sp__lag,9
sp,lag,98.2660660552,0.16,0,100.3137165,1.06610212452562,sp__lag,9
sp,lag,98.2660660552,0.16,1,100.3137165,1.03700732710622,sp__lag,9
sp,lag,98.2660660552,0.16,2,100.3137165,1.01068009825441,sp__lag,9
sp,lag,98.2660660552,0.16,3,100.3137165,0.988879442143297,sp__lag,9
sp,lag,98.2660660552,0.16,4,100.3137165,0.973239218457031,sp__lag,9
sp,lag,98.2660660552,0.16,5,100.3137165,0.965364547059256,sp__lag,9
sp,lag,98.2660660552,0.16,6,100.3137165,0.966327848779234,sp__lag,9
sp,lag,98.2660660552,0.16,7,100.3137165,0.974884436738343,sp__lag,9
sp,lag,98.2660660552,0.16,8,100.3137165,0.989300884096347,sp__lag,9
sp,lag,98.2660660552,0.16,9,100.3137165,1.00786276958976,sp__lag,9
sp,lag,98.2660660552,0.16,10,100.3137165,1.02878181974781,sp__lag,9
sp,lag,98.70787207,0.19,0,100.3137165,1.05224616782406,sp__lag,9
sp,lag,98.70787207,0.19,1,100.3137165,1.02936880708905,sp__lag,9
sp,lag,98.70787207,0.19,2,100.3137165,1.00855528420509,sp__lag,9
sp,lag,98.70787207,0.19,3,100.3137165,0.991239325771858,sp__lag,9
sp,lag,98.70787207,0.19,4,100.3137165,0.978774174206771,sp__lag,9
sp,lag,98.70787207,0.19,5,100.3137165,0.972493478397573,sp__lag,9
sp,lag,98.70787207,0.19,6,100.3137165,0.973287504989975,sp__lag,9
sp,lag,98.70787207,0.19,7,100.3137165,0.980157384753867,sp__lag,9
sp,lag,98.70787207,0.19,8,100.3137165,0.991689347690012,sp__lag,9
sp,lag,98.70787207,0.19,9,100.3137165,1.00648101928637,sp__lag,9
sp,lag,98.70787207,0.19,10,100.3137165,1.02308233164455,sp__lag,9
sp,lag,99.06310449,0.22,0,100.3137165,1.04071861527159,sp__lag,9
sp,lag,99.06310449,0.22,1,100.3137165,1.02298627007859,sp__lag,9
sp,lag,99.06310449,0.22,2,100.3137165,1.00678030238991,sp__lag,9
sp,lag,99.06310449,0.22,3,100.3137165,0.993245168491799,sp__lag,9
sp,lag,99.06310449,0.22,4,100.3137165,0.983475355087052,sp__lag,9
sp,lag,99.06310449,0.22,5,100.3137165,0.97855264182372,sp__lag,9
sp,lag,99.06310449,0.22,6,100.3137165,0.979198817254495,sp__lag,9
sp,lag,99.06310449,0.22,7,100.3137165,0.984625907642696,sp__lag,9
sp,lag,99.06310449,0.22,8,100.3137165,0.993703699063991,sp__lag,9
sp,lag,99.06310449,0.22,9,100.3137165,1.00530860561973,sp__lag,9
sp,lag,99.06310449,0.22,10,100.3137165,1.01828727572051,sp__lag,9
sp,lag,99.30591748,0.25,0,100.3137165,1.03264256803532,sp__lag,9
sp,lag,99.30591748,0.25,1,100.3137165,1.01849927939024,sp__lag,9
sp,lag,99.30591748,0.25,2,100.3137165,1.00553228181187,sp__lag,9
sp,lag,99.30591748,0.25,3,100.3137165,0.994673364561154,sp__lag,9
sp,lag,99.30591748,0.25,4,100.3137165,0.986821783244076,sp__lag,9
sp,lag,99.30591748,0.25,5,100.3137165,0.9828682916858,sp__lag,9
sp,lag,99.30591748,0.25,6,100.3137165,0.98340709872584,sp__lag,9
sp,lag,99.30591748,0.25,7,100.3137165,0.987801567900851,sp__lag,9
sp,lag,99.30591748,0.25,8,100.3137165,0.99513007506717,sp__lag,9
sp,lag,99.30591748,0.25,9,100.3137165,1.00447509046723,sp__lag,9
sp,lag,99.30591748,0.25,10,100.3137165,1.01489959768783,sp__lag,9
sp,lag,99.47264437,0.28,0,100.3137165,1.02701734971602,sp__lag,9
sp,lag,99.47264437,0.28,1,100.3137165,1.01536517986633,sp__lag,9
sp,lag,99.47264437,0.28,2,100.3137165,1.00465857613999,sp__lag,9
sp,lag,99.47264437,0.28,3,100.3137165,0.995676402258841,sp__lag,9
sp,lag,99.47264437,0.28,4,100.3137165,0.989175077568393,sp__lag,9
sp,lag,99.47264437,0.28,5,100.3137165,0.985905056789294,sp__lag,9
sp,lag,99.47264437,0.28,6,100.3137165,0.986366913422723,sp__lag,9
sp,lag,99.47264437,0.28,7,100.3137165,0.990031185290997,sp__lag,9
sp,lag,99.47264437,0.28,8,100.3137165,0.996126483247259,sp__lag,9
sp,lag,99.47264437,0.28,9,100.3137165,1.0038841255726,sp__lag,9
sp,lag,99.47264437,0.28,10,100.3137165,1.01252191382683,sp__lag,9
sp,lag,99.6039056,0.31,0,100.3137165,1.02258281526459,sp__lag,9
sp,lag,99.6039056,0.31,1,100.3137165,1.01288582423173,sp__lag,9
sp,lag,99.6039056,0.31,2,100.3137165,1.00396039350247,sp__lag,9
sp,lag,99.6039056,0.31,3,100.3137165,0.996462215157796,sp__lag,9
sp,lag,99.6039056,0.31,4,100.3137165,0.991031235291343,sp__lag,9
sp,lag,99.6039056,0.31,5,100.3137165,0.988303165762617,sp__lag,9
sp,lag,99.6039056,0.31,6,100.3137165,0.988702022564469,sp__lag,9
sp,lag,99.6039056,0.31,7,100.3137165,0.991783765257553,sp__lag,9
sp,lag,99.6039056,0.31,8,100.3137165,0.996898217645396,sp__lag,9
sp,lag,99.6039056,0.31,9,100.3137165,1.00339703240913,sp__lag,9
sp,lag,99.6039056,0.31,10,100.3137165,1.01062232807428,sp__lag,9
sp,lag,99.72238688,0.34,0,100.3137165,1.01860663095454,sp__lag,9
sp,lag,99.72238688,0.34,1,100.3137165,1.01065340927594,sp__lag,9
sp,lag,99.72238688,0.34,2,100.3137165,1.00332181393996,sp__lag,9
sp,lag,99.72238688,0.34,3,100.3137165,0.997155272404308,sp__lag,9
sp,lag,99.72238688,0.34,4,100.3137165,0.992686496167597,sp__lag,9
sp,lag,99.72238688,0.34,5,100.3137165,0.990445287862424,sp__lag,9
sp,lag,99.72238688,0.34,6,100.3137165,0.990785008638671,sp__lag,9
sp,lag,99.72238688,0.34,7,100.3137165,0.993338836185045,sp__lag,9
sp,lag,99.72238688,0.34,8,100.3137165,0.997567272504314,sp__lag,9
sp,lag,99.72238688,0.34,9,100.3137165,1.00293201781718,sp__lag,9
sp,lag,99.72238688,0.34,10,100.3137165,1.0088882461189,sp__lag,9
sp,lag,99.83223063,0.37,0,100.3137165,1.01496519137573,sp__lag,9
sp,lag,99.83223063,0.37,1,100.3137165,1.00859900033828,sp__lag,9
sp,lag,99.83223063,0.37,2,100.3137165,1.00272228209466,sp__lag,9
sp,lag,99.83223063,0.37,3,100.3137165,0.997774252020832,sp__lag,9
sp,lag,99.83223063,0.37,4,100.3137165,0.994187185629118,sp__lag,9
sp,lag,99.83223063,0.37,5,100.3137165,0.992391460357907,sp__lag,9
sp,lag,99.83223063,0.37,6,100.3137165,0.992674112360683,sp__lag,9
sp,lag,99.83223063,0.37,7,100.3137165,0.994739498113302,sp__lag,9
sp,lag,99.83223063,0.37,8,100.3137165,0.99815105719197,sp__lag,9
sp,lag,99.83223063,0.37,9,100.3137165,1.00247297548271,sp__lag,9
sp,lag,99.83223063,0.37,10,100.3137165,1.0072651860109,sp__lag,9
sp,lag,99.94274382,0.4,0,100.3137165,1.01136525203995,sp__lag,9
sp,lag,99.94274382,0.4,1,100.3137165,1.00655646398104,sp__lag,9
sp,lag,99.94274382,0.4,2,100.3137165,1.0021114356325,sp__lag,9
sp,lag,99.94274382,0.4,3,100.3137165,0.998365162797563,sp__lag,9
sp,lag,99.94274382,0.4,4,100.3137165,0.995648639248093,sp__lag,9
sp,lag,99.94274382,0.4,5,100.3137165,0.994291757304269,sp__lag,9
sp,lag,99.94274382,0.4,6,100.3137165,0.99451452411368,sp__lag,9
sp,lag,99.94274382,0.4,7,100.3137165,0.996092039261875,sp__lag,9
sp,lag,99.94274382,0.4,8,100.3137165,0.998690904655177,sp__lag,9
sp,lag,99.94274382,0.4,9,100.3137165,1.00197813426586,sp__lag,9
sp,lag,99.94274382,0.4,10,100.3137165,1.00561827199364,sp__lag,9
sp,lag,100.049791862,0.43,0,100.3137165,1.0079574335269,sp__lag,9
sp,lag,100.049791862,0.43,1,100.3137165,1.00461007865089,sp__lag,9
sp,lag,100.049791862,0.43,2,100.3137165,1.00151207265472,sp__lag,9
sp,lag,100.049791862,0.43,3,100.3137165,0.998898785580691,sp__lag,9
sp,lag,100.049791862,0.43,4,100.3137165,0.997003628585001,sp__lag,9
sp,lag,100.049791862,0.43,5,100.3137165,0.996059471165822,sp__lag,9
sp,lag,100.049791862,0.43,6,100.3137165,0.996221604791296,sp__lag,9
sp,lag,100.049791862,0.43,7,100.3137165,0.997332379534437,sp__lag,9
sp,lag,100.049791862,0.43,8,100.3137165,0.999157240389343,sp__lag,9
sp,lag,100.049791862,0.43,9,100.3137165,1.00146182480244,sp__lag,9
sp,lag,100.049791862,0.43,10,100.3137165,1.00401055167761,sp__lag,9
sp,lag,100.15994948,0.46,0,100.3137165,1.00455063574856,sp__lag,9
sp,lag,100.15994948,0.46,1,100.3137165,1.00264909748567,sp__lag,9
sp,lag,100.15994948,0.46,2,100.3137165,1.00088706773185,sp__lag,9
sp,lag,100.15994948,0.46,3,100.3137165,0.999399530197475,sp__lag,9
sp,lag,100.15994948,0.46,4,100.3137165,0.998320829975763,sp__lag,9
sp,lag,100.15994948,0.46,5,100.3137165,0.997785135007569,sp__lag,9
sp,lag,100.15994948,0.46,6,100.3137165,0.997881907974614,sp__lag,9
sp,lag,100.15994948,0.46,7,100.3137165,0.998520930857003,sp__lag,9
sp,lag,100.15994948,0.46,8,100.3137165,0.999567497242884,sp__lag,9
sp,lag,100.15994948,0.46,9,100.3137165,1.00088696015063,sp__lag,9
sp,lag,100.15994948,0.46,10,100.3137165,1.00234427170688,sp__lag,9
sp,lag,100.274933852,0.49,0,100.3137165,1.00112291006783,sp__lag,9
sp,lag,100.274933852,0.49,1,100.3137165,1.00065732394502,sp__lag,9
sp,lag,100.274933852,0.49,2,100.3137165,1.00022538641413,sp__lag,9
sp,lag,100.274933852,0.49,3,100.3137165,0.999860473948856,sp__lag,9
sp,lag,100.274933852,0.49,4,100.3137165,0.999595924339903,sp__lag,9
sp,lag,100.274933852,0.49,5,100.3137165,0.999465064632626,sp__lag,9
sp,lag,100.274933852,0.49,6,100.3137165,0.999490114116367,sp__lag,9
sp,lag,100.274933852,0.49,7,100.3137165,0.999648808698339,sp__lag,9
sp,lag,100.274933852,0.49,8,100.3137165,0.999907789473146,sp__lag,9
sp,lag,100.274933852,0.49,9,100.3137165,1.00023370091015,sp__lag,9
sp,lag,100.274933852,0.49,10,100.3137165,1.00059316293259,sp__lag,9
sp,lag,100.3948901,0.52,0,100.3137165,0.997706096053973,sp__lag,9
sp,lag,100.3948901,0.52,1,100.3137165,0.998648967534855,sp__lag,9
sp,lag,100.3948901,0.52,2,100.3137165,0.999524701116152,sp__lag,9
sp,lag,100.3948901,0.52,3,100.3137165,1.00026503933354,sp__lag,9
sp,lag,100.3948901,0.52,4,100.3137165,1.00080156443824,sp__lag,9
sp,lag,100.3948901,0.52,5,100.3137165,1.0010658141395,sp__lag,9
sp,lag,100.3948901,0.52,6,100.3137165,1.00101215306012,sp__lag,9
sp,lag,100.3948901,0.52,7,100.3137165,1.00068603507441,sp__lag,9
sp,lag,100.3948901,0.52,8,100.3137165,1.00015579372506,sp__lag,9
sp,lag,100.3948901,0.52,9,100.3137165,0.99948977556263,sp__lag,9
sp,lag,100.3948901,0.52,10,100.3137165,0.998756224264627,sp__lag,9
sp,lag,100.5171043,0.55,0,100.3137165,0.994377165368985,sp__lag,9
sp,lag,100.5171043,0.55,1,100.3137165,0.996669648205726,sp__lag,9
sp,lag,100.5171043,0.55,2,100.3137165,0.998801398940245,sp__lag,9
sp,lag,100.5171043,0.55,3,100.3137165,1.00060504738873,sp__lag,9
sp,lag,100.5171043,0.55,4,100.3137165,1.00191226671638,sp__lag,9
sp,lag,100.5171043,0.55,5,100.3137165,1.00255446314824,sp__lag,9
sp,lag,100.5171043,0.55,6,100.3137165,1.00241928053348,sp__lag,9
sp,lag,100.5171043,0.55,7,100.3137165,1.001618008234,sp__lag,9
sp,lag,100.5171043,0.55,8,100.3137165,1.00031848512046,sp__lag,9
sp,lag,100.5171043,0.55,9,100.3137165,0.998688623342746,sp__lag,9
sp,lag,100.5171043,0.55,10,100.3137165,0.996895716627006,sp__lag,9
sp,lag,100.6465239,0.58,0,100.3137165,0.990977991352276,sp__lag,9
sp,lag,100.6465239,0.58,1,100.3137165,0.994628792781457,sp__lag,9
sp,lag,100.6465239,0.58,2,100.3137165,0.998028013544485,sp__lag,9
sp,lag,100.6465239,0.58,3,100.3137165,1.00090719094895,sp__lag,9
sp,lag,100.6465239,0.58,4,100.3137165,1.00299541376513,sp__lag,9
sp,lag,100.6465239,0.58,5,100.3137165,1.00402108103839,sp__lag,9
sp,lag,100.6465239,0.58,6,100.3137165,1.00380322610351,sp__lag,9
sp,lag,100.6465239,0.58,7,100.3137165,1.00252010117445,sp__lag,9
sp,lag,100.6465239,0.58,8,100.3137165,1.00044139102028,sp__lag,9
sp,lag,100.6465239,0.58,9,100.3137165,0.99783696142189,sp__lag,9
sp,lag,100.6465239,0.58,10,100.3137165,0.994975092239439,sp__lag,9
sp,lag,100.7748003,0.61,0,100.3137165,0.987693961745508,sp__lag,9
sp,lag,100.7748003,0.61,1,100.3137165,0.992642849719775,sp__lag,9
sp,lag,100.7748003,0.61,2,100.3137165,0.997256964316825,sp__lag,9
sp,lag,100.7748003,0.61,3,100.3137165,1.0011704344977,sp__lag,9
sp,lag,100.7748003,0.61,4,100.3137165,1.00401285268931,sp__lag,9
sp,lag,100.7748003,0.61,5,100.3137165,1.00541251404939,sp__lag,9
sp,lag,100.7748003,0.61,6,100.3137165,1.0051217815024,sp__lag,9
sp,lag,100.7748003,0.61,7,100.3137165,1.0033832345819,sp__lag,9
sp,lag,100.7748003,0.61,8,100.3137165,1.0005650162316,sp__lag,9
sp,lag,100.7748003,0.61,9,100.3137165,0.997035603430005,sp__lag,9
sp,lag,100.7748003,0.61,10,100.3137165,0.99316054733123,sp__lag,9
sp,lag,100.907009,0.64,0,100.3137165,0.984352799244038,sp__lag,9
sp,lag,100.907009,0.64,1,100.3137165,0.990614195088325,sp__lag,9
sp,lag,100.907009,0.64,2,100.3137165,0.996460852891064,sp__lag,9
sp,lag,100.907009,0.64,3,100.3137165,1.00142814497403,sp__lag,9
sp,lag,100.907009,0.64,4,100.3137165,1.00504412560084,sp__lag,9
sp,lag,100.907009,0.64,5,100.3137165,1.00683471067327,sp__lag,9
sp,lag,100.907009,0.64,6,100.3137165,1.00648404585121,sp__lag,9
sp,lag,100.907009,0.64,7,100.3137165,1.0042996798327,sp__lag,9
sp,lag,100.907009,0.64,8,100.3137165,1.00074986101289,sp__lag,9
sp,lag,100.907009,0.64,9,100.3137165,0.996303393144979,sp__lag,9
sp,lag,100.907009,0.64,10,100.3137165,0.991424412745929,sp__lag,9
sp,lag,101.0413011,0.67,0,100.3137165,0.980957375829407,sp__lag,9
sp,lag,101.0413011,0.67,1,100.3137165,0.988551307873892,sp__lag,9
sp,lag,101.0413011,0.67,2,100.3137165,0.995654131148149,sp__lag,9
sp,lag,101.0413011,0.67,3,100.3137165,1.00170121161205,sp__lag,9
sp,lag,101.0413011,0.67,4,100.3137165,1.0061170739613,sp__lag,9
sp,lag,101.0413011,0.67,5,100.3137165,1.00832298494139,sp__lag,9
sp,lag,101.0413011,0.67,6,100.3137165,1.00793327112296,sp__lag,9
sp,lag,101.0413011,0.67,7,100.3137165,1.00532092743202,sp__lag,9
sp,lag,101.0413011,0.67,8,100.3137165,1.00105580006092,sp__lag,9
sp,lag,101.0413011,0.67,9,100.3137165,0.99570861174205,sp__lag,9
sp,lag,101.0413011,0.67,10,100.3137165,0.989843298952884,sp__lag,9
sp,lag,101.16965186,0.7,0,100.3137165,0.977667105744511,sp__lag,9
sp,lag,101.16965186,0.7,1,100.3137165,0.986557795789955,sp__lag,9
sp,lag,101.16965186,0.7,2,100.3137165,0.994888131915402,sp__lag,9
sp,lag,101.16965186,0.7,3,100.3137165,1.00199682097202,sp__lag,9
sp,lag,101.16965186,0.7,4,100.3137165,1.00720761637176,sp__lag,9
sp,lag,101.16965186,0.7,5,100.3137165,1.0098396316845,sp__lag,9
sp,lag,101.16965186,0.7,6,100.3137165,1.00943888693443,sp__lag,9
sp,lag,101.16965186,0.7,7,100.3137165,1.0064411924799,sp__lag,9
sp,lag,101.16965186,0.7,8,100.3137165,1.00151472767663,sp__lag,9
sp,lag,101.16965186,0.7,9,100.3137165,0.995328988093628,sp__lag,9
sp,lag,101.16965186,0.7,10,100.3137165,0.98854433867546,sp__lag,9
sp,lag,101.290154422,0.73,0,100.3137165,0.974500853957189,sp__lag,9
sp,lag,101.290154422,0.73,1,100.3137165,0.984649790822857,sp__lag,9
sp,lag,101.290154422,0.73,2,100.3137165,0.994176208058598,sp__lag,9
sp,lag,101.290154422,0.73,3,100.3137165,1.00232588453832,sp__lag,9
sp,lag,101.290154422,0.73,4,100.3137165,1.0083250056009,sp__lag,9
sp,lag,101.290154422,0.73,5,100.3137165,1.01139346702755,sp__lag,9
sp,lag,101.290154422,0.73,6,100.3137165,1.01101073774355,sp__lag,9
sp,lag,101.290154422,0.73,7,100.3137165,1.00767250185208,sp__lag,9
sp,lag,101.290154422,0.73,8,100.3137165,1.00214152451664,sp__lag,9
sp,lag,101.290154422,0.73,9,100.3137165,0.995182466469444,sp__lag,9
sp,lag,101.290154422,0.73,10,100.3137165,0.987548372479931,sp__lag,9
sp,lag,101.414522188,0.76,0,100.3137165,0.971118765872826,sp__lag,9
sp,lag,101.414522188,0.76,1,100.3137165,0.982627152373003,sp__lag,9
sp,lag,101.414522188,0.76,2,100.3137165,0.993451503175922,sp__lag,9
sp,lag,101.414522188,0.76,3,100.3137165,1.00273823469487,sp__lag,9
sp,lag,101.414522188,0.76,4,100.3137165,1.00960843088859,sp__lag,9
sp,lag,101.414522188,0.76,5,100.3137165,1.01317472777396,sp__lag,9
sp,lag,101.414522188,0.76,6,100.3137165,1.01284435568583,sp__lag,9
sp,lag,101.414522188,0.76,7,100.3137165,1.00917634554398,sp__lag,9
sp,lag,101.414522188,0.76,8,100.3137165,1.00303457191912,sp__lag,9
sp,lag,101.414522188,0.76,9,100.3137165,0.995285633499373,sp__lag,9
sp,lag,101.414522188,0.76,10,100.3137165,0.986781650065095,sp__lag,9
sp,lag,101.5362269,0.79,0,100.3137165,0.967677866193311,sp__lag,9
sp,lag,101.5362269,0.79,1,100.3137165,0.980586478215094,sp__lag,9
sp,lag,101.5362269,0.79,2,100.3137165,0.992753668727944,sp__lag,9
sp,lag,101.5362269,0.79,3,100.3137165,1.0032244695154,sp__lag,9
sp,lag,101.5362269,0.79,4,100.3137165,1.01101187150507,sp__lag,9
sp,lag,101.5362269,0.79,5,100.3137165,1.01511775667516,sp__lag,9
sp,lag,101.5362269,0.79,6,100.3137165,1.01487439728684,sp__lag,9
sp,lag,101.5362269,0.79,7,100.3137165,1.01090466117825,sp__lag,9
sp,lag,101.5362269,0.79,8,100.3137165,1.00417550782197,sp__lag,9
sp,lag,101.5362269,0.79,9,100.3137165,0.995657719970976,sp__lag,9
sp,lag,101.5362269,0.79,10,100.3137165,0.986304498658435,sp__lag,9
sp,lag,101.6566151,0.82,0,100.3137165,0.96415191678411,sp__lag,9
sp,lag,101.6566151,0.82,1,100.3137165,0.978510409016555,sp__lag,9
sp,lag,101.6566151,0.82,2,100.3137165,0.992074100206794,sp__lag,9
sp,lag,101.6566151,0.82,3,100.3137165,1.00378369221595,sp__lag,9
sp,lag,101.6566151,0.82,4,100.3137165,1.01254003228995,sp__lag,9
sp,lag,101.6566151,0.82,5,100.3137165,1.01722961101705,sp__lag,9
sp,lag,101.6566151,0.82,6,100.3137165,1.01710618731905,sp__lag,9
sp,lag,101.6566151,0.82,7,100.3137165,1.01285744049334,sp__lag,9
sp,lag,101.6566151,0.82,8,100.3137165,1.00555630254288,sp__lag,9
sp,lag,101.6566151,0.82,9,100.3137165,0.996280944982813,sp__lag,9
sp,lag,101.6566151,0.82,10,100.3137165,0.986088596907953,sp__lag,9
sp,lag,101.7943804,0.85,0,100.3137165,0.959977388816401,sp__lag,9
sp,lag,101.7943804,0.85,1,100.3137165,0.97606859736935,sp__lag,9
sp,lag,101.7943804,0.85,2,100.3137165,0.991308899893189,sp__lag,9
sp,lag,101.7943804,0.85,3,100.3137165,1.00451476707924,sp__lag,9
sp,lag,101.7943804,0.85,4,100.3137165,1.01445229596805,sp__lag,9
sp,lag,101.7943804,0.85,5,100.3137165,1.01986865587582,sp__lag,9
sp,lag,101.7943804,0.85,6,100.3137165,1.0199222270035,sp__lag,9
sp,lag,101.7943804,0.85,7,100.3137165,1.0153766677255,sp__lag,9
sp,lag,101.7943804,0.85,8,100.3137165,1.00743094361665,sp__lag,9
sp,lag,101.7943804,0.85,9,100.3137165,0.997291341744116,sp__lag,9
sp,lag,101.7943804,0.85,10,100.3137165,0.986139009364616,sp__lag,9
sp,lag,101.9370671,0.88,0,100.3137165,0.955507894351014,sp__lag,9
sp,lag,101.9370671,0.88,1,100.3137165,0.973469990093777,sp__lag,9
sp,lag,101.9370671,0.88,2,100.3137165,0.990529649938775,sp__lag,9
sp,lag,101.9370671,0.88,3,100.3137165,1.00536934830975,sp__lag,9
sp,lag,101.9370671,0.88,4,100.3137165,1.01660835070569,sp__lag,9
sp,lag,101.9370671,0.88,5,100.3137165,1.02284117260842,sp__lag,9
sp,lag,101.9370671,0.88,6,100.3137165,1.02312094528899,sp__lag,9
sp,lag,101.9370671,0.88,7,100.3137165,1.01829179865263,sp__lag,9
sp,lag,101.9370671,0.88,8,100.3137165,1.00968845028201,sp__lag,9
sp,lag,101.9370671,0.88,9,100.3137165,0.998655685842335,sp__lag,9
sp,lag,101.9370671,0.88,10,100.3137165,0.986508413719953,sp__lag,9
sp,lag,102.1058784,0.91,0,100.3137165,0.950044886039956,sp__lag,9
sp,lag,102.1058784,0.91,1,100.3137165,0.970311187721453,sp__lag,9
sp,lag,102.1058784,0.91,2,100.3137165,0.989624109773023,sp__lag,9
sp,lag,102.1058784,0.91,3,100.3137165,1.00650079902775,sp__lag,9
sp,lag,102.1058784,0.91,4,100.3137165,1.01937721756394,sp__lag,9
sp,lag,102.1058784,0.91,5,100.3137165,1.026656069225,sp__lag,9
sp,lag,102.1058784,0.91,6,100.3137165,1.02725713709727,sp__lag,9
sp,lag,102.1058784,0.91,7,100.3137165,1.02212170866923,sp__lag,9
sp,lag,102.1058784,0.91,8,100.3137165,1.01275174397083,sp__lag,9
sp,lag,102.1058784,0.91,9,100.3137165,1.00066339998947,sp__lag,9
sp,lag,102.1058784,0.91,10,100.3137165,0.987336847644489,sp__lag,9
sp,lag,102.3117498,0.94,0,100.3137165,0.9431530013194,sp__lag,9
sp,lag,102.3117498,0.94,1,100.3137165,0.96634681594255,sp__lag,9
sp,lag,102.3117498,0.94,2,100.3137165,0.988541995408206,sp__lag,9
sp,lag,102.3117498,0.94,3,100.3137165,1.008044483677,sp__lag,9
sp,lag,102.3117498,0.94,4,100.3137165,1.02305262864171,sp__lag,9
sp,lag,102.3117498,0.94,5,100.3137165,1.03171844128099,sp__lag,9
sp,lag,102.3117498,0.94,6,100.3137165,1.03278559972404,sp__lag,9
sp,lag,102.3117498,0.94,7,100.3137165,1.02731609893554,sp__lag,9
sp,lag,102.3117498,0.94,8,100.3137165,1.01702521074544,sp__lag,9
sp,lag,102.3117498,0.94,9,100.3137165,1.00364890044708,sp__lag,9
sp,lag,102.3117498,0.94,10,100.3137165,0.9888789732922,sp__lag,9
sp,lag,102.5897521,0.97,0,100.3137165,0.933505393599674,sp__lag,9
sp,lag,102.5897521,0.97,1,100.3137165,0.960823478349007,sp__lag,9
sp,lag,102.5897521,0.97,2,100.3137165,0.987115539255146,sp__lag,9
sp,lag,102.5897521,0.97,3,100.3137165,1.01038661378656,sp__lag,9
sp,lag,102.5897521,0.97,4,100.3137165,1.0284898233245,sp__lag,9
sp,lag,102.5897521,0.97,5,100.3137165,1.03920885901608,sp__lag,9
sp,lag,102.5897521,0.97,6,100.3137165,1.04102504878926,sp__lag,9
sp,lag,102.5897521,0.97,7,100.3137165,1.03516587122398,sp__lag,9
sp,lag,102.5897521,0.97,8,100.3137165,1.02365009409492,sp__lag,9
sp,lag,102.5897521,0.97,9,100.3137165,1.00852885774029,sp__lag,9
sp,lag,102.5897521,0.97,10,100.3137165,0.991796873569443,sp__lag,9
sp,mavg,88.1613038845,0.01,0,100.31247644,1.43671567734812,sp__mavg,10
sp,mavg,88.1613038845,0.01,1,100.31247644,1.25507297446523,sp__mavg,10
sp,mavg,88.1613038845,0.01,2,100.31247644,1.10545171688021,sp__mavg,10
sp,mavg,88.1613038845,0.01,3,100.31247644,0.989819227158123,sp__mavg,10
sp,mavg,88.1613038845,0.01,4,100.31247644,0.908426830758184,sp__mavg,10
sp,mavg,88.1613038845,0.01,5,100.31247644,0.861617742038673,sp__mavg,10
sp,mavg,88.1613038845,0.01,6,100.31247644,0.849203344044441,sp__mavg,10
sp,mavg,88.1613038845,0.01,7,100.31247644,0.86496666694589,sp__mavg,10
sp,mavg,88.1613038845,0.01,8,100.31247644,0.903035881797559,sp__mavg,10
sp,mavg,88.1613038845,0.01,9,100.31247644,0.958420180264999,sp__mavg,10
sp,mavg,88.1613038845,0.01,10,100.31247644,1.02560362032151,sp__mavg,10
sp,mavg,92.3407861325,0.04,0,100.31247644,1.40330935612091,sp__mavg,10
sp,mavg,92.3407861325,0.04,1,100.31247644,1.22557811446628,sp__mavg,10
sp,mavg,92.3407861325,0.04,2,100.31247644,1.07989460397295,sp__mavg,10
sp,mavg,92.3407861325,0.04,3,100.31247644,0.968561809405576,sp__mavg,10
sp,mavg,92.3407861325,0.04,4,100.31247644,0.89213731280938,sp__mavg,10
sp,mavg,92.3407861325,0.04,5,100.31247644,0.85142668564161,sp__mavg,10
sp,mavg,92.3407861325,0.04,6,100.31247644,0.846920284891526,sp__mavg,10
sp,mavg,92.3407861325,0.04,7,100.31247644,0.872868866152503,sp__mavg,10
sp,mavg,92.3407861325,0.04,8,100.31247644,0.923876381634703,sp__mavg,10
sp,mavg,92.3407861325,0.04,9,100.31247644,0.995369483753185,sp__mavg,10
sp,mavg,92.3407861325,0.04,10,100.31247644,1.08195096067583,sp__mavg,10
sp,mavg,94.07326531942,0.07,0,100.31247644,1.35553577715523,sp__mavg,10
sp,mavg,94.07326531942,0.07,1,100.31247644,1.19745689476865,sp__mavg,10
sp,mavg,94.07326531942,0.07,2,100.31247644,1.06660935801862,sp__mavg,10
sp,mavg,94.07326531942,0.07,3,100.31247644,0.965926504953486,sp__mavg,10
sp,mavg,94.07326531942,0.07,4,100.31247644,0.896752437777341,sp__mavg,10
sp,mavg,94.07326531942,0.07,5,100.31247644,0.860572441259904,sp__mavg,10
sp,mavg,94.07326531942,0.07,6,100.31247644,0.858393497320599,sp__mavg,10
sp,mavg,94.07326531942,0.07,7,100.31247644,0.885058116872033,sp__mavg,10
sp,mavg,94.07326531942,0.07,8,100.31247644,0.935506800474678,sp__mavg,10
sp,mavg,94.07326531942,0.07,9,100.31247644,1.00534541394193,sp__mavg,10
sp,mavg,94.07326531942,0.07,10,100.31247644,1.08938213732735,sp__mavg,10
sp,mavg,96.7121348044444,0.1,0,100.31247644,1.2378514953262,sp__mavg,10
sp,mavg,96.7121348044444,0.1,1,100.31247644,1.13248692364301,sp__mavg,10
sp,mavg,96.7121348044444,0.1,2,100.31247644,1.04240072697142,sp__mavg,10
sp,mavg,96.7121348044444,0.1,3,100.31247644,0.971202816318138,sp__mavg,10
sp,mavg,96.7121348044444,0.1,4,100.31247644,0.921500844804062,sp__mavg,10
sp,mavg,96.7121348044444,0.1,5,100.31247644,0.89583696411334,sp__mavg,10
sp,mavg,96.7121348044444,0.1,6,100.31247644,0.895916553915594,sp__mavg,10
sp,mavg,96.7121348044444,0.1,7,100.31247644,0.918023037910693,sp__mavg,10
sp,mavg,96.7121348044444,0.1,8,100.31247644,0.957966177585959,sp__mavg,10
sp,mavg,96.7121348044444,0.1,9,100.31247644,1.01186014403914,sp__mavg,10
sp,mavg,96.7121348044444,0.1,10,100.31247644,1.07529509038401,sp__mavg,10
sp,mavg,97.7153785386364,0.13,0,100.31247644,1.17915118760952,sp__mavg,10
sp,mavg,97.7153785386364,0.13,1,100.31247644,1.10039066566982,sp__mavg,10
sp,mavg,97.7153785386364,0.13,2,100.31247644,1.03177737273334,sp__mavg,10
sp,mavg,97.7153785386364,0.13,3,100.31247644,0.976671454098213,sp__mavg,10
sp,mavg,97.7153785386364,0.13,4,100.31247644,0.937769448049948,sp__mavg,10
sp,mavg,97.7153785386364,0.13,5,100.31247644,0.917678277299224,sp__mavg,10
sp,mavg,97.7153785386364,0.13,6,100.31247644,0.91813400904297,sp__mavg,10
sp,mavg,97.7153785386364,0.13,7,100.31247644,0.936199671672981,sp__mavg,10
sp,mavg,97.7153785386364,0.13,8,100.31247644,0.968313494899708,sp__mavg,10
sp,mavg,97.7153785386364,0.13,9,100.31247644,1.01108316158328,sp__mavg,10
sp,mavg,97.7153785386364,0.13,10,100.31247644,1.06076569875409,sp__mavg,10
sp,mavg,98.2706770928,0.16,0,100.31247644,1.14362815788741,sp__mavg,10
sp,mavg,98.2706770928,0.16,1,100.31247644,1.08087045470618,sp__mavg,10
sp,mavg,98.2706770928,0.16,2,100.31247644,1.02553492531967,sp__mavg,10
sp,mavg,98.2706770928,0.16,3,100.31247644,0.980625702067184,sp__mavg,10
sp,mavg,98.2706770928,0.16,4,100.31247644,0.948680774307866,sp__mavg,10
sp,mavg,98.2706770928,0.16,5,100.31247644,0.932156734067417,sp__mavg,10
sp,mavg,98.2706770928,0.16,6,100.31247644,0.932685303335849,sp__mavg,10
sp,mavg,98.2706770928,0.16,7,100.31247644,0.947836306259912,sp__mavg,10
sp,mavg,98.2706770928,0.16,8,100.31247644,0.974530772907479,sp__mavg,10
sp,mavg,98.2706770928,0.16,9,100.31247644,1.00979631630175,sp__mavg,10
sp,mavg,98.2706770928,0.16,10,100.31247644,1.05041281212111,sp__mavg,10
sp,mavg,98.7167426709933,0.19,0,100.31247644,1.1136400339144,sp__mavg,10
sp,mavg,98.7167426709933,0.19,1,100.31247644,1.06429819014031,sp__mavg,10
sp,mavg,98.7167426709933,0.19,2,100.31247644,1.02032777223622,sp__mavg,10
sp,mavg,98.7167426709933,0.19,3,100.31247644,0.984309967591722,sp__mavg,10
sp,mavg,98.7167426709933,0.19,4,100.31247644,0.958512419774903,sp__mavg,10
sp,mavg,98.7167426709933,0.19,5,100.31247644,0.945137920154045,sp__mavg,10
sp,mavg,98.7167426709933,0.19,6,100.31247644,0.945647931442865,sp__mavg,10
sp,mavg,98.7167426709933,0.19,7,100.31247644,0.958065822551596,sp__mavg,10
sp,mavg,98.7167426709933,0.19,8,100.31247644,0.979794291608652,sp__mavg,10
sp,mavg,98.7167426709933,0.19,9,100.31247644,1.00830112791083,sp__mavg,10
sp,mavg,98.7167426709933,0.19,10,100.31247644,1.04088678926952,sp__mavg,10
sp,mavg,99.0817438334,0.22,0,100.31247644,1.08819939142592,sp__mavg,10
sp,mavg,99.0817438334,0.22,1,100.31247644,1.05015629888827,sp__mavg,10
sp,mavg,99.0817438334,0.22,2,100.31247644,1.0159368995185,sp__mavg,10
sp,mavg,99.0817438334,0.22,3,100.31247644,0.987675286722324,sp__mavg,10
sp,mavg,99.0817438334,0.22,4,100.31247644,0.96730543844462,sp__mavg,10
sp,mavg,99.0817438334,0.22,5,100.31247644,0.956714577714518,sp__mavg,10
sp,mavg,99.0817438334,0.22,6,100.31247644,0.957154457775298,sp__mavg,10
sp,mavg,99.0817438334,0.22,7,100.31247644,0.96705456819575,sp__mavg,10
sp,mavg,99.0817438334,0.22,8,100.31247644,0.984287398426956,sp__mavg,10
sp,mavg,99.0817438334,0.22,9,100.31247644,1.00676365546537,sp__mavg,10
sp,mavg,99.0817438334,0.22,10,100.31247644,1.03228701123961,sp__mavg,10
sp,mavg,99.3349413991667,0.25,0,100.31247644,1.07010199943208,sp__mavg,10
sp,mavg,99.3349413991667,0.25,1,100.31247644,1.04004387137791,sp__mavg,10
sp,mavg,99.3349413991667,0.25,2,100.31247644,1.01282134382901,sp__mavg,10
sp,mavg,99.3349413991667,0.25,3,100.31247644,0.990201169151621,sp__mavg,10
sp,mavg,99.3349413991667,0.25,4,100.31247644,0.973818746730149,sp__mavg,10
sp,mavg,99.3349413991667,0.25,5,100.31247644,0.965276281587606,sp__mavg,10
sp,mavg,99.3349413991667,0.25,6,100.31247644,0.965636667969409,sp__mavg,10
sp,mavg,99.3349413991667,0.25,7,100.31247644,0.973631622384586,sp__mavg,10
sp,mavg,99.3349413991667,0.25,8,100.31247644,0.987505899833602,sp__mavg,10
sp,mavg,99.3349413991667,0.25,9,100.31247644,1.00552791382023,sp__mavg,10
sp,mavg,99.3349413991667,0.25,10,100.31247644,1.02589583256065,sp__mavg,10
sp,mavg,99.4966213548,0.28,0,100.31247644,1.05837627488031,sp__mavg,10
sp,mavg,99.4966213548,0.28,1,100.31247644,1.03346465365979,sp__mavg,10
sp,mavg,99.4966213548,0.28,2,100.31247644,1.01080064581386,sp__mavg,10
sp,mavg,99.4966213548,0.28,3,100.31247644,0.991891336209374,sp__mavg,10
sp,mavg,99.4966213548,0.28,4,100.31247644,0.978150626765578,sp__mavg,10
sp,mavg,99.4966213548,0.28,5,100.31247644,0.970967702702321,sp__mavg,10
sp,mavg,99.4966213548,0.28,6,100.31247644,0.9712644011089,sp__mavg,10
sp,mavg,99.4966213548,0.28,7,100.31247644,0.977974574803538,sp__mavg,10
sp,mavg,99.4966213548,0.28,8,100.31247644,0.989602335888528,sp__mavg,10
sp,mavg,99.4966213548,0.28,9,100.31247644,1.00466798296106,sp__mavg,10
sp,mavg,99.4966213548,0.28,10,100.31247644,1.02164206042642,sp__mavg,10
sp,mavg,99.62427209475,0.31,0,100.31247644,1.0490747774558,sp__mavg,10
sp,mavg,99.62427209475,0.31,1,100.31247644,1.02822347114973,sp__mavg,10
sp,mavg,99.62427209475,0.31,2,100.31247644,1.00918410729872,sp__mavg,10
sp,mavg,99.62427209475,0.31,3,100.31247644,0.993246252916726,sp__mavg,10
sp,mavg,99.62427209475,0.31,4,100.31247644,0.981632510121084,sp__mavg,10
sp,mavg,99.62427209475,0.31,5,100.31247644,0.975547044701915,sp__mavg,10
sp,mavg,99.62427209475,0.31,6,100.31247644,0.975789191623514,sp__mavg,10
sp,mavg,99.62427209475,0.31,7,100.31247644,0.981456545515545,sp__mavg,10
sp,mavg,99.62427209475,0.31,8,100.31247644,0.991269202135952,sp__mavg,10
sp,mavg,99.62427209475,0.31,9,100.31247644,1.00395857644636,sp__mavg,10
sp,mavg,99.62427209475,0.31,10,100.31247644,1.01822040649178,sp__mavg,10
sp,mavg,99.7377361666667,0.34,0,100.31247644,1.0408108820135,sp__mavg,10
sp,mavg,99.7377361666667,0.34,1,100.31247644,1.0235454370052,sp__mavg,10
sp,mavg,99.7377361666667,0.34,2,100.31247644,1.00772858003032,sp__mavg,10
sp,mavg,99.7377361666667,0.34,3,100.31247644,0.99444854951724,sp__mavg,10
sp,mavg,99.7377361666667,0.34,4,100.31247644,0.9847466278159,sp__mavg,10
sp,mavg,99.7377361666667,0.34,5,100.31247644,0.97965074591361,sp__mavg,10
sp,mavg,99.7377361666667,0.34,6,100.31247644,0.979843532105819,sp__mavg,10
sp,mavg,99.7377361666667,0.34,7,100.31247644,0.98457039877123,sp__mavg,10
sp,mavg,99.7377361666667,0.34,8,100.31247644,0.992750831532344,sp__mavg,10
sp,mavg,99.7377361666667,0.34,9,100.31247644,1.00331207316747,sp__mavg,10
sp,mavg,99.7377361666667,0.34,10,100.31247644,1.01515641635458,sp__mavg,10
sp,mavg,99.8458769306227,0.37,0,100.31247644,1.03296468146986,sp__mavg,10
sp,mavg,99.8458769306227,0.37,1,100.31247644,1.01908130483772,sp__mavg,10
sp,mavg,99.8458769306227,0.37,2,100.31247644,1.00632275719385,sp__mavg,10
sp,mavg,99.8458769306227,0.37,3,100.31247644,0.995579508020229,sp__mavg,10
sp,mavg,99.8458769306227,0.37,4,100.31247644,0.987711014779699,sp__mavg,10
sp,mavg,99.8458769306227,0.37,5,100.31247644,0.98356764909954,sp__mavg,10
sp,mavg,99.8458769306227,0.37,6,100.31247644,0.983714403693656,sp__mavg,10
sp,mavg,99.8458769306227,0.37,7,100.31247644,0.987538909168758,sp__mavg,10
sp,mavg,99.8458769306227,0.37,8,100.31247644,0.99415635823193,sp__mavg,10
sp,mavg,99.8458769306227,0.37,9,100.31247644,1.00268696324007,sp__mavg,10
sp,mavg,99.8458769306227,0.37,10,100.31247644,1.01223451091876,sp__mavg,10
sp,mavg,99.9487847656667,0.4,0,100.31247644,1.02554703717029,sp__mavg,10
sp,mavg,99.9487847656667,0.4,1,100.31247644,1.01483754252744,sp__mavg,10
sp,mavg,99.9487847656667,0.4,2,100.31247644,1.00496623727008,sp__mavg,10
sp,mavg,99.9487847656667,0.4,3,100.31247644,0.996631087078903,sp__mavg,10
sp,mavg,99.9487847656667,0.4,4,100.31247644,0.990511233295672,sp__mavg,10
sp,mavg,99.9487847656667,0.4,5,100.31247644,0.987280147069862,sp__mavg,10
sp,mavg,99.9487847656667,0.4,6,100.31247644,0.987385541017286,sp__mavg,10
sp,mavg,99.9487847656667,0.4,7,100.31247644,0.990351002954876,sp__mavg,10
sp,mavg,99.9487847656667,0.4,8,100.31247644,0.995482307155235,sp__mavg,10
sp,mavg,99.9487847656667,0.4,9,100.31247644,1.0020882208308,sp__mavg,10
sp,mavg,99.9487847656667,0.4,10,100.31247644,1.00946757723887,sp__mavg,10
sp,mavg,100.05231735,0.43,0,100.31247644,1.01815255114596,sp__mavg,10
sp,mavg,100.05231735,0.43,1,100.31247644,1.010581114465,sp__mavg,10
sp,mavg,100.05231735,0.43,2,100.31247644,1.00358126989213,sp__mavg,10
sp,mavg,100.05231735,0.43,3,100.31247644,0.99765413560273,sp__mavg,10
sp,mavg,100.05231735,0.43,4,100.31247644,0.993291233782972,sp__mavg,10
sp,mavg,100.05231735,0.43,5,100.31247644,0.99098111663382,sp__mavg,10
sp,mavg,100.05231735,0.43,6,100.31247644,0.991048783990206,sp__mavg,10
sp,mavg,100.05231735,0.43,7,100.31247644,0.993154621463469,sp__mavg,10
sp,mavg,100.05231735,0.43,8,100.31247644,0.996799561719777,sp__mavg,10
sp,mavg,100.05231735,0.43,9,100.31247644,1.00148603858116,sp__mavg,10
sp,mavg,100.05231735,0.43,10,100.31247644,1.00671144373529,sp__mavg,10
sp,mavg,100.160572542382,0.46,0,100.31247644,1.01051483118831,sp__mavg,10
sp,mavg,100.160572542382,0.46,1,100.31247644,1.0061538805076,sp__mavg,10
sp,mavg,100.160572542382,0.46,2,100.31247644,1.00210954335236,sp__mavg,10
sp,mavg,100.160572542382,0.46,3,100.31247644,0.99867492036464,sp__mavg,10
sp,mavg,100.160572542382,0.46,4,100.31247644,0.996139863906202,sp__mavg,10
sp,mavg,100.160572542382,0.46,5,100.31247644,0.994793192895114,sp__mavg,10
sp,mavg,100.160572542382,0.46,6,100.31247644,0.994827195130213,sp__mavg,10
sp,mavg,100.160572542382,0.46,7,100.31247644,0.996044635822085,sp__mavg,10
sp,mavg,100.160572542382,0.46,8,100.31247644,0.998153155425833,sp__mavg,10
sp,mavg,100.160572542382,0.46,9,100.31247644,1.00086089508959,sp__mavg,10
sp,mavg,100.160572542382,0.46,10,100.31247644,1.0038742981233,sp__mavg,10
sp,mavg,100.273007922727,0.49,0,100.31247644,1.00270660788456,sp__mavg,10
sp,mavg,100.273007922727,0.49,1,100.31247644,1.00159115310277,sp__mavg,10
sp,mavg,100.273007922727,0.49,2,100.31247644,1.00055335552731,sp__mavg,10
sp,mavg,100.273007922727,0.49,3,100.31247644,0.999669325050708,sp__mavg,10
sp,mavg,100.273007922727,0.49,4,100.31247644,0.999014954665338,sp__mavg,10
sp,mavg,100.273007922727,0.49,5,100.31247644,0.998666066415136,sp__mavg,10
sp,mavg,100.273007922727,0.49,6,100.31247644,0.998673189577997,sp__mavg,10
sp,mavg,100.273007922727,0.49,7,100.31247644,0.998985464148224,sp__mavg,10
sp,mavg,100.273007922727,0.49,8,100.31247644,0.999526832650626,sp__mavg,10
sp,mavg,100.273007922727,0.49,9,100.31247644,1.00022127062199,sp__mavg,10
sp,mavg,100.273007922727,0.49,10,100.31247644,1.0009926409413,sp__mavg,10
sp,mavg,100.392076850267,0.52,0,100.31247644,0.994599886625073,sp__mavg,10
sp,mavg,100.392076850267,0.52,1,100.31247644,0.996809359468631,sp__mavg,10
sp,mavg,100.392076850267,0.52,2,100.31247644,0.998871940438287,sp__mavg,10
sp,mavg,100.392076850267,0.52,3,100.31247644,1.00063463009912,sp__mavg,10
sp,mavg,100.392076850267,0.52,4,100.31247644,1.00194356007458,sp__mavg,10
sp,mavg,100.392076850267,0.52,5,100.31247644,1.00264456938126,sp__mavg,10
sp,mavg,100.392076850267,0.52,6,100.31247644,1.00263480168665,sp__mavg,10
sp,mavg,100.392076850267,0.52,7,100.31247644,1.00201578352481,sp__mavg,10
sp,mavg,100.392076850267,0.52,8,100.31247644,1.0009407345428,sp__mavg,10
sp,mavg,100.392076850267,0.52,9,100.31247644,0.999563005537522,sp__mavg,10
sp,mavg,100.392076850267,0.52,10,100.31247644,0.998035499851295,sp__mavg,10
sp,mavg,100.513187134375,0.55,0,100.31247644,0.986532449310931,sp__mavg,10
sp,mavg,100.513187134375,0.55,1,100.31247644,0.991999249795709,sp__mavg,10
sp,mavg,100.513187134375,0.55,2,100.31247644,0.997120124319905,sp__mavg,10
sp,mavg,100.513187134375,0.55,3,100.31247644,1.00151153760093,sp__mavg,10
sp,mavg,100.513187134375,0.55,4,100.31247644,1.00478452686869,sp__mavg,10
sp,mavg,100.513187134375,0.55,5,100.31247644,1.00654824388505,sp__mavg,10
sp,mavg,100.513187134375,0.55,6,100.31247644,1.00654154889243,sp__mavg,10
sp,mavg,100.513187134375,0.55,7,100.31247644,1.00501719740497,sp__mavg,10
sp,mavg,100.513187134375,0.55,8,100.31247644,1.00236013549328,sp__mavg,10
sp,mavg,100.513187134375,0.55,9,100.31247644,0.998956130923997,sp__mavg,10
sp,mavg,100.513187134375,0.55,10,100.31247644,0.995188195395338,sp__mavg,10
sp,mavg,100.637923867,0.58,0,100.31247644,0.978406798815482,sp__mavg,10
sp,mavg,100.637923867,0.58,1,100.31247644,0.987095346227022,sp__mavg,10
sp,mavg,100.637923867,0.58,2,100.31247644,0.995262950157592,sp__mavg,10
sp,mavg,100.637923867,0.58,3,100.31247644,1.0022931236682,sp__mavg,10
sp,mavg,100.637923867,0.58,4,100.31247644,1.00755540139147,sp__mavg,10
sp,mavg,100.637923867,0.58,5,100.31247644,1.0104142948231,sp__mavg,10
sp,mavg,100.637923867,0.58,6,100.31247644,1.01044446601261,sp__mavg,10
sp,mavg,100.637923867,0.58,7,100.31247644,1.00804931563573,sp__mavg,10
sp,mavg,100.637923867,0.58,8,100.31247644,1.00384897446034,sp__mavg,10
sp,mavg,100.637923867,0.58,9,100.31247644,0.998465724488535,sp__mavg,10
sp,mavg,100.637923867,0.58,10,100.31247644,0.992514893818294,sp__mavg,10
sp,mavg,100.76940525,0.61,0,100.31247644,0.970037918783897,sp__mavg,10
sp,mavg,100.76940525,0.61,1,100.31247644,0.981974273704593,sp__mavg,10
sp,mavg,100.76940525,0.61,2,100.31247644,0.993236979840925,sp__mavg,10
sp,mavg,100.76940525,0.61,3,100.31247644,1.00297104346454,sp__mavg,10
sp,mavg,100.76940525,0.61,4,100.31247644,1.0102945823826,sp__mavg,10
sp,mavg,100.76940525,0.61,5,100.31247644,1.0143156829742,sp__mavg,10
sp,mavg,100.76940525,0.61,6,100.31247644,1.01443601235573,sp__mavg,10
sp,mavg,100.76940525,0.61,7,100.31247644,1.01121071528029,sp__mavg,10
sp,mavg,100.76940525,0.61,8,100.31247644,1.00550163919424,sp__mavg,10
sp,mavg,100.76940525,0.61,9,100.31247644,0.998174903321157,sp__mavg,10
sp,mavg,100.76940525,0.61,10,100.31247644,0.990083633706045,sp__mavg,10
sp,mavg,100.907991277714,0.64,0,100.31247644,0.961428763481971,sp__mavg,10
sp,mavg,100.907991277714,0.64,1,100.31247644,0.976621598850076,sp__mavg,10
sp,mavg,100.907991277714,0.64,2,100.31247644,0.991013753321566,sp__mavg,10
sp,mavg,100.907991277714,0.64,3,100.31247644,1.00350912135803,sp__mavg,10
sp,mavg,100.907991277714,0.64,4,100.31247644,1.01296722961284,sp__mavg,10
sp,mavg,100.907991277714,0.64,5,100.31247644,1.01823035270839,sp__mavg,10
sp,mavg,100.907991277714,0.64,6,100.31247644,1.01851950191762,sp__mavg,10
sp,mavg,100.907991277714,0.64,7,100.31247644,1.01454013141028,sp__mavg,10
sp,mavg,100.907991277714,0.64,8,100.31247644,1.00739906009239,sp__mavg,10
sp,mavg,100.907991277714,0.64,9,100.31247644,0.998210508957144,sp__mavg,10
sp,mavg,100.907991277714,0.64,10,100.31247644,0.988068097290593,sp__mavg,10
sp,mavg,101.044167771429,0.67,0,100.31247644,0.953175214998631,sp__mavg,10
sp,mavg,101.044167771429,0.67,1,100.31247644,0.971398826201038,sp__mavg,10
sp,mavg,101.044167771429,0.67,2,100.31247644,0.988729401183356,sp__mavg,10
sp,mavg,101.044167771429,0.67,3,100.31247644,1.00384672166069,sp__mavg,10
sp,mavg,101.044167771429,0.67,4,100.31247644,1.01536569058458,sp__mavg,10
sp,mavg,101.044167771429,0.67,5,100.31247644,1.02187489066579,sp__mavg,10
sp,mavg,101.044167771429,0.67,6,100.31247644,1.02242116082008,sp__mavg,10
sp,mavg,101.044167771429,0.67,7,100.31247644,1.01784604859341,sp__mavg,10
sp,mavg,101.044167771429,0.67,8,100.31247644,1.00948410163247,sp__mavg,10
sp,mavg,101.044167771429,0.67,9,100.31247644,0.998681383643263,sp__mavg,10
sp,mavg,101.044167771429,0.67,10,100.31247644,0.986755296019805,sp__mavg,10
sp,mavg,101.175931684,0.7,0,100.31247644,0.945377961734471,sp__mavg,10
sp,mavg,101.175931684,0.7,1,100.31247644,0.966372404067423,sp__mavg,10
sp,mavg,101.175931684,0.7,2,100.31247644,0.986413700710896,sp__mavg,10
sp,mavg,101.175931684,0.7,3,100.31247644,1.00397923988767,sp__mavg,10
sp,mavg,101.175931684,0.7,4,100.31247644,1.0174591009055,sp__mavg,10
sp,mavg,101.175931684,0.7,5,100.31247644,1.02520640457512,sp__mavg,10
sp,mavg,101.175931684,0.7,6,100.31247644,1.02610420893331,sp__mavg,10
sp,mavg,101.175931684,0.7,7,100.31247644,1.02111286784516,sp__mavg,10
sp,mavg,101.175931684,0.7,8,100.31247644,1.01177191605144,sp__mavg,10
sp,mavg,101.175931684,0.7,9,100.31247644,0.999637529687243,sp__mavg,10
sp,mavg,101.175931684,0.7,10,100.31247644,0.986229559545614,sp__mavg,10
sp,mavg,101.303701327222,0.73,0,100.31247644,0.937989618897963,sp__mavg,10
sp,mavg,101.303701327222,0.73,1,100.31247644,0.961516974815695,sp__mavg,10
sp,mavg,101.303701327222,0.73,2,100.31247644,0.984059103632725,sp__mavg,10
sp,mavg,101.303701327222,0.73,3,100.31247644,1.00391286242311,sp__mavg,10
sp,mavg,101.303701327222,0.73,4,100.31247644,1.01926418700206,sp__mavg,10
sp,mavg,101.303701327222,0.73,5,100.31247644,1.02825001994425,sp__mavg,10
sp,mavg,101.303701327222,0.73,6,100.31247644,1.02960056545219,sp__mavg,10
sp,mavg,101.303701327222,0.73,7,100.31247644,1.02437750583131,sp__mavg,10
sp,mavg,101.303701327222,0.73,8,100.31247644,1.01430182166338,sp__mavg,10
sp,mavg,101.303701327222,0.73,9,100.31247644,1.0011173434294,sp__mavg,10
sp,mavg,101.303701327222,0.73,10,100.31247644,0.986524939316315,sp__mavg,10
sp,mavg,101.4223084125,0.76,0,100.31247644,0.931279184845223,sp__mavg,10
sp,mavg,101.4223084125,0.76,1,100.31247644,0.957020530062395,sp__mavg,10
sp,mavg,101.4223084125,0.76,2,100.31247644,0.981768886626952,sp__mavg,10
sp,mavg,101.4223084125,0.76,3,100.31247644,1.00366915846207,sp__mavg,10
sp,mavg,101.4223084125,0.76,4,100.31247644,1.02073228016047,sp__mavg,10
sp,mavg,101.4223084125,0.76,5,100.31247644,1.03090756763565,sp__mavg,10
sp,mavg,101.4223084125,0.76,6,100.31247644,1.03278989971521,sp__mavg,10
sp,mavg,101.4223084125,0.76,7,100.31247644,1.0275213262148,sp__mavg,10
sp,mavg,101.4223084125,0.76,8,100.31247644,1.01697356198293,sp__mavg,10
sp,mavg,101.4223084125,0.76,9,100.31247644,1.00304815916465,sp__mavg,10
sp,mavg,101.4223084125,0.76,10,100.31247644,0.98759881378834,sp__mavg,10
sp,mavg,101.539681617,0.79,0,100.31247644,0.924774368530341,sp__mavg,10
sp,mavg,101.539681617,0.79,1,100.31247644,0.952578101420211,sp__mavg,10
sp,mavg,101.539681617,0.79,2,100.31247644,0.979400654104474,sp__mavg,10
sp,mavg,101.539681617,0.79,3,100.31247644,1.00325229108305,sp__mavg,10
sp,mavg,101.539681617,0.79,4,100.31247644,1.02198587131116,sp__mavg,10
sp,mavg,101.539681617,0.79,5,100.31247644,1.03337885729818,sp__mavg,10
sp,mavg,101.539681617,0.79,6,100.31247644,1.03589926421342,sp__mavg,10
sp,mavg,101.539681617,0.79,7,100.31247644,1.03075494197673,sp__mavg,10
sp,mavg,101.539681617,0.79,8,100.31247644,1.01994860433514,sp__mavg,10
sp,mavg,101.539681617,0.79,9,100.31247644,1.00552095212062,sp__mavg,10
sp,mavg,101.539681617,0.79,10,100.31247644,0.989461608231848,sp__mavg,10
sp,mavg,101.6564830125,0.82,0,100.31247644,0.918429500559677,sp__mavg,10
sp,mavg,101.6564830125,0.82,1,100.31247644,0.948164865874769,sp__mavg,10
sp,mavg,101.6564830125,0.82,2,100.31247644,0.976948162887652,sp__mavg,10
sp,mavg,101.6564830125,0.82,3,100.31247644,1.00267096656966,sp__mavg,10
sp,mavg,101.6564830125,0.82,4,100.31247644,1.02304383922781,sp__mavg,10
sp,mavg,101.6564830125,0.82,5,100.31247644,1.03568709141047,sp__mavg,10
sp,mavg,101.6564830125,0.82,6,100.31247644,1.03894960462426,sp__mavg,10
sp,mavg,101.6564830125,0.82,7,100.31247644,1.03409137336356,sp__mavg,10
sp,mavg,101.6564830125,0.82,8,100.31247644,1.0232275711395,sp__mavg,10
sp,mavg,101.6564830125,0.82,9,100.31247644,1.00852068368702,sp__mavg,10
sp,mavg,101.6564830125,0.82,10,100.31247644,0.992080729540942,sp__mavg,10
sp,mavg,101.774658719048,0.85,0,100.31247644,0.912134266128729,sp__mavg,10
sp,mavg,101.774658719048,0.85,1,100.31247644,0.94370805638021,sp__mavg,10
sp,mavg,101.774658719048,0.85,2,100.31247644,0.974375049541045,sp__mavg,10
sp,mavg,101.774658719048,0.85,3,100.31247644,1.0019218497488,sp__mavg,10
sp,mavg,101.774658719048,0.85,4,100.31247644,1.02393017681964,sp__mavg,10
sp,mavg,101.774658719048,0.85,5,100.31247644,1.03787545074342,sp__mavg,10
sp,mavg,101.774658719048,0.85,6,100.31247644,1.04199333046719,sp__mavg,10
sp,mavg,101.774658719048,0.85,7,100.31247644,1.03758346220636,sp__mavg,10
sp,mavg,101.774658719048,0.85,8,100.31247644,1.02685694452103,sp__mavg,10
sp,mavg,101.774658719048,0.85,9,100.31247644,1.01208281151811,sp__mavg,10
sp,mavg,101.774658719048,0.85,10,100.31247644,0.99547820121655,sp__mavg,10
sp,mavg,101.9060232068,0.88,0,100.31247644,0.905276108235392,sp__mavg,10
sp,mavg,101.9060232068,0.88,1,100.31247644,0.938764542198909,sp__mavg,10
sp,mavg,101.9060232068,0.88,2,100.31247644,0.971413148370221,sp__mavg,10
sp,mavg,101.9060232068,0.88,3,100.31247644,1.0009091035936,sp__mavg,10
sp,mavg,101.9060232068,0.88,4,100.31247644,1.02470851274826,sp__mavg,10
sp,mavg,101.9060232068,0.88,5,100.31247644,1.04014233461909,sp__mavg,10
sp,mavg,101.9060232068,0.88,6,100.31247644,1.04532911376995,sp__mavg,10
sp,mavg,101.9060232068,0.88,7,100.31247644,1.04159777507717,sp__mavg,10
sp,mavg,101.9060232068,0.88,8,100.31247644,1.03124554124901,sp__mavg,10
sp,mavg,101.9060232068,0.88,9,100.31247644,1.01664068572133,sp__mavg,10
sp,mavg,101.9060232068,0.88,10,100.31247644,1.00010262992074,sp__mavg,10
sp,mavg,102.053943448143,0.91,0,100.31247644,0.89772020065672,sp__mavg,10
sp,mavg,102.053943448143,0.91,1,100.31247644,0.933212583154219,sp__mavg,10
sp,mavg,102.053943448143,0.91,2,100.31247644,0.967959015545888,sp__mavg,10
sp,mavg,102.053943448143,0.91,3,100.31247644,0.999555566793113,sp__mavg,10
sp,mavg,102.053943448143,0.91,4,100.31247644,1.02533858317624,sp__mavg,10
sp,mavg,102.053943448143,0.91,5,100.31247644,1.04249705709084,sp__mavg,10
sp,mavg,102.053943448143,0.91,6,100.31247644,1.04902881658893,sp__mavg,10
sp,mavg,102.053943448143,0.91,7,100.31247644,1.04627820532482,sp__mavg,10
sp,mavg,102.053943448143,0.91,8,100.31247644,1.03661460656023,sp__mavg,10
sp,mavg,102.053943448143,0.91,9,100.31247644,1.02249468497198,sp__mavg,10
sp,mavg,102.053943448143,0.91,10,100.31247644,1.00633270993496,sp__mavg,10
sp,mavg,102.2371949595,0.94,0,100.31247644,0.888588653837967,sp__mavg,10
sp,mavg,102.2371949595,0.94,1,100.31247644,0.926357797267805,sp__mavg,10
sp,mavg,102.2371949595,0.94,2,100.31247644,0.963520592642988,sp__mavg,10
sp,mavg,102.2371949595,0.94,3,100.31247644,0.997589166156894,sp__mavg,10
sp,mavg,102.2371949595,0.94,4,100.31247644,1.02578223245627,sp__mavg,10
sp,mavg,102.2371949595,0.94,5,100.31247644,1.04514269099252,sp__mavg,10
sp,mavg,102.2371949595,0.94,6,100.31247644,1.05353539587527,sp__mavg,10
sp,mavg,102.2371949595,0.94,7,100.31247644,1.05230017307088,sp__mavg,10
sp,mavg,102.2371949595,0.94,8,100.31247644,1.04386149404098,sp__mavg,10
sp,mavg,102.2371949595,0.94,9,100.31247644,1.03075297495452,sp__mavg,10
sp,mavg,102.2371949595,0.94,10,100.31247644,1.01547809118696,sp__mavg,10
sp,mavg,102.4833797,0.97,0,100.31247644,0.876687576359971,sp__mavg,10
sp,mavg,102.4833797,0.97,1,100.31247644,0.917193382404642,sp__mavg,10
sp,mavg,102.4833797,0.97,2,100.31247644,0.957313752643917,sp__mavg,10
sp,mavg,102.4833797,0.97,3,100.31247644,0.994494379859344,sp__mavg,10
sp,mavg,102.4833797,0.97,4,100.31247644,1.02584641027581,sp__mavg,10
sp,mavg,102.4833797,0.97,5,100.31247644,1.04826636866075,sp__mavg,10
sp,mavg,102.4833797,0.97,6,100.31247644,1.05946954799301,sp__mavg,10
sp,mavg,102.4833797,0.97,7,100.31247644,1.06075381866015,sp__mavg,10
sp,mavg,102.4833797,0.97,8,100.31247644,1.05456342320655,sp__mavg,10
sp,mavg,102.4833797,0.97,9,100.31247644,1.04348318247257,sp__mavg,10
sp,mavg,102.4833797,0.97,10,100.31247644,1.03009084878426,sp__mavg,10
tp,lag,0,0.01,0,0.36459968,1.00362422088551,tp__lag,11
tp,lag,0,0.01,1,0.36459968,1.00379609270587,tp__lag,11
tp,lag,0,0.01,2,0.36459968,1.00397486114857,tp__lag,11
tp,lag,0,0.01,3,0.36459968,1.00416739839367,tp__lag,11
tp,lag,0,0.01,4,0.36459968,1.00438058231427,tp__lag,11
tp,lag,0,0.01,5,0.36459968,1.00462129765449,tp__lag,11
tp,lag,0,0.01,6,0.36459968,1.00489414650962,tp__lag,11
tp,lag,0,0.01,7,0.36459968,1.00519457131423,tp__lag,11
tp,lag,0,0.01,8,0.36459968,1.00551571897887,tp__lag,11
tp,lag,0,0.01,9,0.36459968,1.00585072923935,tp__lag,11
tp,lag,0,0.01,10,0.36459968,1.00619273347539,tp__lag,11
tp,lag,0.000423193,0.07,0,0.36459968,1.00362027335995,tp__lag,11
tp,lag,0.000423193,0.07,1,0.36459968,1.00379006808531,tp__lag,11
tp,lag,0.000423193,0.07,2,0.36459968,1.00396673646558,tp__lag,11
tp,lag,0.000423193,0.07,3,0.36459968,1.00415712834649,tp__lag,11
tp,lag,0.000423193,0.07,4,0.36459968,1.00436809918848,tp__lag,11
tp,lag,0.000423193,0.07,5,0.36459968,1.00460651123698,tp__lag,11
tp,lag,0.000423193,0.07,6,0.36459968,1.00487695143945,tp__lag,11
tp,lag,0.000423193,0.07,7,0.36459968,1.00517487682658,tp__lag,11
tp,lag,0.000423193,0.07,8,0.36459968,1.00549345641522,tp__lag,11
tp,lag,0.000423193,0.07,9,0.36459968,1.00582585213532,tp__lag,11
tp,lag,0.000423193,0.07,10,0.36459968,1.00616521765634,tp__lag,11
tp,lag,0.000441074,0.1,0,0.36459968,1.00362010656213,tp__lag,11
tp,lag,0.000441074,0.1,1,0.36459968,1.00378981354917,tp__lag,11
tp,lag,0.000441074,0.1,2,0.36459968,1.00396639322106,tp__lag,11
tp,lag,0.000441074,0.1,3,0.36459968,1.00415669448006,tp__lag,11
tp,lag,0.000441074,0.1,4,0.36459968,1.00436757183982,tp__lag,11
tp,lag,0.000441074,0.1,5,0.36459968,1.00460588659535,tp__lag,11
tp,lag,0.000441074,0.1,6,0.36459968,1.00487622505425,tp__lag,11
tp,lag,0.000441074,0.1,7,0.36459968,1.00517404486382,tp__lag,11
tp,lag,0.000441074,0.1,8,0.36459968,1.00549251597479,tp__lag,11
tp,lag,0.000441074,0.1,9,0.36459968,1.0058248012547,tp__lag,11
tp,lag,0.000441074,0.1,10,0.36459968,1.00616405531463,tp__lag,11
tp,lag,0.000852346,0.13,0,0.36459968,1.00361626992604,tp__lag,11
tp,lag,0.000852346,0.13,1,0.36459968,1.00378395990209,tp__lag,11
tp,lag,0.000852346,0.13,2,0.36459968,1.00395850026369,tp__lag,11
tp,lag,0.000852346,0.13,3,0.36459968,1.00414671822033,tp__lag,11
tp,lag,0.000852346,0.13,4,0.36459968,1.00435544651725,tp__lag,11
tp,lag,0.000852346,0.13,5,0.36459968,1.00459152459792,tp__lag,11
tp,lag,0.000852346,0.13,6,0.36459968,1.00485952405854,tp__lag,11
tp,lag,0.000852346,0.13,7,0.36459968,1.00515491672466,tp__lag,11
tp,lag,0.000852346,0.13,8,0.36459968,1.00547089401939,tp__lag,11
tp,lag,0.000852346,0.13,9,0.36459968,1.00580064036757,tp__lag,11
tp,lag,0.000852346,0.13,10,0.36459968,1.00613733202987,tp__lag,11
tp,lag,0.000858307,0.16,0,0.36459968,1.00361621431406,tp__lag,11
tp,lag,0.000858307,0.16,1,0.36459968,1.00378387507312,tp__lag,11
tp,lag,0.000858307,0.16,2,0.36459968,1.00395838589472,tp__lag,11
tp,lag,0.000858307,0.16,3,0.36459968,1.00414657367407,tp__lag,11
tp,lag,0.000858307,0.16,4,0.36459968,1.00435527084105,tp__lag,11
tp,lag,0.000858307,0.16,5,0.36459968,1.00459131652255,tp__lag,11
tp,lag,0.000858307,0.16,6,0.36459968,1.00485928210163,tp__lag,11
tp,lag,0.000858307,0.16,7,0.36459968,1.00515463960928,tp__lag,11
tp,lag,0.000858307,0.16,8,0.36459968,1.00547058077971,tp__lag,11
tp,lag,0.000858307,0.16,9,0.36459968,1.00580029035005,tp__lag,11
tp,lag,0.000858307,0.16,10,0.36459968,1.00613694489465,tp__lag,11
tp,lag,0.0012815,0.19,0,0.36459968,1.00361226585838,tp__lag,11
tp,lag,0.0012815,0.19,1,0.36459968,1.00377785416587,tp__lag,11
tp,lag,0.0012815,0.19,2,0.36459968,1.0039502696227,tp__lag,11
tp,lag,0.0012815,0.19,3,0.36459968,1.00413631682597,tp__lag,11
tp,lag,0.0012815,0.19,4,0.36459968,1.00434280583002,tp__lag,11
tp,lag,0.0012815,0.19,5,0.36459968,1.00457655330124,tp__lag,11
tp,lag,0.0012815,0.19,6,0.36459968,1.00484211550205,tp__lag,11
tp,lag,0.0012815,0.19,7,0.36459968,1.00513497903883,tp__lag,11
tp,lag,0.0012815,0.19,8,0.36459968,1.00544835771858,tp__lag,11
tp,lag,0.0012815,0.19,9,0.36459968,1.00577545843803,tp__lag,11
tp,lag,0.0012815,0.19,10,0.36459968,1.00610948002559,tp__lag,11
tp,lag,0.001710626,0.22,0,0.36459968,1.00360826111773,tp__lag,11
tp,lag,0.001710626,0.22,1,0.36459968,1.00377175246197,tp__lag,11
tp,lag,0.001710626,0.22,2,0.36459968,1.00394204776566,tp__lag,11
tp,lag,0.001710626,0.22,3,0.36459968,1.00412592905002,tp__lag,11
tp,lag,0.001710626,0.22,4,0.36459968,1.00433018371559,tp__lag,11
tp,lag,0.001710626,0.22,5,0.36459968,1.00456160568936,tp__lag,11
tp,lag,0.001710626,0.22,6,0.36459968,1.00482473592611,tp__lag,11
tp,lag,0.001710626,0.22,7,0.36459968,1.00511507579075,tp__lag,11
tp,lag,0.001710626,0.22,8,0.36459968,1.0054258614392,tp__lag,11
tp,lag,0.001710626,0.22,9,0.36459968,1.00575032220453,tp__lag,11
tp,lag,0.001710626,0.22,10,0.36459968,1.0060816794467,tp__lag,11
tp,lag,0.001938433,0.25,0,0.36459968,1.00360613466435,tp__lag,11
tp,lag,0.001938433,0.25,1,0.36459968,1.00376851517341,tp__lag,11
tp,lag,0.001938433,0.25,2,0.36459968,1.00393768735344,tp__lag,11
tp,lag,0.001938433,0.25,3,0.36459968,1.00412042125902,tp__lag,11
tp,lag,0.001938433,0.25,4,0.36459968,1.00432349228297,tp__lag,11
tp,lag,0.001938433,0.25,5,0.36459968,1.00455368229934,tp__lag,11
tp,lag,0.001938433,0.25,6,0.36459968,1.0048155241495,tp__lag,11
tp,lag,0.001938433,0.25,7,0.36459968,1.00510452702194,tp__lag,11
tp,lag,0.001938433,0.25,8,0.36459968,1.00541393891937,tp__lag,11
tp,lag,0.001938433,0.25,9,0.36459968,1.00573700106786,tp__lag,11
tp,lag,0.001938433,0.25,10,0.36459968,1.00606694677055,tp__lag,11
tp,lag,0.00299031,0.28,0,0.36459968,1.00359631086414,tp__lag,11
tp,lag,0.00299031,0.28,1,0.36459968,1.00375358699825,tp__lag,11
tp,lag,0.00299031,0.28,2,0.36459968,1.00391759828905,tp__lag,11
tp,lag,0.00299031,0.28,3,0.36459968,1.00409505972561,tp__lag,11
tp,lag,0.00299031,0.28,4,0.36459968,1.00429269144761,tp__lag,11
tp,lag,0.00299031,0.28,5,0.36459968,1.00451721986978,tp__lag,11
tp,lag,0.00299031,0.28,6,0.36459968,1.00477314050398,tp__lag,11
tp,lag,0.00299031,0.28,7,0.36459968,1.00505599854554,tp__lag,11
tp,lag,0.00299031,0.28,8,0.36459968,1.0053590965159,tp__lag,11
tp,lag,0.00299031,0.28,9,0.36459968,1.0056757303705,tp__lag,11
tp,lag,0.00299031,0.28,10,0.36459968,1.00599918837124,tp__lag,11
tp,lag,0.0066787,0.31,0,0.36459968,1.00356179759921,tp__lag,11
tp,lag,0.0066787,0.31,1,0.36459968,1.00370149814559,tp__lag,11
tp,lag,0.0066787,0.31,2,0.36459968,1.0038477386161,tp__lag,11
tp,lag,0.0066787,0.31,3,0.36459968,1.0040070433755,tp__lag,11
tp,lag,0.0066787,0.31,4,0.36459968,1.00418594131039,tp__lag,11
tp,lag,0.0066787,0.31,5,0.36459968,1.00439096689053,tp__lag,11
tp,lag,0.0066787,0.31,6,0.36459968,1.00462648646732,tp__lag,11
tp,lag,0.0066787,0.31,7,0.36459968,1.00488816995777,tp__lag,11
tp,lag,0.0066787,0.31,8,0.36459968,1.00516950867199,tp__lag,11
tp,lag,0.0066787,0.31,9,0.36459968,1.00546398806119,tp__lag,11
tp,lag,0.0066787,0.31,10,0.36459968,1.00576508665379,tp__lag,11
tp,lag,0.017624205,0.34,0,0.36459968,1.00345878538821,tp__lag,11
tp,lag,0.017624205,0.34,1,0.36459968,1.00354924251512,tp__lag,11
tp,lag,0.017624205,0.34,2,0.36459968,1.0036456863091,tp__lag,11
tp,lag,0.017624205,0.34,3,0.36459968,1.00375409765311,tp__lag,11
tp,lag,0.017624205,0.34,4,0.36459968,1.00388046033442,tp__lag,11
tp,lag,0.017624205,0.34,5,0.36459968,1.00403076193617,tp__lag,11
tp,lag,0.017624205,0.34,6,0.36459968,1.00420900112186,tp__lag,11
tp,lag,0.017624205,0.34,7,0.36459968,1.00441120402663,tp__lag,11
tp,lag,0.017624205,0.34,8,0.36459968,1.00463140069255,tp__lag,11
tp,lag,0.017624205,0.34,9,0.36459968,1.00486361713193,tp__lag,11
tp,lag,0.017624205,0.34,10,0.36459968,1.00510187443419,tp__lag,11
tp,lag,0.038916577,0.37,0,0.36459968,1.00325600375687,tp__lag,11
tp,lag,0.038916577,0.37,1,0.36459968,1.003262716422,tp__lag,11
tp,lag,0.038916577,0.37,2,0.36459968,1.00327444425043,tp__lag,11
tp,lag,0.038916577,0.37,3,0.36459968,1.00329620264521,tp__lag,11
tp,lag,0.038916577,0.37,4,0.36459968,1.00333300767008,tp__lag,11
tp,lag,0.038916577,0.37,5,0.36459968,1.00338987667634,tp__lag,11
tp,lag,0.038916577,0.37,6,0.36459968,1.00347015714275,tp__lag,11
tp,lag,0.038916577,0.37,7,0.36459968,1.00357051027532,tp__lag,11
tp,lag,0.038916577,0.37,8,0.36459968,1.00368592489442,tp__lag,11
tp,lag,0.038916577,0.37,9,0.36459968,1.00381138836648,tp__lag,11
tp,lag,0.038916577,0.37,10,0.36459968,1.00394188597658,tp__lag,11
tp,lag,0.076159835,0.4,0,0.36459968,1.00289461544605,tp__lag,11
tp,lag,0.076159835,0.4,1,0.36459968,1.00279044753707,tp__lag,11
tp,lag,0.076159835,0.4,2,0.36459968,1.00268988927138,tp__lag,11
tp,lag,0.076159835,0.4,3,0.36459968,1.00259653805384,tp__lag,11
tp,lag,0.076159835,0.4,4,0.36459968,1.00251399006564,tp__lag,11
tp,lag,0.076159835,0.4,5,0.36459968,1.00244584058742,tp__lag,11
tp,lag,0.076159835,0.4,6,0.36459968,1.00239448519404,tp__lag,11
tp,lag,0.076159835,0.4,7,0.36459968,1.00235752287711,tp__lag,11
tp,lag,0.076159835,0.4,8,0.36459968,1.00233135449489,tp__lag,11
tp,lag,0.076159835,0.4,9,0.36459968,1.00231238172038,tp__lag,11
tp,lag,0.076159835,0.4,10,0.36459968,1.00229700671856,tp__lag,11
tp,lag,0.130459666,0.43,0,0.36459968,1.00235577717712,tp__lag,11
tp,lag,0.130459666,0.43,1,0.36459968,1.00216126054239,tp__lag,11
tp,lag,0.130459666,0.43,2,0.36459968,1.00196885539356,tp__lag,11
tp,lag,0.130459666,0.43,3,0.36459968,1.00178063387746,tp__lag,11
tp,lag,0.130459666,0.43,4,0.36459968,1.00159866662205,tp__lag,11
tp,lag,0.130459666,0.43,5,0.36459968,1.00142502284438,tp__lag,11
tp,lag,0.130459666,0.43,6,0.36459968,1.00126107974257,tp__lag,11
tp,lag,0.130459666,0.43,7,0.36459968,1.00110545125874,tp__lag,11
tp,lag,0.130459666,0.43,8,0.36459968,1.00095606187768,tp__lag,11
tp,lag,0.130459666,0.43,9,0.36459968,1.00081083746769,tp__lag,11
tp,lag,0.130459666,0.43,10,0.36459968,1.00066770517286,tp__lag,11
tp,lag,0.209302815,0.46,0,0.36459968,1.00155874871804,tp__lag,11
tp,lag,0.209302815,0.46,1,0.36459968,1.00135229421997,tp__lag,11
tp,lag,0.209302815,0.46,2,0.36459968,1.0011466503877,tp__lag,11
tp,lag,0.209302815,0.46,3,0.36459968,1.00094258469134,tp__lag,11
tp,lag,0.209302815,0.46,4,0.36459968,1.00074086398038,tp__lag,11
tp,lag,0.209302815,0.46,5,0.36459968,1.00054225449869,tp__lag,11
tp,lag,0.209302815,0.46,6,0.36459968,1.00034726607355,tp__lag,11
tp,lag,0.209302815,0.46,7,0.36459968,1.00015538503736,tp__lag,11
tp,lag,0.209302815,0.46,8,0.36459968,0.999965842413144,tp__lag,11
tp,lag,0.209302815,0.46,9,0.36459968,0.999777869826191,tp__lag,11
tp,lag,0.209302815,0.46,10,0.36459968,0.999590699489047,tp__lag,11
tp,lag,0.31866651794,0.49,0,0.36459968,1.00045393807248,tp__lag,11
tp,lag,0.31866651794,0.49,1,0.36459968,1.00037756240684,tp__lag,11
tp,lag,0.31866651794,0.49,2,0.36459968,1.00030129124606,tp__lag,11
tp,lag,0.31866651794,0.49,3,0.36459968,1.00022522323387,tp__lag,11
tp,lag,0.31866651794,0.49,4,0.36459968,1.00014945698408,tp__lag,11
tp,lag,0.31866651794,0.49,5,0.36459968,1.00007409108083,tp__lag,11
tp,lag,0.31866651794,0.49,6,0.36459968,0.999999191197464,tp__lag,11
tp,lag,0.31866651794,0.49,7,0.36459968,0.999924691472037,tp__lag,11
tp,lag,0.31866651794,0.49,8,0.36459968,0.999850493186155,tp__lag,11
tp,lag,0.31866651794,0.49,9,0.36459968,0.999776497651038,tp__lag,11
tp,lag,0.31866651794,0.49,10,0.36459968,0.999702606207277,tp__lag,11
tp,lag,0.478643179,0.52,0,0.36459968,0.99891853063389,tp__lag,11
tp,lag,0.478643179,0.52,1,0.36459968,0.999104258411498,tp__lag,11
tp,lag,0.478643179,0.52,2,0.36459968,0.999289805912514,tp__lag,11
tp,lag,0.478643179,0.52,3,0.36459968,0.999474958175131,tp__lag,11
tp,lag,0.478643179,0.52,4,0.36459968,0.999659500078686,tp__lag,11
tp,lag,0.478643179,0.52,5,0.36459968,0.999843216344737,tp__lag,11
tp,lag,0.478643179,0.52,6,0.36459968,1.00002596319426,tp__lag,11
tp,lag,0.478643179,0.52,7,0.36459968,1.00020788342077,tp__lag,11
tp,lag,0.478643179,0.52,8,0.36459968,1.00038919160604,tp__lag,11
tp,lag,0.478643179,0.52,9,0.36459968,1.00057010248916,tp__lag,11
tp,lag,0.478643179,0.52,10,0.36459968,1.00075083096549,tp__lag,11
tp,lag,0.6851771473,0.55,0,0.36459968,0.997124933043416,tp__lag,11
tp,lag,0.6851771473,0.55,1,0.36459968,0.997618741601744,tp__lag,11
tp,lag,0.6851771473,0.55,2,0.36459968,0.998112189219079,tp__lag,11
tp,lag,0.6851771473,0.55,3,0.36459968,0.998604669328316,tp__lag,11
tp,lag,0.6851771473,0.55,4,0.36459968,0.999095574169219,tp__lag,11
tp,lag,0.6851771473,0.55,5,0.36459968,0.999584294796143,tp__lag,11
tp,lag,0.6851771473,0.55,6,0.36459968,1.0000704233157,tp__lag,11
tp,lag,0.6851771473,0.55,7,0.36459968,1.00055436036229,tp__lag,11
tp,lag,0.6851771473,0.55,8,0.36459968,1.00103670979105,tp__lag,11
tp,lag,0.6851771473,0.55,9,0.36459968,1.00151807663726,tp__lag,11
tp,lag,0.6851771473,0.55,10,0.36459968,1.00199906710864,tp__lag,11
tp,lag,0.954385892439999,0.58,0,0.36459968,0.995088419310226,tp__lag,11
tp,lag,0.954385892439999,0.58,1,0.36459968,0.995932328536614,tp__lag,11
tp,lag,0.954385892439999,0.58,2,0.36459968,0.996775834910779,tp__lag,11
tp,lag,0.954385892439999,0.58,3,0.36459968,0.997617816702557,tp__lag,11
tp,lag,0.954385892439999,0.58,4,0.36459968,0.998457148406225,tp__lag,11
tp,lag,0.954385892439999,0.58,5,0.36459968,0.999292700764015,tp__lag,11
tp,lag,0.954385892439999,0.58,6,0.36459968,1.00012371490446,tp__lag,11
tp,lag,0.954385892439999,0.58,7,0.36459968,1.00095092716916,tp__lag,11
tp,lag,0.954385892439999,0.58,8,0.36459968,1.00177545114369,tp__lag,11
tp,lag,0.954385892439999,0.58,9,0.36459968,1.00259840414265,tp__lag,11
tp,lag,0.954385892439999,0.58,10,0.36459968,1.00342090718585,tp__lag,11
tp,lag,1.297745109,0.61,0,0.36459968,0.992946203485623,tp__lag,11
tp,lag,1.297745109,0.61,1,0.36459968,0.99415924543908,tp__lag,11
tp,lag,1.297745109,0.61,2,0.36459968,0.995371988772287,tp__lag,11
tp,lag,1.297745109,0.61,3,0.36459968,0.99658264606969,tp__lag,11
tp,lag,1.297745109,0.61,4,0.36459968,0.997789421257641,tp__lag,11
tp,lag,1.297745109,0.61,5,0.36459968,0.998990509658091,tp__lag,11
tp,lag,1.297745109,0.61,6,0.36459968,1.00018469445852,tp__lag,11
tp,lag,1.297745109,0.61,7,0.36459968,1.00137314164124,tp__lag,11
tp,lag,1.297745109,0.61,8,0.36459968,1.0025576207661,tp__lag,11
tp,lag,1.297745109,0.61,9,0.36459968,1.00373990992878,tp__lag,11
tp,lag,1.297745109,0.61,10,0.36459968,1.00492179570605,tp__lag,11
tp,lag,1.73467301156,0.64,0,0.36459968,0.990877341159177,tp__lag,11
tp,lag,1.73467301156,0.64,1,0.36459968,0.992448933640122,tp__lag,11
tp,lag,1.73467301156,0.64,2,0.36459968,0.99402038079496,tp__lag,11
tp,lag,1.73467301156,0.64,3,0.36459968,0.995589031914766,tp__lag,11
tp,lag,1.73467301156,0.64,4,0.36459968,0.997152219642346,tp__lag,11
tp,lag,1.73467301156,0.64,5,0.36459968,0.998707260082695,tp__lag,11
tp,lag,1.73467301156,0.64,6,0.36459968,1.00025233781949,tp__lag,11
tp,lag,1.73467301156,0.64,7,0.36459968,1.0017891715266,tp__lag,11
tp,lag,1.73467301156,0.64,8,0.36459968,1.0033203785268,tp__lag,11
tp,lag,1.73467301156,0.64,9,0.36459968,1.00484859251766,tp__lag,11
tp,lag,1.73467301156,0.64,10,0.36459968,1.00637646345805,tp__lag,11
tp,lag,2.261167764,0.67,0,0.36459968,0.98921549804489,tp__lag,11
tp,lag,2.261167764,0.67,1,0.36459968,0.991079240722145,tp__lag,11
tp,lag,2.261167764,0.67,2,0.36459968,0.992942796566529,tp__lag,11
tp,lag,2.261167764,0.67,3,0.36459968,0.994802446167318,tp__lag,11
tp,lag,2.261167764,0.67,4,0.36459968,0.996654442415108,tp__lag,11
tp,lag,2.261167764,0.67,5,0.36459968,0.998495010719083,tp__lag,11
tp,lag,2.261167764,0.67,6,0.36459968,1.0003215912703,tp__lag,11
tp,lag,2.261167764,0.67,7,0.36459968,1.00213658323995,tp__lag,11
tp,lag,2.261167764,0.67,8,0.36459968,1.00394365067064,tp__lag,11
tp,lag,2.261167764,0.67,9,0.36459968,1.00574648476588,tp__lag,11
tp,lag,2.261167764,0.67,10,0.36459968,1.00754880366575,tp__lag,11
tp,lag,2.903297544,0.7,0,0.36459968,0.988156758729991,tp__lag,11
tp,lag,2.903297544,0.7,1,0.36459968,0.990214673221155,tp__lag,11
tp,lag,2.903297544,0.7,2,0.36459968,0.992271834030206,tp__lag,11
tp,lag,2.903297544,0.7,3,0.36459968,0.99432316880469,tp__lag,11
tp,lag,2.903297544,0.7,4,0.36459968,0.996363563552926,tp__lag,11
tp,lag,2.903297544,0.7,5,0.36459968,0.998387863073967,tp__lag,11
tp,lag,2.903297544,0.7,6,0.36459968,1.00039256521166,tp__lag,11
tp,lag,2.903297544,0.7,7,0.36459968,1.00238092934371,tp__lag,11
tp,lag,2.903297544,0.7,8,0.36459968,1.00435794293865,tp__lag,11
tp,lag,2.903297544,0.7,9,0.36459968,1.00632863412273,tp__lag,11
tp,lag,2.903297544,0.7,10,0.36459968,1.00829807123536,tp__lag,11
tp,lag,3.666177392,0.73,0,0.36459968,0.987838696271218,tp__lag,11
tp,lag,3.666177392,0.73,1,0.36459968,0.989970766466331,tp__lag,11
tp,lag,3.666177392,0.73,2,0.36459968,0.992100724251975,tp__lag,11
tp,lag,3.666177392,0.73,3,0.36459968,0.994221807773366,tp__lag,11
tp,lag,3.666177392,0.73,4,0.36459968,0.996327197880416,tp__lag,11
tp,lag,3.666177392,0.73,5,0.36459968,0.998410018967155,tp__lag,11
tp,lag,3.666177392,0.73,6,0.36459968,1.00046559717402,tp__lag,11
tp,lag,3.666177392,0.73,7,0.36459968,1.00249826939124,tp__lag,11
tp,lag,3.666177392,0.73,8,0.36459968,1.00451467698181,tp__lag,11
tp,lag,3.666177392,0.73,9,0.36459968,1.00652151691588,tp__lag,11
tp,lag,3.666177392,0.73,10,0.36459968,1.00852554090464,tp__lag,11
tp,lag,4.670634866,0.76,0,0.36459968,0.988076724841591,tp__lag,11
tp,lag,4.670634866,0.76,1,0.36459968,0.990198627502408,tp__lag,11
tp,lag,4.670634866,0.76,2,0.36459968,0.992316011014398,tp__lag,11
tp,lag,4.670634866,0.76,3,0.36459968,0.994419731748001,tp__lag,11
tp,lag,4.670634866,0.76,4,0.36459968,0.996500569468303,tp__lag,11
tp,lag,4.670634866,0.76,5,0.36459968,0.998549229021751,tp__lag,11
tp,lag,4.670634866,0.76,6,0.36459968,1.00055939331485,tp__lag,11
tp,lag,4.670634866,0.76,7,0.36459968,1.00253692599759,tp__lag,11
tp,lag,4.670634866,0.76,8,0.36459968,1.00449080496172,tp__lag,11
tp,lag,4.670634866,0.76,9,0.36459968,1.0064300817395,tp__lag,11
tp,lag,4.670634866,0.76,10,0.36459968,1.00836387976895,tp__lag,11
tp,lag,5.802989006,0.79,0,0.36459968,0.988406431233908,tp__lag,11
tp,lag,5.802989006,0.79,1,0.36459968,0.990510051568725,tp__lag,11
tp,lag,5.802989006,0.79,2,0.36459968,0.992606178553742,tp__lag,11
tp,lag,5.802989006,0.79,3,0.36459968,0.994682750204626,tp__lag,11
tp,lag,5.802989006,0.79,4,0.36459968,0.99672760515995,tp__lag,11
tp,lag,5.802989006,0.79,5,0.36459968,0.998728485800167,tp__lag,11
tp,lag,5.802989006,0.79,6,0.36459968,1.00067706543396,tp__lag,11
tp,lag,5.802989006,0.79,7,0.36459968,1.0025810829178,tp__lag,11
tp,lag,5.802989006,0.79,8,0.36459968,1.00445238278768,tp__lag,11
tp,lag,5.802989006,0.79,9,0.36459968,1.00630290395583,tp__lag,11
tp,lag,5.802989006,0.79,10,0.36459968,1.00814467651042,tp__lag,11
tp,lag,7.16041809191999,0.82,0,0.36459968,0.988791829132391,tp__lag,11
tp,lag,7.16041809191999,0.82,1,0.36459968,0.990880050137276,tp__lag,11
tp,lag,7.16041809191999,0.82,2,0.36459968,0.992956915832976,tp__lag,11
tp,lag,7.16041809191999,0.82,3,0.36459968,0.995006538453573,tp__lag,11
tp,lag,7.16041809191999,0.82,4,0.36459968,0.99701290166134,tp__lag,11
tp,lag,7.16041809191999,0.82,5,0.36459968,0.998959866191553,tp__lag,11
tp,lag,7.16041809191999,0.82,6,0.36459968,1.00083647487389,tp__lag,11
tp,lag,7.16041809191999,0.82,7,0.36459968,1.00265292996221,tp__lag,11
tp,lag,7.16041809191999,0.82,8,0.36459968,1.00442483859003,tp__lag,11
tp,lag,7.16041809191999,0.82,9,0.36459968,1.00616792799806,tp__lag,11
tp,lag,7.16041809191999,0.82,10,0.36459968,1.00789803975283,tp__lag,11
tp,lag,8.867951832,0.85,0,0.36459968,0.989261435959658,tp__lag,11
tp,lag,8.867951832,0.85,1,0.36459968,0.99134034461944,tp__lag,11
tp,lag,8.867951832,0.85,2,0.36459968,0.993402581188728,tp__lag,11
tp,lag,8.867951832,0.85,3,0.36459968,0.995426939794328,tp__lag,11
tp,lag,8.867951832,0.85,4,0.36459968,0.997392046205214,tp__lag,11
tp,lag,8.867951832,0.85,5,0.36459968,0.999276368204409,tp__lag,11
tp,lag,8.867951832,0.85,6,0.36459968,1.00106529820193,tp__lag,11
tp,lag,8.867951832,0.85,7,0.36459968,1.00277247078427,tp__lag,11
tp,lag,8.867951832,0.85,8,0.36459968,1.00441873076724,tp__lag,11
tp,lag,8.867951832,0.85,9,0.36459968,1.00602507654142,tp__lag,11
tp,lag,8.867951832,0.85,10,0.36459968,1.00761264946673,tp__lag,11
tp,lag,11.14078164,0.88,0,0.36459968,0.989860362971835,tp__lag,11
tp,lag,11.14078164,0.88,1,0.36459968,0.991944190390196,tp__lag,11
tp,lag,11.14078164,0.88,2,0.36459968,0.994003478040914,tp__lag,11
tp,lag,11.14078164,0.88,3,0.36459968,0.99600907005319,tp__lag,11
tp,lag,11.14078164,0.88,4,0.36459968,0.997931583503588,tp__lag,11
tp,lag,11.14078164,0.88,5,0.36459968,0.999741428478923,tp__lag,11
tp,lag,11.14078164,0.88,6,0.36459968,1.00141855079135,tp__lag,11
tp,lag,11.14078164,0.88,7,0.36459968,1.00298173002596,tp__lag,11
tp,lag,11.14078164,0.88,8,0.36459968,1.00445965416291,tp__lag,11
tp,lag,11.14078164,0.88,9,0.36459968,1.00588121073412,tp__lag,11
tp,lag,11.14078164,0.88,10,0.36459968,1.00727546634184,tp__lag,11
tp,lag,14.39255774,0.91,0,0.36459968,0.990665643540215,tp__lag,11
tp,lag,14.39255774,0.91,1,0.36459968,0.992790687707079,tp__lag,11
tp,lag,14.39255774,0.91,2,0.36459968,0.994878375693917,tp__lag,11
tp,lag,14.39255774,0.91,3,0.36459968,0.996886453715827,tp__lag,11
tp,lag,14.39255774,0.91,4,0.36459968,0.998772343766616,tp__lag,11
tp,lag,14.39255774,0.91,5,0.36459968,1.00049318646802,tp__lag,11
tp,lag,14.39255774,0.91,6,0.36459968,1.00201997359903,tp__lag,11
tp,lag,14.39255774,0.91,7,0.36459968,1.00337998910267,tp__lag,11
tp,lag,14.39255774,0.91,8,0.36459968,1.00461487093899,tp__lag,11
tp,lag,14.39255774,0.91,9,0.36459968,1.00576652425982,tp__lag,11
tp,lag,14.39255774,0.91,10,0.36459968,1.00687707774217,tp__lag,11
tp,lag,19.66069043,0.94,0,0.36459968,0.991842489548577,tp__lag,11
tp,lag,19.66069043,0.94,1,0.36459968,0.994118922704473,tp__lag,11
tp,lag,19.66069043,0.94,2,0.36459968,0.996333398106462,tp__lag,11
tp,lag,19.66069043,0.94,3,0.36459968,0.998418155685748,tp__lag,11
tp,lag,19.66069043,0.94,4,0.36459968,1.00030491086564,tp__lag,11
tp,lag,19.66069043,0.94,5,0.36459968,1.00192496595227,tp__lag,11
tp,lag,19.66069043,0.94,6,0.36459968,1.00323191657669,tp__lag,11
tp,lag,19.66069043,0.94,7,0.36459968,1.00426967398449,tp__lag,11
tp,lag,19.66069043,0.94,8,0.36459968,1.00510516914903,tp__lag,11
tp,lag,19.66069043,0.94,9,0.36459968,1.00580571234717,tp__lag,11
tp,lag,19.66069043,0.94,10,0.36459968,1.00643887988023,tp__lag,11
tp,lag,29.38915193,0.97,0,0.36459968,0.993607177444016,tp__lag,11
tp,lag,29.38915193,0.97,1,0.36459968,0.996433700643892,tp__lag,11
tp,lag,29.38915193,0.97,2,0.36459968,0.999140873206298,tp__lag,11
tp,lag,29.38915193,0.97,3,0.36459968,1.00159997487833,tp__lag,11
tp,lag,29.38915193,0.97,4,0.36459968,1.0036811694861,tp__lag,11
tp,lag,29.38915193,0.97,5,0.36459968,1.00525390772594,tp__lag,11
tp,lag,29.38915193,0.97,6,0.36459968,1.00623025961376,tp__lag,11
tp,lag,29.38915193,0.97,7,0.36459968,1.00669404434766,tp__lag,11
tp,lag,29.38915193,0.97,8,0.36459968,1.00677290065548,tp__lag,11
tp,lag,29.38915193,0.97,9,0.36459968,1.00659506339954,tp__lag,11
tp,lag,29.38915193,0.97,10,0.36459968,1.00628895489747,tp__lag,11
tp,mavg,0.000217557,0.01,0,2.31395059311111,1.00357054805665,tp__mavg,12
tp,mavg,0.000217557,0.01,1,2.31395059311111,1.00506994083129,tp__mavg,12
tp,mavg,0.000217557,0.01,2,2.31395059311111,1.0063380040246,tp__mavg,12
tp,mavg,0.000217557,0.01,3,2.31395059311111,1.00714010098241,tp__mavg,12
tp,mavg,0.000217557,0.01,4,2.31395059311111,1.00724133618476,tp__mavg,12
tp,mavg,0.000217557,0.01,5,2.31395059311111,1.00640791227478,tp__mavg,12
tp,mavg,0.000217557,0.01,6,2.31395059311111,1.00448672786521,tp__mavg,12
tp,mavg,0.000217557,0.01,7,2.31395059311111,1.0016389706189,tp__mavg,12
tp,mavg,0.000217557,0.01,8,2.31395059311111,0.998104149472023,tp__mavg,12
tp,mavg,0.000217557,0.01,9,2.31395059311111,0.994120281200181,tp__mavg,12
tp,mavg,0.000217557,0.01,10,2.31395059311111,0.989922554524783,tp__mavg,12
tp,mavg,0.000858307,0.04,0,2.31395059311111,1.00356064742929,tp__mavg,12
tp,mavg,0.000858307,0.04,1,2.31395059311111,1.00506170872406,tp__mavg,12
tp,mavg,0.000858307,0.04,2,2.31395059311111,1.00633146044301,tp__mavg,12
tp,mavg,0.000858307,0.04,3,2.31395059311111,1.00713527942152,tp__mavg,12
tp,mavg,0.000858307,0.04,4,2.31395059311111,1.00723828200734,tp__mavg,12
tp,mavg,0.000858307,0.04,5,2.31395059311111,1.00640668092879,tp__mavg,12
tp,mavg,0.000858307,0.04,6,2.31395059311111,1.00448737846112,tp__mavg,12
tp,mavg,0.000858307,0.04,7,2.31395059311111,1.00164154727714,tp__mavg,12
tp,mavg,0.000858307,0.04,8,2.31395059311111,0.998108678232606,tp__mavg,12
tp,mavg,0.000858307,0.04,9,2.31395059311111,0.99412677187495,tp__mavg,12
tp,mavg,0.000858307,0.04,10,2.31395059311111,0.989931002679467,tp__mavg,12
tp,mavg,0.0015765054,0.07,0,2.31395059311111,1.00354955023823,tp__mavg,12
tp,mavg,0.0015765054,0.07,1,2.31395059311111,1.00505248168802,tp__mavg,12
tp,mavg,0.0015765054,0.07,2,2.31395059311111,1.00632412599209,tp__mavg,12
tp,mavg,0.0015765054,0.07,3,2.31395059311111,1.0071298751061,tp__mavg,12
tp,mavg,0.0015765054,0.07,4,2.31395059311111,1.00723485868039,tp__mavg,12
tp,mavg,0.0015765054,0.07,5,2.31395059311111,1.00640530074814,tp__mavg,12
tp,mavg,0.0015765054,0.07,6,2.31395059311111,1.00448810769063,tp__mavg,12
tp,mavg,0.0015765054,0.07,7,2.31395059311111,1.00164443537943,tp__mavg,12
tp,mavg,0.0015765054,0.07,8,2.31395059311111,0.998113754404791,tp__mavg,12
tp,mavg,0.0015765054,0.07,9,2.31395059311111,0.994134047124566,tp__mavg,12
tp,mavg,0.0015765054,0.07,10,2.31395059311111,0.989940472045809,tp__mavg,12
tp,mavg,0.00705059659999997,0.1,0,2.31395059311111,1.00346497460261,tp__mavg,12
tp,mavg,0.00705059659999997,0.1,1,2.31395059311111,1.00498215839759,tp__mavg,12
tp,mavg,0.00705059659999997,0.1,2,2.31395059311111,1.00626822624553,tp__mavg,12
tp,mavg,0.00705059659999997,0.1,3,2.31395059311111,1.00708868536808,tp__mavg,12
tp,mavg,0.00705059659999997,0.1,4,2.31395059311111,1.00720876683581,tp__mavg,12
tp,mavg,0.00705059659999997,0.1,5,2.31395059311111,1.00639478088376,tp__mavg,12
tp,mavg,0.00705059659999997,0.1,6,2.31395059311111,1.00449366522722,tp__mavg,12
tp,mavg,0.00705059659999997,0.1,7,2.31395059311111,1.00166644769379,tp__mavg,12
tp,mavg,0.00705059659999997,0.1,8,2.31395059311111,0.998152444410635,tp__mavg,12
tp,mavg,0.00705059659999997,0.1,9,2.31395059311111,0.994189499085291,tp__mavg,12
tp,mavg,0.00705059659999997,0.1,10,2.31395059311111,0.990012648496696,tp__mavg,12
tp,mavg,0.032575447245,0.13,0,2.31395059311111,1.00307099290312,tp__mavg,12
tp,mavg,0.032575447245,0.13,1,2.31395059311111,1.00465453538512,tp__mavg,12
tp,mavg,0.032575447245,0.13,2,2.31395059311111,1.0060077668882,tp__mavg,12
tp,mavg,0.032575447245,0.13,3,2.31395059311111,1.00689673395043,tp__mavg,12
tp,mavg,0.032575447245,0.13,4,2.31395059311111,1.00708714264348,tp__mavg,12
tp,mavg,0.032575447245,0.13,5,2.31395059311111,1.00634570746237,tp__mavg,12
tp,mavg,0.032575447245,0.13,6,2.31395059311111,1.0045195141278,tp__mavg,12
tp,mavg,0.032575447245,0.13,7,2.31395059311111,1.00176899291941,tp__mavg,12
tp,mavg,0.032575447245,0.13,8,2.31395059311111,0.99833273838251,tp__mavg,12
tp,mavg,0.032575447245,0.13,9,2.31395059311111,0.994447946125737,tp__mavg,12
tp,mavg,0.032575447245,0.13,10,2.31395059311111,0.990349083516791,tp__mavg,12
tp,mavg,0.08240270592,0.16,0,2.31395059311111,1.00230637406964,tp__mavg,12
tp,mavg,0.08240270592,0.16,1,2.31395059311111,1.00401835539138,tp__mavg,12
tp,mavg,0.08240270592,0.16,2,2.31395059311111,1.00550164268547,tp__mavg,12
tp,mavg,0.08240270592,0.16,3,2.31395059311111,1.00652336087312,tp__mavg,12
tp,mavg,0.08240270592,0.16,4,2.31395059311111,1.00685017057543,tp__mavg,12
tp,mavg,0.08240270592,0.16,5,2.31395059311111,1.00624960415369,tp__mavg,12
tp,mavg,0.08240270592,0.16,6,2.31395059311111,1.00456905755812,tp__mavg,12
tp,mavg,0.08240270592,0.16,7,2.31395059311111,1.00196778207117,tp__mavg,12
tp,mavg,0.08240270592,0.16,8,2.31395059311111,0.998682941045383,tp__mavg,12
tp,mavg,0.08240270592,0.16,9,2.31395059311111,0.994950440845196,tp__mavg,12
tp,mavg,0.08240270592,0.16,10,2.31395059311111,0.991003612045846,tp__mavg,12
tp,mavg,0.158342719,0.19,0,2.31395059311111,1.00116509099097,tp__mavg,12
tp,mavg,0.158342719,0.19,1,2.31395059311111,1.00306700359522,tp__mavg,12
tp,mavg,0.158342719,0.19,2,2.31395059311111,1.00474286561747,tp__mavg,12
tp,mavg,0.158342719,0.19,3,2.31395059311111,1.00596159056664,tp__mavg,12
tp,mavg,0.158342719,0.19,4,2.31395059311111,1.00649144601869,tp__mavg,12
tp,mavg,0.158342719,0.19,5,2.31395059311111,1.0061013684217,tp__mavg,12
tp,mavg,0.158342719,0.19,6,2.31395059311111,1.00463933958265,tp__mavg,12
tp,mavg,0.158342719,0.19,7,2.31395059311111,1.00226273411344,tp__mavg,12
tp,mavg,0.158342719,0.19,8,2.31395059311111,0.999206399817424,tp__mavg,12
tp,mavg,0.158342719,0.19,9,2.31395059311111,0.995704138435579,tp__mavg,12
tp,mavg,0.158342719,0.19,10,2.31395059311111,0.991987404623598,tp__mavg,12
tp,mavg,0.2602457999,0.22,0,2.31395059311111,0.99971526256779,tp__mavg,12
tp,mavg,0.2602457999,0.22,1,2.31395059311111,1.0018524312219,tp__mavg,12
tp,mavg,0.2602457999,0.22,2,2.31395059311111,1.00376760598427,tp__mavg,12
tp,mavg,0.2602457999,0.22,3,2.31395059311111,1.00523260394535,tp__mavg,12
tp,mavg,0.2602457999,0.22,4,2.31395059311111,1.00601837417457,tp__mavg,12
tp,mavg,0.2602457999,0.22,5,2.31395059311111,1.00589627849965,tp__mavg,12
tp,mavg,0.2602457999,0.22,6,2.31395059311111,1.00471546870314,tp__mavg,12
tp,mavg,0.2602457999,0.22,7,2.31395059311111,1.00263051441108,tp__mavg,12
tp,mavg,0.2602457999,0.22,8,2.31395059311111,0.999872683269411,tp__mavg,12
tp,mavg,0.2602457999,0.22,9,2.31395059311111,0.996672464585789,tp__mavg,12
tp,mavg,0.2602457999,0.22,10,2.31395059311111,0.993258298003301,tp__mavg,12
tp,mavg,0.393592221166667,0.25,0,2.31395059311111,0.998044220225019,tp__mavg,12
tp,mavg,0.393592221166667,0.25,1,2.31395059311111,1.00043515454927,tp__mavg,12
tp,mavg,0.393592221166667,0.25,2,2.31395059311111,1.00261065617415,tp__mavg,12
tp,mavg,0.393592221166667,0.25,3,2.31395059311111,1.00434775238813,tp__mavg,12
tp,mavg,0.393592221166667,0.25,4,2.31395059311111,1.00542236940558,tp__mavg,12
tp,mavg,0.393592221166667,0.25,5,2.31395059311111,1.00561055380001,tp__mavg,12
tp,mavg,0.393592221166667,0.25,6,2.31395059311111,1.00476405617362,tp__mavg,12
tp,mavg,0.393592221166667,0.25,7,2.31395059311111,1.0030329637412,tp__mavg,12
tp,mavg,0.393592221166667,0.25,8,2.31395059311111,1.00064252871398,tp__mavg,12
tp,mavg,0.393592221166667,0.25,9,2.31395059311111,0.997817535676474,tp__mavg,12
tp,mavg,0.393592221166667,0.25,10,2.31395059311111,0.994781084714466,tp__mavg,12
tp,mavg,0.5629918304,0.28,0,2.31395059311111,0.99641820006486,tp__mavg,12
tp,mavg,0.5629918304,0.28,1,2.31395059311111,0.999013147378546,tp__mavg,12
tp,mavg,0.5629918304,0.28,2,2.31395059311111,1.00140352242814,tp__mavg,12
tp,mavg,0.5629918304,0.28,3,2.31395059311111,1.00337607933337,tp__mavg,12
tp,mavg,0.5629918304,0.28,4,2.31395059311111,1.00471629953025,tp__mavg,12
tp,mavg,0.5629918304,0.28,5,2.31395059311111,1.00520950757687,tp__mavg,12
tp,mavg,0.5629918304,0.28,6,2.31395059311111,1.00471310778004,tp__mavg,12
tp,mavg,0.5629918304,0.28,7,2.31395059311111,1.00336970435821,tp__mavg,12
tp,mavg,0.5629918304,0.28,8,2.31395059311111,1.0013939787796,tp__mavg,12
tp,mavg,0.5629918304,0.28,9,2.31395059311111,0.999000452908548,tp__mavg,12
tp,mavg,0.5629918304,0.28,10,2.31395059311111,0.996402373220027,tp__mavg,12
tp,mavg,0.748956280990476,0.31,0,2.31395059311111,0.995246478660953,tp__mavg,12
tp,mavg,0.748956280990476,0.31,1,2.31395059311111,0.997920179304579,tp__mavg,12
tp,mavg,0.748956280990476,0.31,2,2.31395059311111,1.00040414325635,tp__mavg,12
tp,mavg,0.748956280990476,0.31,3,2.31395059311111,1.00249958734602,tp__mavg,12
tp,mavg,0.748956280990476,0.31,4,2.31395059311111,1.00400641808963,tp__mavg,12
tp,mavg,0.748956280990476,0.31,5,2.31395059311111,1.0047242006238,tp__mavg,12
tp,mavg,0.748956280990476,0.31,6,2.31395059311111,1.0045194253052,tp__mavg,12
tp,mavg,0.748956280990476,0.31,7,2.31395059311111,1.00352432364922,tp__mavg,12
tp,mavg,0.748956280990476,0.31,8,2.31395059311111,1.00193842673765,tp__mavg,12
tp,mavg,0.748956280990476,0.31,9,2.31395059311111,0.999961332622154,tp__mavg,12
tp,mavg,0.748956280990476,0.31,10,2.31395059311111,0.99779173456109,tp__mavg,12
tp,mavg,0.9552872478,0.34,0,2.31395059311111,0.994602509025064,tp__mavg,12
tp,mavg,0.9552872478,0.34,1,2.31395059311111,0.997209515289968,tp__mavg,12
tp,mavg,0.9552872478,0.34,2,2.31395059311111,0.999646209448285,tp__mavg,12
tp,mavg,0.9552872478,0.34,3,2.31395059311111,1.00173379542553,tp__mavg,12
tp,mavg,0.9552872478,0.34,4,2.31395059311111,1.00329227168659,tp__mavg,12
tp,mavg,0.9552872478,0.34,5,2.31395059311111,1.00414121528096,tp__mavg,12
tp,mavg,0.9552872478,0.34,6,2.31395059311111,1.00416019558398,tp__mavg,12
tp,mavg,0.9552872478,0.34,7,2.31395059311111,1.00346769647372,tp__mavg,12
tp,mavg,0.9552872478,0.34,8,2.31395059311111,1.00224276370095,tp__mavg,12
tp,mavg,0.9552872478,0.34,9,2.31395059311111,1.00066464288772,tp__mavg,12
tp,mavg,0.9552872478,0.34,10,2.31395059311111,0.998911991604882,tp__mavg,12
tp,mavg,1.17889035706,0.37,0,2.31395059311111,0.994561930873734,tp__mavg,12
tp,mavg,1.17889035706,0.37,1,2.31395059311111,0.996943903912283,tp__mavg,12
tp,mavg,1.17889035706,0.37,2,2.31395059311111,0.999179525664753,tp__mavg,12
tp,mavg,1.17889035706,0.37,3,2.31395059311111,1.00111543613105,tp__mavg,12
tp,mavg,1.17889035706,0.37,4,2.31395059311111,1.00259729908833,tp__mavg,12
tp,mavg,1.17889035706,0.37,5,2.31395059311111,1.00347037970152,tp__mavg,12
tp,mavg,1.17889035706,0.37,6,2.31395059311111,1.00363126504231,tp__mavg,12
tp,mavg,1.17889035706,0.37,7,2.31395059311111,1.00318137632586,tp__mavg,12
tp,mavg,1.17889035706,0.37,8,2.31395059311111,1.00227403854591,tp__mavg,12
tp,mavg,1.17889035706,0.37,9,2.31395059311111,1.00106281282276,tp__mavg,12
tp,mavg,1.17889035706,0.37,10,2.31395059311111,0.999700915388341,tp__mavg,12
tp,mavg,1.41885863562,0.4,0,2.31395059311111,0.99512721105237,tp__mavg,12
tp,mavg,1.41885863562,0.4,1,2.31395059311111,0.997128380880062,tp__mavg,12
tp,mavg,1.41885863562,0.4,2,2.31395059311111,0.999011632836179,tp__mavg,12
tp,mavg,1.41885863562,0.4,3,2.31395059311111,1.00065414143312,tp__mavg,12
tp,mavg,1.41885863562,0.4,4,2.31395059311111,1.00193240970749,tp__mavg,12
tp,mavg,1.41885863562,0.4,5,2.31395059311111,1.00272264068565,tp__mavg,12
tp,mavg,1.41885863562,0.4,6,2.31395059311111,1.00294206476401,tp__mavg,12
tp,mavg,1.41885863562,0.4,7,2.31395059311111,1.00267189144362,tp__mavg,12
tp,mavg,1.41885863562,0.4,8,2.31395059311111,1.00203481257327,tp__mavg,12
tp,mavg,1.41885863562,0.4,9,2.31395059311111,1.00115371631336,tp__mavg,12
tp,mavg,1.41885863562,0.4,10,2.31395059311111,1.0001513135332,tp__mavg,12
tp,mavg,1.66883971794,0.43,0,2.31395059311111,0.996209427111152,tp__mavg,12
tp,mavg,1.66883971794,0.43,1,2.31395059311111,0.997704188012591,tp__mavg,12
tp,mavg,1.66883971794,0.43,2,2.31395059311111,0.999112901352632,tp__mavg,12
tp,mavg,1.66883971794,0.43,3,2.31395059311111,1.00034679709879,tp__mavg,12
tp,mavg,1.66883971794,0.43,4,2.31395059311111,1.00131673786661,tp__mavg,12
tp,mavg,1.66883971794,0.43,5,2.31395059311111,1.00193341367267,tp__mavg,12
tp,mavg,1.66883971794,0.43,6,2.31395059311111,1.00213713341218,tp__mavg,12
tp,mavg,1.66883971794,0.43,7,2.31395059311111,1.00198667032523,tp__mavg,12
tp,mavg,1.66883971794,0.43,8,2.31395059311111,1.0015706836717,tp__mavg,12
tp,mavg,1.66883971794,0.43,9,2.31395059311111,1.00097795153275,tp__mavg,12
tp,mavg,1.66883971794,0.43,10,2.31395059311111,1.00029717514832,tp__mavg,12
tp,mavg,1.93624221971429,0.46,0,2.31395059311111,0.997712302106459,tp__mavg,12
tp,mavg,1.93624221971429,0.46,1,2.31395059311111,0.998593893458725,tp__mavg,12
tp,mavg,1.93624221971429,0.46,2,2.31395059311111,0.999425064836602,tp__mavg,12
tp,mavg,1.93624221971429,0.46,3,2.31395059311111,1.00015445275802,tp__mavg,12
tp,mavg,1.93624221971429,0.46,4,2.31395059311111,1.00073056759742,tp__mavg,12
tp,mavg,1.93624221971429,0.46,5,2.31395059311111,1.00110185909273,tp__mavg,12
tp,mavg,1.93624221971429,0.46,6,2.31395059311111,1.00123390495223,tp__mavg,12
tp,mavg,1.93624221971429,0.46,7,2.31395059311111,1.00116080094858,tp__mavg,12
tp,mavg,1.93624221971429,0.46,8,2.31395059311111,1.00093386564224,tp__mavg,12
tp,mavg,1.93624221971429,0.46,9,2.31395059311111,1.00060446039318,tp__mavg,12
tp,mavg,1.93624221971429,0.46,10,2.31395059311111,1.00022392366666,tp__mavg,12
tp,mavg,2.215417732463,0.49,0,2.31395059311111,0.999415277461947,tp__mavg,12
tp,mavg,2.215417732463,0.49,1,2.31395059311111,0.999639321694827,tp__mavg,12
tp,mavg,2.215417732463,0.49,2,2.31395059311111,0.999850411571386,tp__mavg,12
tp,mavg,2.215417732463,0.49,3,2.31395059311111,1.00003553187523,tp__mavg,12
tp,mavg,2.215417732463,0.49,4,2.31395059311111,1.00018165927645,tp__mavg,12
tp,mavg,2.215417732463,0.49,5,2.31395059311111,1.00027576655923,tp__mavg,12
tp,mavg,2.215417732463,0.49,6,2.31395059311111,1.00030916535671,tp__mavg,12
tp,mavg,2.215417732463,0.49,7,2.31395059311111,1.00029052303073,tp__mavg,12
tp,mavg,2.215417732463,0.49,8,2.31395059311111,1.00023285187737,tp__mavg,12
tp,mavg,2.215417732463,0.49,9,2.31395059311111,1.00014916694526,tp__mavg,12
tp,mavg,2.215417732463,0.49,10,2.31395059311111,1.00005248180494,tp__mavg,12
tp,mavg,2.51736278881029,0.52,0,2.31395059311111,1.00112529936323,tp__mavg,12
tp,mavg,2.51736278881029,0.52,1,2.31395059311111,1.0006897807652,tp__mavg,12
tp,mavg,2.51736278881029,0.52,2,2.31395059311111,1.00028013065019,tp__mavg,12
tp,mavg,2.51736278881029,0.52,3,2.31395059311111,0.999921987224891,tp__mavg,12
tp,mavg,2.51736278881029,0.52,4,2.31395059311111,0.999640957887105,tp__mavg,12
tp,mavg,2.51736278881029,0.52,5,2.31395059311111,0.999462635713646,tp__mavg,12
tp,mavg,2.51736278881029,0.52,6,2.31395059311111,0.999404070187356,tp__mavg,12
tp,mavg,2.51736278881029,0.52,7,2.31395059311111,0.999448134784504,tp__mavg,12
tp,mavg,2.51736278881029,0.52,8,2.31395059311111,0.999569181653481,tp__mavg,12
tp,mavg,2.51736278881029,0.52,9,2.31395059311111,0.999741572912047,tp__mavg,12
tp,mavg,2.51736278881029,0.52,10,2.31395059311111,0.999939664181547,tp__mavg,12
tp,mavg,2.84548426760179,0.55,0,2.31395059311111,1.00270961488933,tp__mavg,12
tp,mavg,2.84548426760179,0.55,1,2.31395059311111,1.00164710443357,tp__mavg,12
tp,mavg,2.84548426760179,0.55,2,2.31395059311111,1.00064960136125,tp__mavg,12
tp,mavg,2.84548426760179,0.55,3,2.31395059311111,0.999780739665489,tp__mavg,12
tp,mavg,2.84548426760179,0.55,4,2.31395059311111,0.999103968682162,tp__mavg,12
tp,mavg,2.84548426760179,0.55,5,2.31395059311111,0.998682655141244,tp__mavg,12
tp,mavg,2.84548426760179,0.55,6,2.31395059311111,0.998558975301748,tp__mavg,12
tp,mavg,2.84548426760179,0.55,7,2.31395059311111,0.998690312057214,tp__mavg,12
tp,mavg,2.84548426760179,0.55,8,2.31395059311111,0.999012984944677,tp__mavg,12
tp,mavg,2.84548426760179,0.55,9,2.31395059311111,0.999463369566306,tp__mavg,12
tp,mavg,2.84548426760179,0.55,10,2.31395059311111,0.999977795852242,tp__mavg,12
tp,mavg,3.201547234168,0.58,0,2.31395059311111,1.00413344631076,tp__mavg,12
tp,mavg,3.201547234168,0.58,1,2.31395059311111,1.00248751696699,tp__mavg,12
tp,mavg,3.201547234168,0.58,2,2.31395059311111,1.00094549705604,tp__mavg,12
tp,mavg,3.201547234168,0.58,3,2.31395059311111,0.99960799136605,tp__mavg,12
tp,mavg,3.201547234168,0.58,4,2.31395059311111,0.998575157745739,tp__mavg,12
tp,mavg,3.201547234168,0.58,5,2.31395059311111,0.997946963279548,tp__mavg,12
tp,mavg,3.201547234168,0.58,6,2.31395059311111,0.997789908028085,tp__mavg,12
tp,mavg,3.201547234168,0.58,7,2.31395059311111,0.998036485687279,tp__mavg,12
tp,mavg,3.201547234168,0.58,8,2.31395059311111,0.998586012412122,tp__mavg,12
tp,mavg,3.201547234168,0.58,9,2.31395059311111,0.999337929394095,tp__mavg,12
tp,mavg,3.201547234168,0.58,10,2.31395059311111,1.00019154782071,tp__mavg,12
tp,mavg,3.58487019850182,0.61,0,2.31395059311111,1.00536103985438,tp__mavg,12
tp,mavg,3.58487019850182,0.61,1,2.31395059311111,1.00318759720849,tp__mavg,12
tp,mavg,3.58487019850182,0.61,2,2.31395059311111,1.0011559786264,tp__mavg,12
tp,mavg,3.58487019850182,0.61,3,2.31395059311111,0.999402226043129,tp__mavg,12
tp,mavg,3.58487019850182,0.61,4,2.31395059311111,0.99806159410382,tp__mavg,12
tp,mavg,3.58487019850182,0.61,5,2.31395059311111,0.997269020352473,tp__mavg,12
tp,mavg,3.58487019850182,0.61,6,2.31395059311111,0.997114251120933,tp__mavg,12
tp,mavg,3.58487019850182,0.61,7,2.31395059311111,0.997505895477157,tp__mavg,12
tp,mavg,3.58487019850182,0.61,8,2.31395059311111,0.998307843379976,tp__mavg,12
tp,mavg,3.58487019850182,0.61,9,2.31395059311111,0.999384182708591,tp__mavg,12
tp,mavg,3.58487019850182,0.61,10,2.31395059311111,1.00059873158334,tp__mavg,12
tp,mavg,3.99790607483333,0.64,0,2.31395059311111,1.00637826422448,tp__mavg,12
tp,mavg,3.99790607483333,0.64,1,2.31395059311111,1.00373746618967,tp__mavg,12
tp,mavg,3.99790607483333,0.64,2,2.31395059311111,1.00127512574902,tp__mavg,12
tp,mavg,3.99790607483333,0.64,3,2.31395059311111,0.99916112819189,tp__mavg,12
tp,mavg,3.99790607483333,0.64,4,2.31395059311111,0.997564182884502,tp__mavg,12
tp,mavg,3.99790607483333,0.64,5,2.31395059311111,0.996652558836334,tp__mavg,12
tp,mavg,3.99790607483333,0.64,6,2.31395059311111,0.996538194691209,tp__mavg,12
tp,mavg,3.99790607483333,0.64,7,2.31395059311111,0.997106923821186,tp__mavg,12
tp,mavg,3.99790607483333,0.64,8,2.31395059311111,0.998188887481506,tp__mavg,12
tp,mavg,3.99790607483333,0.64,9,2.31395059311111,0.999614482837836,tp__mavg,12
tp,mavg,3.99790607483333,0.64,10,2.31395059311111,1.00121363164802,tp__mavg,12
tp,mavg,4.450359574224,0.67,0,2.31395059311111,1.0071923123439,tp__mavg,12
tp,mavg,4.450359574224,0.67,1,2.31395059311111,1.00413927731629,tp__mavg,12
tp,mavg,4.450359574224,0.67,2,2.31395059311111,1.00130046193367,tp__mavg,12
tp,mavg,4.450359574224,0.67,3,2.31395059311111,0.998878569196964,tp__mavg,12
tp,mavg,4.450359574224,0.67,4,2.31395059311111,0.997074709605588,tp__mavg,12
tp,mavg,4.450359574224,0.67,5,2.31395059311111,0.996089451162037,tp__mavg,12
tp,mavg,4.450359574224,0.67,6,2.31395059311111,0.996056303930719,tp__mavg,12
tp,mavg,4.450359574224,0.67,7,2.31395059311111,0.996839115020985,tp__mavg,12
tp,mavg,4.450359574224,0.67,8,2.31395059311111,0.99823542917807,tp__mavg,12
tp,mavg,4.450359574224,0.67,9,2.31395059311111,1.00004307290086,tp__mavg,12
tp,mavg,4.450359574224,0.67,10,2.31395059311111,1.00205911045321,tp__mavg,12
tp,mavg,4.94840887518,0.7,0,2.31395059311111,1.00780984703112,tp__mavg,12
tp,mavg,4.94840887518,0.7,1,2.31395059311111,1.00439603722787,tp__mavg,12
tp,mavg,4.94840887518,0.7,2,2.31395059311111,1.00123157632086,tp__mavg,12
tp,mavg,4.94840887518,0.7,3,2.31395059311111,0.998551326218503,tp__mavg,12
tp,mavg,4.94840887518,0.7,4,2.31395059311111,0.9965881293804,tp__mavg,12
tp,mavg,4.94840887518,0.7,5,2.31395059311111,0.995574221531252,tp__mavg,12
tp,mavg,4.94840887518,0.7,6,2.31395059311111,0.995664358554072,tp__mavg,12
tp,mavg,4.94840887518,0.7,7,2.31395059311111,0.99670100302122,tp__mavg,12
tp,mavg,4.94840887518,0.7,8,2.31395059311111,0.998449931337374,tp__mavg,12
tp,mavg,4.94840887518,0.7,9,2.31395059311111,1.00067717897702,tp__mavg,12
tp,mavg,4.94840887518,0.7,10,2.31395059311111,1.00314763511006,tp__mavg,12
tp,mavg,5.505586077694,0.73,0,2.31395059311111,1.00827130633437,tp__mavg,12
tp,mavg,5.505586077694,0.73,1,2.31395059311111,1.00453118314017,tp__mavg,12
tp,mavg,5.505586077694,0.73,2,2.31395059311111,1.00107606958723,tp__mavg,12
tp,mavg,5.505586077694,0.73,3,2.31395059311111,0.998173466212838,tp__mavg,12
tp,mavg,5.505586077694,0.73,4,2.31395059311111,0.996088414685273,tp__mavg,12
tp,mavg,5.505586077694,0.73,5,2.31395059311111,0.995085333921166,tp__mavg,12
tp,mavg,5.505586077694,0.73,6,2.31395059311111,0.995340690312516,tp__mavg,12
tp,mavg,5.505586077694,0.73,7,2.31395059311111,0.99667544959724,tp__mavg,12
tp,mavg,5.505586077694,0.73,8,2.31395059311111,0.998823356230049,tp__mavg,12
tp,mavg,5.505586077694,0.73,9,2.31395059311111,1.00151832960187,tp__mavg,12
tp,mavg,5.505586077694,0.73,10,2.31395059311111,1.00449263564287,tp__mavg,12
tp,mavg,6.15211775848,0.76,0,2.31395059311111,1.0086764253275,tp__mavg,12
tp,mavg,6.15211775848,0.76,1,2.31395059311111,1.00460294087432,tp__mavg,12
tp,mavg,6.15211775848,0.76,2,2.31395059311111,1.00085364627336,tp__mavg,12
tp,mavg,6.15211775848,0.76,3,2.31395059311111,0.997731808978605,tp__mavg,12
tp,mavg,6.15211775848,0.76,4,2.31395059311111,0.995537741280813,tp__mavg,12
tp,mavg,6.15211775848,0.76,5,2.31395059311111,0.994571164767097,tp__mavg,12
tp,mavg,6.15211775848,0.76,6,2.31395059311111,0.995032486127553,tp__mavg,12
tp,mavg,6.15211775848,0.76,7,2.31395059311111,0.996719328598474,tp__mavg,12
tp,mavg,6.15211775848,0.76,8,2.31395059311111,0.999330560289817,tp__mavg,12
tp,mavg,6.15211775848,0.76,9,2.31395059311111,1.00256506923349,tp__mavg,12
tp,mavg,6.15211775848,0.76,10,2.31395059311111,1.00611940564123,tp__mavg,12
tp,mavg,6.8898921874,0.79,0,2.31395059311111,1.00911771235723,tp__mavg,12
tp,mavg,6.8898921874,0.79,1,2.31395059311111,1.00467376841105,tp__mavg,12
tp,mavg,6.8898921874,0.79,2,2.31395059311111,1.00059819743494,tp__mavg,12
tp,mavg,6.8898921874,0.79,3,2.31395059311111,0.997234298548217,tp__mavg,12
tp,mavg,6.8898921874,0.79,4,2.31395059311111,0.994921818095553,tp__mavg,12
tp,mavg,6.8898921874,0.79,5,2.31395059311111,0.993999986152097,tp__mavg,12
tp,mavg,6.8898921874,0.79,6,2.31395059311111,0.994696119408748,tp__mavg,12
tp,mavg,6.8898921874,0.79,7,2.31395059311111,0.996781903318002,tp__mavg,12
tp,mavg,6.8898921874,0.79,8,2.31395059311111,0.999917392767409,tp__mavg,12
tp,mavg,6.8898921874,0.79,9,2.31395059311111,1.00376243488132,tp__mavg,12
tp,mavg,6.8898921874,0.79,10,2.31395059311111,1.00797363636875,tp__mavg,12
tp,mavg,7.75448043947636,0.82,0,2.31395059311111,1.00962199238325,tp__mavg,12
tp,mavg,7.75448043947636,0.82,1,2.31395059311111,1.00475224277572,tp__mavg,12
tp,mavg,7.75448043947636,0.82,2,2.31395059311111,1.00030216490897,tp__mavg,12
tp,mavg,7.75448043947636,0.82,3,2.31395059311111,0.996661122630012,tp__mavg,12
tp,mavg,7.75448043947636,0.82,4,2.31395059311111,0.994214181890965,tp__mavg,12
tp,mavg,7.75448043947636,0.82,5,2.31395059311111,0.993346026889313,tp__mavg,12
tp,mavg,7.75448043947636,0.82,6,2.31395059311111,0.994315085418339,tp__mavg,12
tp,mavg,7.75448043947636,0.82,7,2.31395059311111,0.996863436634362,tp__mavg,12
tp,mavg,7.75448043947636,0.82,8,2.31395059311111,1.00060676002418,tp__mavg,12
tp,mavg,7.75448043947636,0.82,9,2.31395059311111,1.00516019704748,tp__mavg,12
tp,mavg,7.75448043947636,0.82,10,2.31395059311111,1.01013443277547,tp__mavg,12
tp,mavg,8.77583980659999,0.85,0,2.31395059311111,1.01019987820693,tp__mavg,12
tp,mavg,8.77583980659999,0.85,1,2.31395059311111,1.00483867528657,tp__mavg,12
tp,mavg,8.77583980659999,0.85,2,2.31395059311111,0.999957054800337,tp__mavg,12
tp,mavg,8.77583980659999,0.85,3,2.31395059311111,0.995997634773538,tp__mavg,12
tp,mavg,8.77583980659999,0.85,4,2.31395059311111,0.993397798767917,tp__mavg,12
tp,mavg,8.77583980659999,0.85,5,2.31395059311111,0.992594771890703,tp__mavg,12
tp,mavg,8.77583980659999,0.85,6,2.31395059311111,0.993883150372426,tp__mavg,12
tp,mavg,8.77583980659999,0.85,7,2.31395059311111,0.99697111617659,tp__mavg,12
tp,mavg,8.77583980659999,0.85,8,2.31395059311111,1.00142343993365,tp__mavg,12
tp,mavg,8.77583980659999,0.85,9,2.31395059311111,1.00680388036,tp__mavg,12
tp,mavg,8.77583980659999,0.85,10,2.31395059311111,1.01267009440572,tp__mavg,12
tp,mavg,10.0665660996,0.88,0,2.31395059311111,1.01090263219138,tp__mavg,12
tp,mavg,10.0665660996,0.88,1,2.31395059311111,1.00493823205671,tp__mavg,12
tp,mavg,10.0665660996,0.88,2,2.31395059311111,0.999528013374921,tp__mavg,12
tp,mavg,10.0665660996,0.88,3,2.31395059311111,0.995180119955717,tp__mavg,12
tp,mavg,10.0665660996,0.88,4,2.31395059311111,0.992396200982829,tp__mavg,12
tp,mavg,10.0665660996,0.88,5,2.31395059311111,0.991678126559239,tp__mavg,12
tp,mavg,10.0665660996,0.88,6,2.31395059311111,0.993365306824198,tp__mavg,12
tp,mavg,10.0665660996,0.88,7,2.31395059311111,0.997124717822722,tp__mavg,12
tp,mavg,10.0665660996,0.88,8,2.31395059311111,1.00245908463072,tp__mavg,12
tp,mavg,10.0665660996,0.88,9,2.31395059311111,1.00886939983841,tp__mavg,12
tp,mavg,10.0665660996,0.88,10,2.31395059311111,1.01584817145353,tp__mavg,12
tp,mavg,11.8284629161636,0.91,0,2.31395059311111,1.01181249622671,tp__mavg,12
tp,mavg,11.8284629161636,0.91,1,2.31395059311111,1.00505680631849,tp__mavg,12
tp,mavg,11.8284629161636,0.91,2,2.31395059311111,0.998955028577066,tp__mavg,12
tp,mavg,11.8284629161636,0.91,3,2.31395059311111,0.994101621509345,tp__mavg,12
tp,mavg,11.8284629161636,0.91,4,2.31395059311111,0.991082714297976,tp__mavg,12
tp,mavg,11.8284629161636,0.91,5,2.31395059311111,0.990485343964876,tp__mavg,12
tp,mavg,11.8284629161636,0.91,6,2.31395059311111,0.992708508350351,tp__mavg,12
tp,mavg,11.8284629161636,0.91,7,2.31395059311111,0.997365789291139,tp__mavg,12
tp,mavg,11.8284629161636,0.91,8,2.31395059311111,1.00387922141908,tp__mavg,12
tp,mavg,11.8284629161636,0.91,9,2.31395059311111,1.01166792147916,tp__mavg,12
tp,mavg,11.8284629161636,0.91,10,2.31395059311111,1.0201387668803,tp__mavg,12
tp,mavg,14.4376751854,0.94,0,2.31395059311111,1.01305575055693,tp__mavg,12
tp,mavg,14.4376751854,0.94,1,2.31395059311111,1.00519597588148,tp__mavg,12
tp,mavg,14.4376751854,0.94,2,2.31395059311111,0.998133088115227,tp__mavg,12
tp,mavg,14.4376751854,0.94,3,2.31395059311111,0.992582917200907,tp__mavg,12
tp,mavg,14.4376751854,0.94,4,2.31395059311111,0.989250068526934,tp__mavg,12
tp,mavg,14.4376751854,0.94,5,2.31395059311111,0.988841412760927,tp__mavg,12
tp,mavg,14.4376751854,0.94,6,2.31395059311111,0.991840899451684,tp__mavg,12
tp,mavg,14.4376751854,0.94,7,2.31395059311111,0.997788844617834,tp__mavg,12
tp,mavg,14.4376751854,0.94,8,2.31395059311111,1.00599593112922,tp__mavg,12
tp,mavg,14.4376751854,0.94,9,2.31395059311111,1.01576778854148,tp__mavg,12
tp,mavg,14.4376751854,0.94,10,2.31395059311111,1.02639130732361,tp__mavg,12
tp,mavg,19.326521119865,0.97,0,2.31395059311111,1.01505391147716,tp__mavg,12
tp,mavg,19.326521119865,0.97,1,2.31395059311111,1.00534130208504,tp__mavg,12
tp,mavg,19.326521119865,0.97,2,2.31395059311111,0.996677065802877,tp__mavg,12
tp,mavg,19.326521119865,0.97,3,2.31395059311111,0.989984633635042,tp__mavg,12
tp,mavg,19.326521119865,0.97,4,2.31395059311111,0.986170518239853,tp__mavg,12
tp,mavg,19.326521119865,0.97,5,2.31395059311111,0.986147035795072,tp__mavg,12
tp,mavg,19.326521119865,0.97,6,2.31395059311111,0.99054705737946,tp__mavg,12
tp,mavg,19.326521119865,0.97,7,2.31395059311111,0.998791063160223,tp__mavg,12
tp,mavg,19.326521119865,0.97,8,2.31395059311111,1.01000554065783,tp__mavg,12
tp,mavg,19.326521119865,0.97,9,2.31395059311111,1.0233069252424,tp__mavg,12
tp,mavg,19.326521119865,0.97,10,2.31395059311111,1.03777832192401,tp__mavg,12
PM25,lag,10.1000001505017,0.01,0,42.0000006258488,0.952452249669582,PM25__lag,13
PM25,lag,10.1000001505017,0.01,1,42.0000006258488,0.965875530948461,PM25__lag,13
PM25,lag,10.1000001505017,0.01,2,42.0000006258488,0.978836945929106,PM25__lag,13
PM25,lag,10.1000001505017,0.01,3,42.0000006258488,0.990654045027801,PM25__lag,13
PM25,lag,10.1000001505017,0.01,4,42.0000006258488,1.00061588440571,PM25__lag,13
PM25,lag,10.1000001505017,0.01,5,42.0000006258488,1.00799346760808,PM25__lag,13
PM25,lag,10.1000001505017,0.01,6,42.0000006258488,1.01227959580614,PM25__lag,13
PM25,lag,10.1000001505017,0.01,7,42.0000006258488,1.01388383168981,PM25__lag,13
PM25,lag,10.1000001505017,0.01,8,42.0000006258488,1.01346702740282,PM25__lag,13
PM25,lag,10.1000001505017,0.01,9,42.0000006258488,1.0117041338479,PM25__lag,13
PM25,lag,10.1000001505017,0.01,10,42.0000006258488,1.00927301725385,PM25__lag,13
PM25,lag,13.800000205636,0.04,0,42.0000006258488,0.961520058417063,PM25__lag,13
PM25,lag,13.800000205636,0.04,1,42.0000006258488,0.972357063373679,PM25__lag,13
PM25,lag,13.800000205636,0.04,2,42.0000006258488,0.982801762718134,PM25__lag,13
PM25,lag,13.800000205636,0.04,3,42.0000006258488,0.992319526631491,PM25__lag,13
PM25,lag,13.800000205636,0.04,4,42.0000006258488,1.00035773344827,PM25__lag,13
PM25,lag,13.800000205636,0.04,5,42.0000006258488,1.00635230311268,PM25__lag,13
PM25,lag,13.800000205636,0.04,6,42.0000006258488,1.00991344970548,PM25__lag,13
PM25,lag,13.800000205636,0.04,7,42.0000006258488,1.01136793803679,PM25__lag,13
PM25,lag,13.800000205636,0.04,8,42.0000006258488,1.01123569988398,PM25__lag,13
PM25,lag,13.800000205636,0.04,9,42.0000006258488,1.01004578806745,PM25__lag,13
PM25,lag,13.800000205636,0.04,10,42.0000006258488,1.00832946771331,PM25__lag,13
PM25,lag,16.2000002413988,0.07,0,42.0000006258488,0.967100940613197,PM25__lag,13
PM25,lag,16.2000002413988,0.07,1,42.0000006258488,0.976342714445819,PM25__lag,13
PM25,lag,16.2000002413988,0.07,2,42.0000006258488,0.985241447987726,PM25__lag,13
PM25,lag,16.2000002413988,0.07,3,42.0000006258488,0.993351283703058,PM25__lag,13
PM25,lag,16.2000002413988,0.07,4,42.0000006258488,1.00021356506791,PM25__lag,13
PM25,lag,16.2000002413988,0.07,5,42.0000006258488,1.00536143563146,PM25__lag,13
PM25,lag,16.2000002413988,0.07,6,42.0000006258488,1.00847368414489,PM25__lag,13
PM25,lag,16.2000002413988,0.07,7,42.0000006258488,1.00982592652882,PM25__lag,13
PM25,lag,16.2000002413988,0.07,8,42.0000006258488,1.00985300662063,PM25__lag,13
PM25,lag,16.2000002413988,0.07,9,42.0000006258488,1.0089963809994,PM25__lag,13
PM25,lag,16.2000002413988,0.07,10,42.0000006258488,1.00769929339873,PM25__lag,13
PM25,lag,18.4000002741814,0.1,0,42.0000006258488,0.971944901515103,PM25__lag,13
PM25,lag,18.4000002741814,0.1,1,42.0000006258488,0.979801632338169,PM25__lag,13
PM25,lag,18.4000002741814,0.1,2,42.0000006258488,0.987361768565889,PM25__lag,13
PM25,lag,18.4000002741814,0.1,3,42.0000006258488,0.994254869243701,PM25__lag,13
PM25,lag,18.4000002741814,0.1,4,42.0000006258488,1.00010144102102,PM25__lag,13
PM25,lag,18.4000002741814,0.1,5,42.0000006258488,1.00451614668206,PM25__lag,13
PM25,lag,18.4000002741814,0.1,6,42.0000006258488,1.00723488124959,PM25__lag,13
PM25,lag,18.4000002741814,0.1,7,42.0000006258488,1.00848892918074,PM25__lag,13
PM25,lag,18.4000002741814,0.1,8,42.0000006258488,1.00864054013141,PM25__lag,13
PM25,lag,18.4000002741814,0.1,9,42.0000006258488,1.0080567351136,PM25__lag,13
PM25,lag,18.4000002741814,0.1,10,42.0000006258488,1.00710596242794,PM25__lag,13
PM25,lag,20.3000003024936,0.13,0,42.0000006258488,0.975879918211639,PM25__lag,13
PM25,lag,20.3000003024936,0.13,1,42.0000006258488,0.982612537916898,PM25__lag,13
PM25,lag,20.3000003024936,0.13,2,42.0000006258488,0.989088581246695,PM25__lag,13
PM25,lag,20.3000003024936,0.13,3,42.0000006258488,0.99499754203935,PM25__lag,13
PM25,lag,20.3000003024936,0.13,4,42.0000006258488,1.00002239825054,PM25__lag,13
PM25,lag,20.3000003024936,0.13,5,42.0000006258488,1.00384188584708,PM25__lag,13
PM25,lag,20.3000003024936,0.13,6,42.0000006258488,1.00623652051787,PM25__lag,13
PM25,lag,20.3000003024936,0.13,7,42.0000006258488,1.00740175825396,PM25__lag,13
PM25,lag,20.3000003024936,0.13,8,42.0000006258488,1.00764193448333,PM25__lag,13
PM25,lag,20.3000003024936,0.13,9,42.0000006258488,1.00726488639056,PM25__lag,13
PM25,lag,20.3000003024936,0.13,10,42.0000006258488,1.00657959581593,PM25__lag,13
PM25,lag,22.1000003293157,0.16,0,42.0000006258488,0.979364739740303,PM25__lag,13
PM25,lag,22.1000003293157,0.16,1,42.0000006258488,0.985103970101849,PM25__lag,13
PM25,lag,22.1000003293157,0.16,2,42.0000006258488,0.990623548025523,PM25__lag,13
PM25,lag,22.1000003293157,0.16,3,42.0000006258488,0.995664838890806,PM25__lag,13
PM25,lag,22.1000003293157,0.16,4,42.0000006258488,0.999964568111138,PM25__lag,13
PM25,lag,22.1000003293157,0.16,5,42.0000006258488,1.00325641100155,PM25__lag,13
PM25,lag,22.1000003293157,0.16,6,42.0000006258488,1.00535894829265,PM25__lag,13
PM25,lag,22.1000003293157,0.16,7,42.0000006258488,1.00643618410243,PM25__lag,13
PM25,lag,22.1000003293157,0.16,8,42.0000006258488,1.00674215728602,PM25__lag,13
PM25,lag,22.1000003293157,0.16,9,42.0000006258488,1.00653345146955,PM25__lag,13
PM25,lag,22.1000003293157,0.16,10,42.0000006258488,1.00606755493103,PM25__lag,13
PM25,lag,23.9000003561378,0.19,0,42.0000006258488,0.982584966621715,PM25__lag,13
PM25,lag,23.9000003561378,0.19,1,42.0000006258488,0.987409564245057,PM25__lag,13
PM25,lag,23.9000003561378,0.19,2,42.0000006258488,0.992049606860864,PM25__lag,13
PM25,lag,23.9000003561378,0.19,3,42.0000006258488,0.996293139954094,PM25__lag,13
PM25,lag,23.9000003561378,0.19,4,42.0000006258488,0.999925000399393,PM25__lag,13
PM25,lag,23.9000003561378,0.19,5,42.0000006258488,1.0027278919424,PM25__lag,13
PM25,lag,23.9000003561378,0.19,6,42.0000006258488,1.0045542053278,PM25__lag,13
PM25,lag,23.9000003561378,0.19,7,42.0000006258488,1.00553927534112,PM25__lag,13
PM25,lag,23.9000003561378,0.19,8,42.0000006258488,1.00589172850886,PM25__lag,13
PM25,lag,23.9000003561378,0.19,9,42.0000006258488,1.00582199028635,PM25__lag,13
PM25,lag,23.9000003561378,0.19,10,42.0000006258488,1.00554118053991,PM25__lag,13
PM25,lag,25.5000003799796,0.22,0,42.0000006258488,0.985202875866937,PM25__lag,13
PM25,lag,25.5000003799796,0.22,1,42.0000006258488,0.989287882932555,PM25__lag,13
PM25,lag,25.5000003799796,0.22,2,42.0000006258488,0.99321729319394,PM25__lag,13
PM25,lag,25.5000003799796,0.22,3,42.0000006258488,0.996815961119762,PM25__lag,13
PM25,lag,25.5000003799796,0.22,4,42.0000006258488,0.999906487212432,PM25__lag,13
PM25,lag,25.5000003799796,0.22,5,42.0000006258488,1.00230995673754,PM25__lag,13
PM25,lag,25.5000003799796,0.22,6,42.0000006258488,1.00390511802511,PM25__lag,13
PM25,lag,25.5000003799796,0.22,7,42.0000006258488,1.00480444580782,PM25__lag,13
PM25,lag,25.5000003799796,0.22,8,42.0000006258488,1.00518064950359,PM25__lag,13
PM25,lag,25.5000003799796,0.22,9,42.0000006258488,1.00520772849164,PM25__lag,13
PM25,lag,25.5000003799796,0.22,10,42.0000006258488,1.00506021622053,PM25__lag,13
PM25,lag,27.2000004053116,0.25,0,42.0000006258488,0.987709564169081,PM25__lag,13
PM25,lag,27.2000004053116,0.25,1,42.0000006258488,0.991091870176553,PM25__lag,13
PM25,lag,27.2000004053116,0.25,2,42.0000006258488,0.994346316338318,PM25__lag,13
PM25,lag,27.2000004053116,0.25,3,42.0000006258488,0.997331707807895,PM25__lag,13
PM25,lag,27.2000004053116,0.25,4,42.0000006258488,0.999905338236181,PM25__lag,13
PM25,lag,27.2000004053116,0.25,5,42.0000006258488,1.00192347262775,PM25__lag,13
PM25,lag,27.2000004053116,0.25,6,42.0000006258488,1.00328892890104,PM25__lag,13
PM25,lag,27.2000004053116,0.25,7,42.0000006258488,1.0040928915644,PM25__lag,13
PM25,lag,27.2000004053116,0.25,8,42.0000006258488,1.00447485149887,PM25__lag,13
PM25,lag,27.2000004053116,0.25,9,42.0000006258488,1.00457518370159,PM25__lag,13
PM25,lag,27.2000004053116,0.25,10,42.0000006258488,1.00453465497227,PM25__lag,13
PM25,lag,28.8000004291534,0.28,0,42.0000006258488,0.989797003230317,PM25__lag,13
PM25,lag,28.8000004291534,0.28,1,42.0000006258488,0.992600359012009,PM25__lag,13
PM25,lag,28.8000004291534,0.28,2,42.0000006258488,0.995298597797764,PM25__lag,13
PM25,lag,28.8000004291534,0.28,3,42.0000006258488,0.997777481700531,PM25__lag,13
PM25,lag,28.8000004291534,0.28,4,42.0000006258488,0.999921754914186,PM25__lag,13
PM25,lag,28.8000004291534,0.28,5,42.0000006258488,1.00161546133957,PM25__lag,13
PM25,lag,28.8000004291534,0.28,6,42.0000006258488,1.0027803614646,PM25__lag,13
PM25,lag,28.8000004291534,0.28,7,42.0000006258488,1.00349058932105,PM25__lag,13
PM25,lag,28.8000004291534,0.28,8,42.0000006258488,1.00385919369863,PM25__lag,13
PM25,lag,28.8000004291534,0.28,9,42.0000006258488,1.00399983013868,PM25__lag,13
PM25,lag,28.8000004291534,0.28,10,42.0000006258488,1.00402643806907,PM25__lag,13
PM25,lag,30.5000004544854,0.31,0,42.0000006258488,0.991745755345801,PM25__lag,13
PM25,lag,30.5000004544854,0.31,1,42.0000006258488,0.994014594583837,PM25__lag,13
PM25,lag,30.5000004544854,0.31,2,42.0000006258488,0.996199029898229,PM25__lag,13
PM25,lag,30.5000004544854,0.31,3,42.0000006258488,0.99820870734626,PM25__lag,13
PM25,lag,30.5000004544854,0.31,4,42.0000006258488,0.999952618795717,PM25__lag,13
PM25,lag,30.5000004544854,0.31,5,42.0000006258488,1.00133930154952,PM25__lag,13
PM25,lag,30.5000004544854,0.31,6,42.0000006258488,1.00230716712277,PM25__lag,13
PM25,lag,30.5000004544854,0.31,7,42.0000006258488,1.00291512585521,PM25__lag,13
PM25,lag,30.5000004544854,0.31,8,42.0000006258488,1.00325274265639,PM25__lag,13
PM25,lag,30.5000004544854,0.31,9,42.0000006258488,1.00340997914671,PM25__lag,13
PM25,lag,30.5000004544854,0.31,10,42.0000006258488,1.00347699132909,PM25__lag,13
PM25,lag,32.1000004783273,0.34,0,42.0000006258488,0.993353212391629,PM25__lag,13
PM25,lag,32.1000004783273,0.34,1,42.0000006258488,0.995185479977701,PM25__lag,13
PM25,lag,32.1000004783273,0.34,2,42.0000006258488,0.996949934475462,PM25__lag,13
PM25,lag,32.1000004783273,0.34,3,42.0000006258488,0.998574894650098,PM25__lag,13
PM25,lag,32.1000004783273,0.34,4,42.0000006258488,0.999988258924384,PM25__lag,13
PM25,lag,32.1000004783273,0.34,5,42.0000006258488,1.00111763151822,PM25__lag,13
PM25,lag,32.1000004783273,0.34,6,42.0000006258488,1.00191434864202,PM25__lag,13
PM25,lag,32.1000004783273,0.34,7,42.0000006258488,1.00242533411035,PM25__lag,13
PM25,lag,32.1000004783273,0.34,8,42.0000006258488,1.00272175006945,PM25__lag,13
PM25,lag,32.1000004783273,0.34,9,42.0000006258488,1.00287501682381,PM25__lag,13
PM25,lag,32.1000004783273,0.34,10,42.0000006258488,1.00295668530288,PM25__lag,13
PM25,lag,33.9000005051494,0.37,0,42.0000006258488,0.994931477631676,PM25__lag,13
PM25,lag,33.9000005051494,0.37,1,42.0000006258488,0.996338148286814,PM25__lag,13
PM25,lag,33.9000005051494,0.37,2,42.0000006258488,0.997692807647325,PM25__lag,13
PM25,lag,33.9000005051494,0.37,3,42.0000006258488,0.998941170598254,PM25__lag,13
PM25,lag,33.9000005051494,0.37,4,42.0000006258488,1.0000287071909,PM25__lag,13
PM25,lag,33.9000005051494,0.37,5,42.0000006258488,1.00090071527883,PM25__lag,13
PM25,lag,33.9000005051494,0.37,6,42.0000006258488,1.00152049137762,PM25__lag,13
PM25,lag,33.9000005051494,0.37,7,42.0000006258488,1.00192371726113,PM25__lag,13
PM25,lag,33.9000005051494,0.37,8,42.0000006258488,1.00216437031981,PM25__lag,13
PM25,lag,33.9000005051494,0.37,9,42.0000006258488,1.00229657969237,PM25__lag,13
PM25,lag,33.9000005051494,0.37,10,42.0000006258488,1.00237455300989,PM25__lag,13
PM25,lag,35.7000005319715,0.4,0,42.0000006258488,0.996301679149535,PM25__lag,13
PM25,lag,35.7000005319715,0.4,1,42.0000006258488,0.997339491795296,PM25__lag,13
PM25,lag,35.7000005319715,0.4,2,42.0000006258488,0.998338685161772,PM25__lag,13
PM25,lag,35.7000005319715,0.4,3,42.0000006258488,0.999259404106483,PM25__lag,13
PM25,lag,35.7000005319715,0.4,4,42.0000006258488,1.00006166089382,PM25__lag,13
PM25,lag,35.7000005319715,0.4,5,42.0000006258488,1.00070537449034,PM25__lag,13
PM25,lag,35.7000005319715,0.4,6,42.0000006258488,1.00116369640894,PM25__lag,13
PM25,lag,35.7000005319715,0.4,7,42.0000006258488,1.00146292044799,PM25__lag,13
PM25,lag,35.7000005319715,0.4,8,42.0000006258488,1.00164273399833,PM25__lag,13
PM25,lag,35.7000005319715,0.4,9,42.0000006258488,1.00174290683805,PM25__lag,13
PM25,lag,35.7000005319715,0.4,10,42.0000006258488,1.00180325159014,PM25__lag,13
PM25,lag,37.5000005587935,0.43,0,42.0000006258488,0.997501128849971,PM25__lag,13
PM25,lag,37.5000005587935,0.43,1,42.0000006258488,0.998213495903662,PM25__lag,13
PM25,lag,37.5000005587935,0.43,2,42.0000006258488,0.99889893720578,PM25__lag,13
PM25,lag,37.5000005587935,0.43,3,42.0000006258488,0.999529944784341,PM25__lag,13
PM25,lag,37.5000005587935,0.43,4,42.0000006258488,1.0000789480142,PM25__lag,13
PM25,lag,37.5000005587935,0.43,5,42.0000006258488,1.00051833239839,PM25__lag,13
PM25,lag,37.5000005587935,0.43,6,42.0000006258488,1.00082962829424,PM25__lag,13
PM25,lag,37.5000005587935,0.43,7,42.0000006258488,1.00103104432476,PM25__lag,13
PM25,lag,37.5000005587935,0.43,8,42.0000006258488,1.00115000968023,PM25__lag,13
PM25,lag,37.5000005587935,0.43,9,42.0000006258488,1.0012139922746,PM25__lag,13
PM25,lag,37.5000005587935,0.43,10,42.0000006258488,1.00125047988389,PM25__lag,13
PM25,lag,39.4000005871058,0.46,0,42.0000006258488,0.998623517966065,PM25__lag,13
PM25,lag,39.4000005871058,0.46,1,42.0000006258488,0.999024569167921,PM25__lag,13
PM25,lag,39.4000005871058,0.46,2,42.0000006258488,0.999410040962142,PM25__lag,13
PM25,lag,39.4000005871058,0.46,3,42.0000006258488,0.99976416914427,PM25__lag,13
PM25,lag,39.4000005871058,0.46,4,42.0000006258488,1.00007116941091,PM25__lag,13
PM25,lag,39.4000005871058,0.46,5,42.0000006258488,1.00031524354761,PM25__lag,13
PM25,lag,39.4000005871058,0.46,6,42.0000006258488,1.00048584052565,PM25__lag,13
PM25,lag,39.4000005871058,0.46,7,42.0000006258488,1.00059342867069,PM25__lag,13
PM25,lag,39.4000005871058,0.46,8,42.0000006258488,1.00065374746221,PM25__lag,13
PM25,lag,39.4000005871058,0.46,9,42.0000006258488,1.0006825486155,PM25__lag,13
PM25,lag,39.4000005871058,0.46,10,42.0000006258488,1.00069558987927,PM25__lag,13
PM25,lag,41.300000615418,0.49,0,42.0000006258488,0.999642042569577,PM25__lag,13
PM25,lag,41.300000615418,0.49,1,42.0000006258488,0.999749155415941,PM25__lag,13
PM25,lag,41.300000615418,0.49,2,42.0000006258488,0.999851946379806,PM25__lag,13
PM25,lag,41.300000615418,0.49,3,42.0000006258488,0.999946080358033,PM25__lag,13
PM25,lag,41.300000615418,0.49,4,42.0000006258488,1.0000272207842,PM25__lag,13
PM25,lag,41.300000615418,0.49,5,42.0000006258488,1.00009103009796,PM25__lag,13
PM25,lag,41.300000615418,0.49,6,42.0000006258488,1.00013461525984,PM25__lag,13
PM25,lag,41.300000615418,0.49,7,42.0000006258488,1.00016086341405,PM25__lag,13
PM25,lag,41.300000615418,0.49,8,42.0000006258488,1.00017410793271,PM25__lag,13
PM25,lag,41.300000615418,0.49,9,42.0000006258488,1.00017868305629,PM25__lag,13
PM25,lag,41.300000615418,0.49,10,42.0000006258488,1.0001789234239,PM25__lag,13
PM25,lag,43.4000006467104,0.52,0,42.0000006258488,1.00069794515686,PM25__lag,13
PM25,lag,43.4000006467104,0.52,1,42.0000006258488,1.00048218839515,PM25__lag,13
PM25,lag,43.4000006467104,0.52,2,42.0000006258488,1.00027556767017,PM25__lag,13
PM25,lag,43.4000006467104,0.52,3,42.0000006258488,1.00008716514657,PM25__lag,13
PM25,lag,43.4000006467104,0.52,4,42.0000006258488,0.999926056887632,PM25__lag,13
PM25,lag,43.4000006467104,0.52,5,42.0000006258488,0.999801314921681,PM25__lag,13
PM25,lag,43.4000006467104,0.52,6,42.0000006258488,0.999718981960266,PM25__lag,13
PM25,lag,43.4000006467104,0.52,7,42.0000006258488,0.999672991454047,PM25__lag,13
PM25,lag,43.4000006467104,0.52,8,42.0000006258488,0.999654254432931,PM25__lag,13
PM25,lag,43.4000006467104,0.52,9,42.0000006258488,0.999653685414797,PM25__lag,13
PM25,lag,43.4000006467104,0.52,10,42.0000006258488,0.99966220034153,PM25__lag,13
PM25,lag,45.5000006780028,0.55,0,42.0000006258488,1.00170328958153,PM25__lag,13
PM25,lag,45.5000006780028,0.55,1,42.0000006258488,1.00116045936414,PM25__lag,13
PM25,lag,45.5000006780028,0.55,2,42.0000006258488,1.00064161638088,PM25__lag,13
PM25,lag,45.5000006780028,0.55,3,42.0000006258488,1.00017040554944,PM25__lag,13
PM25,lag,45.5000006780028,0.55,4,42.0000006258488,0.999770432261993,PM25__lag,13
PM25,lag,45.5000006780028,0.55,5,42.0000006258488,0.999465276433152,PM25__lag,13
PM25,lag,45.5000006780028,0.55,6,42.0000006258488,0.999270625125198,PM25__lag,13
PM25,lag,45.5000006780028,0.55,7,42.0000006258488,0.99917064132953,PM25__lag,13
PM25,lag,45.5000006780028,0.55,8,42.0000006258488,0.999141638520195,PM25__lag,13
PM25,lag,45.5000006780028,0.55,9,42.0000006258488,0.999159951968294,PM25__lag,13
PM25,lag,45.5000006780028,0.55,10,42.0000006258488,0.999201924733761,PM25__lag,13
PM25,lag,47.8000007122755,0.58,0,42.0000006258488,1.00275013672515,PM25__lag,13
PM25,lag,47.8000007122755,0.58,1,42.0000006258488,1.00184649221325,PM25__lag,13
PM25,lag,47.8000007122755,0.58,2,42.0000006258488,1.00098442138467,PM25__lag,13
PM25,lag,47.8000007122755,0.58,3,42.0000006258488,1.0002045458811,PM25__lag,13
PM25,lag,47.8000007122755,0.58,4,42.0000006258488,0.999547375515357,PM25__lag,13
PM25,lag,47.8000007122755,0.58,5,42.0000006258488,0.999053349866107,PM25__lag,13
PM25,lag,47.8000007122755,0.58,6,42.0000006258488,0.998749339801405,PM25__lag,13
PM25,lag,47.8000007122755,0.58,7,42.0000006258488,0.998608062655681,PM25__lag,13
PM25,lag,47.8000007122755,0.58,8,42.0000006258488,0.998588785929931,PM25__lag,13
PM25,lag,47.8000007122755,0.58,9,42.0000006258488,0.998650836575674,PM25__lag,13
PM25,lag,47.8000007122755,0.58,10,42.0000006258488,0.998753559587548,PM25__lag,13
PM25,lag,50.2000007480383,0.61,0,42.0000006258488,1.00378597754431,PM25__lag,13
PM25,lag,50.2000007480383,0.61,1,42.0000006258488,1.0025057462935,PM25__lag,13
PM25,lag,50.2000007480383,0.61,2,42.0000006258488,1.00128656678529,PM25__lag,13
PM25,lag,50.2000007480383,0.61,3,42.0000006258488,1.00018757386881,PM25__lag,13
PM25,lag,50.2000007480383,0.61,4,42.0000006258488,0.999267674007219,PM25__lag,13
PM25,lag,50.2000007480383,0.61,5,42.0000006258488,0.998585633712058,PM25__lag,13
PM25,lag,50.2000007480383,0.61,6,42.0000006258488,0.998180457033914,PM25__lag,13
PM25,lag,50.2000007480383,0.61,7,42.0000006258488,0.998012322190774,PM25__lag,13
PM25,lag,50.2000007480383,0.61,8,42.0000006258488,0.998021880717224,PM25__lag,13
PM25,lag,50.2000007480383,0.61,9,42.0000006258488,0.998149901409187,PM25__lag,13
PM25,lag,50.2000007480383,0.61,10,42.0000006258488,0.998337182431169,PM25__lag,13
PM25,lag,52.8000007867813,0.64,0,42.0000006258488,1.00484790627906,PM25__lag,13
PM25,lag,52.8000007867813,0.64,1,42.0000006258488,1.00316307794916,PM25__lag,13
PM25,lag,52.8000007867813,0.64,2,42.0000006258488,1.00156126415369,PM25__lag,13
PM25,lag,52.8000007867813,0.64,3,42.0000006258488,1.00012215038625,PM25__lag,13
PM25,lag,52.8000007867813,0.64,4,42.0000006258488,0.998925020768925,PM25__lag,13
PM25,lag,52.8000007867813,0.64,5,42.0000006258488,0.998048919185351,PM25__lag,13
PM25,lag,52.8000007867813,0.64,6,42.0000006258488,0.997546249181393,PM25__lag,13
PM25,lag,52.8000007867813,0.64,7,42.0000006258488,0.997363207859603,PM25__lag,13
PM25,lag,52.8000007867813,0.64,8,42.0000006258488,0.997419754927953,PM25__lag,13
PM25,lag,52.8000007867813,0.64,9,42.0000006258488,0.997636049431855,PM25__lag,13
PM25,lag,52.8000007867813,0.64,10,42.0000006258488,0.997932289870816,PM25__lag,13
PM25,lag,55.5000008270144,0.67,0,42.0000006258488,1.00589011157247,PM25__lag,13
PM25,lag,55.5000008270144,0.67,1,42.0000006258488,1.00379286487846,PM25__lag,13
PM25,lag,55.5000008270144,0.67,2,42.0000006258488,1.00180186898926,PM25__lag,13
PM25,lag,55.5000008270144,0.67,3,42.0000006258488,1.00001820529886,PM25__lag,13
PM25,lag,55.5000008270144,0.67,4,42.0000006258488,0.998542326276935,PM25__lag,13
PM25,lag,55.5000008270144,0.67,5,42.0000006258488,0.997474315651022,PM25__lag,13
PM25,lag,55.5000008270144,0.67,6,42.0000006258488,0.996880454766594,PM25__lag,13
PM25,lag,55.5000008270144,0.67,7,42.0000006258488,0.996692319611246,PM25__lag,13
PM25,lag,55.5000008270144,0.67,8,42.0000006258488,0.996808299925077,PM25__lag,13
PM25,lag,55.5000008270144,0.67,9,42.0000006258488,0.997127088853947,PM25__lag,13
PM25,lag,55.5000008270144,0.67,10,42.0000006258488,0.997547425196202,PM25__lag,13
PM25,lag,58.600000873208,0.7,0,42.0000006258488,1.00701852732716,PM25__lag,13
PM25,lag,58.600000873208,0.7,1,42.0000006258488,1.00446300742434,PM25__lag,13
PM25,lag,58.600000873208,0.7,2,42.0000006258488,1.00204022694487,PM25__lag,13
PM25,lag,58.600000873208,0.7,3,42.0000006258488,0.999875237326605,PM25__lag,13
PM25,lag,58.600000873208,0.7,4,42.0000006258488,0.998092148244459,PM25__lag,13
PM25,lag,58.600000873208,0.7,5,42.0000006258488,0.996814527362129,PM25__lag,13
PM25,lag,58.600000873208,0.7,6,42.0000006258488,0.996124114573947,PM25__lag,13
PM25,lag,58.600000873208,0.7,7,42.0000006258488,0.995936025703966,PM25__lag,13
PM25,lag,58.600000873208,0.7,8,42.0000006258488,0.996124451569495,PM25__lag,13
PM25,lag,58.600000873208,0.7,9,42.0000006258488,0.996564025806865,PM25__lag,13
PM25,lag,58.600000873208,0.7,10,42.0000006258488,0.9971294295325,PM25__lag,13
PM25,lag,61.9000009223819,0.73,0,42.0000006258488,1.00814977145136,PM25__lag,13
PM25,lag,61.9000009223819,0.73,1,42.0000006258488,1.00513133533643,PM25__lag,13
PM25,lag,61.9000009223819,0.73,2,42.0000006258488,1.00227266480808,PM25__lag,13
PM25,lag,61.9000009223819,0.73,3,42.0000006258488,0.999722791578815,PM25__lag,13
PM25,lag,61.9000009223819,0.73,4,42.0000006258488,0.997629427781311,PM25__lag,13
PM25,lag,61.9000009223819,0.73,5,42.0000006258488,0.996139535980394,PM25__lag,13
PM25,lag,61.9000009223819,0.73,6,42.0000006258488,0.995350217113756,PM25__lag,13
PM25,lag,61.9000009223819,0.73,7,42.0000006258488,0.995160023206259,PM25__lag,13
PM25,lag,61.9000009223819,0.73,8,42.0000006258488,0.995418890807965,PM25__lag,13
PM25,lag,61.9000009223819,0.73,9,42.0000006258488,0.995977366330989,PM25__lag,13
PM25,lag,61.9000009223819,0.73,10,42.0000006258488,0.996686043313822,PM25__lag,13
PM25,lag,65.4000009745359,0.76,0,42.0000006258488,1.00928312133239,PM25__lag,13
PM25,lag,65.4000009745359,0.76,1,42.0000006258488,1.00581032631229,PM25__lag,13
PM25,lag,65.4000009745359,0.76,2,42.0000006258488,1.00252346301673,PM25__lag,13
PM25,lag,65.4000009745359,0.76,3,42.0000006258488,0.999594258676482,PM25__lag,13
PM25,lag,65.4000009745359,0.76,4,42.0000006258488,0.997192694547904,PM25__lag,13
PM25,lag,65.4000009745359,0.76,5,42.0000006258488,0.995487765764268,PM25__lag,13
PM25,lag,65.4000009745359,0.76,6,42.0000006258488,0.99459098902045,PM25__lag,13
PM25,lag,65.4000009745359,0.76,7,42.0000006258488,0.994385120391449,PM25__lag,13
PM25,lag,65.4000009745359,0.76,8,42.0000006258488,0.994697076869798,PM25__lag,13
PM25,lag,65.4000009745359,0.76,9,42.0000006258488,0.995354577690349,PM25__lag,13
PM25,lag,65.4000009745359,0.76,10,42.0000006258488,0.99618539553354,PM25__lag,13
PM25,lag,69.6000010371208,0.79,0,42.0000006258488,1.01056396858325,PM25__lag,13
PM25,lag,69.6000010371208,0.79,1,42.0000006258488,1.00660296885432,PM25__lag,13
PM25,lag,69.6000010371208,0.79,2,42.0000006258488,1.00285482019079,PM25__lag,13
PM25,lag,69.6000010371208,0.79,3,42.0000006258488,0.999513925675026,PM25__lag,13
PM25,lag,69.6000010371208,0.79,4,42.0000006258488,0.99677243148655,PM25__lag,13
PM25,lag,69.6000010371208,0.79,5,42.0000006258488,0.994821205011243,PM25__lag,13
PM25,lag,69.6000010371208,0.79,6,42.0000006258488,0.993785994350513,PM25__lag,13
PM25,lag,69.6000010371208,0.79,7,42.0000006258488,0.993533596077069,PM25__lag,13
PM25,lag,69.6000010371208,0.79,8,42.0000006258488,0.99386781820038,PM25__lag,13
PM25,lag,69.6000010371208,0.79,9,42.0000006258488,0.99459351431111,PM25__lag,13
PM25,lag,69.6000010371208,0.79,10,42.0000006258488,0.995515621774754,PM25__lag,13
PM25,lag,74.4000011086464,0.82,0,42.0000006258488,1.0119239609716,PM25__lag,13
PM25,lag,74.4000011086464,0.82,1,42.0000006258488,1.00748128814792,PM25__lag,13
PM25,lag,74.4000011086464,0.82,2,42.0000006258488,1.00327601420981,PM25__lag,13
PM25,lag,74.4000011086464,0.82,3,42.0000006258488,0.999522403933483,PM25__lag,13
PM25,lag,74.4000011086464,0.82,4,42.0000006258488,0.99643191934854,PM25__lag,13
PM25,lag,74.4000011086464,0.82,5,42.0000006258488,0.994214413473051,PM25__lag,13
PM25,lag,74.4000011086464,0.82,6,42.0000006258488,0.993007874148573,PM25__lag,13
PM25,lag,74.4000011086464,0.82,7,42.0000006258488,0.992664876391632,PM25__lag,13
PM25,lag,74.4000011086464,0.82,8,42.0000006258488,0.99296882333597,PM25__lag,13
PM25,lag,74.4000011086464,0.82,9,42.0000006258488,0.993704447154907,PM25__lag,13
PM25,lag,74.4000011086464,0.82,10,42.0000006258488,0.994656638087154,PM25__lag,13
PM25,lag,80.2000011950731,0.85,0,42.0000006258488,1.01342112315416,PM25__lag,13
PM25,lag,80.2000011950731,0.85,1,42.0000006258488,1.00850385958899,PM25__lag,13
PM25,lag,80.2000011950731,0.85,2,42.0000006258488,1.00384463003551,PM25__lag,13
PM25,lag,80.2000011950731,0.85,3,42.0000006258488,0.999673274780368,PM25__lag,13
PM25,lag,80.2000011950731,0.85,4,42.0000006258488,0.996216276131168,PM25__lag,13
PM25,lag,80.2000011950731,0.85,5,42.0000006258488,0.993698139011799,PM25__lag,13
PM25,lag,80.2000011950731,0.85,6,42.0000006258488,0.99226611588154,PM25__lag,13
PM25,lag,80.2000011950731,0.85,7,42.0000006258488,0.991761256535853,PM25__lag,13
PM25,lag,80.2000011950731,0.85,8,42.0000006258488,0.991950692599601,PM25__lag,13
PM25,lag,80.2000011950731,0.85,9,42.0000006258488,0.992603215582392,PM25__lag,13
PM25,lag,80.2000011950731,0.85,10,42.0000006258488,0.993487926565505,PM25__lag,13
PM25,lag,87.1000012978911,0.88,0,42.0000006258488,1.01499672310613,PM25__lag,13
PM25,lag,87.1000012978911,0.88,1,42.0000006258488,1.00966599476733,PM25__lag,13
PM25,lag,87.1000012978911,0.88,2,42.0000006258488,1.00460478713716,PM25__lag,13
PM25,lag,87.1000012978911,0.88,3,42.0000006258488,1.00004974988791,PM25__lag,13
PM25,lag,87.1000012978911,0.88,4,42.0000006258488,0.996233727247071,PM25__lag,13
PM25,lag,87.1000012978911,0.88,5,42.0000006258488,0.993387229516083,PM25__lag,13
PM25,lag,87.1000012978911,0.88,6,42.0000006258488,0.991660963974285,PM25__lag,13
PM25,lag,87.1000012978911,0.88,7,42.0000006258488,0.990890261481066,PM25__lag,13
PM25,lag,87.1000012978911,0.88,8,42.0000006258488,0.990834626144736,PM25__lag,13
PM25,lag,87.1000012978911,0.88,9,42.0000006258488,0.991255565690822,PM25__lag,13
PM25,lag,87.1000012978911,0.88,10,42.0000006258488,0.991915157169687,PM25__lag,13
PM25,lag,95.9000014290214,0.91,0,42.0000006258488,1.01668790190613,PM25__lag,13
PM25,lag,95.9000014290214,0.91,1,42.0000006258488,1.01106404986855,PM25__lag,13
PM25,lag,95.9000014290214,0.91,2,42.0000006258488,1.00570363154714,PM25__lag,13
PM25,lag,95.9000014290214,0.91,3,42.0000006258488,1.00083397989478,PM25__lag,13
PM25,lag,95.9000014290214,0.91,4,42.0000006258488,0.996678468495329,PM25__lag,13
PM25,lag,95.9000014290214,0.91,5,42.0000006258488,0.993457878056827,PM25__lag,13
PM25,lag,95.9000014290214,0.91,6,42.0000006258488,0.991315915409481,PM25__lag,13
PM25,lag,95.9000014290214,0.91,7,42.0000006258488,0.990093130002648,PM25__lag,13
PM25,lag,95.9000014290214,0.91,8,42.0000006258488,0.989557480263534,PM25__lag,13
PM25,lag,95.9000014290214,0.91,9,42.0000006258488,0.989479221872934,PM25__lag,13
PM25,lag,95.9000014290214,0.91,10,42.0000006258488,0.98962958158557,PM25__lag,13
PM25,lag,108.300001613796,0.94,0,42.0000006258488,1.01848033599336,PM25__lag,13
PM25,lag,108.300001613796,0.94,1,42.0000006258488,1.0128781814718,PM25__lag,13
PM25,lag,108.300001613796,0.94,2,42.0000006258488,1.00749177976345,PM25__lag,13
PM25,lag,108.300001613796,0.94,3,42.0000006258488,1.00250203313232,PM25__lag,13
PM25,lag,108.300001613796,0.94,4,42.0000006258488,0.998086533112314,PM25__lag,13
PM25,lag,108.300001613796,0.94,5,42.0000006258488,0.994420434969891,PM25__lag,13
PM25,lag,108.300001613796,0.94,6,42.0000006258488,0.991616962923029,PM25__lag,13
PM25,lag,108.300001613796,0.94,7,42.0000006258488,0.989547771550216,PM25__lag,13
PM25,lag,108.300001613796,0.94,8,42.0000006258488,0.988026893391966,PM25__lag,13
PM25,lag,108.300001613796,0.94,9,42.0000006258488,0.986870625210895,PM25__lag,13
PM25,lag,108.300001613796,0.94,10,42.0000006258488,0.985896684271804,PM25__lag,13
PM25,lag,130.200001940131,0.97,0,42.0000006258488,1.02002874580972,PM25__lag,13
PM25,lag,130.200001940131,0.97,1,42.0000006258488,1.0156554048775,PM25__lag,13
PM25,lag,130.200001940131,0.97,2,42.0000006258488,1.0113075231561,PM25__lag,13
PM25,lag,130.200001940131,0.97,3,42.0000006258488,1.00699161411659,PM25__lag,13
PM25,lag,130.200001940131,0.97,4,42.0000006258488,1.00271407867745,PM25__lag,13
PM25,lag,130.200001940131,0.97,5,42.0000006258488,0.998481207504463,PM25__lag,13
PM25,lag,130.200001940131,0.97,6,42.0000006258488,0.994296985097348,PM25__lag,13
PM25,lag,130.200001940131,0.97,7,42.0000006258488,0.990156570146253,PM25__lag,13
PM25,lag,130.200001940131,0.97,8,42.0000006258488,0.986053019791223,PM25__lag,13
PM25,lag,130.200001940131,0.97,9,42.0000006258488,0.981979504118268,PM25__lag,13
PM25,lag,130.200001940131,0.97,10,42.0000006258488,0.977929303909315,PM25__lag,13
PM25,mavg,11.8000001758337,0.01,0,43.10000064224,0.999957272920864,PM25__mavg,14
PM25,mavg,11.8000001758337,0.01,1,43.10000064224,0.980340813682343,PM25__mavg,14
PM25,mavg,11.8000001758337,0.01,2,43.10000064224,0.963557756496416,PM25__mavg,14
PM25,mavg,11.8000001758337,0.01,3,43.10000064224,0.951893751253594,PM25__mavg,14
PM25,mavg,11.8000001758337,0.01,4,43.10000064224,0.947576505109251,PM25__mavg,14
PM25,mavg,11.8000001758337,0.01,5,43.10000064224,0.952928254442829,PM25__mavg,14
PM25,mavg,11.8000001758337,0.01,6,43.10000064224,0.969756995995905,PM25__mavg,14
PM25,mavg,11.8000001758337,0.01,7,43.10000064224,0.996978403284252,PM25__mavg,14
PM25,mavg,11.8000001758337,0.01,8,43.10000064224,1.03281768058134,PM25__mavg,14
PM25,mavg,11.8000001758337,0.01,9,43.10000064224,1.07540396444136,PM25__mavg,14
PM25,mavg,11.8000001758337,0.01,10,43.10000064224,1.12259894667133,PM25__mavg,14
PM25,mavg,15.6500002332032,0.04,0,43.10000064224,0.998698556461316,PM25__mavg,14
PM25,mavg,15.6500002332032,0.04,1,43.10000064224,0.984114031982853,PM25__mavg,14
PM25,mavg,15.6500002332032,0.04,2,43.10000064224,0.971609627972164,PM25__mavg,14
PM25,mavg,15.6500002332032,0.04,3,43.10000064224,0.962961584074542,PM25__mavg,14
PM25,mavg,15.6500002332032,0.04,4,43.10000064224,0.959913864158906,PM25__mavg,14
PM25,mavg,15.6500002332032,0.04,5,43.10000064224,0.964266546939909,PM25__mavg,14
PM25,mavg,15.6500002332032,0.04,6,43.10000064224,0.977373122265962,PM25__mavg,14
PM25,mavg,15.6500002332032,0.04,7,43.10000064224,0.998309529830001,PM25__mavg,14
PM25,mavg,15.6500002332032,0.04,8,43.10000064224,1.02559570195609,PM25__mavg,14
PM25,mavg,15.6500002332032,0.04,9,43.10000064224,1.05768886958984,PM25__mavg,14
PM25,mavg,15.6500002332032,0.04,10,43.10000064224,1.0928864954966,PM25__mavg,14
PM25,mavg,18.2750002723187,0.07,0,43.10000064224,0.997991332899314,PM25__mavg,14
PM25,mavg,18.2750002723187,0.07,1,43.10000064224,0.986537651472329,PM25__mavg,14
PM25,mavg,18.2750002723187,0.07,2,43.10000064224,0.976714508373339,PM25__mavg,14
PM25,mavg,18.2750002723187,0.07,3,43.10000064224,0.969964345518726,PM25__mavg,14
PM25,mavg,18.2750002723187,0.07,4,43.10000064224,0.967709798672124,PM25__mavg,14
PM25,mavg,18.2750002723187,0.07,5,43.10000064224,0.971410563510023,PM25__mavg,14
PM25,mavg,18.2750002723187,0.07,6,43.10000064224,0.982140317688154,PM25__mavg,14
PM25,mavg,18.2750002723187,0.07,7,43.10000064224,0.999108312993019,PM25__mavg,14
PM25,mavg,18.2750002723187,0.07,8,43.10000064224,1.02106371188026,PM25__mavg,14
PM25,mavg,18.2750002723187,0.07,9,43.10000064224,1.04671215824354,PM25__mavg,14
PM25,mavg,18.2750002723187,0.07,10,43.10000064224,1.07465428469578,PM25__mavg,14
PM25,mavg,20.4250003043562,0.1,0,43.10000064224,0.997523196518114,PM25__mavg,14
PM25,mavg,20.4250003043562,0.1,1,43.10000064224,0.988410782987476,PM25__mavg,14
PM25,mavg,20.4250003043562,0.1,2,43.10000064224,0.980601717308388,PM25__mavg,14
PM25,mavg,20.4250003043562,0.1,3,43.10000064224,0.975279805987653,PM25__mavg,14
PM25,mavg,20.4250003043562,0.1,4,43.10000064224,0.973616500581349,PM25__mavg,14
PM25,mavg,20.4250003043562,0.1,5,43.10000064224,0.976808509721397,PM25__mavg,14
PM25,mavg,20.4250003043562,0.1,6,43.10000064224,0.985721496180725,PM25__mavg,14
PM25,mavg,20.4250003043562,0.1,7,43.10000064224,0.999681915805855,PM25__mavg,14
PM25,mavg,20.4250003043562,0.1,8,43.10000064224,1.01763387515033,PM25__mavg,14
PM25,mavg,20.4250003043562,0.1,9,43.10000064224,1.03849086954805,PM25__mavg,14
PM25,mavg,20.4250003043562,0.1,10,43.10000064224,1.0610955995453,PM25__mavg,14
PM25,mavg,22.3000003322959,0.13,0,43.10000064224,0.997207904634832,PM25__mavg,14
PM25,mavg,22.3000003322959,0.13,1,43.10000064224,0.989949542362346,PM25__mavg,14
PM25,mavg,22.3000003322959,0.13,2,43.10000064224,0.983740420273343,PM25__mavg,14
PM25,mavg,22.3000003322959,0.13,3,43.10000064224,0.979553574021117,PM25__mavg,14
PM25,mavg,22.3000003322959,0.13,4,43.10000064224,0.978354397461306,PM25__mavg,14
PM25,mavg,22.3000003322959,0.13,5,43.10000064224,0.981125695486614,PM25__mavg,14
PM25,mavg,22.3000003322959,0.13,6,43.10000064224,0.988568905412651,PM25__mavg,14
PM25,mavg,22.3000003322959,0.13,7,43.10000064224,1.00011440520024,PM25__mavg,14
PM25,mavg,22.3000003322959,0.13,8,43.10000064224,1.01487545694371,PM25__mavg,14
PM25,mavg,22.3000003322959,0.13,9,43.10000064224,1.03194377964562,PM25__mavg,14
PM25,mavg,22.3000003322959,0.13,10,43.10000064224,1.05036304930911,PM25__mavg,14
PM25,mavg,24.0545458129861,0.16,0,43.10000064224,0.99699960047224,PM25__mavg,14
PM25,mavg,24.0545458129861,0.16,1,43.10000064224,0.991300255721821,PM25__mavg,14
PM25,mavg,24.0545458129861,0.16,2,43.10000064224,0.986439406447666,PM25__mavg,14
PM25,mavg,24.0545458129861,0.16,3,43.10000064224,0.983208286890477,PM25__mavg,14
PM25,mavg,24.0545458129861,0.16,4,43.10000064224,0.982393613749711,PM25__mavg,14
PM25,mavg,24.0545458129861,0.16,5,43.10000064224,0.984793957283924,PM25__mavg,14
PM25,mavg,24.0545458129861,0.16,6,43.10000064224,0.990972732227473,PM25__mavg,14
PM25,mavg,24.0545458129861,0.16,7,43.10000064224,1.0004557351998,PM25__mavg,14
PM25,mavg,24.0545458129861,0.16,8,43.10000064224,1.0125090997096,PM25__mavg,14
PM25,mavg,24.0545458129861,0.16,9,43.10000064224,1.02638409608098,PM25__mavg,14
PM25,mavg,24.0545458129861,0.16,10,43.10000064224,1.04129996547875,PM25__mavg,14
PM25,mavg,25.7777781618966,0.19,0,43.10000064224,0.996883872496427,PM25__mavg,14
PM25,mavg,25.7777781618966,0.19,1,43.10000064224,0.99253487495666,PM25__mavg,14
PM25,mavg,25.7777781618966,0.19,2,43.10000064224,0.988843404803688,PM25__mavg,14
PM25,mavg,25.7777781618966,0.19,3,43.10000064224,0.986439256714991,PM25__mavg,14
PM25,mavg,25.7777781618966,0.19,4,43.10000064224,0.985949778294757,PM25__mavg,14
PM25,mavg,25.7777781618966,0.19,5,43.10000064224,0.988010137373792,PM25__mavg,14
PM25,mavg,25.7777781618966,0.19,6,43.10000064224,0.993063900671154,PM25__mavg,14
PM25,mavg,25.7777781618966,0.19,7,43.10000064224,1.00072592257919,PM25__mavg,14
PM25,mavg,25.7777781618966,0.19,8,43.10000064224,1.01040322815202,PM25__mavg,14
PM25,mavg,25.7777781618966,0.19,9,43.10000064224,1.02149296653145,PM25__mavg,14
PM25,mavg,25.7777781618966,0.19,10,43.10000064224,1.03337173001832,PM25__mavg,14
PM25,mavg,27.5000004097819,0.22,0,43.10000064224,0.996863172796673,PM25__mavg,14
PM25,mavg,27.5000004097819,0.22,1,43.10000064224,0.99366993387971,PM25__mavg,14
PM25,mavg,27.5000004097819,0.22,2,43.10000064224,0.990979689944656,PM25__mavg,14
PM25,mavg,27.5000004097819,0.22,3,43.10000064224,0.989280327139243,PM25__mavg,14
PM25,mavg,27.5000004097819,0.22,4,43.10000064224,0.989058577449394,PM25__mavg,14
PM25,mavg,27.5000004097819,0.22,5,43.10000064224,0.990806127304612,PM25__mavg,14
PM25,mavg,27.5000004097819,0.22,6,43.10000064224,0.994863248287555,PM25__mavg,14
PM25,mavg,27.5000004097819,0.22,7,43.10000064224,1.00092634624461,PM25__mavg,14
PM25,mavg,27.5000004097819,0.22,8,43.10000064224,1.00853012649056,PM25__mavg,14
PM25,mavg,27.5000004097819,0.22,9,43.10000064224,1.0172030306205,PM25__mavg,14
PM25,mavg,27.5000004097819,0.22,10,43.10000064224,1.02646092703225,PM25__mavg,14
PM25,mavg,29.1727277074348,0.25,0,43.10000064224,0.996940545494908,PM25__mavg,14
PM25,mavg,29.1727277074348,0.25,1,43.10000064224,0.994670471338309,PM25__mavg,14
PM25,mavg,29.1727277074348,0.25,2,43.10000064224,0.992779101613556,PM25__mavg,14
PM25,mavg,29.1727277074348,0.25,3,43.10000064224,0.991637399579144,PM25__mavg,14
PM25,mavg,29.1727277074348,0.25,4,43.10000064224,0.991615882575994,PM25__mavg,14
PM25,mavg,29.1727277074348,0.25,5,43.10000064224,0.993088129339915,PM25__mavg,14
PM25,mavg,29.1727277074348,0.25,6,43.10000064224,0.996310721722258,PM25__mavg,14
PM25,mavg,29.1727277074348,0.25,7,43.10000064224,1.00104950997569,PM25__mavg,14
PM25,mavg,29.1727277074348,0.25,8,43.10000064224,1.00694700816549,PM25__mavg,14
PM25,mavg,29.1727277074348,0.25,9,43.10000064224,1.01364187697316,PM25__mavg,14
PM25,mavg,29.1727277074348,0.25,10,43.10000064224,1.02076532308342,PM25__mavg,14
PM25,mavg,30.8000004589558,0.28,0,43.10000064224,0.997110673540678,PM25__mavg,14
PM25,mavg,30.8000004589558,0.28,1,43.10000064224,0.99554360141093,PM25__mavg,14
PM25,mavg,30.8000004589558,0.28,2,43.10000064224,0.994258627149536,PM25__mavg,14
PM25,mavg,30.8000004589558,0.28,3,43.10000064224,0.993534095374081,PM25__mavg,14
PM25,mavg,30.8000004589558,0.28,4,43.10000064224,0.993648245904605,PM25__mavg,14
PM25,mavg,30.8000004589558,0.28,5,43.10000064224,0.994881177978212,PM25__mavg,14
PM25,mavg,30.8000004589558,0.28,6,43.10000064224,0.997424083211462,PM25__mavg,14
PM25,mavg,30.8000004589558,0.28,7,43.10000064224,1.00109924888429,PM25__mavg,14
PM25,mavg,30.8000004589558,0.28,8,43.10000064224,1.0056362226141,PM25__mavg,14
PM25,mavg,30.8000004589558,0.28,9,43.10000064224,1.01076223126491,PM25__mavg,14
PM25,mavg,30.8000004589558,0.28,10,43.10000064224,1.01620017470642,PM25__mavg,14
PM25,mavg,32.4000004827976,0.31,0,43.10000064224,0.997358114273484,PM25__mavg,14
PM25,mavg,32.4000004827976,0.31,1,43.10000064224,0.996313588264715,PM25__mavg,14
PM25,mavg,32.4000004827976,0.31,2,43.10000064224,0.99547668756471,PM25__mavg,14
PM25,mavg,32.4000004827976,0.31,3,43.10000064224,0.995053334130384,PM25__mavg,14
PM25,mavg,32.4000004827976,0.31,4,43.10000064224,0.995249484969125,PM25__mavg,14
PM25,mavg,32.4000004827976,0.31,5,43.10000064224,0.996272202928624,PM25__mavg,14
PM25,mavg,32.4000004827976,0.31,6,43.10000064224,0.998262114232875,PM25__mavg,14
PM25,mavg,32.4000004827976,0.31,7,43.10000064224,1.00108652261609,PM25__mavg,14
PM25,mavg,32.4000004827976,0.31,8,43.10000064224,1.00454403021348,PM25__mavg,14
PM25,mavg,32.4000004827976,0.31,9,43.10000064224,1.00843187417757,PM25__mavg,14
PM25,mavg,32.4000004827976,0.31,10,43.10000064224,1.01254483760896,PM25__mavg,14
PM25,mavg,34.0100005067885,0.34,0,43.10000064224,0.99767294484179,PM25__mavg,14
PM25,mavg,34.0100005067885,0.34,1,43.10000064224,0.997010555243362,PM25__mavg,14
PM25,mavg,34.0100005067885,0.34,2,43.10000064224,0.996498033904647,PM25__mavg,14
PM25,mavg,34.0100005067885,0.34,3,43.10000064224,0.996284546555401,PM25__mavg,14
PM25,mavg,34.0100005067885,0.34,4,43.10000064224,0.996519332733583,PM25__mavg,14
PM25,mavg,34.0100005067885,0.34,5,43.10000064224,0.997352265982117,PM25__mavg,14
PM25,mavg,34.0100005067885,0.34,6,43.10000064224,0.998884706334473,PM25__mavg,14
PM25,mavg,34.0100005067885,0.34,7,43.10000064224,1.00101979237538,PM25__mavg,14
PM25,mavg,34.0100005067885,0.34,8,43.10000064224,1.00361085961072,PM25__mavg,14
PM25,mavg,34.0100005067885,0.34,9,43.10000064224,1.00651047075821,PM25__mavg,14
PM25,mavg,34.0100005067885,0.34,10,43.10000064224,1.00956984804259,PM25__mavg,14
PM25,mavg,35.6142862449799,0.37,0,43.10000064224,0.998038062449748,PM25__mavg,14
PM25,mavg,35.6142862449799,0.37,1,43.10000064224,0.997638118525414,PM25__mavg,14
PM25,mavg,35.6142862449799,0.37,2,43.10000064224,0.997344477866212,PM25__mavg,14
PM25,mavg,35.6142862449799,0.37,3,43.10000064224,0.99726318102754,PM25__mavg,14
PM25,mavg,35.6142862449799,0.37,4,43.10000064224,0.997500335670989,PM25__mavg,14
PM25,mavg,35.6142862449799,0.37,5,43.10000064224,0.998162399055593,PM25__mavg,14
PM25,mavg,35.6142862449799,0.37,6,43.10000064224,0.999321120722302,PM25__mavg,14
PM25,mavg,35.6142862449799,0.37,7,43.10000064224,1.00090720812658,PM25__mavg,14
PM25,mavg,35.6142862449799,0.37,8,43.10000064224,1.00281595474186,PM25__mavg,14
PM25,mavg,35.6142862449799,0.37,9,43.10000064224,1.00494223316875,PM25__mavg,14
PM25,mavg,35.6142862449799,0.37,10,43.10000064224,1.00718020972957,PM25__mavg,14
PM25,mavg,37.2222227768766,0.4,0,43.10000064224,0.998441148140333,PM25__mavg,14
PM25,mavg,37.2222227768766,0.4,1,43.10000064224,0.998210878135277,PM25__mavg,14
PM25,mavg,37.2222227768766,0.4,2,43.10000064224,0.99805420863376,PM25__mavg,14
PM25,mavg,37.2222227768766,0.4,3,43.10000064224,0.998044651686291,PM25__mavg,14
PM25,mavg,37.2222227768766,0.4,4,43.10000064224,0.998255765316198,PM25__mavg,14
PM25,mavg,37.2222227768766,0.4,5,43.10000064224,0.998761289069509,PM25__mavg,14
PM25,mavg,37.2222227768766,0.4,6,43.10000064224,0.99961077885823,PM25__mavg,14
PM25,mavg,37.2222227768766,0.4,7,43.10000064224,1.00075594452788,PM25__mavg,14
PM25,mavg,37.2222227768766,0.4,8,43.10000064224,1.00212394768359,PM25__mavg,14
PM25,mavg,37.2222227768766,0.4,9,43.10000064224,1.00364173369934,PM25__mavg,14
PM25,mavg,37.2222227768766,0.4,10,43.10000064224,1.00523589512754,PM25__mavg,14
PM25,mavg,38.9000005796552,0.43,0,43.10000064224,0.998885826887339,PM25__mavg,14
PM25,mavg,38.9000005796552,0.43,1,43.10000064224,0.998760235400636,PM25__mavg,14
PM25,mavg,38.9000005796552,0.43,2,43.10000064224,0.998682600802944,PM25__mavg,14
PM25,mavg,38.9000005796552,0.43,3,43.10000064224,0.998700853887284,PM25__mavg,14
PM25,mavg,38.9000005796552,0.43,4,43.10000064224,0.998862949667128,PM25__mavg,14
PM25,mavg,38.9000005796552,0.43,5,43.10000064224,0.999216924933248,PM25__mavg,14
PM25,mavg,38.9000005796552,0.43,6,43.10000064224,0.999794980250238,PM25__mavg,14
PM25,mavg,38.9000005796552,0.43,7,43.10000064224,1.00056548208183,PM25__mavg,14
PM25,mavg,38.9000005796552,0.43,8,43.10000064224,1.00148079705613,PM25__mavg,14
PM25,mavg,38.9000005796552,0.43,9,43.10000064224,1.00249319509479,PM25__mavg,14
PM25,mavg,38.9000005796552,0.43,10,43.10000064224,1.00355479155223,PM25__mavg,14
PM25,mavg,40.6166672719022,0.46,0,43.10000064224,0.999349427874231,PM25__mavg,14
PM25,mavg,40.6166672719022,0.46,1,43.10000064224,0.999284019151712,PM25__mavg,14
PM25,mavg,40.6166672719022,0.46,2,43.10000064224,0.999245857648483,PM25__mavg,14
PM25,mavg,40.6166672719022,0.46,3,43.10000064224,0.999262183626464,PM25__mavg,14
PM25,mavg,40.6166672719022,0.46,4,43.10000064224,0.999360245813213,PM25__mavg,14
PM25,mavg,40.6166672719022,0.46,5,43.10000064224,0.999567319975043,PM25__mavg,14
PM25,mavg,40.6166672719022,0.46,6,43.10000064224,0.999901647833063,PM25__mavg,14
PM25,mavg,40.6166672719022,0.46,7,43.10000064224,1.00034517469107,PM25__mavg,14
PM25,mavg,40.6166672719022,0.46,8,43.10000064224,1.00087075776868,PM25__mavg,14
PM25,mavg,40.6166672719022,0.46,9,43.10000064224,1.00145122237249,PM25__mavg,14
PM25,mavg,40.6166672719022,0.46,10,43.10000064224,1.00205934326599,PM25__mavg,14
PM25,mavg,42.4571434898036,0.49,0,43.10000064224,0.999836304535438,PM25__mavg,14
PM25,mavg,42.4571434898036,0.49,1,43.10000064224,0.999817542570508,PM25__mavg,14
PM25,mavg,42.4571434898036,0.49,2,43.10000064224,0.999806019152722,PM25__mavg,14
PM25,mavg,42.4571434898036,0.49,3,43.10000064224,0.999808972248258,PM25__mavg,14
PM25,mavg,42.4571434898036,0.49,4,43.10000064224,0.999833640380434,PM25__mavg,14
PM25,mavg,42.4571434898036,0.49,5,43.10000064224,0.999887263939832,PM25__mavg,14
PM25,mavg,42.4571434898036,0.49,6,43.10000064224,0.999974673868449,PM25__mavg,14
PM25,mavg,42.4571434898036,0.49,7,43.10000064224,1.00009105215833,PM25__mavg,14
PM25,mavg,42.4571434898036,0.49,8,43.10000064224,1.00022916761069,PM25__mavg,14
PM25,mavg,42.4571434898036,0.49,9,43.10000064224,1.00038178681156,PM25__mavg,14
PM25,mavg,42.4571434898036,0.49,10,43.10000064224,1.00054167282063,PM25__mavg,14
PM25,mavg,44.3833339946965,0.52,0,43.10000064224,1.00031292941161,PM25__mavg,14
PM25,mavg,44.3833339946965,0.52,1,43.10000064224,1.00036135121725,PM25__mavg,14
PM25,mavg,44.3833339946965,0.52,2,43.10000064224,1.00039411804048,PM25__mavg,14
PM25,mavg,44.3833339946965,0.52,3,43.10000064224,1.00039557099379,PM25__mavg,14
PM25,mavg,44.3833339946965,0.52,4,43.10000064224,1.00035005330405,PM25__mavg,14
PM25,mavg,44.3833339946965,0.52,5,43.10000064224,1.00024191643842,PM25__mavg,14
PM25,mavg,44.3833339946965,0.52,6,43.10000064224,1.00006074599253,PM25__mavg,14
PM25,mavg,44.3833339946965,0.52,7,43.10000064224,0.999817013716007,PM25__mavg,14
PM25,mavg,44.3833339946965,0.52,8,43.10000064224,0.999526408869716,PM25__mavg,14
PM25,mavg,44.3833339946965,0.52,9,43.10000064224,0.999204610826954,PM25__mavg,14
PM25,mavg,44.3833339946965,0.52,10,43.10000064224,0.99886728295764,PM25__mavg,14
PM25,mavg,46.4000006914139,0.55,0,43.10000064224,1.00076863842793,PM25__mavg,14
PM25,mavg,46.4000006914139,0.55,1,43.10000064224,1.00092185622719,PM25__mavg,14
PM25,mavg,46.4000006914139,0.55,2,43.10000064224,1.00103169536011,PM25__mavg,14
PM25,mavg,46.4000006914139,0.55,3,43.10000064224,1.00105473841852,PM25__mavg,14
PM25,mavg,46.4000006914139,0.55,4,43.10000064224,1.00094758093129,PM25__mavg,14
PM25,mavg,46.4000006914139,0.55,5,43.10000064224,1.00066687840169,PM25__mavg,14
PM25,mavg,46.4000006914139,0.55,6,43.10000064224,1.00018386680416,PM25__mavg,14
PM25,mavg,46.4000006914139,0.55,7,43.10000064224,0.999527729413318,PM25__mavg,14
PM25,mavg,46.4000006914139,0.55,8,43.10000064224,0.9987421082666,PM25__mavg,14
PM25,mavg,46.4000006914139,0.55,9,43.10000064224,0.997870572604301,PM25__mavg,14
PM25,mavg,46.4000006914139,0.55,10,43.10000064224,0.996956572035796,PM25__mavg,14
PM25,mavg,48.5750007238239,0.58,0,43.10000064224,1.00121497877765,PM25__mavg,14
PM25,mavg,48.5750007238239,0.58,1,43.10000064224,1.00151594953782,PM25__mavg,14
PM25,mavg,48.5750007238239,0.58,2,43.10000064224,1.00173994469985,PM25__mavg,14
PM25,mavg,48.5750007238239,0.58,3,43.10000064224,1.00180984113266,PM25__mavg,14
PM25,mavg,48.5750007238239,0.58,4,43.10000064224,1.00164854753637,PM25__mavg,14
PM25,mavg,48.5750007238239,0.58,5,43.10000064224,1.00117915263901,PM25__mavg,14
PM25,mavg,48.5750007238239,0.58,6,43.10000064224,1.00035078411744,PM25__mavg,14
PM25,mavg,48.5750007238239,0.58,7,43.10000064224,0.999215578030718,PM25__mavg,14
PM25,mavg,48.5750007238239,0.58,8,43.10000064224,0.997851341728594,PM25__mavg,14
PM25,mavg,48.5750007238239,0.58,9,43.10000064224,0.996335661515038,PM25__mavg,14
PM25,mavg,48.5750007238239,0.58,10,43.10000064224,0.994745755541536,PM25__mavg,14
PM25,mavg,50.9125007586554,0.61,0,43.10000064224,1.00164827209183,PM25__mavg,14
PM25,mavg,50.9125007586554,0.61,1,43.10000064224,1.00214185993557,PM25__mavg,14
PM25,mavg,50.9125007586554,0.61,2,43.10000064224,1.00251889454354,PM25__mavg,14
PM25,mavg,50.9125007586554,0.61,3,43.10000064224,1.00266243102117,PM25__mavg,14
PM25,mavg,50.9125007586554,0.61,4,43.10000064224,1.00245557996685,PM25__mavg,14
PM25,mavg,50.9125007586554,0.61,5,43.10000064224,1.00178184761454,PM25__mavg,14
PM25,mavg,50.9125007586554,0.61,6,43.10000064224,1.00056446428535,PM25__mavg,14
PM25,mavg,50.9125007586554,0.61,7,43.10000064224,0.998882987510303,PM25__mavg,14
PM25,mavg,50.9125007586554,0.61,8,43.10000064224,0.996855885793073,PM25__mavg,14
PM25,mavg,50.9125007586554,0.61,9,43.10000064224,0.994601136270241,PM25__mavg,14
PM25,mavg,50.9125007586554,0.61,10,43.10000064224,0.992235888214892,PM25__mavg,14
PM25,mavg,53.4545462510803,0.64,0,43.10000064224,1.0020723643245,PM25__mavg,14
PM25,mavg,53.4545462510803,0.64,1,43.10000064224,1.00280710439456,PM25__mavg,14
PM25,mavg,53.4545462510803,0.64,2,43.10000064224,1.00337919414682,PM25__mavg,14
PM25,mavg,53.4545462510803,0.64,3,43.10000064224,1.00362512563712,PM25__mavg,14
PM25,mavg,53.4545462510803,0.64,4,43.10000064224,1.00338146953538,PM25__mavg,14
PM25,mavg,53.4545462510803,0.64,5,43.10000064224,1.00248553866341,PM25__mavg,14
PM25,mavg,53.4545462510803,0.64,6,43.10000064224,1.00083056674382,PM25__mavg,14
PM25,mavg,53.4545462510803,0.64,7,43.10000064224,0.998528567907682,PM25__mavg,14
PM25,mavg,53.4545462510803,0.64,8,43.10000064224,0.995745942121835,PM25__mavg,14
PM25,mavg,53.4545462510803,0.64,9,43.10000064224,0.992648156986599,PM25__mavg,14
PM25,mavg,53.4545462510803,0.64,10,43.10000064224,0.989399093793162,PM25__mavg,14
PM25,mavg,56.1833341705303,0.67,0,43.10000064224,1.00248230634561,PM25__mavg,14
PM25,mavg,56.1833341705303,0.67,1,43.10000064224,1.00350249741509,PM25__mavg,14
PM25,mavg,56.1833341705303,0.67,2,43.10000064224,1.00430828783034,PM25__mavg,14
PM25,mavg,56.1833341705303,0.67,3,43.10000064224,1.00468364027452,PM25__mavg,14
PM25,mavg,56.1833341705303,0.67,4,43.10000064224,1.00441261059814,PM25__mavg,14
PM25,mavg,56.1833341705303,0.67,5,43.10000064224,1.00328050342363,PM25__mavg,14
PM25,mavg,56.1833341705303,0.67,6,43.10000064224,1.00114706128676,PM25__mavg,14
PM25,mavg,56.1833341705303,0.67,7,43.10000064224,0.998161399135406,PM25__mavg,14
PM25,mavg,56.1833341705303,0.67,8,43.10000064224,0.994544470488529,PM25__mavg,14
PM25,mavg,56.1833341705303,0.67,9,43.10000064224,0.990515642247623,PM25__mavg,14
PM25,mavg,56.1833341705303,0.67,10,43.10000064224,0.986291560486201,PM25__mavg,14
PM25,mavg,59.0666675468286,0.7,0,43.10000064224,1.00287576990552,PM25__mavg,14
PM25,mavg,59.0666675468286,0.7,1,43.10000064224,1.00421521975814,PM25__mavg,14
PM25,mavg,59.0666675468286,0.7,2,43.10000064224,1.00528456378363,PM25__mavg,14
PM25,mavg,59.0666675468286,0.7,3,43.10000064224,1.00581089860171,PM25__mavg,14
PM25,mavg,59.0666675468286,0.7,4,43.10000064224,1.00552141170287,PM25__mavg,14
PM25,mavg,59.0666675468286,0.7,5,43.10000064224,1.00414522069282,PM25__mavg,14
PM25,mavg,59.0666675468286,0.7,6,43.10000064224,1.00150621273049,PM25__mavg,14
PM25,mavg,59.0666675468286,0.7,7,43.10000064224,0.997794226639369,PM25__mavg,14
PM25,mavg,59.0666675468286,0.7,8,43.10000064224,0.993289828726075,PM25__mavg,14
PM25,mavg,59.0666675468286,0.7,9,43.10000064224,0.988271106463278,PM25__mavg,14
PM25,mavg,59.0666675468286,0.7,10,43.10000064224,0.983011871115304,PM25__mavg,14
PM25,mavg,62.1333342591922,0.73,0,43.10000064224,1.0032630482947,PM25__mavg,14
PM25,mavg,62.1333342591922,0.73,1,43.10000064224,1.00494719871821,PM25__mavg,14
PM25,mavg,62.1333342591922,0.73,2,43.10000064224,1.00630265056103,PM25__mavg,14
PM25,mavg,62.1333342591922,0.73,3,43.10000064224,1.00699631282319,PM25__mavg,14
PM25,mavg,62.1333342591922,0.73,4,43.10000064224,1.00669516032149,PM25__mavg,14
PM25,mavg,62.1333342591922,0.73,5,43.10000064224,1.00506896608958,PM25__mavg,14
PM25,mavg,62.1333342591922,0.73,6,43.10000064224,1.00190411057338,PM25__mavg,14
PM25,mavg,62.1333342591922,0.73,7,43.10000064224,0.997434155164352,PM25__mavg,14
PM25,mavg,62.1333342591922,0.73,8,43.10000064224,0.992003374746715,PM25__mavg,14
PM25,mavg,62.1333342591922,0.73,9,43.10000064224,0.985952413869474,PM25__mavg,14
PM25,mavg,62.1333342591922,0.73,10,43.10000064224,0.979615628572263,PM25__mavg,14
PM25,mavg,65.5454555221579,0.76,0,43.10000064224,1.0036737584492,PM25__mavg,14
PM25,mavg,65.5454555221579,0.76,1,43.10000064224,1.00572851571827,PM25__mavg,14
PM25,mavg,65.5454555221579,0.76,2,43.10000064224,1.00739248230512,PM25__mavg,14
PM25,mavg,65.5454555221579,0.76,3,43.10000064224,1.00826836551682,PM25__mavg,14
PM25,mavg,65.5454555221579,0.76,4,43.10000064224,1.00795888728746,PM25__mavg,14
PM25,mavg,65.5454555221579,0.76,5,43.10000064224,1.00607065987517,PM25__mavg,14
PM25,mavg,65.5454555221579,0.76,6,43.10000064224,1.00235055597778,PM25__mavg,14
PM25,mavg,65.5454555221579,0.76,7,43.10000064224,0.997079473598047,PM25__mavg,14
PM25,mavg,65.5454555221579,0.76,8,43.10000064224,0.990670331823498,PM25__mavg,14
PM25,mavg,65.5454555221579,0.76,9,43.10000064224,0.983530953891816,PM25__mavg,14
PM25,mavg,65.5454555221579,0.76,10,43.10000064224,0.976060314741292,PM25__mavg,14
PM25,mavg,69.3100010327995,0.79,0,43.10000064224,1.00411608317048,PM25__mavg,14
PM25,mavg,69.3100010327995,0.79,1,43.10000064224,1.00654903660358,PM25__mavg,14
PM25,mavg,69.3100010327995,0.79,2,43.10000064224,1.00852822760893,PM25__mavg,14
PM25,mavg,69.3100010327995,0.79,3,43.10000064224,1.00959081715968,PM25__mavg,14
PM25,mavg,69.3100010327995,0.79,4,43.10000064224,1.00927390535274,PM25__mavg,14
PM25,mavg,69.3100010327995,0.79,5,43.10000064224,1.00711977542951,PM25__mavg,14
PM25,mavg,69.3100010327995,0.79,6,43.10000064224,1.00283550020465,PM25__mavg,14
PM25,mavg,69.3100010327995,0.79,7,43.10000064224,0.996751048605755,PM25__mavg,14
PM25,mavg,69.3100010327995,0.79,8,43.10000064224,0.989350146380098,PM25__mavg,14
PM25,mavg,69.3100010327995,0.79,9,43.10000064224,0.981109670529339,PM25__mavg,14
PM25,mavg,69.3100010327995,0.79,10,43.10000064224,0.972494596729066,PM25__mavg,14
PM25,mavg,73.5750010963529,0.82,0,43.10000064224,1.00460500182782,PM25__mavg,14
PM25,mavg,73.5750010963529,0.82,1,43.10000064224,1.00742655620848,PM25__mavg,14
PM25,mavg,73.5750010963529,0.82,2,43.10000064224,1.00973004310873,PM25__mavg,14
PM25,mavg,73.5750010963529,0.82,3,43.10000064224,1.01098523057716,PM25__mavg,14
PM25,mavg,73.5750010963529,0.82,4,43.10000064224,1.01066172298168,PM25__mavg,14
PM25,mavg,73.5750010963529,0.82,5,43.10000064224,1.00823582163368,PM25__mavg,14
PM25,mavg,73.5750010963529,0.82,6,43.10000064224,1.00337423340224,PM25__mavg,14
PM25,mavg,73.5750010963529,0.82,7,43.10000064224,0.99645815012291,PM25__mavg,14
PM25,mavg,73.5750010963529,0.82,8,43.10000064224,0.98804484622594,PM25__mavg,14
PM25,mavg,73.5750010963529,0.82,9,43.10000064224,0.978682674329283,PM25__mavg,14
PM25,mavg,73.5750010963529,0.82,10,43.10000064224,0.968904488083243,PM25__mavg,14
PM25,mavg,78.6625011721626,0.85,0,43.10000064224,1.00517151720183,PM25__mavg,14
PM25,mavg,78.6625011721626,0.85,1,43.10000064224,1.00840201223872,PM25__mavg,14
PM25,mavg,78.6625011721626,0.85,2,43.10000064224,1.01104727811303,PM25__mavg,14
PM25,mavg,78.6625011721626,0.85,3,43.10000064224,1.01250618969702,PM25__mavg,14
PM25,mavg,78.6625011721626,0.85,4,43.10000064224,1.01217732059338,PM25__mavg,14
PM25,mavg,78.6625011721626,0.85,5,43.10000064224,1.00946773130549,PM25__mavg,14
PM25,mavg,78.6625011721626,0.85,6,43.10000064224,1.00400226013323,PM25__mavg,14
PM25,mavg,78.6625011721626,0.85,7,43.10000064224,0.996216805445181,PM25__mavg,14
PM25,mavg,78.6625011721626,0.85,8,43.10000064224,0.986746806686138,PM25__mavg,14
PM25,mavg,78.6625011721626,0.85,9,43.10000064224,0.976216305548282,PM25__mavg,14
PM25,mavg,78.6625011721626,0.85,10,43.10000064224,0.965229565080557,PM25__mavg,14
PM25,mavg,84.7816012633445,0.88,0,43.10000064224,1.00582931437364,PM25__mavg,14
PM25,mavg,84.7816012633445,0.88,1,43.10000064224,1.00947436095785,PM25__mavg,14
PM25,mavg,84.7816012633445,0.88,2,43.10000064224,1.01246677498462,PM25__mavg,14
PM25,mavg,84.7816012633445,0.88,3,43.10000064224,1.01413374451992,PM25__mavg,14
PM25,mavg,84.7816012633445,0.88,4,43.10000064224,1.01380198291375,PM25__mavg,14
PM25,mavg,84.7816012633445,0.88,5,43.10000064224,1.01080869967922,PM25__mavg,14
PM25,mavg,84.7816012633445,0.88,6,43.10000064224,1.00473699469038,PM25__mavg,14
PM25,mavg,84.7816012633445,0.88,7,43.10000064224,0.996078916942191,PM25__mavg,14
PM25,mavg,84.7816012633445,0.88,8,43.10000064224,0.985549748705997,PM25__mavg,14
PM25,mavg,84.7816012633445,0.88,9,43.10000064224,0.973850566619185,PM25__mavg,14
PM25,mavg,84.7816012633445,0.88,10,43.10000064224,0.961657834446509,PM25__mavg,14
PM25,mavg,92.6240569357613,0.91,0,43.10000064224,1.00663561858384,PM25__mavg,14
PM25,mavg,92.6240569357613,0.91,1,43.10000064224,1.01069130799429,PM25__mavg,14
PM25,mavg,92.6240569357613,0.91,2,43.10000064224,1.01402863480109,PM25__mavg,14
PM25,mavg,92.6240569357613,0.91,3,43.10000064224,1.0159043246305,PM25__mavg,14
PM25,mavg,92.6240569357613,0.91,4,43.10000064224,1.01557441590454,PM25__mavg,14
PM25,mavg,92.6240569357613,0.91,5,43.10000064224,1.01230760092136,PM25__mavg,14
PM25,mavg,92.6240569357613,0.91,6,43.10000064224,1.00564650325448,PM25__mavg,14
PM25,mavg,92.6240569357613,0.91,7,43.10000064224,0.996139132627568,PM25__mavg,14
PM25,mavg,92.6240569357613,0.91,8,43.10000064224,0.984579995257513,PM25__mavg,14
PM25,mavg,92.6240569357613,0.91,9,43.10000064224,0.971746343993822,PM25__mavg,14
PM25,mavg,92.6240569357613,0.91,10,43.10000064224,0.958385587562976,PM25__mavg,14
PM25,mavg,103.425001541153,0.94,0,43.10000064224,1.00768070981067,PM25__mavg,14
PM25,mavg,103.425001541153,0.94,1,43.10000064224,1.01208687939331,PM25__mavg,14
PM25,mavg,103.425001541153,0.94,2,43.10000064224,1.01572059239625,PM25__mavg,14
PM25,mavg,103.425001541153,0.94,3,43.10000064224,1.01778007673588,PM25__mavg,14
PM25,mavg,103.425001541153,0.94,4,43.10000064224,1.01746263946801,PM25__mavg,14
PM25,mavg,103.425001541153,0.94,5,43.10000064224,1.01398013768797,PM25__mavg,14
PM25,mavg,103.425001541153,0.94,6,43.10000064224,1.00684190767636,PM25__mavg,14
PM25,mavg,103.425001541153,0.94,7,43.10000064224,0.996642884601832,PM25__mavg,14
PM25,mavg,103.425001541153,0.94,8,43.10000064224,0.984243817015209,PM25__mavg,14
PM25,mavg,103.425001541153,0.94,9,43.10000064224,0.9704854873982,PM25__mavg,14
PM25,mavg,103.425001541153,0.94,10,43.10000064224,0.956174171345102,PM25__mavg,14
PM25,mavg,120.150001790374,0.97,0,43.10000064224,1.00915679799747,PM25__mavg,14
PM25,mavg,120.150001790374,0.97,1,43.10000064224,1.01363703121808,PM25__mavg,14
PM25,mavg,120.150001790374,0.97,2,43.10000064224,1.01733974769369,PM25__mavg,14
PM25,mavg,120.150001790374,0.97,3,43.10000064224,1.01945722986949,PM25__mavg,14
PM25,mavg,120.150001790374,0.97,4,43.10000064224,1.01918069022101,PM25__mavg,14
PM25,mavg,120.150001790374,0.97,5,43.10000064224,1.01571594214138,PM25__mavg,14
PM25,mavg,120.150001790374,0.97,6,43.10000064224,1.00856851795801,PM25__mavg,14
PM25,mavg,120.150001790374,0.97,7,43.10000064224,0.998337655170541,PM25__mavg,14
PM25,mavg,120.150001790374,0.97,8,43.10000064224,0.985890486101497,PM25__mavg,14
PM25,mavg,120.150001790374,0.97,9,43.10000064224,0.972074055554875,PM25__mavg,14
PM25,mavg,120.150001790374,0.97,10,43.10000064224,0.957700589745525,PM25__mavg,14
PM10,lag,17.6000002622604,0.01,0,68.6000010222197,0.953552945909331,PM10__lag,15
PM10,lag,17.6000002622604,0.01,1,68.6000010222197,0.965193800548881,PM10__lag,15
PM10,lag,17.6000002622604,0.01,2,68.6000010222197,0.976533427662769,PM10__lag,15
PM10,lag,17.6000002622604,0.01,3,68.6000010222197,0.987109797102395,PM10__lag,15
PM10,lag,17.6000002622604,0.01,4,68.6000010222197,0.996442968830675,PM10__lag,15
PM10,lag,17.6000002622604,0.01,5,68.6000010222197,1.00403984298115,PM10__lag,15
PM10,lag,17.6000002622604,0.01,6,68.6000010222197,1.00955398762096,PM10__lag,15
PM10,lag,17.6000002622604,0.01,7,68.6000010222197,1.01325712287637,PM10__lag,15
PM10,lag,17.6000002622604,0.01,8,68.6000010222197,1.0155900066215,PM10__lag,15
PM10,lag,17.6000002622604,0.01,9,68.6000010222197,1.01700462951756,PM10__lag,15
PM10,lag,17.6000002622604,0.01,10,68.6000010222197,1.01795907835253,PM10__lag,15
PM10,lag,23.8000003546476,0.04,0,68.6000010222197,0.964921367003998,PM10__lag,15
PM10,lag,23.8000003546476,0.04,1,68.6000010222197,0.972986849362106,PM10__lag,15
PM10,lag,23.8000003546476,0.04,2,68.6000010222197,0.980862375013232,PM10__lag,15
PM10,lag,23.8000003546476,0.04,3,68.6000010222197,0.988282937050529,PM10__lag,15
PM10,lag,23.8000003546476,0.04,4,68.6000010222197,0.994976201645886,PM10__lag,15
PM10,lag,23.8000003546476,0.04,5,68.6000010222197,1.00066410578375,PM10__lag,15
PM10,lag,23.8000003546476,0.04,6,68.6000010222197,1.00515311219164,PM10__lag,15
PM10,lag,23.8000003546476,0.04,7,68.6000010222197,1.00860322897815,PM10__lag,15
PM10,lag,23.8000003546476,0.04,8,68.6000010222197,1.01126892273142,PM10__lag,15
PM10,lag,23.8000003546476,0.04,9,68.6000010222197,1.01340976425119,PM10__lag,15
PM10,lag,23.8000003546476,0.04,10,68.6000010222197,1.01528873098439,PM10__lag,15
PM10,lag,27.8000004142523,0.07,0,68.6000010222197,0.971724989070928,PM10__lag,15
PM10,lag,27.8000004142523,0.07,1,68.6000010222197,0.977681099533253,PM10__lag,15
PM10,lag,27.8000004142523,0.07,2,68.6000010222197,0.983522995828206,PM10__lag,15
PM10,lag,27.8000004142523,0.07,3,68.6000010222197,0.98909662411024,PM10__lag,15
PM10,lag,27.8000004142523,0.07,4,68.6000010222197,0.994244673918075,PM10__lag,15
PM10,lag,27.8000004142523,0.07,5,68.6000010222197,0.998807121894946,PM10__lag,15
PM10,lag,27.8000004142523,0.07,6,68.6000010222197,1.00267324169761,PM10__lag,15
PM10,lag,27.8000004142523,0.07,7,68.6000010222197,1.00593755796618,PM10__lag,15
PM10,lag,27.8000004142523,0.07,8,68.6000010222197,1.00874866825026,PM10__lag,15
PM10,lag,27.8000004142523,0.07,9,68.6000010222197,1.01125766664988,PM10__lag,15
PM10,lag,27.8000004142523,0.07,10,68.6000010222197,1.01361757196241,PM10__lag,15
PM10,lag,31.2000004649162,0.1,0,68.6000010222197,0.977080373356958,PM10__lag,15
PM10,lag,31.2000004649162,0.1,1,68.6000010222197,0.981406168067905,PM10__lag,15
PM10,lag,31.2000004649162,0.1,2,68.6000010222197,0.985680567674878,PM10__lag,15
PM10,lag,31.2000004649162,0.1,3,68.6000010222197,0.989831891530476,PM10__lag,15
PM10,lag,31.2000004649162,0.1,4,68.6000010222197,0.993787303687356,PM10__lag,15
PM10,lag,31.2000004649162,0.1,5,68.6000010222197,0.99747292901323,PM10__lag,15
PM10,lag,31.2000004649162,0.1,6,68.6000010222197,1.00083789945737,PM10__lag,15
PM10,lag,31.2000004649162,0.1,7,68.6000010222197,1.0039267809372,PM10__lag,15
PM10,lag,31.2000004649162,0.1,8,68.6000010222197,1.00680900392627,PM10__lag,15
PM10,lag,31.2000004649162,0.1,9,68.6000010222197,1.00955498591314,PM10__lag,15
PM10,lag,31.2000004649162,0.1,10,68.6000010222197,1.01223601016334,PM10__lag,15
PM10,lag,34.2000005096197,0.13,0,68.6000010222197,0.981419730446462,PM10__lag,15
PM10,lag,34.2000005096197,0.13,1,68.6000010222197,0.984455632650164,PM10__lag,15
PM10,lag,34.2000005096197,0.13,2,68.6000010222197,0.987491791937745,PM10__lag,15
PM10,lag,34.2000005096197,0.13,3,68.6000010222197,0.99051899073799,PM10__lag,15
PM10,lag,34.2000005096197,0.13,4,68.6000010222197,0.993527899465945,PM10__lag,15
PM10,lag,34.2000005096197,0.13,5,68.6000010222197,0.996509077802812,PM10__lag,15
PM10,lag,34.2000005096197,0.13,6,68.6000010222197,0.999456058437602,PM10__lag,15
PM10,lag,34.2000005096197,0.13,7,68.6000010222197,1.00237466658472,PM10__lag,15
PM10,lag,34.2000005096197,0.13,8,68.6000010222197,1.00527390161238,PM10__lag,15
PM10,lag,34.2000005096197,0.13,9,68.6000010222197,1.00816287157896,PM10__lag,15
PM10,lag,34.2000005096197,0.13,10,68.6000010222197,1.01105079188173,PM10__lag,15
PM10,lag,37.000000551343,0.16,0,68.6000010222197,0.985098301239545,PM10__lag,15
PM10,lag,37.000000551343,0.16,1,68.6000010222197,0.987074570903018,PM10__lag,15
PM10,lag,37.000000551343,0.16,2,68.6000010222197,0.989094093714965,PM10__lag,15
PM10,lag,37.000000551343,0.16,3,68.6000010222197,0.99119649071411,PM10__lag,15
PM10,lag,37.000000551343,0.16,4,68.6000010222197,0.99342173279993,PM10__lag,15
PM10,lag,37.000000551343,0.16,5,68.6000010222197,0.995810181938804,PM10__lag,15
PM10,lag,37.000000551343,0.16,6,68.6000010222197,0.99838942910559,PM10__lag,15
PM10,lag,37.000000551343,0.16,7,68.6000010222197,1.00113441404783,PM10__lag,15
PM10,lag,37.000000551343,0.16,8,68.6000010222197,1.00400658365701,PM10__lag,15
PM10,lag,37.000000551343,0.16,9,68.6000010222197,1.00696698842012,PM10__lag,15
PM10,lag,37.000000551343,0.16,10,68.6000010222197,1.00997624010442,PM10__lag,15
PM10,lag,39.8000005930662,0.19,0,68.6000010222197,0.988377367014657,PM10__lag,15
PM10,lag,39.8000005930662,0.19,1,68.6000010222197,0.989450130040527,PM10__lag,15
PM10,lag,39.8000005930662,0.19,2,68.6000010222197,0.99060227009285,PM10__lag,15
PM10,lag,39.8000005930662,0.19,3,68.6000010222197,0.991912377766366,PM10__lag,15
PM10,lag,39.8000005930662,0.19,4,68.6000010222197,0.993459514323991,PM10__lag,15
PM10,lag,39.8000005930662,0.19,5,68.6000010222197,0.995323368507015,PM10__lag,15
PM10,lag,39.8000005930662,0.19,6,68.6000010222197,0.997558221743787,PM10__lag,15
PM10,lag,39.8000005930662,0.19,7,68.6000010222197,1.00011391025765,PM10__lag,15
PM10,lag,39.8000005930662,0.19,8,68.6000010222197,1.00291368169692,PM10__lag,15
PM10,lag,39.8000005930662,0.19,9,68.6000010222197,1.00588012255471,PM10__lag,15
PM10,lag,39.8000005930662,0.19,10,68.6000010222197,1.00893499774614,PM10__lag,15
PM10,lag,42.5000006332994,0.22,0,68.6000010222197,0.991123637767444,PM10__lag,15
PM10,lag,42.5000006332994,0.22,1,68.6000010222197,0.991488390911531,PM10__lag,15
PM10,lag,42.5000006332994,0.22,2,68.6000010222197,0.991959197077591,PM10__lag,15
PM10,lag,42.5000006332994,0.22,3,68.6000010222197,0.992642198916887,PM10__lag,15
PM10,lag,42.5000006332994,0.22,4,68.6000010222197,0.993643933075215,PM10__lag,15
PM10,lag,42.5000006332994,0.22,5,68.6000010222197,0.995071614561743,PM10__lag,15
PM10,lag,42.5000006332994,0.22,6,68.6000010222197,0.996998048615013,PM10__lag,15
PM10,lag,42.5000006332994,0.22,7,68.6000010222197,0.9993549777877,PM10__lag,15
PM10,lag,42.5000006332994,0.22,8,68.6000010222197,1.0020384295875,PM10__lag,15
PM10,lag,42.5000006332994,0.22,9,68.6000010222197,1.00494368596093,PM10__lag,15
PM10,lag,42.5000006332994,0.22,10,68.6000010222197,1.00796499352086,PM10__lag,15
PM10,lag,45.3000006750226,0.25,0,68.6000010222197,0.993501967964476,PM10__lag,15
PM10,lag,45.3000006750226,0.25,1,68.6000010222197,0.993317580413391,PM10__lag,15
PM10,lag,45.3000006750226,0.25,2,68.6000010222197,0.993256823044162,PM10__lag,15
PM10,lag,45.3000006750226,0.25,3,68.6000010222197,0.993443292336728,PM10__lag,15
PM10,lag,45.3000006750226,0.25,4,68.6000010222197,0.994000816083072,PM10__lag,15
PM10,lag,45.3000006750226,0.25,5,68.6000010222197,0.995053838566049,PM10__lag,15
PM10,lag,45.3000006750226,0.25,6,68.6000010222197,0.99668661739731,PM10__lag,15
PM10,lag,45.3000006750226,0.25,7,68.6000010222197,0.998819135089181,PM10__lag,15
PM10,lag,45.3000006750226,0.25,8,68.6000010222197,1.00132997064848,PM10__lag,15
PM10,lag,45.3000006750226,0.25,9,68.6000010222197,1.00409699212414,PM10__lag,15
PM10,lag,45.3000006750226,0.25,10,68.6000010222197,1.00699696555439,PM10__lag,15
PM10,lag,47.9000007137656,0.28,0,68.6000010222197,0.995262513488745,PM10__lag,15
PM10,lag,47.9000007137656,0.28,1,68.6000010222197,0.994744466780906,PM10__lag,15
PM10,lag,47.9000007137656,0.28,2,68.6000010222197,0.994356245799829,PM10__lag,15
PM10,lag,47.9000007137656,0.28,3,68.6000010222197,0.994227237989298,PM10__lag,15
PM10,lag,47.9000007137656,0.28,4,68.6000010222197,0.994486915577827,PM10__lag,15
PM10,lag,47.9000007137656,0.28,5,68.6000010222197,0.995265257679677,PM10__lag,15
PM10,lag,47.9000007137656,0.28,6,68.6000010222197,0.996650053943731,PM10__lag,15
PM10,lag,47.9000007137656,0.28,7,68.6000010222197,0.998557088934718,PM10__lag,15
PM10,lag,47.9000007137656,0.28,8,68.6000010222197,1.0008589319262,PM10__lag,15
PM10,lag,47.9000007137656,0.28,9,68.6000010222197,1.00342753999831,PM10__lag,15
PM10,lag,47.9000007137656,0.28,10,68.6000010222197,1.00613383075075,PM10__lag,15
PM10,lag,50.6000007539988,0.31,0,68.6000010222197,0.996677696481879,PM10__lag,15
PM10,lag,50.6000007539988,0.31,1,68.6000010222197,0.995972106362066,PM10__lag,15
PM10,lag,50.6000007539988,0.31,2,68.6000010222197,0.995393445977557,PM10__lag,15
PM10,lag,50.6000007539988,0.31,3,68.6000010222197,0.995067883475584,PM10__lag,15
PM10,lag,50.6000007539988,0.31,4,68.6000010222197,0.995121566350928,PM10__lag,15
PM10,lag,50.6000007539988,0.31,5,68.6000010222197,0.995681022731264,PM10__lag,15
PM10,lag,50.6000007539988,0.31,6,68.6000010222197,0.996831516149117,PM10__lag,15
PM10,lag,50.6000007539988,0.31,7,68.6000010222197,0.998490536685818,PM10__lag,15
PM10,lag,50.6000007539988,0.31,8,68.6000010222197,1.00053351915687,PM10__lag,15
PM10,lag,50.6000007539988,0.31,9,68.6000010222197,1.00283541646158,PM10__lag,15
PM10,lag,50.6000007539988,0.31,10,68.6000010222197,1.00527029440143,PM10__lag,15
PM10,lag,53.3000007942319,0.34,0,68.6000010222197,0.997733643440006,PM10__lag,15
PM10,lag,53.3000007942319,0.34,1,68.6000010222197,0.996973535971101,PM10__lag,15
PM10,lag,53.3000007942319,0.34,2,68.6000010222197,0.996329647098698,PM10__lag,15
PM10,lag,53.3000007942319,0.34,3,68.6000010222197,0.995917343994667,PM10__lag,15
PM10,lag,53.3000007942319,0.34,4,68.6000010222197,0.995851923486815,PM10__lag,15
PM10,lag,53.3000007942319,0.34,5,68.6000010222197,0.996248947375694,PM10__lag,15
PM10,lag,53.3000007942319,0.34,6,68.6000010222197,0.997186129632878,PM10__lag,15
PM10,lag,53.3000007942319,0.34,7,68.6000010222197,0.998587719221063,PM10__lag,15
PM10,lag,53.3000007942319,0.34,8,68.6000010222197,1.00033955317793,PM10__lag,15
PM10,lag,53.3000007942319,0.34,9,68.6000010222197,1.00232711813546,PM10__lag,15
PM10,lag,53.3000007942319,0.34,10,68.6000010222197,1.00443521246396,PM10__lag,15
PM10,lag,56.1000008359551,0.37,0,68.6000010222197,0.998516743078836,PM10__lag,15
PM10,lag,56.1000008359551,0.37,1,68.6000010222197,0.997808866429983,PM10__lag,15
PM10,lag,56.1000008359551,0.37,2,68.6000010222197,0.997199834528747,PM10__lag,15
PM10,lag,56.1000008359551,0.37,3,68.6000010222197,0.996787769220258,PM10__lag,15
PM10,lag,56.1000008359551,0.37,4,68.6000010222197,0.996670717305944,PM10__lag,15
PM10,lag,56.1000008359551,0.37,5,68.6000010222197,0.996946892840791,PM10__lag,15
PM10,lag,56.1000008359551,0.37,6,68.6000010222197,0.997682217496237,PM10__lag,15
PM10,lag,56.1000008359551,0.37,7,68.6000010222197,0.998812033858777,PM10__lag,15
PM10,lag,56.1000008359551,0.37,8,68.6000010222197,1.00023902839776,PM10__lag,15
PM10,lag,56.1000008359551,0.37,9,68.6000010222197,1.00186565803438,PM10__lag,15
PM10,lag,56.1000008359551,0.37,10,68.6000010222197,1.00359390645397,PM10__lag,15
PM10,lag,58.9000008776784,0.4,0,68.6000010222197,0.999052321043902,PM10__lag,15
PM10,lag,58.9000008776784,0.4,1,68.6000010222197,0.998474414451755,PM10__lag,15
PM10,lag,58.9000008776784,0.4,2,68.6000010222197,0.997973732595583,PM10__lag,15
PM10,lag,58.9000008776784,0.4,3,68.6000010222197,0.997627023343446,PM10__lag,15
PM10,lag,58.9000008776784,0.4,4,68.6000010222197,0.997510981148155,PM10__lag,15
PM10,lag,58.9000008776784,0.4,5,68.6000010222197,0.997702395067393,PM10__lag,15
PM10,lag,58.9000008776784,0.4,6,68.6000010222197,0.998252717399464,PM10__lag,15
PM10,lag,58.9000008776784,0.4,7,68.6000010222197,0.999111220030648,PM10__lag,15
PM10,lag,58.9000008776784,0.4,8,68.6000010222197,1.0002016294518,PM10__lag,15
PM10,lag,58.9000008776784,0.4,9,68.6000010222197,1.00144753915456,PM10__lag,15
PM10,lag,58.9000008776784,0.4,10,68.6000010222197,1.00277226098863,PM10__lag,15
PM10,lag,61.7000009194016,0.43,0,68.6000010222197,0.999411702382366,PM10__lag,15
PM10,lag,61.7000009194016,0.43,1,68.6000010222197,0.999007928319165,PM10__lag,15
PM10,lag,61.7000009194016,0.43,2,68.6000010222197,0.998657694584041,PM10__lag,15
PM10,lag,61.7000009194016,0.43,3,68.6000010222197,0.998414309161981,PM10__lag,15
PM10,lag,61.7000009194016,0.43,4,68.6000010222197,0.998331053720109,PM10__lag,15
PM10,lag,61.7000009194016,0.43,5,68.6000010222197,0.998461254903447,PM10__lag,15
PM10,lag,61.7000009194016,0.43,6,68.6000010222197,0.998840587867864,PM10__lag,15
PM10,lag,61.7000009194016,0.43,7,68.6000010222197,0.999433722523068,PM10__lag,15
PM10,lag,61.7000009194016,0.43,8,68.6000010222197,1.00018757773129,PM10__lag,15
PM10,lag,61.7000009194016,0.43,9,68.6000010222197,1.00104900872305,PM10__lag,15
PM10,lag,61.7000009194016,0.43,10,68.6000010222197,1.00196473559547,PM10__lag,15
PM10,lag,64.600000962615,0.46,0,68.6000010222197,0.999674500575606,PM10__lag,15
PM10,lag,64.600000962615,0.46,1,68.6000010222197,0.999461728941525,PM10__lag,15
PM10,lag,64.600000962615,0.46,2,68.6000010222197,0.99927809661273,PM10__lag,15
PM10,lag,64.600000962615,0.46,3,68.6000010222197,0.999152677910373,PM10__lag,15
PM10,lag,64.600000962615,0.46,4,68.6000010222197,0.999114540178924,PM10__lag,15
PM10,lag,64.600000962615,0.46,5,68.6000010222197,0.999192764958655,PM10__lag,15
PM10,lag,64.600000962615,0.46,6,68.6000010222197,0.999406778186606,PM10__lag,15
PM10,lag,64.600000962615,0.46,7,68.6000010222197,0.999737261718085,PM10__lag,15
PM10,lag,64.600000962615,0.46,8,68.6000010222197,1.00015521065828,PM10__lag,15
PM10,lag,64.600000962615,0.46,9,68.6000010222197,1.00063160032966,PM10__lag,15
PM10,lag,64.600000962615,0.46,10,68.6000010222197,1.00113736506438,PM10__lag,15
PM10,lag,67.6000010073185,0.49,0,68.6000010222197,0.999913003022301,PM10__lag,15
PM10,lag,67.6000010073185,0.49,1,68.6000010222197,0.999869845460207,PM10__lag,15
PM10,lag,67.6000010073185,0.49,2,68.6000010222197,0.999833201447561,PM10__lag,15
PM10,lag,67.6000010073185,0.49,3,68.6000010222197,0.999809581801226,PM10__lag,15
PM10,lag,67.6000010073185,0.49,4,68.6000010222197,0.999805497104482,PM10__lag,15
PM10,lag,67.6000010073185,0.49,5,68.6000010222197,0.999827458767211,PM10__lag,15
PM10,lag,67.6000010073185,0.49,6,68.6000010222197,0.999879809837379,PM10__lag,15
PM10,lag,67.6000010073185,0.49,7,68.6000010222197,0.999958213397707,PM10__lag,15
PM10,lag,67.6000010073185,0.49,8,68.6000010222197,1.00005616239505,PM10__lag,15
PM10,lag,67.6000010073185,0.49,9,68.6000010222197,1.00016714866764,PM10__lag,15
PM10,lag,67.6000010073185,0.49,10,68.6000010222197,1.00028466188446,PM10__lag,15
PM10,lag,70.8000010550022,0.52,0,68.6000010222197,1.0002220242656,PM10__lag,15
PM10,lag,70.8000010550022,0.52,1,68.6000010222197,1.00028554008764,PM10__lag,15
PM10,lag,70.8000010550022,0.52,2,68.6000010222197,1.00033701218846,PM10__lag,15
PM10,lag,70.8000010550022,0.52,3,68.6000010222197,1.00036439062417,PM10__lag,15
PM10,lag,70.8000010550022,0.52,4,68.6000010222197,1.00035562543765,PM10__lag,15
PM10,lag,70.8000010550022,0.52,5,68.6000010222197,1.00029867028618,PM10__lag,15
PM10,lag,70.8000010550022,0.52,6,68.6000010222197,1.00018550279694,PM10__lag,15
PM10,lag,70.8000010550022,0.52,7,68.6000010222197,1.00002417129317,PM10__lag,15
PM10,lag,70.8000010550022,0.52,8,68.6000010222197,0.999826740550289,PM10__lag,15
PM10,lag,70.8000010550022,0.52,9,68.6000010222197,0.999605270756962,PM10__lag,15
PM10,lag,70.8000010550022,0.52,10,68.6000010222197,0.999371813890983,PM10__lag,15
PM10,lag,74.100001104176,0.55,0,68.6000010222197,1.0006313259794,PM10__lag,15
PM10,lag,74.100001104176,0.55,1,68.6000010222197,1.00071352971259,PM10__lag,15
PM10,lag,74.100001104176,0.55,2,68.6000010222197,1.00077117384439,PM10__lag,15
PM10,lag,74.100001104176,0.55,3,68.6000010222197,1.00077968756646,PM10__lag,15
PM10,lag,74.100001104176,0.55,4,68.6000010222197,1.00071450466141,PM10__lag,15
PM10,lag,74.100001104176,0.55,5,68.6000010222197,1.0005510785771,PM10__lag,15
PM10,lag,74.100001104176,0.55,6,68.6000010222197,1.00027308809488,PM10__lag,15
PM10,lag,74.100001104176,0.55,7,68.6000010222197,0.999896991650994,PM10__lag,15
PM10,lag,74.100001104176,0.55,8,68.6000010222197,0.999447433229792,PM10__lag,15
PM10,lag,74.100001104176,0.55,9,68.6000010222197,0.998949033078795,PM10__lag,15
PM10,lag,74.100001104176,0.55,10,68.6000010222197,0.998426372672086,PM10__lag,15
PM10,lag,77.6000011563301,0.58,0,68.6000010222197,1.00115438678125,PM10__lag,15
PM10,lag,77.6000011563301,0.58,1,68.6000010222197,1.00116722899249,PM10__lag,15
PM10,lag,77.6000011563301,0.58,2,68.6000010222197,1.00114872191398,PM10__lag,15
PM10,lag,77.6000011563301,0.58,3,68.6000010222197,1.00106752037246,PM10__lag,15
PM10,lag,77.6000011563301,0.58,4,68.6000010222197,1.00089229819793,PM10__lag,15
PM10,lag,77.6000011563301,0.58,5,68.6000010222197,1.00059177274883,PM10__lag,15
PM10,lag,77.6000011563301,0.58,6,68.6000010222197,1.00014517833747,PM10__lag,15
PM10,lag,77.6000011563301,0.58,7,68.6000010222197,0.999573576849105,PM10__lag,15
PM10,lag,77.6000011563301,0.58,8,68.6000010222197,0.998908461190828,PM10__lag,15
PM10,lag,77.6000011563301,0.58,9,68.6000010222197,0.998181274054665,PM10__lag,15
PM10,lag,77.6000011563301,0.58,10,68.6000010222197,0.997423383496318,PM10__lag,15
PM10,lag,81.3000012114644,0.61,0,68.6000010222197,1.00179246836977,PM10__lag,15
PM10,lag,81.3000012114644,0.61,1,68.6000010222197,1.00164684755146,PM10__lag,15
PM10,lag,81.3000012114644,0.61,2,68.6000010222197,1.00146896305113,PM10__lag,15
PM10,lag,81.3000012114644,0.61,3,68.6000010222197,1.0012265550314,PM10__lag,15
PM10,lag,81.3000012114644,0.61,4,68.6000010222197,1.00088740426206,PM10__lag,15
PM10,lag,81.3000012114644,0.61,5,68.6000010222197,1.0004193580853,PM10__lag,15
PM10,lag,81.3000012114644,0.61,6,68.6000010222197,0.999801110175162,PM10__lag,15
PM10,lag,81.3000012114644,0.61,7,68.6000010222197,0.999054410064058,PM10__lag,15
PM10,lag,81.3000012114644,0.61,8,68.6000010222197,0.998211724979779,PM10__lag,15
PM10,lag,81.3000012114644,0.61,9,68.6000010222197,0.99730544839287,PM10__lag,15
PM10,lag,81.3000012114644,0.61,10,68.6000010222197,0.996367874211442,PM10__lag,15
PM10,lag,85.2000012695789,0.64,0,68.6000010222197,1.00254276415703,PM10__lag,15
PM10,lag,85.2000012695789,0.64,1,68.6000010222197,1.00215267898583,PM10__lag,15
PM10,lag,85.2000012695789,0.64,2,68.6000010222197,1.00173519093067,PM10__lag,15
PM10,lag,85.2000012695789,0.64,3,68.6000010222197,1.00126279269935,PM10__lag,15
PM10,lag,85.2000012695789,0.64,4,68.6000010222197,1.00070803573835,PM10__lag,15
PM10,lag,85.2000012695789,0.64,5,68.6000010222197,1.00004354907413,PM10__lag,15
PM10,lag,85.2000012695789,0.64,6,68.6000010222197,0.999251227592881,PM10__lag,15
PM10,lag,85.2000012695789,0.64,7,68.6000010222197,0.998349683167184,PM10__lag,15
PM10,lag,85.2000012695789,0.64,8,68.6000010222197,0.997366646371392,PM10__lag,15
PM10,lag,85.2000012695789,0.64,9,68.6000010222197,0.996329764825021,PM10__lag,15
PM10,lag,85.2000012695789,0.64,10,68.6000010222197,0.995266584507726,PM10__lag,15
PM10,lag,89.3000013306737,0.67,0,68.6000010222197,1.00339768694526,PM10__lag,15
PM10,lag,89.3000013306737,0.67,1,68.6000010222197,1.00268511307715,PM10__lag,15
PM10,lag,89.3000013306737,0.67,2,68.6000010222197,1.00195535997777,PM10__lag,15
PM10,lag,89.3000013306737,0.67,3,68.6000010222197,1.00119079412346,PM10__lag,15
PM10,lag,89.3000013306737,0.67,4,68.6000010222197,1.00037383867921,PM10__lag,15
PM10,lag,89.3000013306737,0.67,5,68.6000010222197,0.999486981170366,PM10__lag,15
PM10,lag,89.3000013306737,0.67,6,68.6000010222197,0.998518659028122,PM10__lag,15
PM10,lag,89.3000013306737,0.67,7,68.6000010222197,0.997480847970802,PM10__lag,15
PM10,lag,89.3000013306737,0.67,8,68.6000010222197,0.996391353438421,PM10__lag,15
PM10,lag,89.3000013306737,0.67,9,68.6000010222197,0.995267914122252,PM10__lag,15
PM10,lag,89.3000013306737,0.67,10,68.6000010222197,0.99412819437501,PM10__lag,15
PM10,lag,93.8000013977289,0.7,0,68.6000010222197,1.00438896628877,PM10__lag,15
PM10,lag,93.8000013977289,0.7,1,68.6000010222197,1.00327070874535,PM10__lag,15
PM10,lag,93.8000013977289,0.7,2,68.6000010222197,1.00215081621738,PM10__lag,15
PM10,lag,93.8000013977289,0.7,3,68.6000010222197,1.00102642017435,PM10__lag,15
PM10,lag,93.8000013977289,0.7,4,68.6000010222197,0.999894665050894,PM10__lag,15
PM10,lag,93.8000013977289,0.7,5,68.6000010222197,0.998752708416465,PM10__lag,15
PM10,lag,93.8000013977289,0.7,6,68.6000010222197,0.997598676870135,PM10__lag,15
PM10,lag,93.8000013977289,0.7,7,68.6000010222197,0.99643452435701,PM10__lag,15
PM10,lag,93.8000013977289,0.7,8,68.6000010222197,0.99526314965448,PM10__lag,15
PM10,lag,93.8000013977289,0.7,9,68.6000010222197,0.994087438277775,PM10__lag,15
PM10,lag,93.8000013977289,0.7,10,68.6000010222197,0.992910262313012,PM10__lag,15
PM10,lag,98.8000014722347,0.73,0,68.6000010222197,1.00552174328234,PM10__lag,15
PM10,lag,98.8000014722347,0.73,1,68.6000010222197,1.00392344631818,PM10__lag,15
PM10,lag,98.8000014722347,0.73,2,68.6000010222197,1.00234372517741,PM10__lag,15
PM10,lag,98.8000014722347,0.73,3,68.6000010222197,1.00079851070323,PM10__lag,15
PM10,lag,98.8000014722347,0.73,4,68.6000010222197,0.999303637557407,PM10__lag,15
PM10,lag,98.8000014722347,0.73,5,68.6000010222197,0.997874850966712,PM10__lag,15
PM10,lag,98.8000014722347,0.73,6,68.6000010222197,0.996522501848297,PM10__lag,15
PM10,lag,98.8000014722347,0.73,7,68.6000010222197,0.995235670284913,PM10__lag,15
PM10,lag,98.8000014722347,0.73,8,68.6000010222197,0.993998205037467,PM10__lag,15
PM10,lag,98.8000014722347,0.73,9,68.6000010222197,0.992794043235615,PM10__lag,15
PM10,lag,98.8000014722347,0.73,10,68.6000010222197,0.991607203732167,PM10__lag,15
PM10,lag,103.900001548231,0.76,0,68.6000010222197,1.00667212261867,PM10__lag,15
PM10,lag,103.900001548231,0.76,1,68.6000010222197,1.0045921644822,PM10__lag,15
PM10,lag,103.900001548231,0.76,2,68.6000010222197,1.00255171724181,PM10__lag,15
PM10,lag,103.900001548231,0.76,3,68.6000010222197,1.00058570174074,PM10__lag,15
PM10,lag,103.900001548231,0.76,4,68.6000010222197,0.998728775126782,PM10__lag,15
PM10,lag,103.900001548231,0.76,5,68.6000010222197,0.99701536283778,PM10__lag,15
PM10,lag,103.900001548231,0.76,6,68.6000010222197,0.99546804741026,PM10__lag,15
PM10,lag,103.900001548231,0.76,7,68.6000010222197,0.994062786701912,PM10__lag,15
PM10,lag,103.900001548231,0.76,8,68.6000010222197,0.992764114768392,PM10__lag,15
PM10,lag,103.900001548231,0.76,9,68.6000010222197,0.991536791151377,PM10__lag,15
PM10,lag,103.900001548231,0.76,10,68.6000010222197,0.99034576946241,PM10__lag,15
PM10,lag,110.000001639128,0.79,0,68.6000010222197,1.0080074313705,PM10__lag,15
PM10,lag,110.000001639128,0.79,1,68.6000010222197,1.00539645930791,PM10__lag,15
PM10,lag,110.000001639128,0.79,2,68.6000010222197,1.00284783685678,PM10__lag,15
PM10,lag,110.000001639128,0.79,3,68.6000010222197,1.00041657560206,PM10__lag,15
PM10,lag,110.000001639128,0.79,4,68.6000010222197,0.998157179173509,PM10__lag,15
PM10,lag,110.000001639128,0.79,5,68.6000010222197,0.996123722655989,PM10__lag,15
PM10,lag,110.000001639128,0.79,6,68.6000010222197,0.994351588969584,PM10__lag,15
PM10,lag,110.000001639128,0.79,7,68.6000010222197,0.992802708868923,PM10__lag,15
PM10,lag,110.000001639128,0.79,8,68.6000010222197,0.991421091949866,PM10__lag,15
PM10,lag,110.000001639128,0.79,9,68.6000010222197,0.990151160352314,PM10__lag,15
PM10,lag,110.000001639128,0.79,10,68.6000010222197,0.988937671004001,PM10__lag,15
PM10,lag,116.600001737475,0.82,0,68.6000010222197,1.00939970972452,PM10__lag,15
PM10,lag,116.600001737475,0.82,1,68.6000010222197,1.00627215727567,PM10__lag,15
PM10,lag,116.600001737475,0.82,2,68.6000010222197,1.00322860034049,PM10__lag,15
PM10,lag,116.600001737475,0.82,3,68.6000010222197,1.00034242591837,PM10__lag,15
PM10,lag,116.600001737475,0.82,4,68.6000010222197,0.997686221820586,PM10__lag,15
PM10,lag,116.600001737475,0.82,5,68.6000010222197,0.99533191853837,PM10__lag,15
PM10,lag,116.600001737475,0.82,6,68.6000010222197,0.993326458399637,PM10__lag,15
PM10,lag,116.600001737475,0.82,7,68.6000010222197,0.991618786860864,PM10__lag,15
PM10,lag,116.600001737475,0.82,8,68.6000010222197,0.990134040232323,PM10__lag,15
PM10,lag,116.600001737475,0.82,9,68.6000010222197,0.988797983685852,PM10__lag,15
PM10,lag,116.600001737475,0.82,10,68.6000010222197,0.987536872768615,PM10__lag,15
PM10,lag,124.400001853704,0.85,0,68.6000010222197,1.01097546240162,PM10__lag,15
PM10,lag,124.400001853704,0.85,1,68.6000010222197,1.00731434649423,PM10__lag,15
PM10,lag,124.400001853704,0.85,2,68.6000010222197,1.00375851918671,PM10__lag,15
PM10,lag,124.400001853704,0.85,3,68.6000010222197,1.00039868015964,PM10__lag,15
PM10,lag,124.400001853704,0.85,4,68.6000010222197,0.997324383512453,PM10__lag,15
PM10,lag,124.400001853704,0.85,5,68.6000010222197,0.994624255690816,PM10__lag,15
PM10,lag,124.400001853704,0.85,6,68.6000010222197,0.99235596292518,PM10__lag,15
PM10,lag,124.400001853704,0.85,7,68.6000010222197,0.990456035957272,PM10__lag,15
PM10,lag,124.400001853704,0.85,8,68.6000010222197,0.988831706890157,PM10__lag,15
PM10,lag,124.400001853704,0.85,9,68.6000010222197,0.987391092763542,PM10__lag,15
PM10,lag,124.400001853704,0.85,10,68.6000010222197,0.986042983529705,PM10__lag,15
PM10,lag,133.300001986325,0.88,0,68.6000010222197,1.01268226762367,PM10__lag,15
PM10,lag,133.300001986325,0.88,1,68.6000010222197,1.00851303590171,PM10__lag,15
PM10,lag,133.300001986325,0.88,2,68.6000010222197,1.00446749222639,PM10__lag,15
PM10,lag,133.300001986325,0.88,3,68.6000010222197,1.00065040245261,PM10__lag,15
PM10,lag,133.300001986325,0.88,4,68.6000010222197,0.997165030867876,PM10__lag,15
PM10,lag,133.300001986325,0.88,5,68.6000010222197,0.994113432924035,PM10__lag,15
PM10,lag,133.300001986325,0.88,6,68.6000010222197,0.991561799774309,PM10__lag,15
PM10,lag,133.300001986325,0.88,7,68.6000010222197,0.989436366045135,PM10__lag,15
PM10,lag,133.300001986325,0.88,8,68.6000010222197,0.987629667706703,PM10__lag,15
PM10,lag,133.300001986325,0.88,9,68.6000010222197,0.986035394343177,PM10__lag,15
PM10,lag,133.300001986325,0.88,10,68.6000010222197,0.984548105324553,PM10__lag,15
PM10,lag,144.100002147257,0.91,0,68.6000010222197,1.01462471699635,PM10__lag,15
PM10,lag,144.100002147257,0.91,1,68.6000010222197,1.00998109032801,PM10__lag,15
PM10,lag,144.100002147257,0.91,2,68.6000010222197,1.00547476002127,PM10__lag,15
PM10,lag,144.100002147257,0.91,3,68.6000010222197,1.0012196283294,PM10__lag,15
PM10,lag,144.100002147257,0.91,4,68.6000010222197,0.997327775276407,PM10__lag,15
PM10,lag,144.100002147257,0.91,5,68.6000010222197,0.993909807543167,PM10__lag,15
PM10,lag,144.100002147257,0.91,6,68.6000010222197,0.991037202990396,PM10__lag,15
PM10,lag,144.100002147257,0.91,7,68.6000010222197,0.988629220756649,PM10__lag,15
PM10,lag,144.100002147257,0.91,8,68.6000010222197,0.986568635648077,PM10__lag,15
PM10,lag,144.100002147257,0.91,9,68.6000010222197,0.984739633910982,PM10__lag,15
PM10,lag,144.100002147257,0.91,10,68.6000010222197,0.983027476181248,PM10__lag,15
PM10,lag,159.100002370775,0.94,0,68.6000010222197,1.01709263232529,PM10__lag,15
PM10,lag,159.100002370775,0.94,1,68.6000010222197,1.01204415641752,PM10__lag,15
PM10,lag,159.100002370775,0.94,2,68.6000010222197,1.00713563956785,PM10__lag,15
PM10,lag,159.100002370775,0.94,3,68.6000010222197,1.00247965464737,PM10__lag,15
PM10,lag,159.100002370775,0.94,4,68.6000010222197,0.998186793345883,PM10__lag,15
PM10,lag,159.100002370775,0.94,5,68.6000010222197,0.994366011196757,PM10__lag,15
PM10,lag,159.100002370775,0.94,6,68.6000010222197,0.991087400730047,PM10__lag,15
PM10,lag,159.100002370775,0.94,7,68.6000010222197,0.988270515360667,PM10__lag,15
PM10,lag,159.100002370775,0.94,8,68.6000010222197,0.985798995859508,PM10__lag,15
PM10,lag,159.100002370775,0.94,9,68.6000010222197,0.983558065252386,PM10__lag,15
PM10,lag,159.100002370775,0.94,10,68.6000010222197,0.981434196846783,PM10__lag,15
PM10,lag,183.500002734363,0.97,0,68.6000010222197,1.02055179226761,PM10__lag,15
PM10,lag,183.500002734363,0.97,1,68.6000010222197,1.01545853617961,PM10__lag,15
PM10,lag,183.500002734363,0.97,2,68.6000010222197,1.01046908227078,PM10__lag,15
PM10,lag,183.500002734363,0.97,3,68.6000010222197,1.00566015856546,PM10__lag,15
PM10,lag,183.500002734363,0.97,4,68.6000010222197,1.00110707424547,PM10__lag,15
PM10,lag,183.500002734363,0.97,5,68.6000010222197,0.996883885852063,PM10__lag,15
PM10,lag,183.500002734363,0.97,6,68.6000010222197,0.993037940727777,PM10__lag,15
PM10,lag,183.500002734363,0.97,7,68.6000010222197,0.989513828609113,PM10__lag,15
PM10,lag,183.500002734363,0.97,8,68.6000010222197,0.986231714731279,PM10__lag,15
PM10,lag,183.500002734363,0.97,9,68.6000010222197,0.983113003926412,PM10__lag,15
PM10,lag,183.500002734363,0.97,10,68.6000010222197,0.980080181283738,PM10__lag,15
PM10,mavg,21.4500003196299,0.01,0,70.7666677211722,1.01464656589719,PM10__mavg,16
PM10,mavg,21.4500003196299,0.01,1,70.7666677211722,0.983643159939499,PM10__mavg,16
PM10,mavg,21.4500003196299,0.01,2,70.7666677211722,0.957096365157927,PM10__mavg,16
PM10,mavg,21.4500003196299,0.01,3,70.7666677211722,0.938132897547223,PM10__mavg,16
PM10,mavg,21.4500003196299,0.01,4,70.7666677211722,0.929734564105372,PM10__mavg,16
PM10,mavg,21.4500003196299,0.01,5,70.7666677211722,0.935049934645558,PM10__mavg,16
PM10,mavg,21.4500003196299,0.01,6,70.7666677211722,0.956655084655179,PM10__mavg,16
PM10,mavg,21.4500003196299,0.01,7,70.7666677211722,0.993246813578937,PM10__mavg,16
PM10,mavg,21.4500003196299,0.01,8,70.7666677211722,1.04266522483352,PM10__mavg,16
PM10,mavg,21.4500003196299,0.01,9,70.7666677211722,1.10261324719601,PM10__mavg,16
PM10,mavg,21.4500003196299,0.01,10,70.7666677211722,1.17029898099212,PM10__mavg,16
PM10,mavg,27.125000404194,0.04,0,70.7666677211722,1.01447977768973,PM10__mavg,16
PM10,mavg,27.125000404194,0.04,1,70.7666677211722,0.989291260515833,PM10__mavg,16
PM10,mavg,27.125000404194,0.04,2,70.7666677211722,0.967527162013247,PM10__mavg,16
PM10,mavg,27.125000404194,0.04,3,70.7666677211722,0.951740587880906,PM10__mavg,16
PM10,mavg,27.125000404194,0.04,4,70.7666677211722,0.944384089093179,PM10__mavg,16
PM10,mavg,27.125000404194,0.04,5,70.7666677211722,0.948007109406441,PM10__mavg,16
PM10,mavg,27.125000404194,0.04,6,70.7666677211722,0.964597649189548,PM10__mavg,16
PM10,mavg,27.125000404194,0.04,7,70.7666677211722,0.992918644977056,PM10__mavg,16
PM10,mavg,27.125000404194,0.04,8,70.7666677211722,1.03099314827415,PM10__mavg,16
PM10,mavg,27.125000404194,0.04,9,70.7666677211722,1.07674861832212,PM10__mavg,16
PM10,mavg,27.125000404194,0.04,10,70.7666677211722,1.12779738349515,PM10__mavg,16
PM10,mavg,31.050000462681,0.07,0,70.7666677211722,1.01415763809363,PM10__mavg,16
PM10,mavg,31.050000462681,0.07,1,70.7666677211722,0.992775571997633,PM10__mavg,16
PM10,mavg,31.050000462681,0.07,2,70.7666677211722,0.974178020297631,PM10__mavg,16
PM10,mavg,31.050000462681,0.07,3,70.7666677211722,0.960525338644418,PM10__mavg,16
PM10,mavg,31.050000462681,0.07,4,70.7666677211722,0.953902985810144,PM10__mavg,16
PM10,mavg,31.050000462681,0.07,5,70.7666677211722,0.956458433079452,PM10__mavg,16
PM10,mavg,31.050000462681,0.07,6,70.7666677211722,0.969815055696555,PM10__mavg,16
PM10,mavg,31.050000462681,0.07,7,70.7666677211722,0.992837685734811,PM10__mavg,16
PM10,mavg,31.050000462681,0.07,8,70.7666677211722,1.02374658954201,PM10__mavg,16
PM10,mavg,31.050000462681,0.07,9,70.7666677211722,1.06069357350603,PM10__mavg,16
PM10,mavg,31.050000462681,0.07,10,70.7666677211722,1.10161295539264,PM10__mavg,16
PM10,mavg,34.3000005111098,0.1,0,70.7666677211722,1.01373663389855,PM10__mavg,16
PM10,mavg,34.3000005111098,0.1,1,70.7666677211722,0.995339812300157,PM10__mavg,16
PM10,mavg,34.3000005111098,0.1,2,70.7666677211722,0.979247015957155,PM10__mavg,16
PM10,mavg,34.3000005111098,0.1,3,70.7666677211722,0.967302769556412,PM10__mavg,16
PM10,mavg,34.3000005111098,0.1,4,70.7666677211722,0.961294694862015,PM10__mavg,16
PM10,mavg,34.3000005111098,0.1,5,70.7666677211722,0.963050911009671,PM10__mavg,16
PM10,mavg,34.3000005111098,0.1,6,70.7666677211722,0.973920778417156,PM10__mavg,16
PM10,mavg,34.3000005111098,0.1,7,70.7666677211722,0.992879635485248,PM10__mavg,16
PM10,mavg,34.3000005111098,0.1,8,70.7666677211722,1.01834166874997,PM10__mavg,16
PM10,mavg,34.3000005111098,0.1,9,70.7666677211722,1.04867211393231,PM10__mavg,16
PM10,mavg,34.3000005111098,0.1,10,70.7666677211722,1.08208299197675,PM10__mavg,16
PM10,mavg,37.3500005565584,0.13,0,70.7666677211722,1.01319727268108,PM10__mavg,16
PM10,mavg,37.3500005565584,0.13,1,70.7666677211722,0.997442532205856,PM10__mavg,16
PM10,mavg,37.3500005565584,0.13,2,70.7666677211722,0.983583573096248,PM10__mavg,16
PM10,mavg,37.3500005565584,0.13,3,70.7666677211722,0.973181123006477,PM10__mavg,16
PM10,mavg,37.3500005565584,0.13,4,70.7666677211722,0.967753217256124,PM10__mavg,16
PM10,mavg,37.3500005565584,0.13,5,70.7666677211722,0.968843483080997,PM10__mavg,16
PM10,mavg,37.3500005565584,0.13,6,70.7666677211722,0.977568083044501,PM10__mavg,16
PM10,mavg,37.3500005565584,0.13,7,70.7666677211722,0.993021053032079,PM10__mavg,16
PM10,mavg,37.3500005565584,0.13,8,70.7666677211722,1.0138143559378,PM10__mavg,16
PM10,mavg,37.3500005565584,0.13,9,70.7666677211722,1.03852616503001,PM10__mavg,16
PM10,mavg,37.3500005565584,0.13,10,70.7666677211722,1.06562883017151,PM10__mavg,16
PM10,mavg,40.2555561554101,0.16,0,70.7666677211722,1.01253971722234,PM10__mavg,16
PM10,mavg,40.2555561554101,0.16,1,70.7666677211722,0.999140228837153,PM10__mavg,16
PM10,mavg,40.2555561554101,0.16,2,70.7666677211722,0.987287460144674,PM10__mavg,16
PM10,mavg,40.2555561554101,0.16,3,70.7666677211722,0.978287245221192,PM10__mavg,16
PM10,mavg,40.2555561554101,0.16,4,70.7666677211722,0.97341392359906,PM10__mavg,16
PM10,mavg,40.2555561554101,0.16,5,70.7666677211722,0.973957276729102,PM10__mavg,16
PM10,mavg,40.2555561554101,0.16,6,70.7666677211722,0.980833553265102,PM10__mavg,16
PM10,mavg,40.2555561554101,0.16,7,70.7666677211722,0.993257633760232,PM10__mavg,16
PM10,mavg,40.2555561554101,0.16,8,70.7666677211722,1.01003611165453,PM10__mavg,16
PM10,mavg,40.2555561554101,0.16,9,70.7666677211722,1.02995318758875,PM10__mavg,16
PM10,mavg,40.2555561554101,0.16,10,70.7666677211722,1.05172178106546,PM10__mavg,16
PM10,mavg,43.0000006407499,0.19,0,70.7666677211722,1.01177820053062,PM10__mavg,16
PM10,mavg,43.0000006407499,0.19,1,70.7666677211722,1.00044310701832,PM10__mavg,16
PM10,mavg,43.0000006407499,0.19,2,70.7666677211722,0.99036180125142,PM10__mavg,16
PM10,mavg,43.0000006407499,0.19,3,70.7666677211722,0.982616785368392,PM10__mavg,16
PM10,mavg,43.0000006407499,0.19,4,70.7666677211722,0.978267657253251,PM10__mavg,16
PM10,mavg,43.0000006407499,0.19,5,70.7666677211722,0.978382864808957,PM10__mavg,16
PM10,mavg,43.0000006407499,0.19,6,70.7666677211722,0.983710281187897,PM10__mavg,16
PM10,mavg,43.0000006407499,0.19,7,70.7666677211722,0.993580841102592,PM10__mavg,16
PM10,mavg,43.0000006407499,0.19,8,70.7666677211722,1.00698366578592,PM10__mavg,16
PM10,mavg,43.0000006407499,0.19,9,70.7666677211722,1.02289358785292,PM10__mavg,16
PM10,mavg,43.0000006407499,0.19,10,70.7666677211722,1.04023842703766,PM10__mavg,16
PM10,mavg,45.600000679493,0.22,0,70.7666677211722,1.01092113215505,PM10__mavg,16
PM10,mavg,45.600000679493,0.22,1,70.7666677211722,1.00138514577048,PM10__mavg,16
PM10,mavg,45.600000679493,0.22,2,70.7666677211722,0.992859209917495,PM10__mavg,16
PM10,mavg,45.600000679493,0.22,3,70.7666677211722,0.986232932533376,PM10__mavg,16
PM10,mavg,45.600000679493,0.22,4,70.7666677211722,0.982379506800724,PM10__mavg,16
PM10,mavg,45.600000679493,0.22,5,70.7666677211722,0.982176872971542,PM10__mavg,16
PM10,mavg,45.600000679493,0.22,6,70.7666677211722,0.986232170881757,PM10__mavg,16
PM10,mavg,45.600000679493,0.22,7,70.7666677211722,0.993983653695211,PM10__mavg,16
PM10,mavg,45.600000679493,0.22,8,70.7666677211722,1.00458637022758,PM10__mavg,16
PM10,mavg,45.600000679493,0.22,9,70.7666677211722,1.01718659611854,PM10__mavg,16
PM10,mavg,45.600000679493,0.22,10,70.7666677211722,1.0309002139309,PM10__mavg,16
PM10,mavg,48.1000007167459,0.25,0,70.7666677211722,1.0099641114992,PM10__mavg,16
PM10,mavg,48.1000007167459,0.25,1,70.7666677211722,1.00200302558027,PM10__mavg,16
PM10,mavg,48.1000007167459,0.25,2,70.7666677211722,0.994849287234917,PM10__mavg,16
PM10,mavg,48.1000007167459,0.25,3,70.7666677211722,0.989226840125952,PM10__mavg,16
PM10,mavg,48.1000007167459,0.25,4,70.7666677211722,0.985848083342541,PM10__mavg,16
PM10,mavg,48.1000007167459,0.25,5,70.7666677211722,0.985427726098644,PM10__mavg,16
PM10,mavg,48.1000007167459,0.25,6,70.7666677211722,0.988455252968102,PM10__mavg,16
PM10,mavg,48.1000007167459,0.25,7,70.7666677211722,0.994465968808842,PM10__mavg,16
PM10,mavg,48.1000007167459,0.25,8,70.7666677211722,1.00276310173743,PM10__mavg,16
PM10,mavg,48.1000007167459,0.25,9,70.7666677211722,1.01264471880123,PM10__mavg,16
PM10,mavg,48.1000007167459,0.25,10,70.7666677211722,1.02338966814591,PM10__mavg,16
PM10,mavg,50.6166674209137,0.28,0,70.7666677211722,1.0088692793887,PM10__mavg,16
PM10,mavg,50.6166674209137,0.28,1,70.7666677211722,1.00233250158463,PM10__mavg,16
PM10,mavg,50.6166674209137,0.28,2,70.7666677211722,0.99643027375926,PM10__mavg,16
PM10,mavg,50.6166674209137,0.28,3,70.7666677211722,0.991741269672669,PM10__mavg,16
PM10,mavg,50.6166674209137,0.28,4,70.7666677211722,0.988836332355418,PM10__mavg,16
PM10,mavg,50.6166674209137,0.28,5,70.7666677211722,0.988287236788458,PM10__mavg,16
PM10,mavg,50.6166674209137,0.28,6,70.7666677211722,0.990482540692208,PM10__mavg,16
PM10,mavg,50.6166674209137,0.28,7,70.7666677211722,0.995046107236145,PM10__mavg,16
PM10,mavg,50.6166674209137,0.28,8,70.7666677211722,1.00141511533263,PM10__mavg,16
PM10,mavg,50.6166674209137,0.28,9,70.7666677211722,1.00902389479285,PM10__mavg,16
PM10,mavg,50.6166674209137,0.28,10,70.7666677211722,1.01729508245558,PM10__mavg,16
PM10,mavg,53.2000007927418,0.31,0,70.7666677211722,1.00764319754537,PM10__mavg,16
PM10,mavg,53.2000007927418,0.31,1,70.7666677211722,1.00240592934695,PM10__mavg,16
PM10,mavg,53.2000007927418,0.31,2,70.7666677211722,0.997655415300936,PM10__mavg,16
PM10,mavg,53.2000007927418,0.31,3,70.7666677211722,0.993842757752911,PM10__mavg,16
PM10,mavg,53.2000007927418,0.31,4,70.7666677211722,0.991414014866147,PM10__mavg,16
PM10,mavg,53.2000007927418,0.31,5,70.7666677211722,0.990815477062567,PM10__mavg,16
PM10,mavg,53.2000007927418,0.31,6,70.7666677211722,0.992348581263413,PM10__mavg,16
PM10,mavg,53.2000007927418,0.31,7,70.7666677211722,0.995717352641906,PM10__mavg,16
PM10,mavg,53.2000007927418,0.31,8,70.7666677211722,1.00047942545893,PM10__mavg,16
PM10,mavg,53.2000007927418,0.31,9,70.7666677211722,1.00619098932618,PM10__mavg,16
PM10,mavg,53.2000007927418,0.31,10,70.7666677211722,1.01240148498606,PM10__mavg,16
PM10,mavg,55.8454553776167,0.34,0,70.7666677211722,1.00632655212702,PM10__mavg,16
PM10,mavg,55.8454553776167,0.34,1,70.7666677211722,1.00225925074595,PM10__mavg,16
PM10,mavg,55.8454553776167,0.34,2,70.7666677211722,0.998554513949751,PM10__mavg,16
PM10,mavg,55.8454553776167,0.34,3,70.7666677211722,0.995553522518831,PM10__mavg,16
PM10,mavg,55.8454553776167,0.34,4,70.7666677211722,0.99359441100064,PM10__mavg,16
PM10,mavg,55.8454553776167,0.34,5,70.7666677211722,0.993015261416579,PM10__mavg,16
PM10,mavg,55.8454553776167,0.34,6,70.7666677211722,0.994043383747267,PM10__mavg,16
PM10,mavg,55.8454553776167,0.34,7,70.7666677211722,0.996453441804731,PM10__mavg,16
PM10,mavg,55.8454553776167,0.34,8,70.7666677211722,0.999908767872112,PM10__mavg,16
PM10,mavg,55.8454553776167,0.34,9,70.7666677211722,1.00407203140239,PM10__mavg,16
PM10,mavg,55.8454553776167,0.34,10,70.7666677211722,1.00860223773273,PM10__mavg,16
PM10,mavg,58.600000873208,0.37,0,70.7666677211722,1.00494097063273,PM10__mavg,16
PM10,mavg,58.600000873208,0.37,1,70.7666677211722,1.00193028833873,PM10__mavg,16
PM10,mavg,58.600000873208,0.37,2,70.7666677211722,0.99917791484442,PM10__mavg,16
PM10,mavg,58.600000873208,0.37,3,70.7666677211722,0.996930497138327,PM10__mavg,16
PM10,mavg,58.600000873208,0.37,4,70.7666677211722,0.995433013078653,PM10__mavg,16
PM10,mavg,58.600000873208,0.37,5,70.7666677211722,0.994930324485493,PM10__mavg,16
PM10,mavg,58.600000873208,0.37,6,70.7666677211722,0.995586527580879,PM10__mavg,16
PM10,mavg,58.600000873208,0.37,7,70.7666677211722,0.99723801173366,PM10__mavg,16
PM10,mavg,58.600000873208,0.37,8,70.7666677211722,0.999640262249402,PM10__mavg,16
PM10,mavg,58.600000873208,0.37,9,70.7666677211722,1.00254849734688,PM10__mavg,16
PM10,mavg,58.600000873208,0.37,10,70.7666677211722,1.00571611372014,PM10__mavg,16
PM10,mavg,61.3166675803561,0.4,0,70.7666677211722,1.00361139416489,PM10__mavg,16
PM10,mavg,61.3166675803561,0.4,1,70.7666677211722,1.00149312433217,PM10__mavg,16
PM10,mavg,61.3166675803561,0.4,2,70.7666677211722,0.999551325714414,PM10__mavg,16
PM10,mavg,61.3166675803561,0.4,3,70.7666677211722,0.997956714301586,PM10__mavg,16
PM10,mavg,61.3166675803561,0.4,4,70.7666677211722,0.996879179699794,PM10__mavg,16
PM10,mavg,61.3166675803561,0.4,5,70.7666677211722,0.996488524556128,PM10__mavg,16
PM10,mavg,61.3166675803561,0.4,6,70.7666677211722,0.996898307580909,PM10__mavg,16
PM10,mavg,61.3166675803561,0.4,7,70.7666677211722,0.99799501178219,PM10__mavg,16
PM10,mavg,61.3166675803561,0.4,8,70.7666677211722,0.999608864279292,PM10__mavg,16
PM10,mavg,61.3166675803561,0.4,9,70.7666677211722,1.00156999219408,PM10__mavg,16
PM10,mavg,61.3166675803561,0.4,10,70.7666677211722,1.0037076831462,PM10__mavg,16
PM10,mavg,64.0909100459381,0.43,0,70.7666677211722,1.0023449314364,PM10__mavg,16
PM10,mavg,64.0909100459381,0.43,1,70.7666677211722,1.00099709448573,PM10__mavg,16
PM10,mavg,64.0909100459381,0.43,2,70.7666677211722,0.999759610306566,PM10__mavg,16
PM10,mavg,64.0909100459381,0.43,3,70.7666677211722,0.998740503629786,PM10__mavg,16
PM10,mavg,64.0909100459381,0.43,4,70.7666677211722,0.998047463917615,PM10__mavg,16
PM10,mavg,64.0909100459381,0.43,5,70.7666677211722,0.997788139842652,PM10__mavg,16
PM10,mavg,64.0909100459381,0.43,6,70.7666677211722,0.998034430129605,PM10__mavg,16
PM10,mavg,64.0909100459381,0.43,7,70.7666677211722,0.998714418122887,PM10__mavg,16
PM10,mavg,64.0909100459381,0.43,8,70.7666677211722,0.999720442375813,PM10__mavg,16
PM10,mavg,64.0909100459381,0.43,9,70.7666677211722,1.00094480627768,PM10__mavg,16
PM10,mavg,64.0909100459381,0.43,10,70.7666677211722,1.00227948359647,PM10__mavg,16
PM10,mavg,66.9000009968877,0.46,0,70.7666677211722,1.00121166161943,PM10__mavg,16
PM10,mavg,66.9000009968877,0.46,1,70.7666677211722,1.00051197745065,PM10__mavg,16
PM10,mavg,66.9000009968877,0.46,2,70.7666677211722,0.999869626983056,PM10__mavg,16
PM10,mavg,66.9000009968877,0.46,3,70.7666677211722,0.999341315088479,PM10__mavg,16
PM10,mavg,66.9000009968877,0.46,4,70.7666677211722,0.998983655756303,PM10__mavg,16
PM10,mavg,66.9000009968877,0.46,5,70.7666677211722,0.998853252869221,PM10__mavg,16
PM10,mavg,66.9000009968877,0.46,6,70.7666677211722,0.998987880877959,PM10__mavg,16
PM10,mavg,66.9000009968877,0.46,7,70.7666677211722,0.999349768375052,PM10__mavg,16
PM10,mavg,66.9000009968877,0.46,8,70.7666677211722,0.999882313643117,PM10__mavg,16
PM10,mavg,66.9000009968877,0.46,9,70.7666677211722,1.00052890390032,PM10__mavg,16
PM10,mavg,66.9000009968877,0.46,10,70.7666677211722,1.00123283452267,PM10__mavg,16
PM10,mavg,69.8000010401011,0.49,0,70.7666677211722,1.00025835421568,PM10__mavg,16
PM10,mavg,69.8000010401011,0.49,1,70.7666677211722,1.00010271657228,PM10__mavg,16
PM10,mavg,69.8000010401011,0.49,2,70.7666677211722,0.999960178964726,PM10__mavg,16
PM10,mavg,69.8000010401011,0.49,3,70.7666677211722,0.9998438100958,PM10__mavg,16
PM10,mavg,69.8000010401011,0.49,4,70.7666677211722,0.999766674122366,PM10__mavg,16
PM10,mavg,69.8000010401011,0.49,5,70.7666677211722,0.999741834929714,PM10__mavg,16
PM10,mavg,69.8000010401011,0.49,6,70.7666677211722,0.999778004263594,PM10__mavg,16
PM10,mavg,69.8000010401011,0.49,7,70.7666677211722,0.999866472254998,PM10__mavg,16
PM10,mavg,69.8000010401011,0.49,8,70.7666677211722,0.999994176352538,PM10__mavg,16
PM10,mavg,69.8000010401011,0.49,9,70.7666677211722,1.00014805314105,PM10__mavg,16
PM10,mavg,69.8000010401011,0.49,10,70.7666677211722,1.00031503406701,PM10__mavg,16
PM10,mavg,72.7700010843575,0.52,0,70.7666677211722,0.999568859662925,PM10__mavg,16
PM10,mavg,72.7700010843575,0.52,1,70.7666677211722,0.999853752562862,PM10__mavg,16
PM10,mavg,72.7700010843575,0.52,2,70.7666677211722,1.00011331403933,PM10__mavg,16
PM10,mavg,72.7700010843575,0.52,3,70.7666677211722,1.00032210639635,PM10__mavg,16
PM10,mavg,72.7700010843575,0.52,4,70.7666677211722,1.0004546765157,PM10__mavg,16
PM10,mavg,72.7700010843575,0.52,5,70.7666677211722,1.00048557200268,PM10__mavg,16
PM10,mavg,72.7700010843575,0.52,6,70.7666677211722,1.00039783694105,PM10__mavg,16
PM10,mavg,72.7700010843575,0.52,7,70.7666677211722,1.0002084455395,PM10__mavg,16
PM10,mavg,72.7700010843575,0.52,8,70.7666677211722,0.999942863181933,PM10__mavg,16
PM10,mavg,72.7700010843575,0.52,9,70.7666677211722,0.999626550190451,PM10__mavg,16
PM10,mavg,72.7700010843575,0.52,10,70.7666677211722,0.999284945684783,PM10__mavg,16
PM10,mavg,75.816667796423,0.55,0,70.7666677211722,0.99916727902609,PM10__mavg,16
PM10,mavg,75.816667796423,0.55,1,70.7666677211722,0.999794571156938,PM10__mavg,16
PM10,mavg,75.816667796423,0.55,2,70.7666677211722,1.00036223447879,PM10__mavg,16
PM10,mavg,75.816667796423,0.55,3,70.7666677211722,1.000810117494,PM10__mavg,16
PM10,mavg,75.816667796423,0.55,4,70.7666677211722,1.00107799348798,PM10__mavg,16
PM10,mavg,75.816667796423,0.55,5,70.7666677211722,1.00110565060405,PM10__mavg,16
PM10,mavg,75.816667796423,0.55,6,70.7666677211722,1.00085303461163,PM10__mavg,16
PM10,mavg,75.816667796423,0.55,7,70.7666677211722,1.00036037067217,PM10__mavg,16
PM10,mavg,75.816667796423,0.55,8,70.7666677211722,0.999687991914837,PM10__mavg,16
PM10,mavg,75.816667796423,0.55,9,70.7666677211722,0.998896192154703,PM10__mavg,16
PM10,mavg,75.816667796423,0.55,10,70.7666677211722,0.998045135932741,PM10__mavg,16
PM10,mavg,79.0000011771918,0.58,0,70.7666677211722,0.999042715216903,PM10__mavg,16
PM10,mavg,79.0000011771918,0.58,1,70.7666677211722,0.999921678706918,PM10__mavg,16
PM10,mavg,79.0000011771918,0.58,2,70.7666677211722,1.00071007476575,PM10__mavg,16
PM10,mavg,79.0000011771918,0.58,3,70.7666677211722,1.0013162919367,PM10__mavg,16
PM10,mavg,79.0000011771918,0.58,4,70.7666677211722,1.00164857207878,PM10__mavg,16
PM10,mavg,79.0000011771918,0.58,5,70.7666677211722,1.00161521894957,PM10__mavg,16
PM10,mavg,79.0000011771918,0.58,6,70.7666677211722,1.00115534907209,PM10__mavg,16
PM10,mavg,79.0000011771918,0.58,7,70.7666677211722,1.00033041594826,PM10__mavg,16
PM10,mavg,79.0000011771918,0.58,8,70.7666677211722,0.999232519929043,PM10__mavg,16
PM10,mavg,79.0000011771918,0.58,9,70.7666677211722,0.997953642268443,PM10__mavg,16
PM10,mavg,79.0000011771918,0.58,10,70.7666677211722,0.996585437123989,PM10__mavg,16
PM10,mavg,82.2777790038122,0.61,0,70.7666677211722,0.999189717928077,PM10__mavg,16
PM10,mavg,82.2777790038122,0.61,1,70.7666677211722,1.00022795619626,PM10__mavg,16
PM10,mavg,82.2777790038122,0.61,2,70.7666677211722,1.001148418131,PM10__mavg,16
PM10,mavg,82.2777790038122,0.61,3,70.7666677211722,1.00183184044011,PM10__mavg,16
PM10,mavg,82.2777790038122,0.61,4,70.7666677211722,1.00215876162489,PM10__mavg,16
PM10,mavg,82.2777790038122,0.61,5,70.7666677211722,1.00200987508037,PM10__mavg,16
PM10,mavg,82.2777790038122,0.61,6,70.7666677211722,1.00130614516828,PM10__mavg,16
PM10,mavg,82.2777790038122,0.61,7,70.7666677211722,1.00012788895504,PM10__mavg,16
PM10,mavg,82.2777790038122,0.61,8,70.7666677211722,0.998595320856941,PM10__mavg,16
PM10,mavg,82.2777790038122,0.61,9,70.7666677211722,0.996828402615625,PM10__mavg,16
PM10,mavg,82.2777790038122,0.61,10,70.7666677211722,0.994946491904953,PM10__mavg,16
PM10,mavg,85.7000012770295,0.64,0,70.7666677211722,0.999596679278956,PM10__mavg,16
PM10,mavg,85.7000012770295,0.64,1,70.7666677211722,1.0007080290815,PM10__mavg,16
PM10,mavg,85.7000012770295,0.64,2,70.7666677211722,1.00167766440098,PM10__mavg,16
PM10,mavg,85.7000012770295,0.64,3,70.7666677211722,1.00236212331473,PM10__mavg,16
PM10,mavg,85.7000012770295,0.64,4,70.7666677211722,1.00261773595193,PM10__mavg,16
PM10,mavg,85.7000012770295,0.64,5,70.7666677211722,1.00230113505936,PM10__mavg,16
PM10,mavg,85.7000012770295,0.64,6,70.7666677211722,1.00131759906929,PM10__mavg,16
PM10,mavg,85.7000012770295,0.64,7,70.7666677211722,0.999764197989642,PM10__mavg,16
PM10,mavg,85.7000012770295,0.64,8,70.7666677211722,0.997785961746028,PM10__mavg,16
PM10,mavg,85.7000012770295,0.64,9,70.7666677211722,0.995527474804466,PM10__mavg,16
PM10,mavg,85.7000012770295,0.64,10,70.7666677211722,0.993132369369414,PM10__mavg,16
PM10,mavg,89.427274059843,0.67,0,70.7666677211722,1.00028007032972,PM10__mavg,16
PM10,mavg,89.427274059843,0.67,1,70.7666677211722,1.00138093255384,PM10__mavg,16
PM10,mavg,89.427274059843,0.67,2,70.7666677211722,1.00231859634822,PM10__mavg,16
PM10,mavg,89.427274059843,0.67,3,70.7666677211722,1.00292809123244,PM10__mavg,16
PM10,mavg,89.427274059843,0.67,4,70.7666677211722,1.00304428870461,PM10__mavg,16
PM10,mavg,89.427274059843,0.67,5,70.7666677211722,1.0025025771177,PM10__mavg,16
PM10,mavg,89.427274059843,0.67,6,70.7666677211722,1.00119454141098,PM10__mavg,16
PM10,mavg,89.427274059843,0.67,7,70.7666677211722,0.999232435997691,PM10__mavg,16
PM10,mavg,89.427274059843,0.67,8,70.7666677211722,0.996783589138808,PM10__mavg,16
PM10,mavg,89.427274059843,0.67,9,70.7666677211722,0.99401462121317,PM10__mavg,16
PM10,mavg,89.427274059843,0.67,10,70.7666677211722,0.991090776918754,PM10__mavg,16
PM10,mavg,93.5125013934448,0.7,0,70.7666677211722,1.00124651591947,PM10__mavg,16
PM10,mavg,93.5125013934448,0.7,1,70.7666677211722,1.00225133365046,PM10__mavg,16
PM10,mavg,93.5125013934448,0.7,2,70.7666677211722,1.00307418475609,PM10__mavg,16
PM10,mavg,93.5125013934448,0.7,3,70.7666677211722,1.00353156111424,PM10__mavg,16
PM10,mavg,93.5125013934448,0.7,4,70.7666677211722,1.00343992062258,PM10__mavg,16
PM10,mavg,93.5125013934448,0.7,5,70.7666677211722,1.0026165221314,PM10__mavg,16
PM10,mavg,93.5125013934448,0.7,6,70.7666677211722,1.00094144637028,PM10__mavg,16
PM10,mavg,93.5125013934448,0.7,7,70.7666677211722,0.998540377798713,PM10__mavg,16
PM10,mavg,93.5125013934448,0.7,8,70.7666677211722,0.995600134581932,PM10__mavg,16
PM10,mavg,93.5125013934448,0.7,9,70.7666677211722,0.992306494319582,PM10__mavg,16
PM10,mavg,93.5125013934448,0.7,10,70.7666677211722,0.98884337094058,PM10__mavg,16
PM10,mavg,98.0666681279739,0.73,0,70.7666677211722,1.00249652433979,PM10__mavg,16
PM10,mavg,98.0666681279739,0.73,1,70.7666677211722,1.00332178013175,PM10__mavg,16
PM10,mavg,98.0666681279739,0.73,2,70.7666677211722,1.00394910677238,PM10__mavg,16
PM10,mavg,98.0666681279739,0.73,3,70.7666677211722,1.00417947819727,PM10__mavg,16
PM10,mavg,98.0666681279739,0.73,4,70.7666677211722,1.00381403927476,PM10__mavg,16
PM10,mavg,98.0666681279739,0.73,5,70.7666677211722,1.00265508783296,PM10__mavg,16
PM10,mavg,98.0666681279739,0.73,6,70.7666677211722,1.00057341611722,PM10__mavg,16
PM10,mavg,98.0666681279739,0.73,7,70.7666677211722,0.99770633792731,PM10__mavg,16
PM10,mavg,98.0666681279739,0.73,8,70.7666677211722,0.994257284836045,PM10__mavg,16
PM10,mavg,98.0666681279739,0.73,9,70.7666677211722,0.990428248882754,PM10__mavg,16
PM10,mavg,98.0666681279739,0.73,10,70.7666677211722,0.986418818595493,PM10__mavg,16
PM10,mavg,102.950001534075,0.76,0,70.7666677211722,1.00391732835269,PM10__mavg,16
PM10,mavg,102.950001534075,0.76,1,70.7666677211722,1.0045056449912,PM10__mavg,16
PM10,mavg,102.950001534075,0.76,2,70.7666677211722,1.00488353264061,PM10__mavg,16
PM10,mavg,102.950001534075,0.76,3,70.7666677211722,1.00483998899731,PM10__mavg,16
PM10,mavg,102.950001534075,0.76,4,70.7666677211722,1.00416444591655,PM10__mavg,16
PM10,mavg,102.950001534075,0.76,5,70.7666677211722,1.00264787298457,PM10__mavg,16
PM10,mavg,102.950001534075,0.76,6,70.7666677211722,1.00015423230683,PM10__mavg,16
PM10,mavg,102.950001534075,0.76,7,70.7666677211722,0.996830191996885,PM10__mavg,16
PM10,mavg,102.950001534075,0.76,8,70.7666677211722,0.992892292374159,PM10__mavg,16
PM10,mavg,102.950001534075,0.76,9,70.7666677211722,0.988555207828097,PM10__mavg,16
PM10,mavg,102.950001534075,0.76,10,70.7666677211722,0.984030668361145,PM10__mavg,16
PM10,mavg,108.310001613945,0.79,0,70.7666677211722,1.00547736854667,PM10__mavg,16
PM10,mavg,108.310001613945,0.79,1,70.7666677211722,1.00578450985025,PM10__mavg,16
PM10,mavg,108.310001613945,0.79,2,70.7666677211722,1.00587204489799,PM10__mavg,16
PM10,mavg,108.310001613945,0.79,3,70.7666677211722,1.00552029309656,PM10__mavg,16
PM10,mavg,108.310001613945,0.79,4,70.7666677211722,1.004510312573,PM10__mavg,16
PM10,mavg,108.310001613945,0.79,5,70.7666677211722,1.00262509593081,PM10__mavg,16
PM10,mavg,108.310001613945,0.79,6,70.7666677211722,0.999724008804538,PM10__mavg,16
PM10,mavg,108.310001613945,0.79,7,70.7666677211722,0.995960889595362,PM10__mavg,16
PM10,mavg,108.310001613945,0.79,8,70.7666677211722,0.991562069855079,PM10__mavg,16
PM10,mavg,108.310001613945,0.79,9,70.7666677211722,0.986751583460029,PM10__mavg,16
PM10,mavg,108.310001613945,0.79,10,70.7666677211722,0.981750003365009,PM10__mavg,16
PM10,mavg,114.266668369372,0.82,0,70.7666677211722,1.00720280274226,PM10__mavg,16
PM10,mavg,114.266668369372,0.82,1,70.7666677211722,1.00717469929673,PM10__mavg,16
PM10,mavg,114.266668369372,0.82,2,70.7666677211722,1.00692227606102,PM10__mavg,16
PM10,mavg,114.266668369372,0.82,3,70.7666677211722,1.00622153722024,PM10__mavg,16
PM10,mavg,114.266668369372,0.82,4,70.7666677211722,1.00484955996119,PM10__mavg,16
PM10,mavg,114.266668369372,0.82,5,70.7666677211722,1.00258573684193,PM10__mavg,16
PM10,mavg,114.266668369372,0.82,6,70.7666677211722,0.999287697299464,PM10__mavg,16
PM10,mavg,114.266668369372,0.82,7,70.7666677211722,0.995113451107935,PM10__mavg,16
PM10,mavg,114.266668369372,0.82,8,70.7666677211722,0.990294645321242,PM10__mavg,16
PM10,mavg,114.266668369372,0.82,9,70.7666677211722,0.985060225200726,PM10__mavg,16
PM10,mavg,114.266668369372,0.82,10,70.7666677211722,0.979635231149821,PM10__mavg,16
PM10,mavg,121.000001803041,0.85,0,70.7666677211722,1.00914282806834,PM10__mavg,16
PM10,mavg,121.000001803041,0.85,1,70.7666677211722,1.00870712583272,PM10__mavg,16
PM10,mavg,121.000001803041,0.85,2,70.7666677211722,1.00804872899275,PM10__mavg,16
PM10,mavg,121.000001803041,0.85,3,70.7666677211722,1.00694543511292,PM10__mavg,16
PM10,mavg,121.000001803041,0.85,4,70.7666677211722,1.00517645838288,PM10__mavg,16
PM10,mavg,121.000001803041,0.85,5,70.7666677211722,1.00252365080876,PM10__mavg,16
PM10,mavg,121.000001803041,0.85,6,70.7666677211722,0.998846801848201,PM10__mavg,16
PM10,mavg,121.000001803041,0.85,7,70.7666677211722,0.994303771710675,PM10__mavg,16
PM10,mavg,121.000001803041,0.85,8,70.7666677211722,0.989125163464522,PM10__mavg,16
PM10,mavg,121.000001803041,0.85,9,70.7666677211722,0.983538551868006,PM10__mavg,16
PM10,mavg,121.000001803041,0.85,10,70.7666677211722,0.97776730623456,PM10__mavg,16
PM10,mavg,128.771430490272,0.88,0,70.7666677211722,1.01136840469898,PM10__mavg,16
PM10,mavg,128.771430490272,0.88,1,70.7666677211722,1.01042481239353,PM10__mavg,16
PM10,mavg,128.771430490272,0.88,2,70.7666677211722,1.00926957568954,PM10__mavg,16
PM10,mavg,128.771430490272,0.88,3,70.7666677211722,1.00769123030621,PM10__mavg,16
PM10,mavg,128.771430490272,0.88,4,70.7666677211722,1.00548003910612,PM10__mavg,16
PM10,mavg,128.771430490272,0.88,5,70.7666677211722,1.00242909587519,PM10__mavg,16
PM10,mavg,128.771430490272,0.88,6,70.7666677211722,0.998405924561081,PM10__mavg,16
PM10,mavg,128.771430490272,0.88,7,70.7666677211722,0.993561767087133,PM10__mavg,16
PM10,mavg,128.771430490272,0.88,8,70.7666677211722,0.988116769838447,PM10__mavg,16
PM10,mavg,128.771430490272,0.88,9,70.7666677211722,0.982287882856566,PM10__mavg,16
PM10,mavg,128.771430490272,0.88,10,70.7666677211722,0.976287800706504,PM10__mavg,16
PM10,mavg,138.050002057105,0.91,0,70.7666677211722,1.01400682896521,PM10__mavg,16
PM10,mavg,138.050002057105,0.91,1,70.7666677211722,1.01240485214638,PM10__mavg,16
PM10,mavg,138.050002057105,0.91,2,70.7666677211722,1.01061730406241,PM10__mavg,16
PM10,mavg,138.050002057105,0.91,3,70.7666677211722,1.00845747692823,PM10__mavg,16
PM10,mavg,138.050002057105,0.91,4,70.7666677211722,1.00574057772849,PM10__mavg,16
PM10,mavg,138.050002057105,0.91,5,70.7666677211722,1.00228458496764,PM10__mavg,16
PM10,mavg,138.050002057105,0.91,6,70.7666677211722,0.997973344461664,PM10__mavg,16
PM10,mavg,138.050002057105,0.91,7,70.7666677211722,0.992941193321724,PM10__mavg,16
PM10,mavg,138.050002057105,0.91,8,70.7666677211722,0.987382980625945,PM10__mavg,16
PM10,mavg,138.050002057105,0.91,9,70.7666677211722,0.981490485505319,PM10__mavg,16
PM10,mavg,138.050002057105,0.91,10,70.7666677211722,0.975451598669618,PM10__mavg,16
PM10,mavg,150.35000224039,0.94,0,70.7666677211722,1.01747345043931,PM10__mavg,16
PM10,mavg,150.35000224039,0.94,1,70.7666677211722,1.01491265942745,PM10__mavg,16
PM10,mavg,150.35000224039,0.94,2,70.7666677211722,1.01222248165566,PM10__mavg,16
PM10,mavg,150.35000224039,0.94,3,70.7666677211722,1.00926854562798,PM10__mavg,16
PM10,mavg,150.35000224039,0.94,4,70.7666677211722,1.0059182181893,PM10__mavg,16
PM10,mavg,150.35000224039,0.94,5,70.7666677211722,1.0020410419709,PM10__mavg,16
PM10,mavg,150.35000224039,0.94,6,70.7666677211722,0.997553960231409,PM10__mavg,16
PM10,mavg,150.35000224039,0.94,7,70.7666677211722,0.992554094292846,PM10__mavg,16
PM10,mavg,150.35000224039,0.94,8,70.7666677211722,0.987181820340697,PM10__mavg,16
PM10,mavg,150.35000224039,0.94,9,70.7666677211722,0.98157516819052,PM10__mavg,16
PM10,mavg,150.35000224039,0.94,10,70.7666677211722,0.975869405239647,PM10__mavg,16
PM10,mavg,169.800002530217,0.97,0,70.7666677211722,1.02288490749667,PM10__mavg,16
PM10,mavg,169.800002530217,0.97,1,70.7666677211722,1.01861182303112,PM10__mavg,16
PM10,mavg,169.800002530217,0.97,2,70.7666677211722,1.01434855151793,PM10__mavg,16
PM10,mavg,169.800002530217,0.97,3,70.7666677211722,1.01008711529135,PM10__mavg,16
PM10,mavg,169.800002530217,0.97,4,70.7666677211722,1.00581967122528,PM10__mavg,16
PM10,mavg,169.800002530217,0.97,5,70.7666677211722,1.00153851088546,PM10__mavg,16
PM10,mavg,169.800002530217,0.97,6,70.7666677211722,0.99723869533465,PM10__mavg,16
PM10,mavg,169.800002530217,0.97,7,70.7666677211722,0.992925867299444,PM10__mavg,16
PM10,mavg,169.800002530217,0.97,8,70.7666677211722,0.98860818961609,PM10__mavg,16
PM10,mavg,169.800002530217,0.97,9,70.7666677211722,0.984293687772174,PM10__mavg,16
PM10,mavg,169.800002530217,0.97,10,70.7666677211722,0.979990249827854,PM10__mavg,16
O3,lag,15.3000002279878,0.01,0,85.1000012680888,1.01269695362645,O3__lag,17
O3,lag,15.3000002279878,0.01,1,85.1000012680888,1.004726291141,O3__lag,17
O3,lag,15.3000002279878,0.01,2,85.1000012680888,0.997451701382264,O3__lag,17
O3,lag,15.3000002279878,0.01,3,85.1000012680888,0.991488485464523,O3__lag,17
O3,lag,15.3000002279878,0.01,4,85.1000012680888,0.987440670012798,O3__lag,17
O3,lag,15.3000002279878,0.01,5,85.1000012680888,0.985911036086763,O3__lag,17
O3,lag,15.3000002279878,0.01,6,85.1000012680888,0.98730588115653,O3__lag,17
O3,lag,15.3000002279878,0.01,7,85.1000012680888,0.991217821146633,O3__lag,17
O3,lag,15.3000002279878,0.01,8,85.1000012680888,0.997043290953062,O3__lag,17
O3,lag,15.3000002279878,0.01,9,85.1000012680888,1.00417780985937,O3__lag,17
O3,lag,15.3000002279878,0.01,10,85.1000012680888,1.01200596019313,O3__lag,17
O3,lag,26.1000003889203,0.04,0,85.1000012680888,0.996406066787118,O3__lag,17
O3,lag,26.1000003889203,0.04,1,85.1000012680888,0.995973208106513,O3__lag,17
O3,lag,26.1000003889203,0.04,2,85.1000012680888,0.995669002857396,O3__lag,17
O3,lag,26.1000003889203,0.04,3,85.1000012680888,0.995621792544437,O3__lag,17
O3,lag,26.1000003889203,0.04,4,85.1000012680888,0.995960043553149,O3__lag,17
O3,lag,26.1000003889203,0.04,5,85.1000012680888,0.996812761768633,O3__lag,17
O3,lag,26.1000003889203,0.04,6,85.1000012680888,0.998267137417835,O3__lag,17
O3,lag,26.1000003889203,0.04,7,85.1000012680888,1.00023975564689,O3__lag,17
O3,lag,26.1000003889203,0.04,8,85.1000012680888,1.00260430241504,O3__lag,17
O3,lag,26.1000003889203,0.04,9,85.1000012680888,1.00523382115406,O3__lag,17
O3,lag,26.1000003889203,0.04,10,85.1000012680888,1.00800029272529,O3__lag,17
O3,lag,32.700000487268,0.07,0,85.1000012680888,0.98831490959956,O3__lag,17
O3,lag,32.700000487268,0.07,1,85.1000012680888,0.991639441035993,O3__lag,17
O3,lag,32.700000487268,0.07,2,85.1000012680888,0.994845762591439,O3__lag,17
O3,lag,32.700000487268,0.07,3,85.1000012680888,0.997802879081729,O3__lag,17
O3,lag,32.700000487268,0.07,4,85.1000012680888,1.00037839666327,O3__lag,17
O3,lag,32.700000487268,0.07,5,85.1000012680888,1.00243893774124,O3__lag,17
O3,lag,32.700000487268,0.07,6,85.1000012680888,1.00389425132503,O3__lag,17
O3,lag,32.700000487268,0.07,7,85.1000012680888,1.00482880971037,O3__lag,17
O3,lag,32.700000487268,0.07,8,85.1000012680888,1.00537190068499,O3__lag,17
O3,lag,32.700000487268,0.07,9,85.1000012680888,1.00565367061679,O3__lag,17
O3,lag,32.700000487268,0.07,10,85.1000012680888,1.00580470109458,O3__lag,17
O3,lag,37.900000564754,0.1,0,85.1000012680888,0.983230647900279,O3__lag,17
O3,lag,37.900000564754,0.1,1,85.1000012680888,0.988941050477295,O3__lag,17
O3,lag,37.900000564754,0.1,2,85.1000012680888,0.99438824650501,O3__lag,17
O3,lag,37.900000564754,0.1,3,85.1000012680888,0.999269704943772,O3__lag,17
O3,lag,37.900000564754,0.1,4,85.1000012680888,1.00327779647386,O3__lag,17
O3,lag,37.900000564754,0.1,5,85.1000012680888,1.0061019777756,O3__lag,17
O3,lag,37.900000564754,0.1,6,85.1000012680888,1.00753199529812,O3__lag,17
O3,lag,37.900000564754,0.1,7,85.1000012680888,1.00776207858453,O3__lag,17
O3,lag,37.900000564754,0.1,8,85.1000012680888,1.00709147344682,O3__lag,17
O3,lag,37.900000564754,0.1,9,85.1000012680888,1.00582166708568,O3__lag,17
O3,lag,37.900000564754,0.1,10,85.1000012680888,1.00425414990614,O3__lag,17
O3,lag,42.4000006318092,0.13,0,85.1000012680888,0.979898702054841,O3__lag,17
O3,lag,42.4000006318092,0.13,1,85.1000012680888,0.987204024468136,O3__lag,17
O3,lag,42.4000006318092,0.13,2,85.1000012680888,0.994153343765916,O3__lag,17
O3,lag,42.4000006318092,0.13,3,85.1000012680888,1.00032538368909,O3__lag,17
O3,lag,42.4000006318092,0.13,4,85.1000012680888,1.00529003634395,O3__lag,17
O3,lag,42.4000006318092,0.13,5,85.1000012680888,1.00861255472282,O3__lag,17
O3,lag,42.4000006318092,0.13,6,85.1000012680888,1.00999854425847,O3__lag,17
O3,lag,42.4000006318092,0.13,7,85.1000012680888,1.00971783779729,O3__lag,17
O3,lag,42.4000006318092,0.13,8,85.1000012680888,1.00818791306962,O3__lag,17
O3,lag,42.4000006318092,0.13,9,85.1000012680888,1.00582956204057,O3__lag,17
O3,lag,42.4000006318092,0.13,10,85.1000012680888,1.00306258359996,O3__lag,17
O3,lag,46.7000006958842,0.16,0,85.1000012680888,0.977753105770601,O3__lag,17
O3,lag,46.7000006958842,0.16,1,85.1000012680888,0.986129095010299,O3__lag,17
O3,lag,46.7000006958842,0.16,2,85.1000012680888,0.994087192686041,O3__lag,17
O3,lag,46.7000006958842,0.16,3,85.1000012680888,1.00112304838408,O3__lag,17
O3,lag,46.7000006958842,0.16,4,85.1000012680888,1.00672036609473,O3__lag,17
O3,lag,46.7000006958842,0.16,5,85.1000012680888,1.01035687217388,O3__lag,17
O3,lag,46.7000006958842,0.16,6,85.1000012680888,1.01167896658323,O3__lag,17
O3,lag,46.7000006958842,0.16,7,85.1000012680888,1.01100939798122,O3__lag,17
O3,lag,46.7000006958842,0.16,8,85.1000012680888,1.00884879016598,O3__lag,17
O3,lag,46.7000006958842,0.16,9,85.1000012680888,1.00570182389583,O3__lag,17
O3,lag,46.7000006958842,0.16,10,85.1000012680888,1.00207109657467,O3__lag,17
O3,lag,50.800000756979,0.19,0,85.1000012680888,0.976748496496951,O3__lag,17
O3,lag,50.800000756979,0.19,1,85.1000012680888,0.985692797997214,O3__lag,17
O3,lag,50.800000756979,0.19,2,85.1000012680888,0.994183964526161,O3__lag,17
O3,lag,50.800000756979,0.19,3,85.1000012680888,1.00166985018986,O3__lag,17
O3,lag,50.800000756979,0.19,4,85.1000012680888,1.0075844715477,O3__lag,17
O3,lag,50.800000756979,0.19,5,85.1000012680888,1.01135513552209,O3__lag,17
O3,lag,50.800000756979,0.19,6,85.1000012680888,1.01259431028119,O3__lag,17
O3,lag,50.800000756979,0.19,7,85.1000012680888,1.01165547448733,O3__lag,17
O3,lag,50.800000756979,0.19,8,85.1000012680888,1.00908745064429,O3__lag,17
O3,lag,50.800000756979,0.19,9,85.1000012680888,1.00544345549863,O3__lag,17
O3,lag,50.800000756979,0.19,10,85.1000012680888,1.00127376404015,O3__lag,17
O3,lag,54.7000008150935,0.22,0,85.1000012680888,0.976821670073003,O3__lag,17
O3,lag,54.7000008150935,0.22,1,85.1000012680888,0.985860464500182,O3__lag,17
O3,lag,54.7000008150935,0.22,2,85.1000012680888,0.994434506995893,O3__lag,17
O3,lag,54.7000008150935,0.22,3,85.1000012680888,1.00197771313788,O3__lag,17
O3,lag,54.7000008150935,0.22,4,85.1000012680888,1.0079097538177,O3__lag,17
O3,lag,54.7000008150935,0.22,5,85.1000012680888,1.01164354588902,O3__lag,17
O3,lag,54.7000008150935,0.22,6,85.1000012680888,1.01278216122797,O3__lag,17
O3,lag,54.7000008150935,0.22,7,85.1000012680888,1.01168859038872,O3__lag,17
O3,lag,54.7000008150935,0.22,8,85.1000012680888,1.00892613407869,O3__lag,17
O3,lag,54.7000008150935,0.22,9,85.1000012680888,1.00506241273139,O3__lag,17
O3,lag,54.7000008150935,0.22,10,85.1000012680888,1.00066166329422,O3__lag,17
O3,lag,58.4000008702278,0.25,0,85.1000012680888,0.977894411105807,O3__lag,17
O3,lag,58.4000008702278,0.25,1,85.1000012680888,0.986587965098026,O3__lag,17
O3,lag,58.4000008702278,0.25,2,85.1000012680888,0.994826853050692,O3__lag,17
O3,lag,58.4000008702278,0.25,3,85.1000012680888,1.00206261358768,O3__lag,17
O3,lag,58.4000008702278,0.25,4,85.1000012680888,1.00773357651493,O3__lag,17
O3,lag,58.4000008702278,0.25,5,85.1000012680888,1.01127191412634,O3__lag,17
O3,lag,58.4000008702278,0.25,6,85.1000012680888,1.01229416644024,O3__lag,17
O3,lag,58.4000008702278,0.25,7,85.1000012680888,1.01115298773914,O3__lag,17
O3,lag,58.4000008702278,0.25,8,85.1000012680888,1.00839460845035,O3__lag,17
O3,lag,58.4000008702278,0.25,9,85.1000012680888,1.00456914313631,O3__lag,17
O3,lag,58.4000008702278,0.25,10,85.1000012680888,1.00022335219268,O3__lag,17
O3,lag,61.9000009223819,0.28,0,85.1000012680888,0.979827856395168,O3__lag,17
O3,lag,61.9000009223819,0.28,1,85.1000012680888,0.987796255106632,O3__lag,17
O3,lag,61.9000009223819,0.28,2,85.1000012680888,0.995339656693245,O3__lag,17
O3,lag,61.9000009223819,0.28,3,85.1000012680888,1.00195431209493,O3__lag,17
O3,lag,61.9000009223819,0.28,4,85.1000012680888,1.00712539609099,O3__lag,17
O3,lag,61.9000009223819,0.28,5,85.1000012680888,1.01033298831626,O3__lag,17
O3,lag,61.9000009223819,0.28,6,85.1000012680888,1.01122648541108,O3__lag,17
O3,lag,61.9000009223819,0.28,7,85.1000012680888,1.01013099085397,O3__lag,17
O3,lag,61.9000009223819,0.28,8,85.1000012680888,1.00754852817974,O3__lag,17
O3,lag,61.9000009223819,0.28,9,85.1000012680888,1.0039843172372,O3__lag,17
O3,lag,61.9000009223819,0.28,10,85.1000012680888,0.999940650892143,O3__lag,17
O3,lag,65.3000009730458,0.31,0,85.1000012680888,0.982394749191676,O3__lag,17
O3,lag,65.3000009730458,0.31,1,85.1000012680888,0.989359780098505,O3__lag,17
O3,lag,65.3000009730458,0.31,2,85.1000012680888,0.995945210772836,O3__lag,17
O3,lag,65.3000009730458,0.31,3,85.1000012680888,1.00171136011926,O3__lag,17
O3,lag,65.3000009730458,0.31,4,85.1000012680888,1.00621012528148,O3__lag,17
O3,lag,65.3000009730458,0.31,5,85.1000012680888,1.00898957197976,O3__lag,17
O3,lag,65.3000009730458,0.31,6,85.1000012680888,1.00974544111256,O3__lag,17
O3,lag,65.3000009730458,0.31,7,85.1000012680888,1.00876274477376,O3__lag,17
O3,lag,65.3000009730458,0.31,8,85.1000012680888,1.00647988804676,O3__lag,17
O3,lag,65.3000009730458,0.31,9,85.1000012680888,1.00333768054866,O3__lag,17
O3,lag,65.3000009730458,0.31,10,85.1000012680888,0.999774652251403,O3__lag,17
O3,lag,68.6000010222197,0.34,0,85.1000012680888,0.985338545651025,O3__lag,17
O3,lag,68.6000010222197,0.34,1,85.1000012680888,0.991133375167512,O3__lag,17
O3,lag,68.6000010222197,0.34,2,85.1000012680888,0.996605303998943,O3__lag,17
O3,lag,68.6000010222197,0.34,3,85.1000012680888,1.00138992575938,O3__lag,17
O3,lag,68.6000010222197,0.34,4,85.1000012680888,1.0051170433747,O3__lag,17
O3,lag,68.6000010222197,0.34,5,85.1000012680888,1.00741384949849,O3__lag,17
O3,lag,68.6000010222197,0.34,6,85.1000012680888,1.00802979172303,O3__lag,17
O3,lag,68.6000010222197,0.34,7,85.1000012680888,1.00720223029224,O3__lag,17
O3,lag,68.6000010222197,0.34,8,85.1000012680888,1.00529468257772,O3__lag,17
O3,lag,68.6000010222197,0.34,9,85.1000012680888,1.00267231178964,O3__lag,17
O3,lag,68.6000010222197,0.34,10,85.1000012680888,0.999698693178248,O3__lag,17
O3,lag,71.7000010684133,0.37,0,85.1000012680888,0.988339009308741,O3__lag,17
O3,lag,71.7000010684133,0.37,1,85.1000012680888,0.992932854506634,O3__lag,17
O3,lag,71.7000010684133,0.37,2,85.1000012680888,0.997265373254736,O3__lag,17
O3,lag,71.7000010684133,0.37,3,85.1000012680888,1.00104921309425,O3__lag,17
O3,lag,71.7000010684133,0.37,4,85.1000012680888,1.00399340978648,O3__lag,17
O3,lag,71.7000010684133,0.37,5,85.1000012680888,1.00580538250658,O3__lag,17
O3,lag,71.7000010684133,0.37,6,85.1000012680888,1.00628882943017,O3__lag,17
O3,lag,71.7000010684133,0.37,7,85.1000012680888,1.00563182241364,O3__lag,17
O3,lag,71.7000010684133,0.37,8,85.1000012680888,1.00412113586203,O3__lag,17
O3,lag,71.7000010684133,0.37,9,85.1000012680888,1.00204457112021,O3__lag,17
O3,lag,71.7000010684133,0.37,10,85.1000012680888,0.999688934979693,O3__lag,17
O3,lag,74.8000011146069,0.4,0,85.1000012680888,0.991404957770131,O3__lag,17
O3,lag,74.8000011146069,0.4,1,85.1000012680888,0.994770419787293,O3__lag,17
O3,lag,74.8000011146069,0.4,2,85.1000012680888,0.997940696663907,O3__lag,17
O3,lag,74.8000011146069,0.4,3,85.1000012680888,1.00070666948792,O3__lag,17
O3,lag,74.8000011146069,0.4,4,85.1000012680888,1.00285729698854,O3__lag,17
O3,lag,74.8000011146069,0.4,5,85.1000012680888,1.00418068184274,O3__lag,17
O3,lag,74.8000011146069,0.4,6,85.1000012680888,1.00453489503764,O3__lag,17
O3,lag,74.8000011146069,0.4,7,85.1000012680888,1.00405747066658,O3__lag,17
O3,lag,74.8000011146069,0.4,8,85.1000012680888,1.00295719942103,O3__lag,17
O3,lag,74.8000011146069,0.4,9,85.1000012680888,1.0014434212352,O3__lag,17
O3,lag,74.8000011146069,0.4,10,85.1000012680888,0.999724948743359,O3__lag,17
O3,lag,78.0000011622906,0.43,0,85.1000012680888,0.994468010640885,O3__lag,17
O3,lag,78.0000011622906,0.43,1,85.1000012680888,0.996611939190625,O3__lag,17
O3,lag,78.0000011622906,0.43,2,85.1000012680888,0.998629372153012,O3__lag,17
O3,lag,78.0000011622906,0.43,3,85.1000012680888,1.00038817471726,O3__lag,17
O3,lag,78.0000011622906,0.43,4,85.1000012680888,1.00175543901128,O3__lag,17
O3,lag,78.0000011622906,0.43,5,85.1000012680888,1.00259791369715,O3__lag,17
O3,lag,78.0000011622906,0.43,6,85.1000012680888,1.00282649524276,O3__lag,17
O3,lag,78.0000011622906,0.43,7,85.1000012680888,1.00252850706695,O3__lag,17
O3,lag,78.0000011622906,0.43,8,85.1000012680888,1.00183593982258,O3__lag,17
O3,lag,78.0000011622906,0.43,9,85.1000012680888,1.00088100732364,O3__lag,17
O3,lag,78.0000011622906,0.43,10,85.1000012680888,0.999795714325972,O3__lag,17
O3,lag,81.0000012069941,0.46,0,85.1000012680888,0.997088241287864,O3__lag,17
O3,lag,81.0000012069941,0.46,1,85.1000012680888,0.998199741151306,O3__lag,17
O3,lag,81.0000012069941,0.46,2,85.1000012680888,0.999244863745844,O3__lag,17
O3,lag,81.0000012069941,0.46,3,85.1000012680888,1.00015572012412,O3__lag,17
O3,lag,81.0000012069941,0.46,4,85.1000012680888,1.00086421538201,O3__lag,17
O3,lag,81.0000012069941,0.46,5,85.1000012680888,1.00130216293405,O3__lag,17
O3,lag,81.0000012069941,0.46,6,85.1000012680888,1.0014240319715,O3__lag,17
O3,lag,81.0000012069941,0.46,7,85.1000012680888,1.00127487363559,O3__lag,17
O3,lag,81.0000012069941,0.46,8,85.1000012680888,1.0009225342699,O3__lag,17
O3,lag,81.0000012069941,0.46,9,85.1000012680888,1.0004349206349,O3__lag,17
O3,lag,81.0000012069941,0.46,10,85.1000012680888,0.999879885268923,O3__lag,17
O3,lag,84.1000012531877,0.49,0,85.1000012680888,0.999378568253528,O3__lag,17
O3,lag,84.1000012531877,0.49,1,85.1000012680888,0.999609955228079,O3__lag,17
O3,lag,84.1000012531877,0.49,2,85.1000012680888,0.999827437435255,O3__lag,17
O3,lag,84.1000012531877,0.49,3,85.1000012680888,1.00001704478917,O3__lag,17
O3,lag,84.1000012531877,0.49,4,85.1000012680888,1.00016479836421,O3__lag,17
O3,lag,84.1000012531877,0.49,5,85.1000012680888,1.00025671526571,O3__lag,17
O3,lag,84.1000012531877,0.49,6,85.1000012680888,1.00028347031314,O3__lag,17
O3,lag,84.1000012531877,0.49,7,85.1000012680888,1.00025436770303,O3__lag,17
O3,lag,84.1000012531877,0.49,8,85.1000012680888,1.00018337542555,O3__lag,17
O3,lag,84.1000012531877,0.49,9,85.1000012680888,1.000084464134,O3__lag,17
O3,lag,84.1000012531877,0.49,10,85.1000012680888,0.999971602270861,O3__lag,17
O3,lag,87.1000012978911,0.52,0,85.1000012680888,1.00104795263482,O3__lag,17
O3,lag,87.1000012978911,0.52,1,85.1000012680888,1.0006723903359,O3__lag,17
O3,lag,87.1000012978911,0.52,2,85.1000012680888,1.00031933572025,O3__lag,17
O3,lag,87.1000012978911,0.52,3,85.1000012680888,1.00001112495322,O3__lag,17
O3,lag,87.1000012978911,0.52,4,85.1000012680888,0.999770071157771,O3__lag,17
O3,lag,87.1000012978911,0.52,5,85.1000012680888,0.999618476921756,O3__lag,17
O3,lag,87.1000012978911,0.52,6,85.1000012680888,0.999571201657063,O3__lag,17
O3,lag,87.1000012978911,0.52,7,85.1000012680888,0.999613329620967,O3__lag,17
O3,lag,87.1000012978911,0.52,8,85.1000012680888,0.999722518178699,O3__lag,17
O3,lag,87.1000012978911,0.52,9,85.1000012680888,0.999876431924694,O3__lag,17
O3,lag,87.1000012978911,0.52,10,85.1000012680888,1.00005273018937,O3__lag,17
O3,lag,90.3000013455749,0.55,0,85.1000012680888,1.00222054861441,O3__lag,17
O3,lag,90.3000013455749,0.55,1,85.1000012680888,1.00146961174199,O3__lag,17
O3,lag,90.3000013455749,0.55,2,85.1000012680888,1.00076306217229,O3__lag,17
O3,lag,90.3000013455749,0.55,3,85.1000012680888,1.00014460429015,O3__lag,17
O3,lag,90.3000013455749,0.55,4,85.1000012680888,0.999657851597754,O3__lag,17
O3,lag,90.3000013455749,0.55,5,85.1000012680888,0.999346374730886,O3__lag,17
O3,lag,90.3000013455749,0.55,6,85.1000012680888,0.999239182117054,O3__lag,17
O3,lag,90.3000013455749,0.55,7,85.1000012680888,0.999307033041761,O3__lag,17
O3,lag,90.3000013455749,0.55,8,85.1000012680888,0.999506191641697,O3__lag,17
O3,lag,90.3000013455749,0.55,9,85.1000012680888,0.999792952343265,O3__lag,17
O3,lag,90.3000013455749,0.55,10,85.1000012680888,1.0001235919599,O3__lag,17
O3,lag,93.5000013932586,0.58,0,85.1000012680888,1.00284688150065,O3__lag,17
O3,lag,93.5000013932586,0.58,1,85.1000012680888,1.00196464197357,O3__lag,17
O3,lag,93.5000013932586,0.58,2,85.1000012680888,1.00113296080152,O3__lag,17
O3,lag,93.5000013932586,0.58,3,85.1000012680888,1.00040145918002,O3__lag,17
O3,lag,93.5000013932586,0.58,4,85.1000012680888,0.999819635366304,O3__lag,17
O3,lag,93.5000013932586,0.58,5,85.1000012680888,0.999436926633438,O3__lag,17
O3,lag,93.5000013932586,0.58,6,85.1000012680888,0.999286231730318,O3__lag,17
O3,lag,93.5000013932586,0.58,7,85.1000012680888,0.999334315838566,O3__lag,17
O3,lag,93.5000013932586,0.58,8,85.1000012680888,0.999531502598435,O3__lag,17
O3,lag,93.5000013932586,0.58,9,85.1000012680888,0.999828160465919,O3__lag,17
O3,lag,93.5000013932586,0.58,10,85.1000012680888,1.00017464094526,O3__lag,17
O3,lag,96.9000014439225,0.61,0,85.1000012680888,1.00300987886086,O3__lag,17
O3,lag,96.9000014439225,0.61,1,85.1000012680888,1.0022119307923,O3__lag,17
O3,lag,96.9000014439225,0.61,2,85.1000012680888,1.00145648634534,O3__lag,17
O3,lag,96.9000014439225,0.61,3,85.1000012680888,1.00078529108569,O3__lag,17
O3,lag,96.9000014439225,0.61,4,85.1000012680888,1.00023999428558,O3__lag,17
O3,lag,96.9000014439225,0.61,5,85.1000012680888,0.999862192743432,O3__lag,17
O3,lag,96.9000014439225,0.61,6,85.1000012680888,0.9996795600529,O3__lag,17
O3,lag,96.9000014439225,0.61,7,85.1000012680888,0.999664125743349,O3__lag,17
O3,lag,96.9000014439225,0.61,8,85.1000012680888,0.999774081849712,O3__lag,17
O3,lag,96.9000014439225,0.61,9,85.1000012680888,0.99996766143567,O3__lag,17
O3,lag,96.9000014439225,0.61,10,85.1000012680888,1.00020309491265,O3__lag,17
O3,lag,100.400001496077,0.64,0,85.1000012680888,1.00274442663769,O3__lag,17
O3,lag,100.400001496077,0.64,1,85.1000012680888,1.00222506688051,O3__lag,17
O3,lag,100.400001496077,0.64,2,85.1000012680888,1.00172741950938,O3__lag,17
O3,lag,100.400001496077,0.64,3,85.1000012680888,1.00127288610213,O3__lag,17
O3,lag,100.400001496077,0.64,4,85.1000012680888,1.00088283349387,O3__lag,17
O3,lag,100.400001496077,0.64,5,85.1000012680888,1.00057860527326,O3__lag,17
O3,lag,100.400001496077,0.64,6,85.1000012680888,1.000374399594,O3__lag,17
O3,lag,100.400001496077,0.64,7,85.1000012680888,1.00025588039798,O3__lag,17
O3,lag,100.400001496077,0.64,8,85.1000012680888,1.00020160605116,O3__lag,17
O3,lag,100.400001496077,0.64,9,85.1000012680888,1.00019015515582,O3__lag,17
O3,lag,100.400001496077,0.64,10,85.1000012680888,1.00020011508721,O3__lag,17
O3,lag,104.000001549721,0.67,0,85.1000012680888,1.00213173182752,O3__lag,17
O3,lag,104.000001549721,0.67,1,85.1000012680888,1.00204763150199,O3__lag,17
O3,lag,104.000001549721,0.67,2,85.1000012680888,1.00195433943066,O3__lag,17
O3,lag,104.000001549721,0.67,3,85.1000012680888,1.00184266040391,O3__lag,17
O3,lag,104.000001549721,0.67,4,85.1000012680888,1.00170340407231,O3__lag,17
O3,lag,104.000001549721,0.67,5,85.1000012680888,1.00152738705557,O3__lag,17
O3,lag,104.000001549721,0.67,6,85.1000012680888,1.00130850016621,O3__lag,17
O3,lag,104.000001549721,0.67,7,85.1000012680888,1.00105289849855,O3__lag,17
O3,lag,104.000001549721,0.67,8,85.1000012680888,1.00076979803916,O3__lag,17
O3,lag,104.000001549721,0.67,9,85.1000012680888,1.00046840723406,O3__lag,17
O3,lag,104.000001549721,0.67,10,85.1000012680888,1.00015792488452,O3__lag,17
O3,lag,107.800001606345,0.7,0,85.1000012680888,1.00124724389687,O3__lag,17
O3,lag,107.800001606345,0.7,1,85.1000012680888,1.00172411547305,O3__lag,17
O3,lag,107.800001606345,0.7,2,85.1000012680888,1.00215291925133,O3__lag,17
O3,lag,107.800001606345,0.7,3,85.1000012680888,1.00248528238145,O3__lag,17
O3,lag,107.800001606345,0.7,4,85.1000012680888,1.00267278883085,O3__lag,17
O3,lag,107.800001606345,0.7,5,85.1000012680888,1.00266703759143,O3__lag,17
O3,lag,107.800001606345,0.7,6,85.1000012680888,1.00243582654418,O3__lag,17
O3,lag,107.800001606345,0.7,7,85.1000012680888,1.00201150242612,O3__lag,17
O3,lag,107.800001606345,0.7,8,85.1000012680888,1.00144256887864,O3__lag,17
O3,lag,107.800001606345,0.7,9,85.1000012680888,1.00077749876653,O3__lag,17
O3,lag,107.800001606345,0.7,10,85.1000012680888,1.00006467604927,O3__lag,17
O3,lag,112.10000167042,0.73,0,85.1000012680888,1.00013227873598,O3__lag,17
O3,lag,112.10000167042,0.73,1,85.1000012680888,1.00128746016986,O3__lag,17
O3,lag,112.10000167042,0.73,2,85.1000012680888,1.00234819606046,O3__lag,17
O3,lag,112.10000167042,0.73,3,85.1000012680888,1.00321832059263,O3__lag,17
O3,lag,112.10000167042,0.73,4,85.1000012680888,1.00380141694807,O3__lag,17
O3,lag,112.10000167042,0.73,5,85.1000012680888,1.00400104620748,O3__lag,17
O3,lag,112.10000167042,0.73,6,85.1000012680888,1.00375303784304,O3__lag,17
O3,lag,112.10000167042,0.73,7,85.1000012680888,1.00312162091858,O3__lag,17
O3,lag,112.10000167042,0.73,8,85.1000012680888,1.00220327584797,O3__lag,17
O3,lag,112.10000167042,0.73,9,85.1000012680888,1.00109444235384,O3__lag,17
O3,lag,112.10000167042,0.73,10,85.1000012680888,0.999891290628154,O3__lag,17
O3,lag,116.600001737475,0.76,0,85.1000012680888,0.99905395538527,O3__lag,17
O3,lag,116.600001737475,0.76,1,85.1000012680888,1.00086928273238,O3__lag,17
O3,lag,116.600001737475,0.76,2,85.1000012680888,1.00254496276587,O3__lag,17
O3,lag,116.600001737475,0.76,3,85.1000012680888,1.00393713915782,O3__lag,17
O3,lag,116.600001737475,0.76,4,85.1000012680888,1.00490134201191,O3__lag,17
O3,lag,116.600001737475,0.76,5,85.1000012680888,1.00529299758826,O3__lag,17
O3,lag,116.600001737475,0.76,6,85.1000012680888,1.00501590622613,O3__lag,17
O3,lag,116.600001737475,0.76,7,85.1000012680888,1.00416606078594,O3__lag,17
O3,lag,116.600001737475,0.76,8,85.1000012680888,1.00288788858085,O3__lag,17
O3,lag,116.600001737475,0.76,9,85.1000012680888,1.00132577893974,O3__lag,17
O3,lag,116.600001737475,0.76,10,85.1000012680888,0.999623573151343,O3__lag,17
O3,lag,121.400001809001,0.79,0,85.1000012680888,0.998158370642401,O3__lag,17
O3,lag,121.400001809001,0.79,1,85.1000012680888,1.00055176264308,O3__lag,17
O3,lag,121.400001809001,0.79,2,85.1000012680888,1.0027649211182,O3__lag,17
O3,lag,121.400001809001,0.79,3,85.1000012680888,1.00461031107864,O3__lag,17
O3,lag,121.400001809001,0.79,4,85.1000012680888,1.00589933213292,O3__lag,17
O3,lag,121.400001809001,0.79,5,85.1000012680888,1.00644318105622,O3__lag,17
O3,lag,121.400001809001,0.79,6,85.1000012680888,1.00611625609734,O3__lag,17
O3,lag,121.400001809001,0.79,7,85.1000012680888,1.00504364976824,O3__lag,17
O3,lag,121.400001809001,0.79,8,85.1000012680888,1.00341380510054,O3__lag,17
O3,lag,121.400001809001,0.79,9,85.1000012680888,1.0014151248778,O3__lag,17
O3,lag,121.400001809001,0.79,10,85.1000012680888,0.999235108005019,O3__lag,17
O3,lag,126.700001887977,0.82,0,85.1000012680888,0.997480839592061,O3__lag,17
O3,lag,126.700001887977,0.82,1,85.1000012680888,1.00035914908996,O3__lag,17
O3,lag,126.700001887977,0.82,2,85.1000012680888,1.00302121641732,O3__lag,17
O3,lag,126.700001887977,0.82,3,85.1000012680888,1.00524022835686,O3__lag,17
O3,lag,126.700001887977,0.82,4,85.1000012680888,1.00678782510616,O3__lag,17
O3,lag,126.700001887977,0.82,5,85.1000012680888,1.00743535759782,O3__lag,17
O3,lag,126.700001887977,0.82,6,85.1000012680888,1.00703079618545,O3__lag,17
O3,lag,126.700001887977,0.82,7,85.1000012680888,1.00572548209005,O3__lag,17
O3,lag,126.700001887977,0.82,8,85.1000012680888,1.00374757790156,O3__lag,17
O3,lag,126.700001887977,0.82,9,85.1000012680888,1.00132517723296,O3__lag,17
O3,lag,126.700001887977,0.82,10,85.1000012680888,0.998685045665969,O3__lag,17
O3,lag,132.700001977384,0.85,0,85.1000012680888,0.997097364997074,O3__lag,17
O3,lag,132.700001977384,0.85,1,85.1000012680888,1.00033598862036,O3__lag,17
O3,lag,132.700001977384,0.85,2,85.1000012680888,1.00332794724575,O3__lag,17
O3,lag,132.700001977384,0.85,3,85.1000012680888,1.00581314609683,O3__lag,17
O3,lag,132.700001977384,0.85,4,85.1000012680888,1.00752951843341,O3__lag,17
O3,lag,132.700001977384,0.85,5,85.1000012680888,1.00821467479807,O3__lag,17
O3,lag,132.700001977384,0.85,6,85.1000012680888,1.00769431438967,O3__lag,17
O3,lag,132.700001977384,0.85,7,85.1000012680888,1.00614220344338,O3__lag,17
O3,lag,132.700001977384,0.85,8,85.1000012680888,1.00382035396361,O3__lag,17
O3,lag,132.700001977384,0.85,9,85.1000012680888,1.0009906266153,O3__lag,17
O3,lag,132.700001977384,0.85,10,85.1000012680888,0.997913079934242,O3__lag,17
O3,lag,139.600002080202,0.88,0,85.1000012680888,0.997144493006302,O3__lag,17
O3,lag,139.600002080202,0.88,1,85.1000012680888,1.00055764902908,O3__lag,17
O3,lag,139.600002080202,0.88,2,85.1000012680888,1.00370184111071,O3__lag,17
O3,lag,139.600002080202,0.88,3,85.1000012680888,1.00629309199052,O3__lag,17
O3,lag,139.600002080202,0.88,4,85.1000012680888,1.0080452120472,O3__lag,17
O3,lag,139.600002080202,0.88,5,85.1000012680888,1.00867176323637,O3__lag,17
O3,lag,139.600002080202,0.88,6,85.1000012680888,1.00798275777587,O3__lag,17
O3,lag,139.600002080202,0.88,7,85.1000012680888,1.00616840441863,O3__lag,17
O3,lag,139.600002080202,0.88,8,85.1000012680888,1.00351529714606,O3__lag,17
O3,lag,139.600002080202,0.88,9,85.1000012680888,1.00030971057934,O3__lag,17
O3,lag,139.600002080202,0.88,10,85.1000012680888,0.996835636738052,O3__lag,17
O3,lag,147.300002194941,0.91,0,85.1000012680888,0.99779248166943,O3__lag,17
O3,lag,147.300002194941,0.91,1,85.1000012680888,1.00110801756638,O3__lag,17
O3,lag,147.300002194941,0.91,2,85.1000012680888,1.00414491569114,O3__lag,17
O3,lag,147.300002194941,0.91,3,85.1000012680888,1.00661021058374,O3__lag,17
O3,lag,147.300002194941,0.91,4,85.1000012680888,1.00820882493906,O3__lag,17
O3,lag,147.300002194941,0.91,5,85.1000012680888,1.00864566180402,O3__lag,17
O3,lag,147.300002194941,0.91,6,85.1000012680888,1.00772542774866,O3__lag,17
O3,lag,147.300002194941,0.91,7,85.1000012680888,1.00564518055339,O3__lag,17
O3,lag,147.300002194941,0.91,8,85.1000012680888,1.00270126197999,O3__lag,17
O3,lag,147.300002194941,0.91,9,85.1000012680888,0.999189427442497,O3__lag,17
O3,lag,147.300002194941,0.91,10,85.1000012680888,0.995402759546686,O3__lag,17
O3,lag,157.500002346933,0.94,0,85.1000012680888,0.999578440240865,O3__lag,17
O3,lag,157.500002346933,0.94,1,85.1000012680888,1.00230895041382,O3__lag,17
O3,lag,157.500002346933,0.94,2,85.1000012680888,1.00477206493531,O3__lag,17
O3,lag,157.500002346933,0.94,3,85.1000012680888,1.00669039860418,O3__lag,17
O3,lag,157.500002346933,0.94,4,85.1000012680888,1.00778513243331,O3__lag,17
O3,lag,157.500002346933,0.94,5,85.1000012680888,1.0077778972934,O3__lag,17
O3,lag,157.500002346933,0.94,6,85.1000012680888,1.00648517655099,O3__lag,17
O3,lag,157.500002346933,0.94,7,85.1000012680888,1.00409498607339,O3__lag,17
O3,lag,157.500002346933,0.94,8,85.1000012680888,1.000888870376,O3__lag,17
O3,lag,157.500002346933,0.94,9,85.1000012680888,0.997147379807527,O3__lag,17
O3,lag,157.500002346933,0.94,10,85.1000012680888,0.993148200774536,O3__lag,17
O3,lag,173.600002586842,0.97,0,85.1000012680888,1.00443005803999,O3__lag,17
O3,lag,173.600002586842,0.97,1,85.1000012680888,1.00523616945123,O3__lag,17
O3,lag,173.600002586842,0.97,2,85.1000012680888,1.00584974430748,O3__lag,17
O3,lag,173.600002586842,0.97,3,85.1000012680888,1.00607720218536,O3__lag,17
O3,lag,173.600002586842,0.97,4,85.1000012680888,1.0057251214891,O3__lag,17
O3,lag,173.600002586842,0.97,5,85.1000012680888,1.0046011668247,O3__lag,17
O3,lag,173.600002586842,0.97,6,85.1000012680888,1.00257955976563,O3__lag,17
O3,lag,173.600002586842,0.97,7,85.1000012680888,0.999793718041759,O3__lag,17
O3,lag,173.600002586842,0.97,8,85.1000012680888,0.996441377388602,O3__lag,17
O3,lag,173.600002586842,0.97,9,85.1000012680888,0.992718917427703,O3__lag,17
O3,lag,173.600002586842,0.97,10,85.1000012680888,0.988820450803452,O3__lag,17
O3,mavg,23.1804730726887,0.01,0,87.7750013079494,1.01139730030502,O3__mavg,18
O3,mavg,23.1804730726887,0.01,1,87.7750013079494,0.99988119569449,O3__mavg,18
O3,mavg,23.1804730726887,0.01,2,87.7750013079494,0.989667734060875,O3__mavg,18
O3,mavg,23.1804730726887,0.01,3,87.7750013079494,0.981881824238176,O3__mavg,18
O3,mavg,23.1804730726887,0.01,4,87.7750013079494,0.977624842756297,O3__mavg,18
O3,mavg,23.1804730726887,0.01,5,87.7750013079494,0.978008964409645,O3__mavg,18
O3,mavg,23.1804730726887,0.01,6,87.7750013079494,0.983816208514764,O3__mavg,18
O3,mavg,23.1804730726887,0.01,7,87.7750013079494,0.994357856357195,O3__mavg,18
O3,mavg,23.1804730726887,0.01,8,87.7750013079494,1.00858996819157,O3__mavg,18
O3,mavg,23.1804730726887,0.01,9,87.7750013079494,1.02545209832962,O3__mavg,18
O3,mavg,23.1804730726887,0.01,10,87.7750013079494,1.04383177164891,O3__mavg,18
O3,mavg,32.5750004854053,0.04,0,87.7750013079494,0.999212639971049,O3__mavg,18
O3,mavg,32.5750004854053,0.04,1,87.7750013079494,0.992216894835148,O3__mavg,18
O3,mavg,32.5750004854053,0.04,2,87.7750013079494,0.986140191886956,O3__mavg,18
O3,mavg,32.5750004854053,0.04,3,87.7750013079494,0.981832465623302,O3__mavg,18
O3,mavg,32.5750004854053,0.04,4,87.7750013079494,0.980135564441491,O3__mavg,18
O3,mavg,32.5750004854053,0.04,5,87.7750013079494,0.981902309109755,O3__mavg,18
O3,mavg,32.5750004854053,0.04,6,87.7750013079494,0.987732516295134,O3__mavg,18
O3,mavg,32.5750004854053,0.04,7,87.7750013079494,0.997111659726023,O3__mavg,18
O3,mavg,32.5750004854053,0.04,8,87.7750013079494,1.00924886309814,O3__mavg,18
O3,mavg,32.5750004854053,0.04,9,87.7750013079494,1.02333877462734,O3__mavg,18
O3,mavg,32.5750004854053,0.04,10,87.7750013079494,1.03854168902636,O3__mavg,18
O3,mavg,38.3500005714595,0.07,0,87.7750013079494,0.993242771550425,O3__mavg,18
O3,mavg,38.3500005714595,0.07,1,87.7750013079494,0.988594001733664,O3__mavg,18
O3,mavg,38.3500005714595,0.07,2,87.7750013079494,0.984671128290677,O3__mavg,18
O3,mavg,38.3500005714595,0.07,3,87.7750013079494,0.98216801571161,O3__mavg,18
O3,mavg,38.3500005714595,0.07,4,87.7750013079494,0.981775964328055,O3__mavg,18
O3,mavg,38.3500005714595,0.07,5,87.7750013079494,0.984196245961299,O3__mavg,18
O3,mavg,38.3500005714595,0.07,6,87.7750013079494,0.989921666324408,O3__mavg,18
O3,mavg,38.3500005714595,0.07,7,87.7750013079494,0.998533536435198,O3__mavg,18
O3,mavg,38.3500005714595,0.07,8,87.7750013079494,1.00938420962064,O3__mavg,18
O3,mavg,38.3500005714595,0.07,9,87.7750013079494,1.0218136681377,O3__mavg,18
O3,mavg,38.3500005714595,0.07,10,87.7750013079494,1.03513640780047,O3__mavg,18
O3,mavg,43.0000006407499,0.1,0,87.7750013079494,0.989448977032642,O3__mavg,18
O3,mavg,43.0000006407499,0.1,1,87.7750013079494,0.986410143603905,O3__mavg,18
O3,mavg,43.0000006407499,0.1,2,87.7750013079494,0.983964029065392,O3__mavg,18
O3,mavg,43.0000006407499,0.1,3,87.7750013079494,0.982688894781079,O3__mavg,18
O3,mavg,43.0000006407499,0.1,4,87.7750013079494,0.983163109502714,O3__mavg,18
O3,mavg,43.0000006407499,0.1,5,87.7750013079494,0.985973784253936,O3__mavg,18
O3,mavg,43.0000006407499,0.1,6,87.7750013079494,0.991532923216878,O3__mavg,18
O3,mavg,43.0000006407499,0.1,7,87.7750013079494,0.999491667188917,O3__mavg,18
O3,mavg,43.0000006407499,0.1,8,87.7750013079494,1.0093084668775,O3__mavg,18
O3,mavg,43.0000006407499,0.1,9,87.7750013079494,1.02043134071481,O3__mavg,18
O3,mavg,43.0000006407499,0.1,10,87.7750013079494,1.03228882923824,O3__mavg,18
O3,mavg,47.1000007018447,0.13,0,87.7750013079494,0.986947058580919,O3__mavg,18
O3,mavg,47.1000007018447,0.13,1,87.7750013079494,0.985098575877632,O3__mavg,18
O3,mavg,47.1000007018447,0.13,2,87.7750013079494,0.983741122739037,O3__mavg,18
O3,mavg,47.1000007018447,0.13,3,87.7750013079494,0.983360055834919,O3__mavg,18
O3,mavg,47.1000007018447,0.13,4,87.7750013079494,0.984442156001703,O3__mavg,18
O3,mavg,47.1000007018447,0.13,5,87.7750013079494,0.987481677591284,O3__mavg,18
O3,mavg,47.1000007018447,0.13,6,87.7750013079494,0.992824823058729,O3__mavg,18
O3,mavg,47.1000007018447,0.13,7,87.7750013079494,1.00017826263014,O3__mavg,18
O3,mavg,47.1000007018447,0.13,8,87.7750013079494,1.00908580945584,O3__mavg,18
O3,mavg,47.1000007018447,0.13,9,87.7750013079494,1.01908260346972,O3__mavg,18
O3,mavg,47.1000007018447,0.13,10,87.7750013079494,1.029688773879,O3__mavg,18
O3,mavg,50.833334090809,0.16,0,87.7750013079494,0.985422484177771,O3__mavg,18
O3,mavg,50.833334090809,0.16,1,87.7750013079494,0.98445534657602,O3__mavg,18
O3,mavg,50.833334090809,0.16,2,87.7750013079494,0.983898963377554,O3__mavg,18
O3,mavg,50.833334090809,0.16,3,87.7750013079494,0.984162553894585,O3__mavg,18
O3,mavg,50.833334090809,0.16,4,87.7750013079494,0.985657314873541,O3__mavg,18
O3,mavg,50.833334090809,0.16,5,87.7750013079494,0.988800704541181,O3__mavg,18
O3,mavg,50.833334090809,0.16,6,87.7750013079494,0.993884477643287,O3__mavg,18
O3,mavg,50.833334090809,0.16,7,87.7750013079494,1.00066049324986,O3__mavg,18
O3,mavg,50.833334090809,0.16,8,87.7750013079494,1.00874263950215,O3__mavg,18
O3,mavg,50.833334090809,0.16,9,87.7750013079494,1.01773768602316,O3__mavg,18
O3,mavg,50.833334090809,0.16,10,87.7750013079494,1.02724079974592,O3__mavg,18
O3,mavg,54.4000008106232,0.19,0,87.7750013079494,0.984691889586917,O3__mavg,18
O3,mavg,54.4000008106232,0.19,1,87.7750013079494,0.984373196441186,O3__mavg,18
O3,mavg,54.4000008106232,0.19,2,87.7750013079494,0.98439922991249,O3__mavg,18
O3,mavg,54.4000008106232,0.19,3,87.7750013079494,0.985114891367374,O3__mavg,18
O3,mavg,54.4000008106232,0.19,4,87.7750013079494,0.986867172690879,O3__mavg,18
O3,mavg,54.4000008106232,0.19,5,87.7750013079494,0.990008191405283,O3__mavg,18
O3,mavg,54.4000008106232,0.19,6,87.7750013079494,0.994783372401792,O3__mavg,18
O3,mavg,54.4000008106232,0.19,7,87.7750013079494,1.00098256618479,O3__mavg,18
O3,mavg,54.4000008106232,0.19,8,87.7750013079494,1.00827897105908,O3__mavg,18
O3,mavg,54.4000008106232,0.19,9,87.7750013079494,1.01634004758952,O3__mavg,18
O3,mavg,54.4000008106232,0.19,10,87.7750013079494,1.02482434721942,O3__mavg,18
O3,mavg,57.9333341966073,0.22,0,87.7750013079494,0.984719241283882,O3__mavg,18
O3,mavg,57.9333341966073,0.22,1,87.7750013079494,0.984843790076935,O3__mavg,18
O3,mavg,57.9333341966073,0.22,2,87.7750013079494,0.985257801196243,O3__mavg,18
O3,mavg,57.9333341966073,0.22,3,87.7750013079494,0.98625137816733,O3__mavg,18
O3,mavg,57.9333341966073,0.22,4,87.7750013079494,0.988116560527909,O3__mavg,18
O3,mavg,57.9333341966073,0.22,5,87.7750013079494,0.9911494667906,O3__mavg,18
O3,mavg,57.9333341966073,0.22,6,87.7750013079494,0.995555816141054,O3__mavg,18
O3,mavg,57.9333341966073,0.22,7,87.7750013079494,1.00115770688315,O3__mavg,18
O3,mavg,57.9333341966073,0.22,8,87.7750013079494,1.00767895822687,O3__mavg,18
O3,mavg,57.9333341966073,0.22,9,87.7750013079494,1.01483887318022,O3__mavg,18
O3,mavg,57.9333341966073,0.22,10,87.7750013079494,1.0223500052866,O3__mavg,18
O3,mavg,61.4100009150803,0.25,0,87.7750013079494,0.985526484908288,O3__mavg,18
O3,mavg,61.4100009150803,0.25,1,87.7750013079494,0.985881035926884,O3__mavg,18
O3,mavg,61.4100009150803,0.25,2,87.7750013079494,0.986480599771803,O3__mavg,18
O3,mavg,61.4100009150803,0.25,3,87.7750013079494,0.987570779186563,O3__mavg,18
O3,mavg,61.4100009150803,0.25,4,87.7750013079494,0.98939880956635,O3__mavg,18
O3,mavg,61.4100009150803,0.25,5,87.7750013079494,0.992215092142651,O3__mavg,18
O3,mavg,61.4100009150803,0.25,6,87.7750013079494,0.996192915317372,O3__mavg,18
O3,mavg,61.4100009150803,0.25,7,87.7750013079494,1.00118045313988,O3__mavg,18
O3,mavg,61.4100009150803,0.25,8,87.7750013079494,1.00694266983856,O3__mavg,18
O3,mavg,61.4100009150803,0.25,9,87.7750013079494,1.01324104473564,O3__mavg,18
O3,mavg,61.4100009150803,0.25,10,87.7750013079494,1.01983198011093,O3__mavg,18
O3,mavg,64.9333343009154,0.28,0,87.7750013079494,0.987134406513808,O3__mavg,18
O3,mavg,64.9333343009154,0.28,1,87.7750013079494,0.987514018539637,O3__mavg,18
O3,mavg,64.9333343009154,0.28,2,87.7750013079494,0.988103296183471,O3__mavg,18
O3,mavg,64.9333343009154,0.28,3,87.7750013079494,0.989112348186015,O3__mavg,18
O3,mavg,64.9333343009154,0.28,4,87.7750013079494,0.990752541163624,O3__mavg,18
O3,mavg,64.9333343009154,0.28,5,87.7750013079494,0.993237619389425,O3__mavg,18
O3,mavg,64.9333343009154,0.28,6,87.7750013079494,0.996714827199339,O3__mavg,18
O3,mavg,64.9333343009154,0.28,7,87.7750013079494,1.00105300036174,O3__mavg,18
O3,mavg,64.9333343009154,0.28,8,87.7750013079494,1.00604989482273,O3__mavg,18
O3,mavg,64.9333343009154,0.28,9,87.7750013079494,1.0115006482172,O3__mavg,18
O3,mavg,64.9333343009154,0.28,10,87.7750013079494,1.01719662230701,O3__mavg,18
O3,mavg,68.3833343523244,0.31,0,87.7750013079494,0.989278392054278,O3__mavg,18
O3,mavg,68.3833343523244,0.31,1,87.7750013079494,0.989533814723154,O3__mavg,18
O3,mavg,68.3833343523244,0.31,2,87.7750013079494,0.989971103708152,O3__mavg,18
O3,mavg,68.3833343523244,0.31,3,87.7750013079494,0.990772447581682,O3__mavg,18
O3,mavg,68.3833343523244,0.31,4,87.7750013079494,0.992120925240716,O3__mavg,18
O3,mavg,68.3833343523244,0.31,5,87.7750013079494,0.994201345954252,O3__mavg,18
O3,mavg,68.3833343523244,0.31,6,87.7750013079494,0.997140387301064,O3__mavg,18
O3,mavg,68.3833343523244,0.31,7,87.7750013079494,1.00082308750181,O3__mavg,18
O3,mavg,68.3833343523244,0.31,8,87.7750013079494,1.00507300833833,O3__mavg,18
O3,mavg,68.3833343523244,0.31,9,87.7750013079494,1.00971179327562,O3__mavg,18
O3,mavg,68.3833343523244,0.31,10,87.7750013079494,1.01455830354019,O3__mavg,18
O3,mavg,71.7500010691584,0.34,0,87.7750013079494,0.99167615174257,O3__mavg,18
O3,mavg,71.7500010691584,0.34,1,87.7750013079494,0.991732423085753,O3__mavg,18
O3,mavg,71.7500010691584,0.34,2,87.7750013079494,0.991946938462182,O3__mavg,18
O3,mavg,71.7500010691584,0.34,3,87.7750013079494,0.992478126138486,O3__mavg,18
O3,mavg,71.7500010691584,0.34,4,87.7750013079494,0.993484981013771,O3__mavg,18
O3,mavg,71.7500010691584,0.34,5,87.7750013079494,0.995127698408936,O3__mavg,18
O3,mavg,71.7500010691584,0.34,6,87.7750013079494,0.997515517663672,O3__mavg,18
O3,mavg,71.7500010691584,0.34,7,87.7750013079494,1.00054736506841,O3__mavg,18
O3,mavg,71.7500010691584,0.34,8,87.7750013079494,1.0040688746093,O3__mavg,18
O3,mavg,71.7500010691584,0.34,9,87.7750013079494,1.00792433202951,O3__mavg,18
O3,mavg,71.7500010691584,0.34,10,87.7750013079494,1.0119560265649,O3__mavg,18
O3,mavg,74.940001116693,0.37,0,87.7750013079494,0.994015278753397,O3__mavg,18
O3,mavg,74.940001116693,0.37,1,87.7750013079494,0.993868648146751,O3__mavg,18
O3,mavg,74.940001116693,0.37,2,87.7750013079494,0.993858394645252,O3__mavg,18
O3,mavg,74.940001116693,0.37,3,87.7750013079494,0.994120905519193,O3__mavg,18
O3,mavg,74.940001116693,0.37,4,87.7750013079494,0.994792880612169,O3__mavg,18
O3,mavg,74.940001116693,0.37,5,87.7750013079494,0.996011801120585,O3__mavg,18
O3,mavg,74.940001116693,0.37,6,87.7750013079494,0.997870949111713,O3__mavg,18
O3,mavg,74.940001116693,0.37,7,87.7750013079494,1.00028240175949,O3__mavg,18
O3,mavg,74.940001116693,0.37,8,87.7750013079494,1.00311250063762,O3__mavg,18
O3,mavg,74.940001116693,0.37,9,87.7750013079494,1.00622669253771,O3__mavg,18
O3,mavg,74.940001116693,0.37,10,87.7750013079494,1.00948905250862,O3__mavg,18
O3,mavg,78.0500011630357,0.4,0,87.7750013079494,0.996165697484152,O3__mavg,18
O3,mavg,78.0500011630357,0.4,1,87.7750013079494,0.995859981527278,O3__mavg,18
O3,mavg,78.0500011630357,0.4,2,87.7750013079494,0.995667295658586,O3__mavg,18
O3,mavg,78.0500011630357,0.4,3,87.7750013079494,0.99570051432978,O3__mavg,18
O3,mavg,78.0500011630357,0.4,4,87.7750013079494,0.996072642396001,O3__mavg,18
O3,mavg,78.0500011630357,0.4,5,87.7750013079494,0.996897135646279,O3__mavg,18
O3,mavg,78.0500011630357,0.4,6,87.7750013079494,0.998250604825388,O3__mavg,18
O3,mavg,78.0500011630357,0.4,7,87.7750013079494,1.00005957227962,O3__mavg,18
O3,mavg,78.0500011630357,0.4,8,87.7750013079494,1.00221281527888,O3__mavg,18
O3,mavg,78.0500011630357,0.4,9,87.7750013079494,1.00459858017513,O3__mavg,18
O3,mavg,78.0500011630357,0.4,10,87.7750013079494,1.00710425791296,O3__mavg,18
O3,mavg,81.0500012077391,0.43,0,87.7750013079494,0.997943193098546,O3__mavg,18
O3,mavg,81.0500012077391,0.43,1,87.7750013079494,0.99756756116414,O3__mavg,18
O3,mavg,81.0500012077391,0.43,2,87.7750013079494,0.997278215383332,O3__mavg,18
O3,mavg,81.0500012077391,0.43,3,87.7750013079494,0.997161215401328,O3__mavg,18
O3,mavg,81.0500012077391,0.43,4,87.7750013079494,0.997302647443872,O3__mavg,18
O3,mavg,81.0500012077391,0.43,5,87.7750013079494,0.997788810353305,O3__mavg,18
O3,mavg,81.0500012077391,0.43,6,87.7750013079494,0.998677719553191,O3__mavg,18
O3,mavg,81.0500012077391,0.43,7,87.7750013079494,0.999912865277901,O3__mavg,18
O3,mavg,81.0500012077391,0.43,8,87.7750013079494,1.00140902093781,O3__mavg,18
O3,mavg,81.0500012077391,0.43,9,87.7750013079494,1.00308069975264,O3__mavg,18
O3,mavg,81.0500012077391,0.43,10,87.7750013079494,1.00484196726489,O3__mavg,18
O3,mavg,83.9888901404209,0.46,0,87.7750013079494,0.999238490685386,O3__mavg,18
O3,mavg,83.9888901404209,0.46,1,87.7750013079494,0.998918013266497,O3__mavg,18
O3,mavg,83.9888901404209,0.46,2,87.7750013079494,0.998651447922721,O3__mavg,18
O3,mavg,83.9888901404209,0.46,3,87.7750013079494,0.998492552273018,O3__mavg,18
O3,mavg,83.9888901404209,0.46,4,87.7750013079494,0.998495075804995,O3__mavg,18
O3,mavg,83.9888901404209,0.46,5,87.7750013079494,0.998712832341116,O3__mavg,18
O3,mavg,83.9888901404209,0.46,6,87.7750013079494,0.999181854944428,O3__mavg,18
O3,mavg,83.9888901404209,0.46,7,87.7750013079494,0.999866579455725,O3__mavg,18
O3,mavg,83.9888901404209,0.46,8,87.7750013079494,1.00071352568225,O3__mavg,18
O3,mavg,83.9888901404209,0.46,9,87.7750013079494,1.00166913019366,O3__mavg,18
O3,mavg,83.9888901404209,0.46,10,87.7750013079494,1.00267967357368,O3__mavg,18
O3,mavg,86.8200012937188,0.49,0,87.7750013079494,0.999920391917331,O3__mavg,18
O3,mavg,86.8200012937188,0.49,1,87.7750013079494,0.999808746227168,O3__mavg,18
O3,mavg,86.8200012937188,0.49,2,87.7750013079494,0.999712181129054,O3__mavg,18
O3,mavg,86.8200012937188,0.49,3,87.7750013079494,0.99964575938076,O3__mavg,18
O3,mavg,86.8200012937188,0.49,4,87.7750013079494,0.999624541780376,O3__mavg,18
O3,mavg,86.8200012937188,0.49,5,87.7750013079494,0.999663592843544,O3__mavg,18
O3,mavg,86.8200012937188,0.49,6,87.7750013079494,0.999772965687289,O3__mavg,18
O3,mavg,86.8200012937188,0.49,7,87.7750013079494,0.999942635533748,O3__mavg,18
O3,mavg,86.8200012937188,0.49,8,87.7750013079494,1.00015755801063,O3__mavg,18
O3,mavg,86.8200012937188,0.49,9,87.7750013079494,1.00040268352231,O3__mavg,18
O3,mavg,86.8200012937188,0.49,10,87.7750013079494,1.00066295156779,O3__mavg,18
O3,mavg,89.6166680020591,0.52,0,87.7750013079494,0.999921145506311,O3__mavg,18
O3,mavg,89.6166680020591,0.52,1,87.7750013079494,1.00019976149927,O3__mavg,18
O3,mavg,89.6166680020591,0.52,2,87.7750013079494,1.00044633824005,O3__mavg,18
O3,mavg,89.6166680020591,0.52,3,87.7750013079494,1.00062872925678,O3__mavg,18
O3,mavg,89.6166680020591,0.52,4,87.7750013079494,1.00071477392326,O3__mavg,18
O3,mavg,89.6166680020591,0.52,5,87.7750013079494,1.00067232324157,O3__mavg,18
O3,mavg,89.6166680020591,0.52,6,87.7750013079494,1.00047998170137,O3__mavg,18
O3,mavg,89.6166680020591,0.52,7,87.7750013079494,1.00015924027266,O3__mavg,18
O3,mavg,89.6166680020591,0.52,8,87.7750013079494,0.999742315725957,O3__mavg,18
O3,mavg,89.6166680020591,0.52,9,87.7750013079494,0.999261406256192,O3__mavg,18
O3,mavg,89.6166680020591,0.52,10,87.7750013079494,0.998748665734413,O3__mavg,18
O3,mavg,92.4000013768673,0.55,0,87.7750013079494,0.999274700883008,O3__mavg,18
O3,mavg,92.4000013768673,0.55,1,87.7750013079494,1.00011616642108,O3__mavg,18
O3,mavg,92.4000013768673,0.55,2,87.7750013079494,1.00087092748853,O3__mavg,18
O3,mavg,92.4000013768673,0.55,3,87.7750013079494,1.00145132303769,O3__mavg,18
O3,mavg,92.4000013768673,0.55,4,87.7750013079494,1.00176955763099,O3__mavg,18
O3,mavg,92.4000013768673,0.55,5,87.7750013079494,1.00173789243449,O3__mavg,18
O3,mavg,92.4000013768673,0.55,6,87.7750013079494,1.00129806124044,O3__mavg,18
O3,mavg,92.4000013768673,0.55,7,87.7750013079494,1.00050885166508,O3__mavg,18
O3,mavg,92.4000013768673,0.55,8,87.7750013079494,0.999458372221068,O3__mavg,18
O3,mavg,92.4000013768673,0.55,9,87.7750013079494,0.998234622504873,O3__mavg,18
O3,mavg,92.4000013768673,0.55,10,87.7750013079494,0.996925302713785,O3__mavg,18
O3,mavg,95.1500014178454,0.58,0,87.7750013079494,0.998109242106936,O3__mavg,18
O3,mavg,95.1500014178454,0.58,1,87.7750013079494,0.999644994136062,O3__mavg,18
O3,mavg,95.1500014178454,0.58,2,87.7750013079494,1.00103464218653,O3__mavg,18
O3,mavg,95.1500014178454,0.58,3,87.7750013079494,1.00212894144035,O3__mavg,18
O3,mavg,95.1500014178454,0.58,4,87.7750013079494,1.00277819405056,O3__mavg,18
O3,mavg,95.1500014178454,0.58,5,87.7750013079494,1.00283280023787,O3__mavg,18
O3,mavg,95.1500014178454,0.58,6,87.7750013079494,1.00219357272447,O3__mavg,18
O3,mavg,95.1500014178454,0.58,7,87.7750013079494,1.00096079643336,O3__mavg,18
O3,mavg,95.1500014178454,0.58,8,87.7750013079494,0.999284848218383,O3__mavg,18
O3,mavg,95.1500014178454,0.58,9,87.7750013079494,0.997315853303633,O3__mavg,18
O3,mavg,95.1500014178454,0.58,10,87.7750013079494,0.995203136014881,O3__mavg,18
O3,mavg,97.8777792362704,0.61,0,87.7750013079494,0.996542483637082,O3__mavg,18
O3,mavg,97.8777792362704,0.61,1,87.7750013079494,0.998870192274584,O3__mavg,18
O3,mavg,97.8777792362704,0.61,2,87.7750013079494,1.00098973203421,O3__mavg,18
O3,mavg,97.8777792362704,0.61,3,87.7750013079494,1.00268578799771,O3__mavg,18
O3,mavg,97.8777792362704,0.61,4,87.7750013079494,1.00374200091921,O3__mavg,18
O3,mavg,97.8777792362704,0.61,5,87.7750013079494,1.00394210839655,O3__mavg,18
O3,mavg,97.8777792362704,0.61,6,87.7750013079494,1.00314289311212,O3__mavg,18
O3,mavg,97.8777792362704,0.61,7,87.7750013079494,1.00148919045201,O3__mavg,18
O3,mavg,97.8777792362704,0.61,8,87.7750013079494,0.99919840651042,O3__mavg,18
O3,mavg,97.8777792362704,0.61,9,87.7750013079494,0.996487526764889,O3__mavg,18
O3,mavg,97.8777792362704,0.61,10,87.7750013079494,0.993571978789135,O3__mavg,18
O3,mavg,100.633334832887,0.64,0,87.7750013079494,0.994651766487542,O3__mavg,18
O3,mavg,100.633334832887,0.64,1,87.7750013079494,0.997851438083716,O3__mavg,18
O3,mavg,100.633334832887,0.64,2,87.7750013079494,1.00077909963709,O3__mavg,18
O3,mavg,100.633334832887,0.64,3,87.7750013079494,1.00314932784287,O3__mavg,18
O3,mavg,100.633334832887,0.64,4,87.7750013079494,1.00467472416399,O3__mavg,18
O3,mavg,100.633334832887,0.64,5,87.7750013079494,1.00506790891328,O3__mavg,18
O3,mavg,100.633334832887,0.64,6,87.7750013079494,1.00413872724593,O3__mavg,18
O3,mavg,100.633334832887,0.64,7,87.7750013079494,1.00207924713535,O3__mavg,18
O3,mavg,100.633334832887,0.64,8,87.7750013079494,0.999178198253738,O3__mavg,18
O3,mavg,100.633334832887,0.64,9,87.7750013079494,0.995723714861258,O3__mavg,18
O3,mavg,100.633334832887,0.64,10,87.7750013079494,0.992001347805569,O3__mavg,18
O3,mavg,103.50000154227,0.67,0,87.7750013079494,0.99247188468947,O3__mavg,18
O3,mavg,103.50000154227,0.67,1,87.7750013079494,0.996620639144853,O3__mavg,18
O3,mavg,103.50000154227,0.67,2,87.7750013079494,1.00043174489655,O3__mavg,18
O3,mavg,103.50000154227,0.67,3,87.7750013079494,1.0035451057395,O3__mavg,18
O3,mavg,103.50000154227,0.67,4,87.7750013079494,1.00559730243789,O3__mavg,18
O3,mavg,103.50000154227,0.67,5,87.7750013079494,1.00622474741085,O3__mavg,18
O3,mavg,103.50000154227,0.67,6,87.7750013079494,1.00518699978572,O3__mavg,18
O3,mavg,103.50000154227,0.67,7,87.7750013079494,1.00272634217459,O3__mavg,18
O3,mavg,103.50000154227,0.67,8,87.7750013079494,0.999207659460357,O3__mavg,18
O3,mavg,103.50000154227,0.67,9,87.7750013079494,0.994995074357368,O3__mavg,18
O3,mavg,103.50000154227,0.67,10,87.7750013079494,0.990448800104746,O3__mavg,18
O3,mavg,106.422223808037,0.7,0,87.7750013079494,0.990149593076703,O3__mavg,18
O3,mavg,106.422223808037,0.7,1,87.7750013079494,0.995273070079399,O3__mavg,18
O3,mavg,106.422223808037,0.7,2,87.7750013079494,0.999994677441946,O3__mavg,18
O3,mavg,106.422223808037,0.7,3,87.7750013079494,1.00387841098098,O3__mavg,18
O3,mavg,106.422223808037,0.7,4,87.7750013079494,1.00648319268403,O3__mavg,18
O3,mavg,106.422223808037,0.7,5,87.7750013079494,1.00736746683764,O3__mavg,18
O3,mavg,106.422223808037,0.7,6,87.7750013079494,1.00623934319543,O3__mavg,18
O3,mavg,106.422223808037,0.7,7,87.7750013079494,1.00339203309694,O3__mavg,18
O3,mavg,106.422223808037,0.7,8,87.7750013079494,0.999268021146023,O3__mavg,18
O3,mavg,106.422223808037,0.7,9,87.7750013079494,0.99430888649545,O3__mavg,18
O3,mavg,106.422223808037,0.7,10,87.7750013079494,0.988950713121112,O3__mavg,18
O3,mavg,109.52500163205,0.73,0,87.7750013079494,0.987713711517426,O3__mavg,18
O3,mavg,109.52500163205,0.73,1,87.7750013079494,0.993838585016123,O3__mavg,18
O3,mavg,109.52500163205,0.73,2,87.7750013079494,0.999498184233812,O3__mavg,18
O3,mavg,109.52500163205,0.73,3,87.7750013079494,1.00417853533352,O3__mavg,18
O3,mavg,109.52500163205,0.73,4,87.7750013079494,1.00735839880259,O3__mavg,18
O3,mavg,109.52500163205,0.73,5,87.7750013079494,1.0085156157623,O3__mavg,18
O3,mavg,109.52500163205,0.73,6,87.7750013079494,1.00730510898782,O3__mavg,18
O3,mavg,109.52500163205,0.73,7,87.7750013079494,1.00407229494721,O3__mavg,18
O3,mavg,109.52500163205,0.73,8,87.7750013079494,0.999339570609622,O3__mavg,18
O3,mavg,109.52500163205,0.73,9,87.7750013079494,0.993628303266255,O3__mavg,18
O3,mavg,109.52500163205,0.73,10,87.7750013079494,0.987452486156954,O3__mavg,18
O3,mavg,112.800001680851,0.76,0,87.7750013079494,0.98533753146213,O3__mavg,18
O3,mavg,112.800001680851,0.76,1,87.7750013079494,0.992434616608488,O3__mavg,18
O3,mavg,112.800001680851,0.76,2,87.7750013079494,0.999006546683556,O3__mavg,18
O3,mavg,112.800001680851,0.76,3,87.7750013079494,1.00446282075205,O3__mavg,18
O3,mavg,112.800001680851,0.76,4,87.7750013079494,1.00820315400861,O3__mavg,18
O3,mavg,112.800001680851,0.76,5,87.7750013079494,1.00962580315519,O3__mavg,18
O3,mavg,112.800001680851,0.76,6,87.7750013079494,1.00833320583484,O3__mavg,18
O3,mavg,112.800001680851,0.76,7,87.7750013079494,1.0047219761595,O3__mavg,18
O3,mavg,112.800001680851,0.76,8,87.7750013079494,0.999393193120475,O3__mavg,18
O3,mavg,112.800001680851,0.76,9,87.7750013079494,0.992946786836715,O3__mavg,18
O3,mavg,112.800001680851,0.76,10,87.7750013079494,0.985973206965371,O3__mavg,18
O3,mavg,116.400001734495,0.79,0,87.7750013079494,0.983074585738887,O3__mavg,18
O3,mavg,116.400001734495,0.79,1,87.7750013079494,0.991106125916743,O3__mavg,18
O3,mavg,116.400001734495,0.79,2,87.7750013079494,0.998555751891994,O3__mavg,18
O3,mavg,116.400001734495,0.79,3,87.7750013079494,1.00475784574636,O3__mavg,18
O3,mavg,116.400001734495,0.79,4,87.7750013079494,1.00903421193191,O3__mavg,18
O3,mavg,116.400001734495,0.79,5,87.7750013079494,1.01070459348403,O3__mavg,18
O3,mavg,116.400001734495,0.79,6,87.7750013079494,1.00931972456879,O3__mavg,18
O3,mavg,116.400001734495,0.79,7,87.7750013079494,1.00532653141542,O3__mavg,18
O3,mavg,116.400001734495,0.79,8,87.7750013079494,0.999403634830851,O3__mavg,18
O3,mavg,116.400001734495,0.79,9,87.7750013079494,0.992228361204296,O3__mavg,18
O3,mavg,116.400001734495,0.79,10,87.7750013079494,0.984466209032499,O3__mavg,18
O3,mavg,120.33333512644,0.82,0,87.7750013079494,0.981020263923283,O3__mavg,18
O3,mavg,120.33333512644,0.82,1,87.7750013079494,0.98991362954907,O3__mavg,18
O3,mavg,120.33333512644,0.82,2,87.7750013079494,0.998172953937321,O3__mavg,18
O3,mavg,120.33333512644,0.82,3,87.7750013079494,1.00506148388682,O3__mavg,18
O3,mavg,120.33333512644,0.82,4,87.7750013079494,1.00982697723297,O3__mavg,18
O3,mavg,120.33333512644,0.82,5,87.7750013079494,1.01171451793066,O3__mavg,18
O3,mavg,120.33333512644,0.82,6,87.7750013079494,1.01022578670606,O3__mavg,18
O3,mavg,120.33333512644,0.82,7,87.7750013079494,1.00585549553251,O3__mavg,18
O3,mavg,120.33333512644,0.82,8,87.7750013079494,0.999356041950312,O3__mavg,18
O3,mavg,120.33333512644,0.82,9,87.7750013079494,0.991478336661972,O3__mavg,18
O3,mavg,120.33333512644,0.82,10,87.7750013079494,0.982958959012892,O3__mavg,18
O3,mavg,124.800001859665,0.85,0,87.7750013079494,0.979202131727417,O3__mavg,18
O3,mavg,124.800001859665,0.85,1,87.7750013079494,0.988879080726658,O3__mavg,18
O3,mavg,124.800001859665,0.85,2,87.7750013079494,0.997874002796255,O3__mavg,18
O3,mavg,124.800001859665,0.85,3,87.7750013079494,1.00538311040846,O3__mavg,18
O3,mavg,124.800001859665,0.85,4,87.7750013079494,1.01058418967231,O3__mavg,18
O3,mavg,124.800001859665,0.85,5,87.7750013079494,1.01265178018664,O3__mavg,18
O3,mavg,124.800001859665,0.85,6,87.7750013079494,1.01104138018802,O3__mavg,18
O3,mavg,124.800001859665,0.85,7,87.7750013079494,1.00629299124992,O3__mavg,18
O3,mavg,124.800001859665,0.85,8,87.7750013079494,0.999228936783959,O3__mavg,18
O3,mavg,124.800001859665,0.85,9,87.7750013079494,0.990669779749158,O3__mavg,18
O3,mavg,124.800001859665,0.85,10,87.7750013079494,0.981419102762784,O3__mavg,18
O3,mavg,130.050001937896,0.88,0,87.7750013079494,0.977743483226556,O3__mavg,18
O3,mavg,130.050001937896,0.88,1,87.7750013079494,0.988085313935091,O3__mavg,18
O3,mavg,130.050001937896,0.88,2,87.7750013079494,0.997702326247214,O3__mavg,18
O3,mavg,130.050001937896,0.88,3,87.7750013079494,1.00573039971036,O3__mavg,18
O3,mavg,130.050001937896,0.88,4,87.7750013079494,1.01128426191502,O3__mavg,18
O3,mavg,130.050001937896,0.88,5,87.7750013079494,1.01347496263583,O3__mavg,18
O3,mavg,130.050001937896,0.88,6,87.7750013079494,1.01171670655082,O3__mavg,18
O3,mavg,130.050001937896,0.88,7,87.7750013079494,1.00659072301109,O3__mavg,18
O3,mavg,130.050001937896,0.88,8,87.7750013079494,0.998982783854759,O3__mavg,18
O3,mavg,130.050001937896,0.88,9,87.7750013079494,0.989776495596033,O3__mavg,18
O3,mavg,130.050001937896,0.88,10,87.7750013079494,0.979835781638653,O3__mavg,18
O3,mavg,136.333335364858,0.91,0,87.7750013079494,0.976927820185088,O3__mavg,18
O3,mavg,136.333335364858,0.91,1,87.7750013079494,0.987715365044354,O3__mavg,18
O3,mavg,136.333335364858,0.91,2,87.7750013079494,0.997744189510099,O3__mavg,18
O3,mavg,136.333335364858,0.91,3,87.7750013079494,1.0061036739161,O3__mavg,18
O3,mavg,136.333335364858,0.91,4,87.7750013079494,1.01186006870811,O3__mavg,18
O3,mavg,136.333335364858,0.91,5,87.7750013079494,1.01407585042869,O3__mavg,18
O3,mavg,136.333335364858,0.91,6,87.7750013079494,1.01213410706013,O3__mavg,18
O3,mavg,136.333335364858,0.91,7,87.7750013079494,1.00664870644813,O3__mavg,18
O3,mavg,136.333335364858,0.91,8,87.7750013079494,0.998555055274896,O3__mavg,18
O3,mavg,136.333335364858,0.91,9,87.7750013079494,0.988785797119847,O3__mavg,18
O3,mavg,136.333335364858,0.91,10,87.7750013079494,0.978251425821673,O3__mavg,18
O3,mavg,144.800002157688,0.94,0,87.7750013079494,0.977364647551132,O3__mavg,18
O3,mavg,144.800002157688,0.94,1,87.7750013079494,0.988175990240383,O3__mavg,18
O3,mavg,144.800002157688,0.94,2,87.7750013079494,0.99821004559624,O3__mavg,18
O3,mavg,144.800002157688,0.94,3,87.7750013079494,1.00653645407423,O3__mavg,18
O3,mavg,144.800002157688,0.94,4,87.7750013079494,1.01220151191839,O3__mavg,18
O3,mavg,144.800002157688,0.94,5,87.7750013079494,1.01424837970943,O3__mavg,18
O3,mavg,144.800002157688,0.94,6,87.7750013079494,1.01204892794203,O3__mavg,18
O3,mavg,144.800002157688,0.94,7,87.7750013079494,1.00623301694848,O3__mavg,18
O3,mavg,144.800002157688,0.94,8,87.7750013079494,0.99775868913024,O3__mavg,18
O3,mavg,144.800002157688,0.94,9,87.7750013079494,0.987580275929741,O3__mavg,18
O3,mavg,144.800002157688,0.94,10,87.7750013079494,0.976628207088756,O3__mavg,18
O3,mavg,159.300002373755,0.97,0,87.7750013079494,0.981972892569827,O3__mavg,18
O3,mavg,159.300002373755,0.97,1,87.7750013079494,0.991374264181391,O3__mavg,18
O3,mavg,159.300002373755,0.97,2,87.7750013079494,1.00003594732768,O3__mavg,18
O3,mavg,159.300002373755,0.97,3,87.7750013079494,1.00710149697223,O3__mavg,18
O3,mavg,159.300002373755,0.97,4,87.7750013079494,1.01169676272549,O3__mavg,18
O3,mavg,159.300002373755,0.97,5,87.7750013079494,1.01294717471853,O3__mavg,18
O3,mavg,159.300002373755,0.97,6,87.7750013079494,1.0102815905544,O3__mavg,18
O3,mavg,159.300002373755,0.97,7,87.7750013079494,1.00428597900951,O3__mavg,18
O3,mavg,159.300002373755,0.97,8,87.7750013079494,0.995845232118807,O3__mavg,18
O3,mavg,159.300002373755,0.97,9,87.7750013079494,0.985838912714438,O3__mavg,18
O3,mavg,159.300002373755,0.97,10,87.7750013079494,0.97512410916212,O3__mavg,18
