variable,exposure_type,lag_window,exposure_value,exposure_probability,reference_value,RR_median,RR_lower,RR_upper,model_key,specification_order
t2m,lag,3,0.171520487,0.01,17.83579852,0.992435523521205,0.973423688764863,1.00914739756182,t2m__lag,1
t2m,lag,3,1.615605291,0.02,17.83579852,0.995980115848747,0.978590652261862,1.01107090793558,t2m__lag,1
t2m,lag,3,2.48329172732,0.03,17.83579852,0.997755525743163,0.981169709768606,1.01222061802126,t2m__lag,1
t2m,lag,3,3.1816965228,0.04,17.83579852,0.999138907373123,0.98297803757346,1.01287126432913,t2m__lag,1
t2m,lag,3,3.720964686,0.05,17.83579852,1.00000444016057,0.984319854420048,1.0137096289368,t2m__lag,1
t2m,lag,3,4.2180250294,0.06,17.83579852,1.00075383149609,0.985388605541133,1.01421046949047,t2m__lag,1
t2m,lag,3,4.659152603,0.07,17.83579852,1.00135434528637,0.986437404544621,1.0149036725019,t2m__lag,1
t2m,lag,3,5.05215164148,0.08,17.83579852,1.00194664833006,0.987410624350957,1.01538716565619,t2m__lag,1
t2m,lag,3,5.410470581,0.09,17.83579852,1.00224096537728,0.988188424888883,1.01563985060389,t2m__lag,1
t2m,lag,3,5.7758229574,0.1,17.83579852,1.00266950193883,0.988921235470738,1.01596337896006,t2m__lag,1
t2m,lag,3,6.081271108,0.11,17.83579852,1.00305559923279,0.989538179610822,1.01629247730549,t2m__lag,1
t2m,lag,3,6.3815017704,0.12,17.83579852,1.00347526560115,0.990084632407517,1.01645673780864,t2m__lag,1
t2m,lag,3,6.669326401,0.13,17.83579852,1.00384611396913,0.990645700055176,1.01657319613088,t2m__lag,1
t2m,lag,3,6.987252808,0.14,17.83579852,1.00412102981021,0.991019532739307,1.0166520552613,t2m__lag,1
t2m,lag,3,7.3000606538,0.15,17.83579852,1.00432984007589,0.991558248207128,1.01667779857309,t2m__lag,1
t2m,lag,3,7.56251696276,0.16,17.83579852,1.00446027914914,0.991968680442967,1.0167150845914,t2m__lag,1
t2m,lag,3,7.833937581,0.17,17.83579852,1.00463445733106,0.992402396360125,1.01674349532981,t2m__lag,1
t2m,lag,3,8.106818136,0.18,17.83579852,1.00466175445315,0.992616815113455,1.01672522397065,t2m__lag,1
t2m,lag,3,8.38318438184,0.19,17.83579852,1.00482324591274,0.992686641636272,1.01665819672809,t2m__lag,1
t2m,lag,3,8.6330629984,0.2,17.83579852,1.00489742719662,0.99275781344658,1.01655603025232,t2m__lag,1
t2m,lag,3,8.865783946,0.21,17.83579852,1.00494660155567,0.99284097819608,1.01642682090876,t2m__lag,1
t2m,lag,3,9.143575923,0.22,17.83579852,1.00492151041995,0.993112482834439,1.01622527553472,t2m__lag,1
t2m,lag,3,9.428089396,0.23,17.83579852,1.00488367051585,0.99338559418907,1.01596483304324,t2m__lag,1
t2m,lag,3,9.722367223,0.24,17.83579852,1.00477009934824,0.993647163464701,1.01563720649172,t2m__lag,1
t2m,lag,3,10.057553545,0.25,17.83579852,1.0046338791523,0.99395232464175,1.01519092991736,t2m__lag,1
t2m,lag,3,10.38189977,0.26,17.83579852,1.00446703701214,0.994225927806233,1.01468854075098,t2m__lag,1
t2m,lag,3,10.68682251,0.27,17.83579852,1.00429327282743,0.994457842090588,1.01423168765074,t2m__lag,1
t2m,lag,3,11.02585754,0.28,17.83579852,1.00410169732515,0.994643036001119,1.01367797140461,t2m__lag,1
t2m,lag,3,11.35078138,0.29,17.83579852,1.00395310454871,0.994829641445209,1.01308657151071,t2m__lag,1
t2m,lag,3,11.66022148,0.3,17.83579852,1.00374949295809,0.995063891516692,1.01247995984526,t2m__lag,1
t2m,lag,3,11.9703645724,0.31,17.83579852,1.00353426370648,0.99535954156234,1.01183227266229,t2m__lag,1
t2m,lag,3,12.32470729,0.32,17.83579852,1.00326378710523,0.995676667355374,1.01101914054487,t2m__lag,1
t2m,lag,3,12.66232389,0.33,17.83579852,1.00300213773411,0.995936382645085,1.01024229825766,t2m__lag,1
t2m,lag,3,12.97044896,0.34,17.83579852,1.00278514239402,0.996182127462457,1.00954135183272,t2m__lag,1
t2m,lag,3,13.30313962,0.35,17.83579852,1.00258419504952,0.996468941837166,1.0086604133452,t2m__lag,1
t2m,lag,3,13.6292352,0.36,17.83579852,1.00237874738273,0.99673643205324,1.00784718978626,t2m__lag,1
t2m,lag,3,13.93721161,0.37,17.83579852,1.00213408913172,0.996992512488769,1.00711413593666,t2m__lag,1
t2m,lag,3,14.26317304,0.38,17.83579852,1.00189065104287,0.997268363874925,1.0063540622369,t2m__lag,1
t2m,lag,3,14.5669377286,0.39,17.83579852,1.00160497737752,0.997529412148499,1.00560621584194,t2m__lag,1
t2m,lag,3,14.8802213,0.4,17.83579852,1.00134310022016,0.997835588008776,1.00483406660749,t2m__lag,1
t2m,lag,3,15.19645844,0.41,17.83579852,1.00111841837425,0.998003104143287,1.00415468579219,t2m__lag,1
t2m,lag,3,15.54407463,0.42,17.83579852,1.00084603032252,0.998265468712998,1.00348592670559,t2m__lag,1
t2m,lag,3,15.84765269,0.43,17.83579852,1.00064138737477,0.998413453810872,1.00295765140933,t2m__lag,1
t2m,lag,3,16.1596010552,0.44,17.83579852,1.00045913840286,0.998613406266986,1.00242929259471,t2m__lag,1
t2m,lag,3,16.46532084,0.45,17.83579852,1.00030960663268,0.998790998547105,1.00192934037812,t2m__lag,1
t2m,lag,3,16.75265083,0.46,17.83579852,1.00020233356048,0.998997285097016,1.00146459413773,t2m__lag,1
t2m,lag,3,17.0439054208,0.47,17.83579852,1.00009337181655,0.999206024226744,1.00102561257919,t2m__lag,1
t2m,lag,3,17.33199272,0.48,17.83579852,1.00003056761318,0.999447379090614,1.00062485965862,t2m__lag,1
t2m,lag,3,17.57365125,0.49,17.83579852,0.999999834179011,0.999685958261255,1.00031575755982,t2m__lag,1
t2m,lag,3,17.83579852,0.5,17.83579852,1,1,1,t2m__lag,1
t2m,lag,3,18.0836000592,0.51,17.83579852,1.00002525814614,0.999720837674456,1.00033191048203,t2m__lag,1
t2m,lag,3,18.33761431,0.52,17.83579852,1.0000733576643,0.99945424890974,1.00070542436059,t2m__lag,1
t2m,lag,3,18.6043138132,0.53,17.83579852,1.00015149325695,0.999151634209214,1.00111107530949,t2m__lag,1
t2m,lag,3,18.87619425,0.54,17.83579852,1.00023959651946,0.998855757495562,1.00157570818092,t2m__lag,1
t2m,lag,3,19.13589058,0.55,17.83579852,1.00035136026542,0.998568805916044,1.00202414393438,t2m__lag,1
t2m,lag,3,19.3937394724,0.56,17.83579852,1.00047791594501,0.998276781529599,1.00247952813817,t2m__lag,1
t2m,lag,3,19.64496129,0.57,17.83579852,1.00058422113925,0.997981304127472,1.00297339054575,t2m__lag,1
t2m,lag,3,19.8929643,0.58,17.83579852,1.00068427797141,0.997677612776362,1.00349932962072,t2m__lag,1
t2m,lag,3,20.129951592,0.59,17.83579852,1.00077644658804,0.997362959895661,1.00402121361711,t2m__lag,1
t2m,lag,3,20.389811068,0.6,17.83579852,1.00087082454493,0.99699293300813,1.00459831548689,t2m__lag,1
t2m,lag,3,20.64833094,0.61,17.83579852,1.00098904624752,0.996614140522095,1.00511796987932,t2m__lag,1
t2m,lag,3,20.89387347,0.62,17.83579852,1.00107623626638,0.996211995420706,1.00560732311063,t2m__lag,1
t2m,lag,3,21.1376181778,0.63,17.83579852,1.00116589544536,0.995774775533635,1.00614443441833,t2m__lag,1
t2m,lag,3,21.3790987664,0.64,17.83579852,1.00125089075808,0.995397543586771,1.00666637117969,t2m__lag,1
t2m,lag,3,21.625402068,0.65,17.83579852,1.00132070298289,0.994969731467785,1.00718331365637,t2m__lag,1
t2m,lag,3,21.8401717924,0.66,17.83579852,1.00136216403684,0.994606015357624,1.00761742031917,t2m__lag,1
t2m,lag,3,22.0677920504,0.67,17.83579852,1.00137271896515,0.994210884258212,1.00805505840683,t2m__lag,1
t2m,lag,3,22.28912506,0.68,17.83579852,1.00138155655023,0.993841603480843,1.00845935489996,t2m__lag,1
t2m,lag,3,22.51290347,0.69,17.83579852,1.00137972308071,0.993417963932345,1.0088372359625,t2m__lag,1
t2m,lag,3,22.74694341,0.7,17.83579852,1.00130975563053,0.992905692064798,1.00915431166087,t2m__lag,1
t2m,lag,3,22.97915802,0.71,17.83579852,1.00120006773914,0.99242472311623,1.00941030311232,t2m__lag,1
t2m,lag,3,23.20549159,0.72,17.83579852,1.00098201088781,0.992009190834899,1.00953519523331,t2m__lag,1
t2m,lag,3,23.4273199982,0.73,17.83579852,1.00079571287894,0.991543152022393,1.00966592629783,t2m__lag,1
t2m,lag,3,23.64659081,0.74,17.83579852,1.00058639151571,0.991063246074619,1.00974855911372,t2m__lag,1
t2m,lag,3,23.86227665,0.75,17.83579852,1.00034503960493,0.990640568156139,1.00974723776971,t2m__lag,1
t2m,lag,3,24.0890626028,0.76,17.83579852,1.00010391732642,0.99003408549906,1.00973689099779,t2m__lag,1
t2m,lag,3,24.3162289182,0.77,17.83579852,0.999788831635446,0.989485405260517,1.00967562177063,t2m__lag,1
t2m,lag,3,24.54637744,0.78,17.83579852,0.999367764593534,0.988977186518258,1.00938828746877,t2m__lag,1
t2m,lag,3,24.7704179374,0.79,17.83579852,0.998924291895052,0.988473621008207,1.00902731670726,t2m__lag,1
t2m,lag,3,25.017581176,0.8,17.83579852,0.998448215533109,0.987908365620371,1.00863802296619,t2m__lag,1
t2m,lag,3,25.2549756966,0.81,17.83579852,0.997962208870303,0.987366908956216,1.00826130360557,t2m__lag,1
t2m,lag,3,25.48267708,0.82,17.83579852,0.997418452161127,0.986758413591363,1.0077872480495,t2m__lag,1
t2m,lag,3,25.7169372564,0.83,17.83579852,0.996818694372167,0.98597986351937,1.00723048505814,t2m__lag,1
t2m,lag,3,25.9618354812,0.84,17.83579852,0.996159837908424,0.985189661236867,1.00667246485162,t2m__lag,1
t2m,lag,3,26.234111978,0.85,17.83579852,0.995454848356467,0.984257669475868,1.0059817969427,t2m__lag,1
t2m,lag,3,26.501706392,0.86,17.83579852,0.994708872982874,0.98350758956651,1.00523291897601,t2m__lag,1
t2m,lag,3,26.76898028,0.87,17.83579852,0.993773678100182,0.982554212261135,1.00478188726693,t2m__lag,1
t2m,lag,3,27.05423508,0.88,17.83579852,0.992857719521308,0.981252032005696,1.0038996147069,t2m__lag,1
t2m,lag,3,27.35409826,0.89,17.83579852,0.991843587787537,0.97999283396277,1.00310224511099,t2m__lag,1
t2m,lag,3,27.66810379,0.9,17.83579852,0.990710112206121,0.978521735574978,1.00233887912443,t2m__lag,1
t2m,lag,3,28.01429774,0.91,17.83579852,0.989493142565561,0.976941357744411,1.00102657891941,t2m__lag,1
t2m,lag,3,28.37498754,0.92,17.83579852,0.988073273194371,0.975268847677248,1.00032890047071,t2m__lag,1
t2m,lag,3,28.74946111,0.93,17.83579852,0.986509611009999,0.973523809768582,0.999152981375027,t2m__lag,1
t2m,lag,3,29.11824125,0.94,17.83579852,0.984966585878577,0.971281226423516,0.997801794560239,t2m__lag,1
t2m,lag,3,29.501305709,0.95,17.83579852,0.983172201069364,0.968789554607065,0.996068674474424,t2m__lag,1
t2m,lag,3,29.9078923556,0.96,17.83579852,0.981355534713179,0.966240947958429,0.994455789582633,t2m__lag,1
t2m,lag,3,30.36365407,0.97,17.83579852,0.97911826134937,0.963082108419853,0.99253707256774,t2m__lag,1
t2m,lag,3,30.92796351,0.98,17.83579852,0.976354162838332,0.959049970995214,0.990542649375831,t2m__lag,1
t2m,lag,3,31.69631284,0.99,17.83579852,0.972211008710567,0.953733321362694,0.988279418609204,t2m__lag,1
t2m,mavg,4,1.02780312247944,0.01,17.9187098645455,0.987908283061722,0.927827876243546,1.04386642710532,t2m__mavg,2
t2m,mavg,4,2.256389928148,0.02,17.9187098645455,0.993273210157811,0.937798961660487,1.0464910633712,t2m__mavg,2
t2m,mavg,4,3.025459089908,0.03,17.9187098645455,0.997488801372468,0.947078028675733,1.04749422881176,t2m__mavg,2
t2m,mavg,4,3.5995212600303,0.04,17.9187098645455,0.999719018269842,0.949353747777801,1.04934128684,t2m__mavg,2
t2m,mavg,4,4.108091291,0.05,17.9187098645455,1.00142442604512,0.952047077829511,1.04902385698511,t2m__mavg,2
t2m,mavg,4,4.56037066121333,0.06,17.9187098645455,1.00227557259462,0.954696685236462,1.04996063520112,t2m__mavg,2
t2m,mavg,4,4.978082747132,0.07,17.9187098645455,1.00345587788768,0.956193199872371,1.05106606958751,t2m__mavg,2
t2m,mavg,4,5.35026113278667,0.08,17.9187098645455,1.00467318918909,0.957830427187088,1.05137318110435,t2m__mavg,2
t2m,mavg,4,5.67984748846667,0.09,17.9187098645455,1.00530355451365,0.959793245860708,1.05183915413609,t2m__mavg,2
t2m,mavg,4,6.00510403978,0.1,17.9187098645455,1.00619437774389,0.961681569193852,1.05192031447566,t2m__mavg,2
t2m,mavg,4,6.305856534193,0.11,17.9187098645455,1.00710434325296,0.963382766140379,1.0521144034979,t2m__mavg,2
t2m,mavg,4,6.58533164133333,0.12,17.9187098645455,1.0079172805745,0.964923956139289,1.05245097226296,t2m__mavg,2
t2m,mavg,4,6.85139651821,0.13,17.9187098645455,1.00852596046124,0.96635485617515,1.05266569302042,t2m__mavg,2
t2m,mavg,4,7.11128190270133,0.14,17.9187098645455,1.00910259358044,0.967717545824016,1.05241490652385,t2m__mavg,2
t2m,mavg,4,7.3583983742,0.15,17.9187098645455,1.00958456463477,0.968306996769419,1.05211520169563,t2m__mavg,2
t2m,mavg,4,7.597306188,0.16,17.9187098645455,1.01003179208045,0.968992892264937,1.0523072267301,t2m__mavg,2
t2m,mavg,4,7.83223957202333,0.17,17.9187098645455,1.01042277987924,0.969603333467322,1.05231096960501,t2m__mavg,2
t2m,mavg,4,8.061473306125,0.18,17.9187098645455,1.01088737734649,0.969955688700513,1.05169452498908,t2m__mavg,2
t2m,mavg,4,8.301369133445,0.19,17.9187098645455,1.01102755390328,0.97035880668022,1.05105052304941,t2m__mavg,2
t2m,mavg,4,8.5507616037,0.2,17.9187098645455,1.01123889126654,0.97081226412824,1.05059843400719,t2m__mavg,2
t2m,mavg,4,8.806381281796,0.21,17.9187098645455,1.01141842663336,0.971697136742153,1.0501414978941,t2m__mavg,2
t2m,mavg,4,9.08911478672,0.22,17.9187098645455,1.01144029623795,0.973042961636583,1.04948105595553,t2m__mavg,2
t2m,mavg,4,9.377041753,0.23,17.9187098645455,1.01149655147218,0.974217359099312,1.04847383464081,t2m__mavg,2
t2m,mavg,4,9.67666718204,0.24,17.9187098645455,1.01151586777123,0.975720720850829,1.04745283028359,t2m__mavg,2
t2m,mavg,4,9.99084572280556,0.25,17.9187098645455,1.0114960104792,0.977241019789114,1.0461915230836,t2m__mavg,2
t2m,mavg,4,10.311765969946,0.26,17.9187098645455,1.01126976797783,0.978456630363666,1.04468649722098,t2m__mavg,2
t2m,mavg,4,10.6243917145428,0.27,17.9187098645455,1.01108770343478,0.979602096730623,1.04314262671036,t2m__mavg,2
t2m,mavg,4,10.9298641039133,0.28,17.9187098645455,1.01084532484485,0.981025055235175,1.04136865556684,t2m__mavg,2
t2m,mavg,4,11.24359466278,0.29,17.9187098645455,1.01031362979124,0.982461212621004,1.03952834256082,t2m__mavg,2
t2m,mavg,4,11.5694871546222,0.3,17.9187098645455,1.01002941630675,0.983921266940384,1.03782602288522,t2m__mavg,2
t2m,mavg,4,11.9021914831667,0.31,17.9187098645455,1.00947020977396,0.985098673936752,1.03595251133128,t2m__mavg,2
t2m,mavg,4,12.2558814684843,0.32,17.9187098645455,1.00904855417005,0.986091223297945,1.03360167465829,t2m__mavg,2
t2m,mavg,4,12.6127319528575,0.33,17.9187098645455,1.00853037886694,0.987040879088842,1.03107830286812,t2m__mavg,2
t2m,mavg,4,12.97256917356,0.34,17.9187098645455,1.00798869062581,0.987981191689981,1.0285569383431,t2m__mavg,2
t2m,mavg,4,13.324886575,0.35,17.9187098645455,1.0074074709818,0.988970588443197,1.02607298119589,t2m__mavg,2
t2m,mavg,4,13.6628008534933,0.36,17.9187098645455,1.0067256872874,0.989665289333567,1.02405857348414,t2m__mavg,2
t2m,mavg,4,13.9863297578,0.37,17.9187098645455,1.00613252883541,0.99027166110639,1.02191215796076,t2m__mavg,2
t2m,mavg,4,14.2977158679,0.38,17.9187098645455,1.00553092773136,0.991313717236679,1.02000176841664,t2m__mavg,2
t2m,mavg,4,14.6241718488,0.39,17.9187098645455,1.00496859265374,0.99243218388804,1.01812502830797,t2m__mavg,2
t2m,mavg,4,14.954160498,0.4,17.9187098645455,1.00426035070698,0.993138228439676,1.01628671794084,t2m__mavg,2
t2m,mavg,4,15.30019531,0.41,17.9187098645455,1.00367987887266,0.993757152972418,1.01428204724572,t2m__mavg,2
t2m,mavg,4,15.6514823113,0.42,17.9187098645455,1.00306757320183,0.994447488352369,1.01233638143702,t2m__mavg,2
t2m,mavg,4,15.9936218401317,0.43,17.9187098645455,1.00239311194814,0.995152248333913,1.0104394731655,t2m__mavg,2
t2m,mavg,4,16.3183284798133,0.44,17.9187098645455,1.00196191403668,0.995937269226129,1.00860859774306,t2m__mavg,2
t2m,mavg,4,16.626975884,0.45,17.9187098645455,1.00154393440052,0.996755268162936,1.00689857381161,t2m__mavg,2
t2m,mavg,4,16.910367102,0.46,17.9187098645455,1.00112226959761,0.997395356464993,1.00538322922459,t2m__mavg,2
t2m,mavg,4,17.175739065,0.47,17.9187098645455,1.00078739520236,0.998019484100782,1.0039305806062,t2m__mavg,2
t2m,mavg,4,17.43494230648,0.48,17.9187098645455,1.00048269199303,0.998631348643452,1.00253614533147,t2m__mavg,2
t2m,mavg,4,17.6793349596,0.49,17.9187098645455,1.00022058774113,0.999292035946626,1.00124594108415,t2m__mavg,2
t2m,mavg,4,17.9187098645455,0.5,17.9187098645455,1,1,1,t2m__mavg,2
t2m,mavg,4,18.1663592523143,0.51,17.9187098645455,0.999821571272656,0.998736339614038,1.00081471835851,t2m__mavg,2
t2m,mavg,4,18.4202017814286,0.52,17.9187098645455,0.999671037879143,0.997496914713159,1.00172180130345,t2m__mavg,2
t2m,mavg,4,18.68691451536,0.53,17.9187098645455,0.999551377309112,0.996150764597448,1.00275465696784,t2m__mavg,2
t2m,mavg,4,18.95812611312,0.54,17.9187098645455,0.999442770587842,0.994763369114428,1.00387500069545,t2m__mavg,2
t2m,mavg,4,19.2215712731091,0.55,17.9187098645455,0.999388547760075,0.99336350408875,1.00499794000462,t2m__mavg,2
t2m,mavg,4,19.4811930166857,0.56,17.9187098645455,0.999373870063168,0.991992229324152,1.00607428523522,t2m__mavg,2
t2m,mavg,4,19.72834310625,0.57,17.9187098645455,0.999358404141512,0.990711976176502,1.00726835224854,t2m__mavg,2
t2m,mavg,4,19.972399897503,0.58,17.9187098645455,0.999307298509247,0.989358407592418,1.00840430382084,t2m__mavg,2
t2m,mavg,4,20.2098802904,0.59,17.9187098645455,0.999214598969235,0.988092277201309,1.00945902075295,t2m__mavg,2
t2m,mavg,4,20.44764450055,0.6,17.9187098645455,0.999117630199717,0.986805428944152,1.01055044558697,t2m__mavg,2
t2m,mavg,4,20.6856039021867,0.61,17.9187098645455,0.998986518097334,0.985471793861503,1.01160013538378,t2m__mavg,2
t2m,mavg,4,20.9214748150222,0.62,17.9187098645455,0.998812673020397,0.984129177341959,1.01262172447404,t2m__mavg,2
t2m,mavg,4,21.15137547195,0.63,17.9187098645455,0.998662715067985,0.98287459735718,1.01359414191311,t2m__mavg,2
t2m,mavg,4,21.37818918768,0.64,17.9187098645455,0.998513918772908,0.981643761819861,1.0146257936651,t2m__mavg,2
t2m,mavg,4,21.60779915,0.65,17.9187098645455,0.998286058467328,0.980392438455535,1.0156519272853,t2m__mavg,2
t2m,mavg,4,21.83763818304,0.66,17.9187098645455,0.997975898228701,0.979141540711501,1.01665462363361,t2m__mavg,2
t2m,mavg,4,22.0627521283333,0.67,17.9187098645455,0.997706425463562,0.977961301269315,1.01755963056072,t2m__mavg,2
t2m,mavg,4,22.2919050466286,0.68,17.9187098645455,0.99731343740118,0.976772157872435,1.01844086394059,t2m__mavg,2
t2m,mavg,4,22.5153224188357,0.69,17.9187098645455,0.99699199036505,0.97554022924729,1.01911117480968,t2m__mavg,2
t2m,mavg,4,22.7352023355556,0.7,17.9187098645455,0.996441008400582,0.974328126317606,1.01967274779862,t2m__mavg,2
t2m,mavg,4,22.9514675885714,0.71,17.9187098645455,0.995907502507729,0.972943546947048,1.0203107827129,t2m__mavg,2
t2m,mavg,4,23.1648568796436,0.72,17.9187098645455,0.995340779553072,0.971622412107896,1.0208441161018,t2m__mavg,2
t2m,mavg,4,23.3807190752444,0.73,17.9187098645455,0.994592478053879,0.970238116248901,1.0212777470339,t2m__mavg,2
t2m,mavg,4,23.5974854265818,0.74,17.9187098645455,0.994046582892924,0.968787455401418,1.02156389887764,t2m__mavg,2
t2m,mavg,4,23.8194539806667,0.75,17.9187098645455,0.993220633818443,0.967259944222736,1.0216329722997,t2m__mavg,2
t2m,mavg,4,24.0393968385333,0.76,17.9187098645455,0.992237936715839,0.965702769958532,1.02140958868668,t2m__mavg,2
t2m,mavg,4,24.26452301436,0.77,17.9187098645455,0.991793094057829,0.964064508358105,1.02103300070933,t2m__mavg,2
t2m,mavg,4,24.4983428388889,0.78,17.9187098645455,0.990606055278406,0.962316672876203,1.02070350561789,t2m__mavg,2
t2m,mavg,4,24.7219085558333,0.79,17.9187098645455,0.989918172696785,0.960602540575826,1.02039377270163,t2m__mavg,2
t2m,mavg,4,24.9408743528889,0.8,17.9187098645455,0.988674404019424,0.958884086946711,1.02026912481928,t2m__mavg,2
t2m,mavg,4,25.165013827981,0.81,17.9187098645455,0.987500400630139,0.957079770954581,1.01936685391683,t2m__mavg,2
t2m,mavg,4,25.3910733297818,0.82,17.9187098645455,0.986060239733682,0.954880494129795,1.01858275727068,t2m__mavg,2
t2m,mavg,4,25.61824506125,0.83,17.9187098645455,0.984448680522004,0.953054928237071,1.01809609192636,t2m__mavg,2
t2m,mavg,4,25.8453134664364,0.84,17.9187098645455,0.982966908352333,0.95087030499156,1.01678015560054,t2m__mavg,2
t2m,mavg,4,26.0763395075714,0.85,17.9187098645455,0.981680397362134,0.948591840162815,1.01603230268004,t2m__mavg,2
t2m,mavg,4,26.3187202802909,0.86,17.9187098645455,0.980047486816568,0.946504744160539,1.01500393017832,t2m__mavg,2
t2m,mavg,4,26.5671863141722,0.87,17.9187098645455,0.977888129371717,0.944321911852252,1.01427725091236,t2m__mavg,2
t2m,mavg,4,26.8253266588889,0.88,17.9187098645455,0.976125766557427,0.941310054832278,1.01344163022625,t2m__mavg,2
t2m,mavg,4,27.0916821564546,0.89,17.9187098645455,0.974192594221932,0.938834828307026,1.0126759812752,t2m__mavg,2
t2m,mavg,4,27.3677640146,0.9,17.9187098645455,0.972492849490162,0.936247286580111,1.01163290682082,t2m__mavg,2
t2m,mavg,4,27.6562653472333,0.91,17.9187098645455,0.969776634095321,0.933249975754808,1.01035376359741,t2m__mavg,2
t2m,mavg,4,27.98116021386,0.92,17.9187098645455,0.967040828877214,0.929608446372875,1.00895320069591,t2m__mavg,2
t2m,mavg,4,28.3356987118,0.93,17.9187098645455,0.964008348908696,0.925167320679024,1.00678738133759,t2m__mavg,2
t2m,mavg,4,28.7114150291556,0.94,17.9187098645455,0.960781621603832,0.920984768614213,1.00525732952329,t2m__mavg,2
t2m,mavg,4,29.10363162425,0.95,17.9187098645455,0.956788414819169,0.915331230996456,1.0032554721718,t2m__mavg,2
t2m,mavg,4,29.52757361944,0.96,17.9187098645455,0.952902435241267,0.909733592177749,1.00092608072926,t2m__mavg,2
t2m,mavg,4,30.0152930952,0.97,17.9187098645455,0.948481044110964,0.902508871631454,0.99953035143423,t2m__mavg,2
t2m,mavg,4,30.606166406,0.98,17.9187098645455,0.942118468626803,0.893249689555553,0.997393189148833,t2m__mavg,2
t2m,mavg,4,31.35193866715,0.99,17.9187098645455,0.932908783325472,0.882788886044369,0.995526379683135,t2m__mavg,2
rh,lag,3,43.4228235,0.01,75.82061299,1.00747397370986,0.992269413841796,1.02200330268948,rh__lag,3
rh,lag,3,47.16705672,0.02,75.82061299,1.0039157718084,0.991353234837692,1.0162773580809,rh__lag,3
rh,lag,3,49.4726937878,0.03,75.82061299,1.00214090798531,0.990416994518108,1.01390362130339,rh__lag,3
rh,lag,3,51.44309564,0.04,75.82061299,1.00073543030263,0.990118596012783,1.01282262776012,rh__lag,3
rh,lag,3,53.09781287,0.05,75.82061299,0.999867094534849,0.98920370702468,1.01154057680758,rh__lag,3
rh,lag,3,54.41444232,0.06,75.82061299,0.999230249833999,0.988385548518177,1.01040071877941,rh__lag,3
rh,lag,3,55.65418882,0.07,75.82061299,0.998586877445415,0.98810865830583,1.01002420895832,rh__lag,3
rh,lag,3,56.70115055,0.08,75.82061299,0.998275194982228,0.987289232785108,1.009747822602,rh__lag,3
rh,lag,3,57.6210074762,0.09,75.82061299,0.998111711231885,0.987359568991927,1.00945006012071,rh__lag,3
rh,lag,3,58.46959508,0.1,75.82061299,0.997781963069116,0.987495818884402,1.0092006535145,rh__lag,3
rh,lag,3,59.2549475852,0.11,75.82061299,0.997639932550703,0.987401048218117,1.00892294899501,rh__lag,3
rh,lag,3,60.00926765,0.12,75.82061299,0.997555255530129,0.987553290364139,1.00850088948002,rh__lag,3
rh,lag,3,60.67693483,0.13,75.82061299,0.997542372874421,0.987765493775416,1.00817635940988,rh__lag,3
rh,lag,3,61.28794591,0.14,75.82061299,0.99749688887427,0.988012897829337,1.00802066218582,rh__lag,3
rh,lag,3,61.870226994,0.15,75.82061299,0.997532036775396,0.988294570514062,1.0077502059734,rh__lag,3
rh,lag,3,62.4452779016,0.16,75.82061299,0.997545171520678,0.988521174430312,1.00747197844755,rh__lag,3
rh,lag,3,63.02605888,0.17,75.82061299,0.997549215387293,0.98869768841526,1.00721351559033,rh__lag,3
rh,lag,3,63.59003994,0.18,75.82061299,0.99765571086572,0.988966291407701,1.00699110790908,rh__lag,3
rh,lag,3,64.11654005,0.19,75.82061299,0.997704655673897,0.989291138859089,1.00676299915173,rh__lag,3
rh,lag,3,64.60864866,0.2,75.82061299,0.997832214466475,0.989604252848911,1.00646414876459,rh__lag,3
rh,lag,3,65.111275075,0.21,75.82061299,0.997893600269219,0.98996593371044,1.00615202751819,rh__lag,3
rh,lag,3,65.5816892668,0.22,75.82061299,0.998022977917507,0.990343197125201,1.00591821191811,rh__lag,3
rh,lag,3,66.05530232,0.23,75.82061299,0.998120760992533,0.990761303438191,1.00569957785699,rh__lag,3
rh,lag,3,66.5126062844,0.24,75.82061299,0.998215938060231,0.99123916032463,1.00557421548429,rh__lag,3
rh,lag,3,66.953352465,0.25,75.82061299,0.99833874191245,0.991819637843115,1.00539819762322,rh__lag,3
rh,lag,3,67.3694363,0.26,75.82061299,0.99852277342166,0.99238865931956,1.00517795712513,rh__lag,3
rh,lag,3,67.7838261904,0.27,75.82061299,0.99875298418089,0.992975875643868,1.00495714702082,rh__lag,3
rh,lag,3,68.18887691,0.28,75.82061299,0.998946141543236,0.993470336669645,1.00473923826807,rh__lag,3
rh,lag,3,68.5887089386,0.29,75.82061299,0.999130023160362,0.994015047543746,1.00449456217912,rh__lag,3
rh,lag,3,68.95311897,0.3,75.82061299,0.999369529750538,0.994534244959616,1.00427602504324,rh__lag,3
rh,lag,3,69.31045294,0.31,75.82061299,0.999545022813363,0.994917390572685,1.0040481581696,rh__lag,3
rh,lag,3,69.70011859,0.32,75.82061299,0.999744611571029,0.995424849664112,1.00388086329451,rh__lag,3
rh,lag,3,70.06180019,0.33,75.82061299,0.999874477883971,0.995866496178673,1.00375455378945,rh__lag,3
rh,lag,3,70.42066879,0.34,75.82061299,0.999967147509628,0.996353697460363,1.00358312808561,rh__lag,3
rh,lag,3,70.78281209,0.35,75.82061299,1.00008614772482,0.996775059094651,1.0033954589736,rh__lag,3
rh,lag,3,71.1363608956,0.36,75.82061299,1.00018107731768,0.997223195566923,1.00325127439988,rh__lag,3
rh,lag,3,71.47014621,0.37,75.82061299,1.00028887431518,0.997569431452376,1.00312657481571,rh__lag,3
rh,lag,3,71.8307198432,0.38,75.82061299,1.00043146098028,0.997888957711132,1.00294178590487,rh__lag,3
rh,lag,3,72.17282934,0.39,75.82061299,1.0005234638759,0.998167320764778,1.00283204938831,rh__lag,3
rh,lag,3,72.50688091,0.4,75.82061299,1.00057338812084,0.998408654102629,1.00264223834851,rh__lag,3
rh,lag,3,72.8381635066,0.41,75.82061299,1.00062538147076,0.998629359809926,1.00250236567814,rh__lag,3
rh,lag,3,73.17061484,0.42,75.82061299,1.00064288001624,0.998850669903428,1.00231836884345,rh__lag,3
rh,lag,3,73.51419903,0.43,75.82061299,1.00062491762621,0.999061696878399,1.00207002072417,rh__lag,3
rh,lag,3,73.852937464,0.44,75.82061299,1.0006193070036,0.999216393627108,1.00189087218127,rh__lag,3
rh,lag,3,74.188871332,0.45,75.82061299,1.00059661804027,0.999357542467203,1.00168209202834,rh__lag,3
rh,lag,3,74.54153616,0.46,75.82061299,1.0005195809857,0.999511196092961,1.00139782098496,rh__lag,3
rh,lag,3,74.85438637,0.47,75.82061299,1.00042928436748,0.999645555381155,1.00110097798237,rh__lag,3
rh,lag,3,75.1753298692,0.48,75.82061299,1.00032201020335,0.999760450582611,1.00077639504093,rh__lag,3
rh,lag,3,75.500348,0.49,75.82061299,1.00017543174061,0.999889904737057,1.00041937942414,rh__lag,3
rh,lag,3,75.82061299,0.5,75.82061299,1,1,1,rh__lag,3
rh,lag,3,76.14059548,0.51,75.82061299,0.999798348458868,0.999525017460124,1.00010769016293,rh__lag,3
rh,lag,3,76.46669664,0.52,75.82061299,0.999562845874395,0.998987482242718,1.00021886257723,rh__lag,3
rh,lag,3,76.81173388,0.53,75.82061299,0.999290037238412,0.998351324405569,1.00034722408555,rh__lag,3
rh,lag,3,77.14257872,0.54,75.82061299,0.999008057628148,0.997703049277777,1.00046549539587,rh__lag,3
rh,lag,3,77.484255264,0.55,75.82061299,0.998689585264566,0.9969853172968,1.00060052522028,rh__lag,3
rh,lag,3,77.80220115,0.56,75.82061299,0.998389037435285,0.996286482476263,1.00071032806563,rh__lag,3
rh,lag,3,78.15767183,0.57,75.82061299,0.998047903471809,0.995476972327745,1.00085804861118,rh__lag,3
rh,lag,3,78.49049909,0.58,75.82061299,0.997714659088808,0.994681694690128,1.00101064297633,rh__lag,3
rh,lag,3,78.8196280118,0.59,75.82061299,0.997358458080949,0.993865639578497,1.00117033070218,rh__lag,3
rh,lag,3,79.13859891,0.6,75.82061299,0.997013100726577,0.993038976351684,1.0013258552241,rh__lag,3
rh,lag,3,79.4470599598,0.61,75.82061299,0.996664592041456,0.992226815241729,1.00148743947707,rh__lag,3
rh,lag,3,79.7674131904,0.62,75.82061299,0.996308400810502,0.991375243529504,1.00165493076154,rh__lag,3
rh,lag,3,80.0983589022,0.63,75.82061299,0.995885570257628,0.990466758340817,1.00182530526467,rh__lag,3
rh,lag,3,80.4097504,0.64,75.82061299,0.995493478296776,0.98964177443732,1.00195955143962,rh__lag,3
rh,lag,3,80.72734213,0.65,75.82061299,0.995086047313974,0.988807189880273,1.00208087126177,rh__lag,3
rh,lag,3,81.0487758924,0.66,75.82061299,0.99466873868774,0.987973509568716,1.00219197975491,rh__lag,3
rh,lag,3,81.35610517,0.67,75.82061299,0.994289554688759,0.987192307065139,1.00228555452135,rh__lag,3
rh,lag,3,81.66269209,0.68,75.82061299,0.993873674926378,0.986432948587678,1.00236534113497,rh__lag,3
rh,lag,3,81.98018683,0.69,75.82061299,0.993477368839479,0.985672238620348,1.00243186346505,rh__lag,3
rh,lag,3,82.32716489,0.7,75.82061299,0.993040435321179,0.98487638372086,1.00248331571538,rh__lag,3
rh,lag,3,82.65947967,0.71,75.82061299,0.992595039024568,0.984126914746138,1.00250969892114,rh__lag,3
rh,lag,3,83.01487976,0.72,75.82061299,0.992174507165482,0.983345290874941,1.00251077730768,rh__lag,3
rh,lag,3,83.37899773,0.73,75.82061299,0.991789080883065,0.982625354671257,1.00249801359172,rh__lag,3
rh,lag,3,83.72964759,0.74,75.82061299,0.99145407613522,0.982007052871697,1.00246391389152,rh__lag,3
rh,lag,3,84.06996044,0.75,75.82061299,0.991220993549067,0.981435469455466,1.00240171552516,rh__lag,3
rh,lag,3,84.4145746204,0.76,75.82061299,0.99101758940816,0.980965358009433,1.00231782436712,rh__lag,3
rh,lag,3,84.76808338,0.77,75.82061299,0.990724593817552,0.98048674178322,1.00220643125396,rh__lag,3
rh,lag,3,85.1130211204,0.78,75.82061299,0.990473886934599,0.980071834129697,1.00207102525944,rh__lag,3
rh,lag,3,85.47381418,0.79,75.82061299,0.990291974070973,0.979732147351038,1.00184497701609,rh__lag,3
rh,lag,3,85.82826512,0.8,75.82061299,0.990080992627012,0.979568642405725,1.00156563458958,rh__lag,3
rh,lag,3,86.2180264,0.81,75.82061299,0.989776389462985,0.979294987334193,1.00138349206282,rh__lag,3
rh,lag,3,86.57384488,0.82,75.82061299,0.989630149448111,0.979115950667947,1.00112333723719,rh__lag,3
rh,lag,3,86.95452808,0.83,75.82061299,0.989485100198792,0.978996577600441,1.00076597085352,rh__lag,3
rh,lag,3,87.3420797804,0.84,75.82061299,0.989360132291161,0.978963870186554,1.00044625523962,rh__lag,3
rh,lag,3,87.736073976,0.85,75.82061299,0.98920988635574,0.978968248408398,1.00035882074635,rh__lag,3
rh,lag,3,88.15172848,0.86,75.82061299,0.98915251627039,0.978925697854432,1.00001250129962,rh__lag,3
rh,lag,3,88.56902152,0.87,75.82061299,0.988946727683568,0.979162500601096,0.999643141353559,rh__lag,3
rh,lag,3,88.94708535,0.88,75.82061299,0.988793748852703,0.979028644403238,0.999680708883539,rh__lag,3
rh,lag,3,89.3613981988,0.89,75.82061299,0.988733250784097,0.978861116404101,0.999725617914615,rh__lag,3
rh,lag,3,89.80406458,0.9,75.82061299,0.988732460430945,0.978849917168255,0.999834734210822,rh__lag,3
rh,lag,3,90.25429907,0.91,75.82061299,0.988738671853543,0.978745056948859,0.999614085234919,rh__lag,3
rh,lag,3,90.725424216,0.92,75.82061299,0.988893540116808,0.978643206182326,0.999787699968351,rh__lag,3
rh,lag,3,91.2275955756,0.93,75.82061299,0.988746680457586,0.978413949298382,0.999878603928827,rh__lag,3
rh,lag,3,91.7586939664,0.94,75.82061299,0.988771550197274,0.978459560119429,0.99997938317815,rh__lag,3
rh,lag,3,92.35549152,0.95,75.82061299,0.988901907240372,0.978278420693563,1.00035894238593,rh__lag,3
rh,lag,3,92.96334213,0.96,75.82061299,0.989177321856748,0.977600023272535,1.00083374507308,rh__lag,3
rh,lag,3,93.63484213,0.97,75.82061299,0.989177340349745,0.975974221249186,1.00228932664206,rh__lag,3
rh,lag,3,94.36034237,0.98,75.82061299,0.989404465619591,0.974633594601646,1.0046252774338,rh__lag,3
rh,lag,3,95.41868598,0.99,75.82061299,0.990238744562138,0.972458604629705,1.00728065132252,rh__lag,3
rh,mavg,4,47.9113061521333,0.01,76.166598945,1.02824130464076,0.992221705930178,1.06335187216788,rh__mavg,4
rh,mavg,4,51.8289353607372,0.02,76.166598945,1.01916534239023,0.991655916528021,1.04689637216702,rh__mavg,4
rh,mavg,4,54.3226252166667,0.03,76.166598945,1.01421608384699,0.991782865001957,1.03906034186651,rh__mavg,4
rh,mavg,4,56.1251473576,0.04,76.166598945,1.01084646290906,0.990250047927847,1.03469964732279,rh__mavg,4
rh,mavg,4,57.4634195875,0.05,76.166598945,1.00880622036954,0.990000439725078,1.03061214858937,rh__mavg,4
rh,mavg,4,58.5655488030845,0.06,76.166598945,1.00726842721852,0.989289671376592,1.02824597084361,rh__mavg,4
rh,mavg,4,59.50236515671,0.07,76.166598945,1.00606896830403,0.988920956286189,1.02571984511745,rh__mavg,4
rh,mavg,4,60.3423170055143,0.08,76.166598945,1.00511264216713,0.988066861870512,1.02315957220506,rh__mavg,4
rh,mavg,4,61.10679806,0.09,76.166598945,1.00419780839348,0.988219191677636,1.02094515037373,rh__mavg,4
rh,mavg,4,61.7946768236667,0.1,76.166598945,1.00345199266048,0.988145985743363,1.01963544686091,rh__mavg,4
rh,mavg,4,62.43267738812,0.11,76.166598945,1.00284336062379,0.98773902878014,1.01891346302005,rh__mavg,4
rh,mavg,4,63.0405358144333,0.12,76.166598945,1.00233517127942,0.987446814913077,1.01813785680621,rh__mavg,4
rh,mavg,4,63.60860254314,0.13,76.166598945,1.00170273581968,0.987307673675364,1.0173699859053,rh__mavg,4
rh,mavg,4,64.14546059424,0.14,76.166598945,1.00131127806426,0.987204899900671,1.0166588575245,rh__mavg,4
rh,mavg,4,64.654945188,0.15,76.166598945,1.00100097413535,0.987033044951008,1.01576579791761,rh__mavg,4
rh,mavg,4,65.148653509,0.16,76.166598945,1.00067732819592,0.987098966745431,1.01503191945484,rh__mavg,4
rh,mavg,4,65.6402881014286,0.17,76.166598945,1.0004847648393,0.987220003342316,1.01436612994761,rh__mavg,4
rh,mavg,4,66.11288641336,0.18,76.166598945,1.00030231268049,0.987452773203056,1.01362194035937,rh__mavg,4
rh,mavg,4,66.57951539,0.19,76.166598945,1.00010192341927,0.987643897064246,1.01289253283708,rh__mavg,4
rh,mavg,4,67.023168635,0.2,76.166598945,0.999960041149487,0.98791919699413,1.01217997670708,rh__mavg,4
rh,mavg,4,67.4542677525,0.21,76.166598945,0.999890556579285,0.988295994131438,1.01156904215608,rh__mavg,4
rh,mavg,4,67.8709934233333,0.22,76.166598945,0.999749439473619,0.988744259090767,1.0109862017342,rh__mavg,4
rh,mavg,4,68.2699789666667,0.23,76.166598945,0.999669231612086,0.989213639845712,1.01041350900706,rh__mavg,4
rh,mavg,4,68.6616852572,0.24,76.166598945,0.999626846210205,0.989699272758391,1.00983721895011,rh__mavg,4
rh,mavg,4,69.0278560573296,0.25,76.166598945,0.999611626309654,0.990198342495568,1.00928583535735,rh__mavg,4
rh,mavg,4,69.40068475032,0.26,76.166598945,0.999600142378435,0.990773862602193,1.00879901665534,rh__mavg,4
rh,mavg,4,69.7597039301067,0.27,76.166598945,0.999645522656358,0.991374188156481,1.00830800635441,rh__mavg,4
rh,mavg,4,70.10922018025,0.28,76.166598945,0.99963625258993,0.991901582489741,1.00779575836844,rh__mavg,4
rh,mavg,4,70.448463821,0.29,76.166598945,0.999735530090625,0.992409005198518,1.00722947093357,rh__mavg,4
rh,mavg,4,70.7803022218182,0.3,76.166598945,0.999818456798728,0.992941533342895,1.00685142152584,rh__mavg,4
rh,mavg,4,71.1037979416,0.31,76.166598945,0.999851011400911,0.993465629692901,1.00652595255211,rh__mavg,4
rh,mavg,4,71.4146012025714,0.32,76.166598945,0.999910688298163,0.993872871363002,1.00620765329081,rh__mavg,4
rh,mavg,4,71.72720643165,0.33,76.166598945,0.999925995773726,0.994278682388383,1.0058788098716,rh__mavg,4
rh,mavg,4,72.0343914692,0.34,76.166598945,0.999969104585584,0.994683058840223,1.00548790686303,rh__mavg,4
rh,mavg,4,72.3355201951,0.35,76.166598945,1.0000346392267,0.995085767379681,1.00501121371249,rh__mavg,4
rh,mavg,4,72.6281061931636,0.36,76.166598945,1.00015124587476,0.995532233073133,1.00455178898624,rh__mavg,4
rh,mavg,4,72.9180867054833,0.37,76.166598945,1.00021910954023,0.99599338604131,1.00413116941198,rh__mavg,4
rh,mavg,4,73.2000332289,0.38,76.166598945,1.00019389714113,0.99643145070246,1.0037367556285,rh__mavg,4
rh,mavg,4,73.4688955212,0.39,76.166598945,1.00027833217375,0.996811053328224,1.00343286608444,rh__mavg,4
rh,mavg,4,73.7331587234318,0.4,76.166598945,1.00028251748526,0.997137206427897,1.00315316165543,rh__mavg,4
rh,mavg,4,74.0002303267891,0.41,76.166598945,1.00032667824001,0.99747179874797,1.00289973002055,rh__mavg,4
rh,mavg,4,74.2640394919333,0.42,76.166598945,1.0003532644073,0.997771185740669,1.00257522928097,rh__mavg,4
rh,mavg,4,74.5177337198,0.43,76.166598945,1.00035336546802,0.998142398351219,1.00227029988714,rh__mavg,4
rh,mavg,4,74.7654804766,0.44,76.166598945,1.00031984880986,0.998510712156552,1.00197071812173,rh__mavg,4
rh,mavg,4,75.0104587241667,0.45,76.166598945,1.00028429166901,0.998774842653915,1.0016899934305,rh__mavg,4
rh,mavg,4,75.24823056,0.46,76.166598945,1.00025163322538,0.99903087188621,1.00138150699462,rh__mavg,4
rh,mavg,4,75.486539765,0.47,76.166598945,1.00019278451978,0.999264038726252,1.0010566401322,rh__mavg,4
rh,mavg,4,75.7140597942,0.48,76.166598945,1.00013224704129,0.999502072953899,1.00072133978003,rh__mavg,4
rh,mavg,4,75.9425018,0.49,76.166598945,1.00007530191852,0.999752439716874,1.000370135336,rh__mavg,4
rh,mavg,4,76.166598945,0.5,76.166598945,1,1,1,rh__mavg,4
rh,mavg,4,76.38912282325,0.51,76.166598945,0.999912896430055,0.999605956634286,1.00025108535283,rh__mavg,4
rh,mavg,4,76.6071863461,0.52,76.166598945,0.999815797985135,0.999199682038653,1.00049420394811,rh__mavg,4
rh,mavg,4,76.830478883,0.53,76.166598945,0.999702806175354,0.998756954276432,1.00075805238257,rh__mavg,4
rh,mavg,4,77.0463221572,0.54,76.166598945,0.999572577806724,0.998316747373518,1.00101395088176,rh__mavg,4
rh,mavg,4,77.2587424713556,0.55,76.166598945,0.999436722945342,0.997856073990209,1.00126281265982,rh__mavg,4
rh,mavg,4,77.475275582,0.56,76.166598945,0.999302959342711,0.997368787902108,1.00152035131147,rh__mavg,4
rh,mavg,4,77.6919475617,0.57,76.166598945,0.999160679668681,0.996867857898992,1.00176157129744,rh__mavg,4
rh,mavg,4,77.91451340008,0.58,76.166598945,0.999001214608556,0.99634003141037,1.00201173043869,rh__mavg,4
rh,mavg,4,78.13095937,0.59,76.166598945,0.998833482901296,0.995817303091722,1.00227270067269,rh__mavg,4
rh,mavg,4,78.3503686648,0.6,76.166598945,0.998650854984616,0.995283080454483,1.00251320078777,rh__mavg,4
rh,mavg,4,78.56541275372,0.61,76.166598945,0.998502716900409,0.9947201742614,1.00274340971477,rh__mavg,4
rh,mavg,4,78.7835985625,0.62,76.166598945,0.998334414393487,0.99413740626658,1.00297868199976,rh__mavg,4
rh,mavg,4,78.9966250779,0.63,76.166598945,0.998187510648179,0.993579889107655,1.00322117693552,rh__mavg,4
rh,mavg,4,79.216640095,0.64,76.166598945,0.997994569496974,0.993027162843411,1.0035139737276,rh__mavg,4
rh,mavg,4,79.4301071518333,0.65,76.166598945,0.997829244736216,0.99249249783487,1.0037961852214,rh__mavg,4
rh,mavg,4,79.6410848670333,0.66,76.166598945,0.997638908655581,0.991967333380357,1.00407181527551,rh__mavg,4
rh,mavg,4,79.8512010497667,0.67,76.166598945,0.997447811608462,0.991447036009109,1.00429114277651,rh__mavg,4
rh,mavg,4,80.0667470602818,0.68,76.166598945,0.997255238305487,0.99088547197508,1.00448861777929,rh__mavg,4
rh,mavg,4,80.2836192893403,0.69,76.166598945,0.997056249331476,0.990305886636609,1.00469171768056,rh__mavg,4
rh,mavg,4,80.4984939968572,0.7,76.166598945,0.99685456515675,0.989739495613306,1.00488559867076,rh__mavg,4
rh,mavg,4,80.7161699571091,0.71,76.166598945,0.99668706768363,0.989189390807537,1.00507416568173,rh__mavg,4
rh,mavg,4,80.9405275196,0.72,76.166598945,0.996467117010606,0.988626202514189,1.00526196857905,rh__mavg,4
rh,mavg,4,81.170741396875,0.73,76.166598945,0.996271308463515,0.988087060578985,1.00545047438701,rh__mavg,4
rh,mavg,4,81.4091170714286,0.74,76.166598945,0.9960666311797,0.987559120134425,1.00563556794917,rh__mavg,4
rh,mavg,4,81.6463065916667,0.75,76.166598945,0.995860777690141,0.98702510913065,1.00585746400048,rh__mavg,4
rh,mavg,4,81.8882694085143,0.76,76.166598945,0.995657964983476,0.986509582047587,1.00599205027243,rh__mavg,4
rh,mavg,4,82.1409157466917,0.77,76.166598945,0.995413830064927,0.986002986529137,1.00609533733064,rh__mavg,4
rh,mavg,4,82.399651325,0.78,76.166598945,0.995264308167594,0.985515302306223,1.00599980744069,rh__mavg,4
rh,mavg,4,82.66585142856,0.79,76.166598945,0.995057043148222,0.98504691843631,1.00599784821033,rh__mavg,4
rh,mavg,4,82.9395703748572,0.8,76.166598945,0.994805664255798,0.984616814331794,1.00630326939487,rh__mavg,4
rh,mavg,4,83.2127388826571,0.81,76.166598945,0.99459853906755,0.984238754172435,1.00674853448871,rh__mavg,4
rh,mavg,4,83.4958086685714,0.82,76.166598945,0.994445979787309,0.983861607779644,1.00702948098859,rh__mavg,4
rh,mavg,4,83.7784599084914,0.83,76.166598945,0.994251328475249,0.983492423994221,1.00719991040084,rh__mavg,4
rh,mavg,4,84.07278656856,0.84,76.166598945,0.994027747649653,0.98316027511614,1.00718496631406,rh__mavg,4
rh,mavg,4,84.3706055315758,0.85,76.166598945,0.993899045213821,0.982666497344661,1.00683796745232,rh__mavg,4
rh,mavg,4,84.6865195375,0.86,76.166598945,0.993791024363066,0.982126845990107,1.00740512565381,rh__mavg,4
rh,mavg,4,85.0149985028786,0.87,76.166598945,0.993710867311122,0.981638868872249,1.00782427259147,rh__mavg,4
rh,mavg,4,85.35592591625,0.88,76.166598945,0.993571118914086,0.981260867692116,1.00792376339297,rh__mavg,4
rh,mavg,4,85.71409598425,0.89,76.166598945,0.993573955949284,0.980773074557602,1.00792687849391,rh__mavg,4
rh,mavg,4,86.0921176384,0.9,76.166598945,0.993502880084487,0.980279761035673,1.00786036398088,rh__mavg,4
rh,mavg,4,86.490493427775,0.91,76.166598945,0.993369802656979,0.979960569698005,1.00781668359201,rh__mavg,4
rh,mavg,4,86.9216783975,0.92,76.166598945,0.99325449544728,0.979361292807222,1.00793222846644,rh__mavg,4
rh,mavg,4,87.3998533681,0.93,76.166598945,0.993060546831378,0.978803134022049,1.00785529798683,rh__mavg,4
rh,mavg,4,87.9177604333333,0.94,76.166598945,0.992883987081545,0.97770222345308,1.00866003561768,rh__mavg,4
rh,mavg,4,88.491527711,0.95,76.166598945,0.992599544496493,0.97593757465059,1.01033915605158,rh__mavg,4
rh,mavg,4,89.1438995766667,0.96,76.166598945,0.992511287732659,0.975202876279631,1.01188534210343,rh__mavg,4
rh,mavg,4,89.92292729,0.97,76.166598945,0.992431028159065,0.973027775943296,1.01420454004749,rh__mavg,4
rh,mavg,4,90.9308004652,0.98,76.166598945,0.992722588528517,0.969503647538895,1.01785187525849,rh__mavg,4
rh,mavg,4,92.5559880265333,0.99,76.166598945,0.992779784409997,0.963863583146305,1.0239049480366,rh__mavg,4
ssr,lag,3,1.047656,0.01,12.951992,0.973414982878655,0.96023395028527,0.986257752331606,ssr__lag,5
ssr,lag,3,1.288044,0.02,12.951992,0.97461332418154,0.962291539768123,0.98672841626397,ssr__lag,5
ssr,lag,3,1.476156,0.03,12.951992,0.975645573304378,0.964057917348245,0.987264552192698,ssr__lag,5
ssr,lag,3,1.68580608,0.04,12.951992,0.976646188315836,0.965622760677991,0.987739947163575,ssr__lag,5
ssr,lag,3,1.8897614,0.05,12.951992,0.977654425815567,0.967021950163311,0.988118854714541,ssr__lag,5
ssr,lag,3,2.099136,0.06,12.951992,0.978829510867261,0.968467464827074,0.988706839589977,ssr__lag,5
ssr,lag,3,2.315168699,0.07,12.951992,0.979828369145876,0.969683946694049,0.989236207837814,ssr__lag,5
ssr,lag,3,2.525196,0.08,12.951992,0.98079311753115,0.97090184565505,0.989619744717357,ssr__lag,5
ssr,lag,3,2.74445,0.09,12.951992,0.981830396014029,0.972087569808601,0.990262934314713,ssr__lag,5
ssr,lag,3,2.981596,0.1,12.951992,0.982835824530746,0.973175793025074,0.991051789802272,ssr__lag,5
ssr,lag,3,3.22228,0.11,12.951992,0.983926565357897,0.973756247660391,0.992301436228044,ssr__lag,5
ssr,lag,3,3.45249824,0.12,12.951992,0.984824480289048,0.974488329703654,0.993829470312326,ssr__lag,5
ssr,lag,3,3.690868,0.13,12.951992,0.985902474664265,0.975916166191348,0.995098289003399,ssr__lag,5
ssr,lag,3,3.91851392,0.14,12.951992,0.986925945345296,0.976965480054617,0.996222223993373,ssr__lag,5
ssr,lag,3,4.174388,0.15,12.951992,0.988130787463097,0.977437693419503,0.997478635538147,ssr__lag,5
ssr,lag,3,4.42248992,0.16,12.951992,0.989121573337329,0.977776018432644,0.998775752548281,ssr__lag,5
ssr,lag,3,4.662908,0.17,12.951992,0.989947351425595,0.978134636948249,1.0005007157714,ssr__lag,5
ssr,lag,3,4.926204,0.18,12.951992,0.990953341501918,0.97877955743644,1.00177453428871,ssr__lag,5
ssr,lag,3,5.19858016,0.19,12.951992,0.992019396044765,0.979335175428213,1.0032287874702,ssr__lag,5
ssr,lag,3,5.473332651,0.2,12.951992,0.992921074843996,0.979902485892102,1.00478812094444,ssr__lag,5
ssr,lag,3,5.74092264,0.21,12.951992,0.993962334794634,0.980497070255381,1.00592374127994,ssr__lag,5
ssr,lag,3,6.02008464,0.22,12.951992,0.9949763557918,0.981212483555055,1.00676074420437,ssr__lag,5
ssr,lag,3,6.27951428000001,0.23,12.951992,0.995789770124583,0.982133744412224,1.00761366901098,ssr__lag,5
ssr,lag,3,6.56322,0.24,12.951992,0.996621485837262,0.983172462821717,1.00848615166665,ssr__lag,5
ssr,lag,3,6.851668,0.25,12.951992,0.99745150463405,0.984261510684761,1.00927003051562,ssr__lag,5
ssr,lag,3,7.15414,0.26,12.951992,0.998296621403624,0.985413737867822,1.00995748592173,ssr__lag,5
ssr,lag,3,7.44332408,0.27,12.951992,0.998963891185108,0.986542122240425,1.01041199848482,ssr__lag,5
ssr,lag,3,7.755374,0.28,12.951992,0.999636893370756,0.987708982143843,1.01061839336828,ssr__lag,5
ssr,lag,3,8.03380496,0.29,12.951992,1.00024585183677,0.98876995095179,1.01061196984369,ssr__lag,5
ssr,lag,3,8.32465709,0.3,12.951992,1.00068081461172,0.989827348988357,1.01057487816197,ssr__lag,5
ssr,lag,3,8.613628,0.31,12.951992,1.00111654180657,0.990882979021799,1.01042407905158,ssr__lag,5
ssr,lag,3,8.890476,0.32,12.951992,1.00149347026672,0.991834508515292,1.0101684879478,ssr__lag,5
ssr,lag,3,9.14347496,0.33,12.951992,1.00177974686426,0.992722330514261,1.0098968665414,ssr__lag,5
ssr,lag,3,9.416752,0.34,12.951992,1.00202607600968,0.993744850627017,1.00952325131716,ssr__lag,5
ssr,lag,3,9.6743248,0.35,12.951992,1.00222226312961,0.99467088380749,1.00911599953327,ssr__lag,5
ssr,lag,3,9.92902,0.36,12.951992,1.00233580185062,0.995561829310356,1.00866133715323,ssr__lag,5
ssr,lag,3,10.19218696,0.37,12.951992,1.00242906286322,0.996468211093144,1.00812361669955,ssr__lag,5
ssr,lag,3,10.450388,0.38,12.951992,1.0024620842926,0.997221962681177,1.00749713831064,ssr__lag,5
ssr,lag,3,10.698172,0.39,12.951992,1.00242211582137,0.997872744825366,1.0068473136713,ssr__lag,5
ssr,lag,3,10.950416,0.4,12.951992,1.00239301186534,0.998401838888066,1.00615886619838,ssr__lag,5
ssr,lag,3,11.19210364,0.41,12.951992,1.00228769121342,0.998824306245194,1.00552684136266,ssr__lag,5
ssr,lag,3,11.43579168,0.42,12.951992,1.00214124874053,0.999247974951976,1.00481747008223,ssr__lag,5
ssr,lag,3,11.6591764,0.43,12.951992,1.00193349027183,0.999588417227465,1.00412834482296,ssr__lag,5
ssr,lag,3,11.876588,0.44,12.951992,1.00171464091112,0.999826974362719,1.00347466448503,ssr__lag,5
ssr,lag,3,12.095456,0.45,12.951992,1.00145511880564,0.999978193631912,1.0027839180156,ssr__lag,5
ssr,lag,3,12.28402688,0.46,12.951992,1.00118356918178,1.00006361524385,1.00219604585501,ssr__lag,5
ssr,lag,3,12.459274,0.47,12.951992,1.00091018394871,1.00010691544894,1.0016450282175,ssr__lag,5
ssr,lag,3,12.624008,0.48,12.951992,1.00063285845597,1.00011279013567,1.00110338832184,ssr__lag,5
ssr,lag,3,12.7923739538,0.49,12.951992,1.00031999673312,1.00007932567658,1.0005407383349,ssr__lag,5
ssr,lag,3,12.951992,0.5,12.951992,1,1,1,ssr__lag,5
ssr,lag,3,13.111232,0.51,12.951992,0.999656813725228,0.999454528356875,0.999888989313984,ssr__lag,5
ssr,lag,3,13.279904,0.52,12.951992,0.999275306561535,0.998864309829712,0.999763905691634,ssr__lag,5
ssr,lag,3,13.44872956,0.53,12.951992,0.99886063923893,0.998259671570877,0.999611984650045,ssr__lag,5
ssr,lag,3,13.615078,0.54,12.951992,0.998439674859173,0.997657200016342,0.99944804933264,ssr__lag,5
ssr,lag,3,13.7742668,0.55,12.951992,0.998033398543738,0.997047249427813,0.999254288679241,ssr__lag,5
ssr,lag,3,13.92626144,0.56,12.951992,0.997628445667807,0.996479171112114,0.999077283181709,ssr__lag,5
ssr,lag,3,14.085936,0.57,12.951992,0.997175931050295,0.995860024103553,0.998866705977008,ssr__lag,5
ssr,lag,3,14.266164,0.58,12.951992,0.996660287052358,0.995118949960721,0.998658507899486,ssr__lag,5
ssr,lag,3,14.462852,0.59,12.951992,0.996106623055717,0.994256770780835,0.998328924394114,ssr__lag,5
ssr,lag,3,14.661116,0.6,12.951992,0.995511215714318,0.993409214289712,0.997929487067642,ssr__lag,5
ssr,lag,3,14.86275552,0.61,12.951992,0.994916745196111,0.992493025461825,0.997682426527638,ssr__lag,5
ssr,lag,3,15.102828,0.62,12.951992,0.994191488295676,0.991308968821455,0.997410748284513,ssr__lag,5
ssr,lag,3,15.319168,0.63,12.951992,0.993524505657603,0.990267969125964,0.997208276662608,ssr__lag,5
ssr,lag,3,15.571802,0.64,12.951992,0.992680448980624,0.988968847293457,0.996876391728288,ssr__lag,5
ssr,lag,3,15.810170492,0.65,12.951992,0.991917238067128,0.987736976042852,0.996591788843225,ssr__lag,5
ssr,lag,3,16.09252,0.66,12.951992,0.991041591258187,0.986266781431551,0.996312763022025,ssr__lag,5
ssr,lag,3,16.36621968,0.67,12.951992,0.990165108866887,0.984892880129682,0.995964193186125,ssr__lag,5
ssr,lag,3,16.616656,0.68,12.951992,0.989405951713712,0.983539547306249,0.995648169485108,ssr__lag,5
ssr,lag,3,16.885948,0.69,12.951992,0.988624621352165,0.982197917957889,0.995313014169301,ssr__lag,5
ssr,lag,3,17.17008,0.7,12.951992,0.987877109676844,0.980843161974257,0.995082750030448,ssr__lag,5
ssr,lag,3,17.469936,0.71,12.951992,0.98714487662928,0.979508036085119,0.994889052258625,ssr__lag,5
ssr,lag,3,17.77971664,0.72,12.951992,0.986444515092908,0.978211821217826,0.994721783895304,ssr__lag,5
ssr,lag,3,18.09634716,0.73,12.951992,0.98574381689039,0.976988257699712,0.994708598758595,ssr__lag,5
ssr,lag,3,18.40144784,0.74,12.951992,0.985209731614624,0.975933349648079,0.994680724445207,ssr__lag,5
ssr,lag,3,18.723212,0.75,12.951992,0.984706853550859,0.974980337424038,0.994581219108979,ssr__lag,5
ssr,lag,3,19.03405856,0.76,12.951992,0.984339089649686,0.974235457287648,0.994510066440426,ssr__lag,5
ssr,lag,3,19.330412,0.77,12.951992,0.984059989397557,0.973686321665586,0.994464637950845,ssr__lag,5
ssr,lag,3,19.640488,0.78,12.951992,0.983949112473246,0.973305455059222,0.994519462158695,ssr__lag,5
ssr,lag,3,19.93006138,0.79,12.951992,0.983913284270363,0.973113577798324,0.994648735765183,ssr__lag,5
ssr,lag,3,20.242004,0.8,12.951992,0.983845883619164,0.973061345826775,0.99470197813809,ssr__lag,5
ssr,lag,3,20.557156,0.81,12.951992,0.983889648185178,0.972923606841613,0.994894172148704,ssr__lag,5
ssr,lag,3,20.86391825,0.82,12.951992,0.984032052371508,0.973060871097618,0.995181724511609,ssr__lag,5
ssr,lag,3,21.146182,0.83,12.951992,0.984282093081693,0.973163483099222,0.995481090048445,ssr__lag,5
ssr,lag,3,21.44854315,0.84,12.951992,0.984632972274119,0.973463017700296,0.995578824762488,ssr__lag,5
ssr,lag,3,21.7668114,0.85,12.951992,0.985016999697733,0.973892497840135,0.995742677222606,ssr__lag,5
ssr,lag,3,22.0917784,0.86,12.951992,0.985481404689615,0.974546600293543,0.996108085621339,ssr__lag,5
ssr,lag,3,22.409172,0.87,12.951992,0.986001227786344,0.975067029739374,0.996670399096747,ssr__lag,5
ssr,lag,3,22.73361,0.88,12.951992,0.986704787351987,0.975361946287124,0.997520172868185,ssr__lag,5
ssr,lag,3,23.06091188,0.89,12.951992,0.987545617229214,0.976077086156512,0.998218210854674,ssr__lag,5
ssr,lag,3,23.396028,0.9,12.951992,0.988182490379239,0.977035112813283,0.998552327244537,ssr__lag,5
ssr,lag,3,23.76181932,0.91,12.951992,0.989092004870244,0.978152780667704,0.999157910946457,ssr__lag,5
ssr,lag,3,24.15172,0.92,12.951992,0.990134657561468,0.978975217665921,1.00015142621382,ssr__lag,5
ssr,lag,3,24.53726724,0.93,12.951992,0.991204599400651,0.980069447526689,1.00164786805278,ssr__lag,5
ssr,lag,3,24.93179,0.94,12.951992,0.99232397252579,0.981117610638753,1.00292761927734,ssr__lag,5
ssr,lag,3,25.34258,0.95,12.951992,0.993759083130043,0.982163828004913,1.00477615588175,ssr__lag,5
ssr,lag,3,25.7937344000001,0.96,12.951992,0.995365265894883,0.983003612947123,1.00719312381322,ssr__lag,5
ssr,lag,3,26.314284,0.97,12.951992,0.997349090360214,0.984659476315838,1.00984011128735,ssr__lag,5
ssr,lag,3,26.920192,0.98,12.951992,0.999701946899943,0.986029699359227,1.01348675516199,ssr__lag,5
ssr,lag,3,27.695812,0.99,12.951992,1.00283458060596,0.986983356094521,1.01831460563316,ssr__lag,5
ssr,mavg,4,1.944673,0.01,12.787697,0.975500553037865,0.949077790917719,1.00515080598331,ssr__mavg,6
ssr,mavg,4,2.6523456,0.02,12.787697,0.976328084565939,0.95234974920798,1.00319582771472,ssr__mavg,6
ssr,mavg,4,3.189328,0.03,12.787697,0.977064151355678,0.954755927531538,1.00223372517667,ssr__mavg,6
ssr,mavg,4,3.61973228832,0.04,12.787697,0.977843292327192,0.956366342668642,1.00137716272461,ssr__mavg,6
ssr,mavg,4,4.02205824,0.05,12.787697,0.978085533201065,0.957855072557699,1.00056727184886,ssr__mavg,6
ssr,mavg,4,4.38614026666667,0.06,12.787697,0.978873974539714,0.959170412880767,1.00084647331505,ssr__mavg,6
ssr,mavg,4,4.71550509090909,0.07,12.787697,0.979432187155525,0.960149207058254,1.00064695560927,ssr__mavg,6
ssr,mavg,4,5.02689664,0.08,12.787697,0.979880585074458,0.961467574483533,1.00011271259714,ssr__mavg,6
ssr,mavg,4,5.31854136,0.09,12.787697,0.980130475393825,0.962799917831706,1.00002070090284,ssr__mavg,6
ssr,mavg,4,5.590286,0.1,12.787697,0.980493556449327,0.963499430258713,0.999458048534684,ssr__mavg,6
ssr,mavg,4,5.85069116533333,0.11,12.787697,0.980909604363345,0.96446578596994,0.998833068834656,ssr__mavg,6
ssr,mavg,4,6.100882,0.12,12.787697,0.981336698691344,0.965251937263077,0.998696553099459,ssr__mavg,6
ssr,mavg,4,6.34631533333333,0.13,12.787697,0.981813981657045,0.966050271487193,0.998821251488972,ssr__mavg,6
ssr,mavg,4,6.580677856,0.14,12.787697,0.982288376380652,0.967121194805458,0.999230089336988,ssr__mavg,6
ssr,mavg,4,6.80805926666667,0.15,12.787697,0.982830130607989,0.968013924900616,0.999294506405639,ssr__mavg,6
ssr,mavg,4,7.02449127272727,0.16,12.787697,0.983642371250568,0.968748708553335,0.999279707919474,ssr__mavg,6
ssr,mavg,4,7.23230030729333,0.17,12.787697,0.984041049524527,0.969563959605383,0.999327181532833,ssr__mavg,6
ssr,mavg,4,7.43513077818182,0.18,12.787697,0.984436959051896,0.970265138417975,0.99960073014773,ssr__mavg,6
ssr,mavg,4,7.64223791428571,0.19,12.787697,0.984819676965397,0.970822297183488,0.999760129877885,ssr__mavg,6
ssr,mavg,4,7.8380788952381,0.2,12.787697,0.985290761598632,0.971407248814784,0.999923734351322,ssr__mavg,6
ssr,mavg,4,8.03816607428571,0.21,12.787697,0.985767064471406,0.972152492740274,0.999994249563851,ssr__mavg,6
ssr,mavg,4,8.23024508,0.22,12.787697,0.986298390880059,0.972973563456988,1.00012941323523,ssr__mavg,6
ssr,mavg,4,8.42263443,0.23,12.787697,0.986940292102875,0.973891402682673,1.00024359335544,ssr__mavg,6
ssr,mavg,4,8.61453718857143,0.24,12.787697,0.987515789246431,0.974976724071229,1.00033581626524,ssr__mavg,6
ssr,mavg,4,8.7989433,0.25,12.787697,0.988002147415634,0.975958249688794,1.00049283191969,ssr__mavg,6
ssr,mavg,4,8.98352706505051,0.26,12.787697,0.988503735958173,0.977060927889495,1.00063823263507,ssr__mavg,6
ssr,mavg,4,9.16066517974667,0.27,12.787697,0.989026061591293,0.97824312330735,1.00066607838276,ssr__mavg,6
ssr,mavg,4,9.33826191824727,0.28,12.787697,0.989562127913682,0.979452874647048,1.00079313987779,ssr__mavg,6
ssr,mavg,4,9.50963934,0.29,12.787697,0.99008194294115,0.980638462845715,1.00089184611614,ssr__mavg,6
ssr,mavg,4,9.67503075555555,0.3,12.787697,0.990605222498164,0.98171750758862,1.00093439412932,ssr__mavg,6
ssr,mavg,4,9.83952432,0.31,12.787697,0.991178444048931,0.982756722510718,1.0009125460242,ssr__mavg,6
ssr,mavg,4,10.0036404228571,0.32,12.787697,0.991740503036133,0.983863834342153,1.00088909968838,ssr__mavg,6
ssr,mavg,4,10.16343928,0.33,12.787697,0.992301163216177,0.984963162525472,1.00086118929667,ssr__mavg,6
ssr,mavg,4,10.322014380832,0.34,12.787697,0.9927993522886,0.986045089769662,1.00076109956089,ssr__mavg,6
ssr,mavg,4,10.48074885,0.35,12.787697,0.993349665648959,0.987062323040898,1.00061911459309,ssr__mavg,6
ssr,mavg,4,10.640083392,0.36,12.787697,0.993922336352232,0.988069404315645,1.00051660695627,ssr__mavg,6
ssr,mavg,4,10.794844,0.37,12.787697,0.994455563195113,0.989030205777465,1.00046306799773,ssr__mavg,6
ssr,mavg,4,10.95158032,0.38,12.787697,0.994946046908868,0.989995807257595,1.00048278464693,ssr__mavg,6
ssr,mavg,4,11.1067491885714,0.39,12.787697,0.995417022655108,0.990942636656946,1.00050463133545,ssr__mavg,6
ssr,mavg,4,11.26097152,0.4,12.787697,0.995924770145214,0.991913057802268,1.00043759413993,ssr__mavg,6
ssr,mavg,4,11.41750094,0.41,12.787697,0.996425469565293,0.99287618151946,1.00036069707337,ssr__mavg,6
ssr,mavg,4,11.575937763504,0.42,12.787697,0.996941607801597,0.993821220674023,1.00025615381003,ssr__mavg,6
ssr,mavg,4,11.7291736536364,0.43,12.787697,0.997393027471833,0.99467822653059,1.00021783383554,ssr__mavg,6
ssr,mavg,4,11.8854656133333,0.44,12.787697,0.99780880294695,0.995551026492978,1.00018480019952,ssr__mavg,6
ssr,mavg,4,12.03982874,0.45,12.787697,0.998243282795703,0.996357911399215,1.00015107592886,ssr__mavg,6
ssr,mavg,4,12.19248176,0.46,12.787697,0.998645657662186,0.997141563699081,1.00013124228522,ssr__mavg,6
ssr,mavg,4,12.3422409527273,0.47,12.787697,0.999002164771479,0.997900202476739,1.00011310465283,ssr__mavg,6
ssr,mavg,4,12.489190576,0.48,12.787697,0.999350554526801,0.998639773588735,1.00007427086831,ssr__mavg,6
ssr,mavg,4,12.63607092,0.49,12.787697,0.999688355053238,0.999324713162314,1.00004705808517,ssr__mavg,6
ssr,mavg,4,12.787697,0.5,12.787697,1,1,1,ssr__mavg,6
ssr,mavg,4,12.9388510666667,0.51,12.787697,1.00028416117756,0.999952228699046,1.00064307338869,ssr__mavg,6
ssr,mavg,4,13.0909324,0.52,12.787697,1.00055601632008,0.999904064419613,1.00125688522548,ssr__mavg,6
ssr,mavg,4,13.2422424783875,0.53,12.787697,1.00079156397809,0.999820006098325,1.00181740496653,ssr__mavg,6
ssr,mavg,4,13.39640408,0.54,12.787697,1.00101892137711,0.999724236755411,1.0023797916908,ssr__mavg,6
ssr,mavg,4,13.54846681,0.55,12.787697,1.00121839489494,0.999609739220087,1.00289692439025,ssr__mavg,6
ssr,mavg,4,13.6976573333333,0.56,12.787697,1.00138801832845,0.999420260166978,1.0034180968489,ssr__mavg,6
ssr,mavg,4,13.8487551007792,0.57,12.787697,1.00153716314575,0.999201690453524,1.00392517555946,ssr__mavg,6
ssr,mavg,4,13.9949158933333,0.58,12.787697,1.00162969887124,0.998942271732137,1.00440150548855,ssr__mavg,6
ssr,mavg,4,14.14779,0.59,12.787697,1.00173081488226,0.998693047360871,1.00489251565342,ssr__mavg,6
ssr,mavg,4,14.316496,0.6,12.787697,1.00182652606241,0.998302254117958,1.00542015580243,ssr__mavg,6
ssr,mavg,4,14.4890822,0.61,12.787697,1.00190712586532,0.997907078339352,1.00592665749351,ssr__mavg,6
ssr,mavg,4,14.6566642819048,0.62,12.787697,1.00193092017156,0.997493012003941,1.00645134674545,ssr__mavg,6
ssr,mavg,4,14.82728228,0.63,12.787697,1.00195408111735,0.996997686792207,1.00705987346117,ssr__mavg,6
ssr,mavg,4,15.00565864,0.64,12.787697,1.00195832062903,0.996513649427778,1.00768224320738,ssr__mavg,6
ssr,mavg,4,15.1854037704545,0.65,12.787697,1.00194370563888,0.99597387894232,1.00826467751657,ssr__mavg,6
ssr,mavg,4,15.3629884336,0.66,12.787697,1.00188401508649,0.995375577822355,1.00877241475278,ssr__mavg,6
ssr,mavg,4,15.5513,0.67,12.787697,1.00185758729,0.994801521648522,1.00926187233877,ssr__mavg,6
ssr,mavg,4,15.7395738707071,0.68,12.787697,1.00176321010247,0.994133914497015,1.00970919671244,ssr__mavg,6
ssr,mavg,4,15.92467629114,0.69,12.787697,1.00166420026835,0.993434115113996,1.01012673287679,ssr__mavg,6
ssr,mavg,4,16.1136532,0.7,12.787697,1.00151055609816,0.992713794512758,1.01057504444472,ssr__mavg,6
ssr,mavg,4,16.3027011428571,0.71,12.787697,1.00137412379233,0.99198891724208,1.01101522808143,ssr__mavg,6
ssr,mavg,4,16.49189872,0.72,12.787697,1.00119785803294,0.991246086133887,1.01143144830375,ssr__mavg,6
ssr,mavg,4,16.6861851418182,0.73,12.787697,1.00103549903913,0.99051721848584,1.01171364752044,ssr__mavg,6
ssr,mavg,4,16.8843102351515,0.74,12.787697,1.00085710238493,0.989793971844242,1.01196592659384,ssr__mavg,6
ssr,mavg,4,17.083352,0.75,12.787697,1.00059408694678,0.989086916743674,1.01224473862426,ssr__mavg,6
ssr,mavg,4,17.2934395985455,0.76,12.787697,1.00027151213788,0.988287899007097,1.01258727197307,ssr__mavg,6
ssr,mavg,4,17.5053112727273,0.77,12.787697,0.999945635128507,0.987467368713876,1.01273884604661,ssr__mavg,6
ssr,mavg,4,17.718464032,0.78,12.787697,0.999618339871988,0.986649628314412,1.01279172213722,ssr__mavg,6
ssr,mavg,4,17.93608008,0.79,12.787697,0.999220798388597,0.985862607499965,1.01279499633957,ssr__mavg,6
ssr,mavg,4,18.1623068,0.8,12.787697,0.998771737575639,0.985253908852076,1.01287655920456,ssr__mavg,6
ssr,mavg,4,18.3938196708571,0.81,12.787697,0.998350077126269,0.984673059096954,1.01299503339849,ssr__mavg,6
ssr,mavg,4,18.6314207393714,0.82,12.787697,0.997825225893511,0.983931089099564,1.01312341479179,ssr__mavg,6
ssr,mavg,4,18.8744522539,0.83,12.787697,0.997325452463202,0.983292455731682,1.01292726133408,ssr__mavg,6
ssr,mavg,4,19.1208155,0.84,12.787697,0.996845935631436,0.982825848171573,1.01259315396113,ssr__mavg,6
ssr,mavg,4,19.369656415,0.85,12.787697,0.996342483837442,0.981911111050044,1.01285740346644,ssr__mavg,6
ssr,mavg,4,19.632897344,0.86,12.787697,0.995811982014094,0.980784273993189,1.01266138662514,ssr__mavg,6
ssr,mavg,4,19.9049417937778,0.87,12.787697,0.995365441591259,0.979914194131265,1.01234744414481,ssr__mavg,6
ssr,mavg,4,20.1880339266667,0.88,12.787697,0.994671374875384,0.979020333303127,1.01210881571571,ssr__mavg,6
ssr,mavg,4,20.4975559782857,0.89,12.787697,0.993994798391461,0.977800410831864,1.01166277329888,ssr__mavg,6
ssr,mavg,4,20.8251022857143,0.9,12.787697,0.993275248217734,0.976511516095734,1.01151812795141,ssr__mavg,6
ssr,mavg,4,21.16694192,0.91,12.787697,0.992278609274487,0.975258802933602,1.0111443976952,ssr__mavg,6
ssr,mavg,4,21.543307392,0.92,12.787697,0.991328174693435,0.973943288553373,1.01017533293804,ssr__mavg,6
ssr,mavg,4,21.939771024,0.93,12.787697,0.989918332463809,0.972239743397046,1.00900864303749,ssr__mavg,6
ssr,mavg,4,22.3746434533333,0.94,12.787697,0.988810214061952,0.970182047227952,1.00784833660793,ssr__mavg,6
ssr,mavg,4,22.8378663971429,0.95,12.787697,0.987304966749795,0.967244450776464,1.00673236146398,ssr__mavg,6
ssr,mavg,4,23.3259882036364,0.96,12.787697,0.985694231836249,0.963864212399984,1.00621371516683,ssr__mavg,6
ssr,mavg,4,23.8906393965714,0.97,12.787697,0.984009947200211,0.960258397202006,1.00583032700866,ssr__mavg,6
ssr,mavg,4,24.5702555,0.98,12.787697,0.98164692197436,0.955376712564668,1.00521582207754,ssr__mavg,6
ssr,mavg,4,25.5998314666667,0.99,12.787697,0.977851778729468,0.947922214337643,1.00707710616851,ssr__mavg,6
uv,lag,3,0.1518779888,0.01,1.602408672,0.98980245124126,0.97138609588031,1.00726080810392,uv__lag,7
uv,lag,3,0.213804738,0.02,1.602408672,0.990480222709253,0.973965613624179,1.00588204919988,uv__lag,7
uv,lag,3,0.262914309,0.03,1.602408672,0.990914103583627,0.97646531917677,1.00501419633489,uv__lag,7
uv,lag,3,0.30814718764,0.04,1.602408672,0.991326092713846,0.97836827581051,1.00469458061606,uv__lag,7
uv,lag,3,0.347773233,0.05,1.602408672,0.991723162676508,0.97988673561161,1.00443531771346,uv__lag,7
uv,lag,3,0.382616959,0.06,1.602408672,0.9923461150227,0.980877337776153,1.00409780869681,uv__lag,7
uv,lag,3,0.417750824,0.07,1.602408672,0.992844607269992,0.981872736944209,1.00439708121846,uv__lag,7
uv,lag,3,0.450670075,0.08,1.602408672,0.993248191214515,0.9823675863005,1.00438965667472,uv__lag,7
uv,lag,3,0.482908917,0.09,1.602408672,0.993617648203003,0.982972068886394,1.00457009358362,uv__lag,7
uv,lag,3,0.513952899,0.1,1.602408672,0.994032687209791,0.98370124601628,1.00465866032851,uv__lag,7
uv,lag,3,0.54419106,0.11,1.602408672,0.994361159565374,0.983702451529794,1.00509269100675,uv__lag,7
uv,lag,3,0.5740503698,0.12,1.602408672,0.994779726850426,0.984040025038937,1.00528075777663,uv__lag,7
uv,lag,3,0.603616304,0.13,1.602408672,0.995185506459755,0.984743850119761,1.0055654184521,uv__lag,7
uv,lag,3,0.63170350208,0.14,1.602408672,0.995409522608379,0.984931522792132,1.00589179248108,uv__lag,7
uv,lag,3,0.657707503,0.15,1.602408672,0.99562095004092,0.984973303158974,1.00617815992297,uv__lag,7
uv,lag,3,0.685873397,0.16,1.602408672,0.99581102235626,0.985185987376756,1.00682403622857,uv__lag,7
uv,lag,3,0.71194736766,0.17,1.602408672,0.995883952707513,0.985336792435997,1.00747574721712,uv__lag,7
uv,lag,3,0.73830296868,0.18,1.602408672,0.996192315606014,0.98566602187534,1.00788383940304,uv__lag,7
uv,lag,3,0.764170156,0.19,1.602408672,0.996404369559264,0.985946486436489,1.00802757080832,uv__lag,7
uv,lag,3,0.7905876288,0.2,1.602408672,0.996645698149418,0.986227075995434,1.00827514710015,uv__lag,7
uv,lag,3,0.817221379,0.21,1.602408672,0.996890203745826,0.986526675626522,1.00858494670942,uv__lag,7
uv,lag,3,0.841981484,0.22,1.602408672,0.997098485361683,0.986795819724667,1.0086977206379,uv__lag,7
uv,lag,3,0.8693569,0.23,1.602408672,0.997383074778166,0.987194398625396,1.00888156520201,uv__lag,7
uv,lag,3,0.89504576,0.24,1.602408672,0.997543647201056,0.987479494579535,1.00902889032988,uv__lag,7
uv,lag,3,0.920997436,0.25,1.602408672,0.997692773175425,0.987897104363361,1.00895455821162,uv__lag,7
uv,lag,3,0.948425089,0.26,1.602408672,0.99794377357399,0.988420762188396,1.00899124351835,uv__lag,7
uv,lag,3,0.97531769462,0.27,1.602408672,0.998098214891029,0.988914168524855,1.00887323403112,uv__lag,7
uv,lag,3,1.00075964028,0.28,1.602408672,0.998297067546617,0.989320724629235,1.00872694973893,uv__lag,7
uv,lag,3,1.027963029,0.29,1.602408672,0.998528581068284,0.989627377938401,1.0085323054686,uv__lag,7
uv,lag,3,1.054094025,0.3,1.602408672,0.998728508272609,0.989966687241054,1.00831056665347,uv__lag,7
uv,lag,3,1.080290471,0.31,1.602408672,0.998947894416091,0.990346740428302,1.00805649835937,uv__lag,7
uv,lag,3,1.1057988152,0.32,1.602408672,0.999082766643303,0.990766150868416,1.00779057036211,uv__lag,7
uv,lag,3,1.13224090036,0.33,1.602408672,0.999250128768226,0.991278294553627,1.00757848266546,uv__lag,7
uv,lag,3,1.159713484,0.34,1.602408672,0.999395276348561,0.991827858787922,1.00738165033051,uv__lag,7
uv,lag,3,1.186434233,0.35,1.602408672,0.999524871998792,0.992425411677439,1.00715143948894,uv__lag,7
uv,lag,3,1.21446051816,0.36,1.602408672,0.999674458715383,0.993062427405794,1.00678174003881,uv__lag,7
uv,lag,3,1.2417229905,0.37,1.602408672,0.999805292262899,0.99368500859039,1.006369824571,uv__lag,7
uv,lag,3,1.269612176,0.38,1.602408672,0.999937533812098,0.994299775882082,1.00592759879255,uv__lag,7
uv,lag,3,1.296485212,0.39,1.602408672,1.00003296605839,0.994870939627744,1.00552815052827,uv__lag,7
uv,lag,3,1.323729708,0.4,1.602408672,1.00009488649899,0.995445453442512,1.00510105409999,uv__lag,7
uv,lag,3,1.35032709,0.41,1.602408672,1.00018986466212,0.995966204018193,1.00466150456853,uv__lag,7
uv,lag,3,1.378114201,0.42,1.602408672,1.00024072638761,0.996497453720025,1.00418214261891,uv__lag,7
uv,lag,3,1.404594531,0.43,1.602408672,1.00028142119209,0.99699279399724,1.0037088171293,uv__lag,7
uv,lag,3,1.432058604,0.44,1.602408672,1.00029704552146,0.997491430116032,1.00320454519827,uv__lag,7
uv,lag,3,1.459899783,0.45,1.602408672,1.00029864812901,0.997992712007868,1.00266947385476,uv__lag,7
uv,lag,3,1.48896145052,0.46,1.602408672,1.00028146829915,0.998490524774826,1.00210666889038,uv__lag,7
uv,lag,3,1.51623422688,0.47,1.602408672,1.0002527339663,0.998925257163756,1.00158336176805,uv__lag,7
uv,lag,3,1.544309304,0.48,1.602408672,1.00019096848465,0.999340766898682,1.00105378091905,uv__lag,7
uv,lag,3,1.573581019,0.49,1.602408672,1.00010693742784,0.999703157203562,1.00051804323612,uv__lag,7
uv,lag,3,1.602408672,0.5,1.602408672,1,1,1,uv__lag,7
uv,lag,3,1.63209122322,0.51,1.602408672,0.999872639027212,0.999481155575568,1.00023864891086,uv__lag,7
uv,lag,3,1.661968693,0.52,1.602408672,0.999715472049996,0.998975870823806,1.00041667994184,uv__lag,7
uv,lag,3,1.690811357,0.53,1.602408672,0.999538363493981,0.998490601854413,1.00053423268169,uv__lag,7
uv,lag,3,1.72027896676,0.54,1.602408672,0.999336929153655,0.997990952787462,1.00058495493805,uv__lag,7
uv,lag,3,1.7503909666,0.55,1.602408672,0.999113265272415,0.997481056461601,1.00059077093126,uv__lag,7
uv,lag,3,1.782223756,0.56,1.602408672,0.998876718598001,0.996978782232943,1.00055228238322,uv__lag,7
uv,lag,3,1.813248393,0.57,1.602408672,0.998600680409786,0.996517586151753,1.00049021346967,uv__lag,7
uv,lag,3,1.845118643,0.58,1.602408672,0.998330009288846,0.996102147079468,1.00037677158794,uv__lag,7
uv,lag,3,1.877945658,0.59,1.602408672,0.997993047701343,0.9956536695066,1.00021900539412,uv__lag,7
uv,lag,3,1.910097827,0.6,1.602408672,0.997647334886346,0.995074374164417,1.0001487897477,uv__lag,7
uv,lag,3,1.941854488,0.61,1.602408672,0.997306967051976,0.994519619022741,1.00000402794209,uv__lag,7
uv,lag,3,1.977327533,0.62,1.602408672,0.996924833784567,0.993699439939864,0.999817520362233,uv__lag,7
uv,lag,3,2.010165944,0.63,1.602408672,0.996512085846907,0.993214952690749,0.99975707029223,uv__lag,7
uv,lag,3,2.043144463,0.64,1.602408672,0.996078315692116,0.992642051768508,0.999614772360053,uv__lag,7
uv,lag,3,2.079535988,0.65,1.602408672,0.995625647540202,0.992104688088157,0.999387232251068,uv__lag,7
uv,lag,3,2.114840752,0.66,1.602408672,0.99526806441264,0.99146175193371,0.999100419565252,uv__lag,7
uv,lag,3,2.149753728,0.67,1.602408672,0.994853900900661,0.990741507833848,0.998866784427548,uv__lag,7
uv,lag,3,2.187356823,0.68,1.602408672,0.99435115651651,0.990029905636005,0.998727875691009,uv__lag,7
uv,lag,3,2.2258354235,0.69,1.602408672,0.993814359470015,0.989199099782906,0.998544939777354,uv__lag,7
uv,lag,3,2.265475525,0.7,1.602408672,0.993246923599714,0.9882654321421,0.99832804848197,uv__lag,7
uv,lag,3,2.305442102,0.71,1.602408672,0.992668230730173,0.98725912225232,0.998143920384858,uv__lag,7
uv,lag,3,2.346769631,0.72,1.602408672,0.992116154339946,0.986167160068102,0.998080931925139,uv__lag,7
uv,lag,3,2.38905849504,0.73,1.602408672,0.991517332225074,0.98506410277437,0.997946776910855,uv__lag,7
uv,lag,3,2.431274461,0.74,1.602408672,0.991040779432147,0.983947872304935,0.997786414311116,uv__lag,7
uv,lag,3,2.475798824,0.75,1.602408672,0.990427665939836,0.982791531205668,0.997633956747972,uv__lag,7
uv,lag,3,2.52086474804,0.76,1.602408672,0.989866599586596,0.981650063489651,0.997550158503981,uv__lag,7
uv,lag,3,2.570087707,0.77,1.602408672,0.989255979238478,0.980509405767197,0.997448868303475,uv__lag,7
uv,lag,3,2.61903858,0.78,1.602408672,0.988617156071311,0.979451626112531,0.997170933664835,uv__lag,7
uv,lag,3,2.67040879194,0.79,1.602408672,0.987938924923859,0.9783895837238,0.996831395141863,uv__lag,7
uv,lag,3,2.722770963,0.8,1.602408672,0.987271742486477,0.977357082196135,0.996583676603623,uv__lag,7
uv,lag,3,2.778576541,0.81,1.602408672,0.986525932425697,0.976311664071268,0.996356332620079,uv__lag,7
uv,lag,3,2.837944678,0.82,1.602408672,0.985881129419044,0.97525824780318,0.99614139815138,uv__lag,7
uv,lag,3,2.89833537,0.83,1.602408672,0.98516239401015,0.974248313938689,0.995952862350702,uv__lag,7
uv,lag,3,2.956498114,0.84,1.602408672,0.984477487965611,0.973288622578319,0.995781129201765,uv__lag,7
uv,lag,3,3.018801719,0.85,1.602408672,0.98370004244141,0.972242386745421,0.995455945501607,uv__lag,7
uv,lag,3,3.0860664292,0.86,1.602408672,0.983030568999128,0.971174753288956,0.994882285918781,uv__lag,7
uv,lag,3,3.155424306,0.87,1.602408672,0.982293044855848,0.970075067965976,0.994535109072516,uv__lag,7
uv,lag,3,3.227892421,0.88,1.602408672,0.981613411023397,0.969250971899497,0.993909441927003,uv__lag,7
uv,lag,3,3.31019733728,0.89,1.602408672,0.980858130161995,0.968247698090859,0.993601040835302,uv__lag,7
uv,lag,3,3.3960837768,0.9,1.602408672,0.979987211530252,0.967192583158224,0.993177856789683,uv__lag,7
uv,lag,3,3.49056723602,0.91,1.602408672,0.979187072496732,0.96606703989558,0.992368267880141,uv__lag,7
uv,lag,3,3.59490678488001,0.92,1.602408672,0.9784170052801,0.964889874969071,0.991764179645045,uv__lag,7
uv,lag,3,3.709798306,0.93,1.602408672,0.977497137326998,0.964169073857555,0.990791895326773,uv__lag,7
uv,lag,3,3.84644909908002,0.94,1.602408672,0.976454178378608,0.963069986700619,0.989850016944247,uv__lag,7
uv,lag,3,3.987738325,0.95,1.602408672,0.975737917846216,0.962385121111894,0.989099702428563,uv__lag,7
uv,lag,3,4.15814505468002,0.96,1.602408672,0.974533537776162,0.962011625498991,0.987983086353782,uv__lag,7
uv,lag,3,4.370001285,0.97,1.602408672,0.973311993260407,0.960457547582861,0.986607204849639,uv__lag,7
uv,lag,3,4.679744518,0.98,1.602408672,0.971945406424666,0.958028874595436,0.985349794372448,uv__lag,7
uv,lag,3,5.15570762076,0.99,1.602408672,0.970489745234902,0.952535974833616,0.986946675465871,uv__lag,7
uv,mavg,4,0.348939914625,0.01,1.76445038733333,1.03077519018493,0.997880836604225,1.06990718610146,uv__mavg,8
uv,mavg,4,0.429339396054857,0.02,1.76445038733333,1.02669213918875,0.998728734757727,1.06103313105899,uv__mavg,8
uv,mavg,4,0.4854468878,0.03,1.76445038733333,1.02405520695097,0.998426807997028,1.05554222794495,uv__mavg,8
uv,mavg,4,0.531460198256,0.04,1.76445038733333,1.02186552741808,0.998484849762798,1.05130669304736,uv__mavg,8
uv,mavg,4,0.570290150280909,0.05,1.76445038733333,1.02008395545556,0.997832728600012,1.04806873531561,uv__mavg,8
uv,mavg,4,0.608565775333333,0.06,1.76445038733333,1.01853156613752,0.997223052135394,1.04470875473132,uv__mavg,8
uv,mavg,4,0.64579285185,0.07,1.76445038733333,1.01684330332866,0.996223447279567,1.04154132998555,uv__mavg,8
uv,mavg,4,0.681987515212857,0.08,1.76445038733333,1.01529433371265,0.995677491639674,1.03892526839687,uv__mavg,8
uv,mavg,4,0.71707240557,0.09,1.76445038733333,1.01366772704058,0.995200514170836,1.03704005109615,uv__mavg,8
uv,mavg,4,0.753016215709091,0.1,1.76445038733333,1.01163910600591,0.994412536868946,1.03452816410244,uv__mavg,8
uv,mavg,4,0.789314563566667,0.11,1.76445038733333,1.01032151888082,0.993605901076368,1.03188782977025,uv__mavg,8
uv,mavg,4,0.825111005444444,0.12,1.76445038733333,1.00901203589811,0.992905173766635,1.03004796706974,uv__mavg,8
uv,mavg,4,0.860076582076,0.13,1.76445038733333,1.00774016510553,0.992432483283999,1.02784145804929,uv__mavg,8
uv,mavg,4,0.8951870418,0.14,1.76445038733333,1.00656506320735,0.992374159093469,1.02595490796673,uv__mavg,8
uv,mavg,4,0.92993914865,0.15,1.76445038733333,1.00549709526872,0.99202315119625,1.02385784858252,uv__mavg,8
uv,mavg,4,0.963910693706667,0.16,1.76445038733333,1.00462571490339,0.991081713658206,1.02179603204889,uv__mavg,8
uv,mavg,4,0.997829398578909,0.17,1.76445038733333,1.00375345583552,0.990078403180228,1.02034495747089,uv__mavg,8
uv,mavg,4,1.03049554549091,0.18,1.76445038733333,1.00314333351881,0.989542132413611,1.01916619469671,uv__mavg,8
uv,mavg,4,1.06210939533143,0.19,1.76445038733333,1.00239967607305,0.989271567242814,1.01808968423238,uv__mavg,8
uv,mavg,4,1.09264629635,0.2,1.76445038733333,1.00171473501348,0.988889940981417,1.01714137153881,uv__mavg,8
uv,mavg,4,1.12195891197,0.21,1.76445038733333,1.00134715734486,0.988341987912065,1.01635010513651,uv__mavg,8
uv,mavg,4,1.15037510146786,0.22,1.76445038733333,1.0009375371107,0.987920851704058,1.01541540446731,uv__mavg,8
uv,mavg,4,1.17856443613,0.23,1.76445038733333,1.00059978792104,0.987797189316924,1.01446581845948,uv__mavg,8
uv,mavg,4,1.20530174134667,0.24,1.76445038733333,1.00030141604593,0.987838605494213,1.01346504869823,uv__mavg,8
uv,mavg,4,1.23200291971429,0.25,1.76445038733333,1.00005871237794,0.988017029530867,1.01269779779646,uv__mavg,8
uv,mavg,4,1.25758901867,0.26,1.76445038733333,0.999778062247277,0.988140700106561,1.01195025947944,uv__mavg,8
uv,mavg,4,1.282364763396,0.27,1.76445038733333,0.999581026552967,0.98843883186741,1.0112177714033,uv__mavg,8
uv,mavg,4,1.30654421604,0.28,1.76445038733333,0.999490399100905,0.988898940795907,1.01049925038945,uv__mavg,8
uv,mavg,4,1.3309235534,0.29,1.76445038733333,0.999396475190121,0.98942527352873,1.00980615159908,uv__mavg,8
uv,mavg,4,1.35380810756444,0.3,1.76445038733333,0.999393044859962,0.989857852300979,1.00918875593697,uv__mavg,8
uv,mavg,4,1.3760796083675,0.31,1.76445038733333,0.99939836266501,0.990297809161993,1.00859388198581,uv__mavg,8
uv,mavg,4,1.39867697989333,0.32,1.76445038733333,0.999407175014827,0.990770540320082,1.00808047310653,uv__mavg,8
uv,mavg,4,1.42051298490667,0.33,1.76445038733333,0.999386466490914,0.991332065958813,1.00751168388633,uv__mavg,8
uv,mavg,4,1.44233979499048,0.34,1.76445038733333,0.999429865458482,0.991915948881337,1.0068663675985,uv__mavg,8
uv,mavg,4,1.46383086697403,0.35,1.76445038733333,0.999468333007544,0.992504175033799,1.00622499751571,uv__mavg,8
uv,mavg,4,1.485152064384,0.36,1.76445038733333,0.999490716510965,0.993097760767894,1.00560951159302,uv__mavg,8
uv,mavg,4,1.50586764633222,0.37,1.76445038733333,0.999530258533935,0.993648176124548,1.00503242578631,uv__mavg,8
uv,mavg,4,1.526465190626,0.38,1.76445038733333,0.999545628502041,0.99422854145834,1.00448014109281,uv__mavg,8
uv,mavg,4,1.54649524190691,0.39,1.76445038733333,0.99957616653173,0.994785321067712,1.00396464915753,uv__mavg,8
uv,mavg,4,1.56666881683333,0.4,1.76445038733333,0.999650392567176,0.995262253593065,1.00352330738788,uv__mavg,8
uv,mavg,4,1.58704123712,0.41,1.76445038733333,0.999683987351417,0.995752753334782,1.00314524106836,uv__mavg,8
uv,mavg,4,1.606860504844,0.42,1.76445038733333,0.999718093895595,0.996297148909817,1.00278024411435,uv__mavg,8
uv,mavg,4,1.6269823500725,0.43,1.76445038733333,0.999767880494618,0.996844806109689,1.00239723445865,uv__mavg,8
uv,mavg,4,1.6468283248,0.44,1.76445038733333,0.999822830973949,0.99739264466456,1.00203815397233,uv__mavg,8
uv,mavg,4,1.66686548877,0.45,1.76445038733333,0.999872977533907,0.997908727859759,1.0016786039515,uv__mavg,8
uv,mavg,4,1.68652428634,0.46,1.76445038733333,0.999915857707684,0.998390337788516,1.00130968038848,uv__mavg,8
uv,mavg,4,1.70586345254286,0.47,1.76445038733333,0.999951547211339,0.998826317312458,1.00095790497212,uv__mavg,8
uv,mavg,4,1.72568964166667,0.48,1.76445038733333,0.999985164910062,0.999249563048056,1.00061590989416,uv__mavg,8
uv,mavg,4,1.74493691477622,0.49,1.76445038733333,0.999997896311698,0.999647278047092,1.00030538745867,uv__mavg,8
uv,mavg,4,1.76445038733333,0.5,1.76445038733333,1,1,1,uv__mavg,8
uv,mavg,4,1.784299932875,0.51,1.76445038733333,0.999989994159284,0.99970062511767,1.00031966783031,uv__mavg,8
uv,mavg,4,1.80388643063,0.52,1.76445038733333,0.999957853695772,0.999413530257101,1.00059856258041,uv__mavg,8
uv,mavg,4,1.8229605780103,0.53,1.76445038733333,0.999921472583262,0.999145908810522,1.000821938788,uv__mavg,8
uv,mavg,4,1.84287854172343,0.54,1.76445038733333,0.999885577647638,0.998837261887054,1.00102801719539,uv__mavg,8
uv,mavg,4,1.86241789998143,0.55,1.76445038733333,0.999826104805684,0.998526787714276,1.00119843317148,uv__mavg,8
uv,mavg,4,1.88203713654667,0.56,1.76445038733333,0.999739661357097,0.998165231078076,1.00133019113965,uv__mavg,8
uv,mavg,4,1.90138614414545,0.57,1.76445038733333,0.999649114834111,0.9978114607337,1.00143728907836,uv__mavg,8
uv,mavg,4,1.921404196132,0.58,1.76445038733333,0.999551190495874,0.997476129123555,1.00148842902192,uv__mavg,8
uv,mavg,4,1.94150384552,0.59,1.76445038733333,0.999427511863859,0.99711084144262,1.00157510313437,uv__mavg,8
uv,mavg,4,1.961998434875,0.6,1.76445038733333,0.999347514974278,0.996645712589274,1.00164629771248,uv__mavg,8
uv,mavg,4,1.98221717749067,0.61,1.76445038733333,0.999205304495375,0.996220861780325,1.00169877676482,uv__mavg,8
uv,mavg,4,2.00237060346095,0.62,1.76445038733333,0.999051639094597,0.995843378691782,1.0017658285737,uv__mavg,8
uv,mavg,4,2.02306657566429,0.63,1.76445038733333,0.998899931055625,0.995298193068354,1.00186388116347,uv__mavg,8
uv,mavg,4,2.04410015614857,0.64,1.76445038733333,0.998707655918243,0.994744942009629,1.00200641969185,uv__mavg,8
uv,mavg,4,2.06535697559524,0.65,1.76445038733333,0.998520183747906,0.994275801848312,1.00213769319999,uv__mavg,8
uv,mavg,4,2.08687942271273,0.66,1.76445038733333,0.998364925641568,0.993709569003832,1.00219775810958,uv__mavg,8
uv,mavg,4,2.10905725368,0.67,1.76445038733333,0.99815252668571,0.99318292021943,1.00227976771571,uv__mavg,8
uv,mavg,4,2.13112084417576,0.68,1.76445038733333,0.997952686950544,0.992697566884698,1.00237144392703,uv__mavg,8
uv,mavg,4,2.15384876642914,0.69,1.76445038733333,0.997647413948949,0.992121373193404,1.00248289418852,uv__mavg,8
uv,mavg,4,2.17717991177778,0.7,1.76445038733333,0.997347895968143,0.991477400054877,1.00258552265301,uv__mavg,8
uv,mavg,4,2.20100500802,0.71,1.76445038733333,0.9970560810732,0.990833750084863,1.00267668467176,uv__mavg,8
uv,mavg,4,2.22499112551564,0.72,1.76445038733333,0.996732388472246,0.990170490341027,1.00275316546478,uv__mavg,8
uv,mavg,4,2.24943836022,0.73,1.76445038733333,0.996464638920441,0.98950215476728,1.00285429082058,uv__mavg,8
uv,mavg,4,2.27497951767792,0.74,1.76445038733333,0.996210950819975,0.988742539805504,1.00291068705974,uv__mavg,8
uv,mavg,4,2.30112956863333,0.75,1.76445038733333,0.99588671567927,0.987982052269435,1.00297590073532,uv__mavg,8
uv,mavg,4,2.3278282834,0.76,1.76445038733333,0.995539728958668,0.987336720633297,1.00293889491133,uv__mavg,8
uv,mavg,4,2.355320164288,0.77,1.76445038733333,0.995156957138701,0.986541132717054,1.00288200641452,uv__mavg,8
uv,mavg,4,2.38318826700364,0.78,1.76445038733333,0.994751330246931,0.985733724700154,1.00281084896123,uv__mavg,8
uv,mavg,4,2.4125659399175,0.79,1.76445038733333,0.994350822352182,0.985001716087361,1.00271861016203,uv__mavg,8
uv,mavg,4,2.44331356744722,0.8,1.76445038733333,0.993916550413171,0.984191167145413,1.00264092890153,uv__mavg,8
uv,mavg,4,2.4753730504,0.81,1.76445038733333,0.993452651119402,0.983209374862823,1.00249972654002,uv__mavg,8
uv,mavg,4,2.50921984259333,0.82,1.76445038733333,0.992972020188266,0.982295496722196,1.00242332803171,uv__mavg,8
uv,mavg,4,2.54473633550667,0.83,1.76445038733333,0.992447341200263,0.981399927655322,1.0022769485412,uv__mavg,8
uv,mavg,4,2.58137415002,0.84,1.76445038733333,0.991823515996284,0.980445229525006,1.0021277314345,uv__mavg,8
uv,mavg,4,2.62044221986,0.85,1.76445038733333,0.991257929884632,0.979424946617183,1.00193768835306,uv__mavg,8
uv,mavg,4,2.661516193,0.86,1.76445038733333,0.990561699529028,0.97829188887532,1.00170784981229,uv__mavg,8
uv,mavg,4,2.70610418765714,0.87,1.76445038733333,0.989844839793558,0.97709412435898,1.00144677283251,uv__mavg,8
uv,mavg,4,2.75275760735,0.88,1.76445038733333,0.989083947543388,0.975979757758621,1.00116929378853,uv__mavg,8
uv,mavg,4,2.80398904628556,0.89,1.76445038733333,0.988251092673815,0.974779703688188,1.00071119477286,uv__mavg,8
uv,mavg,4,2.8600263364,0.9,1.76445038733333,0.987364996494388,0.973491447181517,1.00025421977523,uv__mavg,8
uv,mavg,4,2.92110398281,0.91,1.76445038733333,0.986203544466648,0.971735518855699,0.999780359788528,uv__mavg,8
uv,mavg,4,2.98988345813455,0.92,1.76445038733333,0.9847587037385,0.970146067801103,0.999260918204727,uv__mavg,8
uv,mavg,4,3.06508101454679,0.93,1.76445038733333,0.983260360305439,0.968510822427571,0.998599831483877,uv__mavg,8
uv,mavg,4,3.15407605128571,0.94,1.76445038733333,0.981474080146423,0.966134583213373,0.997818830852694,uv__mavg,8
uv,mavg,4,3.25683188008334,0.95,1.76445038733333,0.979279374309006,0.963123217826517,0.997140150909793,uv__mavg,8
uv,mavg,4,3.38348148444,0.96,1.76445038733333,0.97653751899239,0.958964507034479,0.995306224089291,uv__mavg,8
uv,mavg,4,3.5457266406325,0.97,1.76445038733333,0.972995675737299,0.95337640995627,0.993320543458611,uv__mavg,8
uv,mavg,4,3.769745567625,0.98,1.76445038733333,0.967425051266811,0.945445891829765,0.990614376076907,uv__mavg,8
uv,mavg,4,4.142572226,0.99,1.76445038733333,0.957271853385483,0.929715707797457,0.988537672217189,uv__mavg,8
sp,lag,3,88.1985280156,0.01,100.3137165,0.966484570229961,0.867006818752397,1.07547185286487,sp__lag,9
sp,lag,3,90.57672201,0.02,100.3137165,0.967823053160065,0.892661243773753,1.04760984062484,sp__lag,9
sp,lag,3,91.89576937,0.03,100.3137165,0.969972323720711,0.906457137013119,1.03533804706388,sp__lag,9
sp,lag,3,92.32905404,0.04,100.3137165,0.970605817802461,0.91136687721822,1.03206674982146,sp__lag,9
sp,lag,3,92.86901139,0.05,100.3137165,0.971669619464998,0.916916271514998,1.02778047573808,sp__lag,9
sp,lag,3,93.3860835,0.06,100.3137165,0.973194555537164,0.921381928902975,1.02497873453636,sp__lag,9
sp,lag,3,94.10395768,0.07,100.3137165,0.974283792379097,0.927334857728518,1.02216062484527,sp__lag,9
sp,lag,3,95.2656756448,0.08,100.3137165,0.978127016611891,0.937787771799698,1.01693765600149,sp__lag,9
sp,lag,3,96.07557926,0.09,100.3137165,0.980955162922409,0.946653438429973,1.01551314129747,sp__lag,9
sp,lag,3,96.705284734,0.1,100.3137165,0.983267612918062,0.953097669666846,1.01298176719952,sp__lag,9
sp,lag,3,97.143047316,0.11,100.3137165,0.984851104023889,0.95770063001746,1.0124665889796,sp__lag,9
sp,lag,3,97.4507535684,0.12,100.3137165,0.986365368018481,0.961162469596639,1.01142330541081,sp__lag,9
sp,lag,3,97.70139893,0.13,100.3137165,0.987412914429127,0.963989740349477,1.01042487364119,sp__lag,9
sp,lag,3,97.9139523764,0.14,100.3137165,0.988319113561361,0.966268299023031,1.00960071367356,sp__lag,9
sp,lag,3,98.09685075,0.15,100.3137165,0.989272903195463,0.968471902390275,1.0090837053125,sp__lag,9
sp,lag,3,98.2660660552,0.16,100.3137165,0.990055065037266,0.970689119101829,1.00854517983952,sp__lag,9
sp,lag,3,98.4178326698,0.17,100.3137165,0.990570923741077,0.972670944357686,1.0080078045331,sp__lag,9
sp,lag,3,98.56568229,0.18,100.3137165,0.991278708416738,0.97483703735419,1.00743439955486,sp__lag,9
sp,lag,3,98.70787207,0.19,100.3137165,0.991906557883055,0.976768558668715,1.00683153112745,sp__lag,9
sp,lag,3,98.83829014,0.2,100.3137165,0.992562414912214,0.978552711612109,1.00617653431353,sp__lag,9
sp,lag,3,98.9557528588,0.21,100.3137165,0.993228892747061,0.980201061256055,1.00565335551697,sp__lag,9
sp,lag,3,99.06310449,0.22,100.3137165,0.993781424722197,0.981793374316184,1.00521278871261,sp__lag,9
sp,lag,3,99.1576556,0.23,100.3137165,0.994353310299065,0.9833806792325,1.00474309568632,sp__lag,9
sp,lag,3,99.23788216,0.24,100.3137165,0.99481692418485,0.984750084511298,1.00427718931534,sp__lag,9
sp,lag,3,99.30591748,0.25,100.3137165,0.995136598186532,0.985854711366662,1.00387773453552,sp__lag,9
sp,lag,3,99.3670635336,0.26,100.3137165,0.99547947203622,0.986863754260034,1.00354024326363,sp__lag,9
sp,lag,3,99.42058447,0.27,100.3137165,0.995758306096082,0.98777746948957,1.00332013051215,sp__lag,9
sp,lag,3,99.47264437,0.28,100.3137165,0.996000299781329,0.988678882216339,1.00307630384748,sp__lag,9
sp,lag,3,99.5197988916,0.29,100.3137165,0.996241797659073,0.989428021837589,1.00277980196028,sp__lag,9
sp,lag,3,99.56238086,0.3,100.3137165,0.996475190415628,0.990158701039027,1.00257202188764,sp__lag,9
sp,lag,3,99.6039056,0.31,100.3137165,0.996711342540218,0.990826450020199,1.00237300866782,sp__lag,9
sp,lag,3,99.6454498244,0.32,100.3137165,0.99696925638365,0.991412752304346,1.00215981193591,sp__lag,9
sp,lag,3,99.6836274892,0.33,100.3137165,0.997212104201025,0.991961450681774,1.00206238785657,sp__lag,9
sp,lag,3,99.72238688,0.34,100.3137165,0.997376860112674,0.992536068162063,1.00190935067131,sp__lag,9
sp,lag,3,99.75967822,0.35,100.3137165,0.997599664173193,0.993113267962485,1.00175251066998,sp__lag,9
sp,lag,3,99.7963050796,0.36,100.3137165,0.997780603507116,0.993630876529011,1.00170915932655,sp__lag,9
sp,lag,3,99.83223063,0.37,100.3137165,0.997935218824703,0.994126800730576,1.00166689465589,sp__lag,9
sp,lag,3,99.86879069,0.38,100.3137165,0.998138725229888,0.994650210291926,1.00157576950923,sp__lag,9
sp,lag,3,99.9063923156,0.39,100.3137165,0.998296862567316,0.995138708911493,1.00137707631715,sp__lag,9
sp,lag,3,99.94274382,0.4,100.3137165,0.998466098462775,0.995616972120339,1.00122323487796,sp__lag,9
sp,lag,3,99.97879248,0.41,100.3137165,0.998622070867793,0.996102039871267,1.00114265063134,sp__lag,9
sp,lag,3,100.0134603,0.42,100.3137165,0.998776887046974,0.996564319364067,1.00106763191604,sp__lag,9
sp,lag,3,100.049791862,0.43,100.3137165,0.998940092577005,0.996997055830056,1.00094613731741,sp__lag,9
sp,lag,3,100.0863729,0.44,100.3137165,0.999102865159959,0.997418582322746,1.00082031312226,sp__lag,9
sp,lag,3,100.1234995,0.45,100.3137165,0.999269016086332,0.997841354062883,1.00073795626921,sp__lag,9
sp,lag,3,100.15994948,0.46,100.3137165,0.999423755444481,0.998256158504155,1.00064416773889,sp__lag,9
sp,lag,3,100.196200662,0.47,100.3137165,0.999568439621281,0.99866165182803,1.00052951696137,sp__lag,9
sp,lag,3,100.2354977,0.48,100.3137165,0.999725258097434,0.999102582963162,1.00037875479974,sp__lag,9
sp,lag,3,100.274933852,0.49,100.3137165,0.999861674620533,0.999561465277328,1.00019405491752,sp__lag,9
sp,lag,3,100.3137165,0.5,100.3137165,1,1,1,sp__lag,9
sp,lag,3,100.3550671,0.51,100.3137165,1.00013847801155,0.999783697723556,1.0004683887284,sp__lag,9
sp,lag,3,100.3948901,0.52,100.3137165,1.00026498122847,0.999570822184891,1.00093717582098,sp__lag,9
sp,lag,3,100.4353122,0.53,100.3137165,1.00038779749286,0.999330214261721,1.00141667976031,sp__lag,9
sp,lag,3,100.4779826,0.54,100.3137165,1.00050817492301,0.999072637285203,1.00190182540189,sp__lag,9
sp,lag,3,100.5171043,0.55,100.3137165,1.00060673099724,0.998818490679236,1.00232675742855,sp__lag,9
sp,lag,3,100.5617174,0.56,100.3137165,1.00074778372511,0.998502755372186,1.00283594501097,sp__lag,9
sp,lag,3,100.604385722,0.57,100.3137165,1.00083323697985,0.998170116147334,1.00334806217041,sp__lag,9
sp,lag,3,100.6465239,0.58,100.3137165,1.00090390947754,0.997816079541083,1.00382827723232,sp__lag,9
sp,lag,3,100.687938366,0.59,100.3137165,1.00099223225533,0.997482786431961,1.00431930677273,sp__lag,9
sp,lag,3,100.732583,0.6,100.3137165,1.00110648720531,0.997103164482147,1.00485173368761,sp__lag,9
sp,lag,3,100.7748003,0.61,100.3137165,1.00120880694761,0.996741194543375,1.00532799731025,sp__lag,9
sp,lag,3,100.8173413,0.62,100.3137165,1.00128666938155,0.996362200150129,1.00586397789409,sp__lag,9
sp,lag,3,100.8628771,0.63,100.3137165,1.00136483047801,0.996009795789127,1.00642848925065,sp__lag,9
sp,lag,3,100.907009,0.64,100.3137165,1.00141646999085,0.995620384354619,1.00697428912592,sp__lag,9
sp,lag,3,100.9518643,0.65,100.3137165,1.00151426075267,0.995277705303442,1.00749974149908,sp__lag,9
sp,lag,3,100.9973643,0.66,100.3137165,1.00159460036384,0.994856223633243,1.00806292901172,sp__lag,9
sp,lag,3,101.0413011,0.67,100.3137165,1.00171759018537,0.994480959612339,1.00861205112461,sp__lag,9
sp,lag,3,101.08582,0.68,100.3137165,1.00180448509599,0.994171785264914,1.00916832616344,sp__lag,9
sp,lag,3,101.1307088,0.69,100.3137165,1.0019404158313,0.99388161860914,1.00967110028602,sp__lag,9
sp,lag,3,101.16965186,0.7,100.3137165,1.00204939150915,0.993599203461154,1.01010734384305,sp__lag,9
sp,lag,3,101.2110648,0.71,100.3137165,1.00208439248442,0.993311041566406,1.01058919047821,sp__lag,9
sp,lag,3,101.2503485,0.72,100.3137165,1.00214242502476,0.993054171833494,1.01110655352104,sp__lag,9
sp,lag,3,101.290154422,0.73,100.3137165,1.00230450292952,0.992812108600715,1.01163048397842,sp__lag,9
sp,lag,3,101.3313296,0.74,100.3137165,1.00241768244636,0.992582980902983,1.01206872756361,sp__lag,9
sp,lag,3,101.3740666,0.75,100.3137165,1.00261028656171,0.992370201045555,1.01247827950106,sp__lag,9
sp,lag,3,101.414522188,0.76,100.3137165,1.00276586139418,0.992202826610957,1.012897119336,sp__lag,9
sp,lag,3,101.4542759,0.77,100.3137165,1.00290176826821,0.992103681153228,1.01329788854762,sp__lag,9
sp,lag,3,101.4951455,0.78,100.3137165,1.00309629885981,0.992029079374502,1.01367656214403,sp__lag,9
sp,lag,3,101.5362269,0.79,100.3137165,1.00336696378181,0.991981594956671,1.01412266218279,sp__lag,9
sp,lag,3,101.5753158,0.8,100.3137165,1.00353664275516,0.991981871366391,1.01456715444026,sp__lag,9
sp,lag,3,101.6150739,0.81,100.3137165,1.00368210636043,0.992093954565595,1.01501424318087,sp__lag,9
sp,lag,3,101.6566151,0.82,100.3137165,1.00380859344712,0.992073581375756,1.01540148107229,sp__lag,9
sp,lag,3,101.701399862,0.83,100.3137165,1.00408830713012,0.992008152361554,1.01584368563387,sp__lag,9
sp,lag,3,101.7477464,0.84,100.3137165,1.00445408737023,0.992009122853714,1.0163772016644,sp__lag,9
sp,lag,3,101.7943804,0.85,100.3137165,1.00479866705179,0.992008631982841,1.01689783761171,sp__lag,9
sp,lag,3,101.839439416,0.86,100.3137165,1.00510329681649,0.992018027573314,1.01728797683253,sp__lag,9
sp,lag,3,101.8879637,0.87,100.3137165,1.00544988359802,0.992034470271808,1.01786214169707,sp__lag,9
sp,lag,3,101.9370671,0.88,100.3137165,1.00577438976015,0.992121361835582,1.01844250058695,sp__lag,9
sp,lag,3,101.989778192,0.89,100.3137165,1.00593115515231,0.992240842128753,1.01889430199958,sp__lag,9
sp,lag,3,102.0468776,0.9,100.3137165,1.00619457358035,0.992373491014685,1.01956158487482,sp__lag,9
sp,lag,3,102.1058784,0.91,100.3137165,1.00643801869311,0.992660250775833,1.02007425576528,sp__lag,9
sp,lag,3,102.1718674,0.92,100.3137165,1.0068587882115,0.992822602377186,1.02077814585312,sp__lag,9
sp,lag,3,102.237494262,0.93,100.3137165,1.00732869814983,0.993334191389425,1.02174436709056,sp__lag,9
sp,lag,3,102.3117498,0.94,100.3137165,1.00786032023416,0.993355015391504,1.02253868522765,sp__lag,9
sp,lag,3,102.39812249,0.95,100.3137165,1.00863164914238,0.993987847000963,1.02359501942322,sp__lag,9
sp,lag,3,102.4840923,0.96,100.3137165,1.00957332488332,0.994495843902665,1.02458032130009,sp__lag,9
sp,lag,3,102.5897521,0.97,100.3137165,1.01066213963723,0.99580760200975,1.02594831195547,sp__lag,9
sp,lag,3,102.7222959,0.98,100.3137165,1.01163335740553,0.996053735444893,1.02831414178994,sp__lag,9
sp,lag,3,102.929151,0.99,100.3137165,1.01379085652576,0.997716024433384,1.03237294860156,sp__lag,9
sp,mavg,4,88.1613038845,0.01,100.31247644,0.913288010861403,0.759613926651534,1.11752180253602,sp__mavg,10
sp,mavg,4,90.57908648016,0.02,100.31247644,0.898104845472269,0.754777474190418,1.07891671445908,sp__mavg,10
sp,mavg,4,91.917696045,0.03,100.31247644,0.897627149676699,0.756736469077791,1.05984423596445,sp__mavg,10
sp,mavg,4,92.3407861325,0.04,100.31247644,0.898343052384254,0.757915152277182,1.05544637479351,sp__mavg,10
sp,mavg,4,92.8723250197,0.05,100.31247644,0.897871457121654,0.76317346203899,1.0474984245482,sp__mavg,10
sp,mavg,4,93.3687400733333,0.06,100.31247644,0.898310766156819,0.768446305937896,1.04216389308773,sp__mavg,10
sp,mavg,4,94.07326531942,0.07,100.31247644,0.901461082511866,0.77688865339746,1.03754812775681,sp__mavg,10
sp,mavg,4,95.2781422743334,0.08,100.31247644,0.911543262873623,0.793981912307851,1.03019032908993,sp__mavg,10
sp,mavg,4,96.07637375996,0.09,100.31247644,0.920124255973261,0.813797960469927,1.02764726433056,sp__mavg,10
sp,mavg,4,96.7121348044444,0.1,100.31247644,0.927767839134695,0.83072225621595,1.02508481026422,sp__mavg,10
sp,mavg,4,97.16185685698,0.11,100.31247644,0.933990512811803,0.844750969359049,1.02182206891121,sp__mavg,10
sp,mavg,4,97.4627044096667,0.12,100.31247644,0.938682376647622,0.855460570687276,1.01949411738886,sp__mavg,10
sp,mavg,4,97.7153785386364,0.13,100.31247644,0.943044877519708,0.865343025902773,1.01744720306766,sp__mavg,10
sp,mavg,4,97.9241315616909,0.14,100.31247644,0.94665854846149,0.873988291080064,1.01569205882644,sp__mavg,10
sp,mavg,4,98.1093613837143,0.15,100.31247644,0.950098228882664,0.882037949750355,1.01408564882031,sp__mavg,10
sp,mavg,4,98.2706770928,0.16,100.31247644,0.953203077095633,0.88932378740929,1.01264873212576,sp__mavg,10
sp,mavg,4,98.4205721796,0.17,100.31247644,0.955829198176138,0.896258755514032,1.01144096738211,sp__mavg,10
sp,mavg,4,98.5726812128178,0.18,100.31247644,0.958864057820393,0.903375761185436,1.01027973320333,sp__mavg,10
sp,mavg,4,98.7167426709933,0.19,100.31247644,0.961725015549099,0.910496558585914,1.00928203799808,sp__mavg,10
sp,mavg,4,98.8502103618182,0.2,100.31247644,0.964725067506898,0.917396196429285,1.00831652846708,sp__mavg,10
sp,mavg,4,98.9695666606714,0.21,100.31247644,0.967309496697429,0.923781043779092,1.00742412106746,sp__mavg,10
sp,mavg,4,99.0817438334,0.22,100.31247644,0.970013838824618,0.930238028351078,1.00658957468996,sp__mavg,10
sp,mavg,4,99.18259704875,0.23,100.31247644,0.971973643788844,0.936371446012209,1.0055254045693,sp__mavg,10
sp,mavg,4,99.2673595045714,0.24,100.31247644,0.973939492667552,0.941433594117538,1.00459938546033,sp__mavg,10
sp,mavg,4,99.3349413991667,0.25,100.31247644,0.975445172958125,0.945396372788977,1.00396498787072,sp__mavg,10
sp,mavg,4,99.39329169783,0.26,100.31247644,0.976863795569044,0.948739406439021,1.00359220221693,sp__mavg,10
sp,mavg,4,99.44717584182,0.27,100.31247644,0.978201757127037,0.951754609371697,1.00324518647821,sp__mavg,10
sp,mavg,4,99.4966213548,0.28,100.31247644,0.979356618353057,0.954544618292589,1.00292729210787,sp__mavg,10
sp,mavg,4,99.5420306569,0.29,100.31247644,0.98047764506907,0.957221003575166,1.00253248245913,sp__mavg,10
sp,mavg,4,99.584064594,0.3,100.31247644,0.981540204271619,0.959875712870401,1.00213613149741,sp__mavg,10
sp,mavg,4,99.62427209475,0.31,100.31247644,0.982571232925689,0.962360535047995,1.00194746005422,sp__mavg,10
sp,mavg,4,99.662907795,0.32,100.31247644,0.983534355764407,0.964577720760099,1.00172634987468,sp__mavg,10
sp,mavg,4,99.69996436,0.33,100.31247644,0.984376405894021,0.966691566436485,1.00142753684373,sp__mavg,10
sp,mavg,4,99.7377361666667,0.34,100.31247644,0.985353676797274,0.968808701873019,1.00123257680003,sp__mavg,10
sp,mavg,4,99.7742436925,0.35,100.31247644,0.986305357220723,0.970851729853432,1.00117110816679,sp__mavg,10
sp,mavg,4,99.810066116,0.36,100.31247644,0.987190617514568,0.972854756168241,1.00108831539303,sp__mavg,10
sp,mavg,4,99.8458769306227,0.37,100.31247644,0.988155149374423,0.974854141073146,1.00091482640034,sp__mavg,10
sp,mavg,4,99.8806218346489,0.38,100.31247644,0.98894252180674,0.976840021747306,1.00078165986334,sp__mavg,10
sp,mavg,4,99.9146267801061,0.39,100.31247644,0.989875974713741,0.978776423045792,1.00072039222927,sp__mavg,10
sp,mavg,4,99.9487847656667,0.4,100.31247644,0.990806496160853,0.980787260864376,1.00049328787088,sp__mavg,10
sp,mavg,4,99.983124582,0.41,100.31247644,0.991696260642329,0.982784917123244,1.00043187726145,sp__mavg,10
sp,mavg,4,100.0179118284,0.42,100.31247644,0.992587664424841,0.984647756158663,1.00039873085369,sp__mavg,10
sp,mavg,4,100.05231735,0.43,100.31247644,0.993511873292692,0.98648394610208,1.00036383410414,sp__mavg,10
sp,mavg,4,100.08815740589,0.44,100.31247644,0.994470431462841,0.988437879105638,1.0003151804662,sp__mavg,10
sp,mavg,4,100.1246505236,0.45,100.31247644,0.995410115013405,0.990384944396884,1.00027160320369,sp__mavg,10
sp,mavg,4,100.160572542382,0.46,100.31247644,0.996302421369031,0.992321567838759,1.00018514667487,sp__mavg,10
sp,mavg,4,100.19735974038,0.47,100.31247644,0.99721138160916,0.994250835041265,1.00013365071869,sp__mavg,10
sp,mavg,4,100.235001153834,0.48,100.31247644,0.998126856528959,0.99614413669225,1.00009604102537,sp__mavg,10
sp,mavg,4,100.273007922727,0.49,100.31247644,0.999036833986795,0.998044230552522,1.00003184333849,sp__mavg,10
sp,mavg,4,100.31247644,0.5,100.31247644,1,1,1,sp__mavg,10
sp,mavg,4,100.352271426,0.51,100.31247644,1.00094761106787,0.999943652734735,1.00199869259882,sp__mavg,10
sp,mavg,4,100.392076850267,0.52,100.31247644,1.00186381006332,0.999865444734947,1.00400785290597,sp__mavg,10
sp,mavg,4,100.432300034914,0.53,100.31247644,1.00279686406591,0.999740179445619,1.00607773704217,sp__mavg,10
sp,mavg,4,100.472945344667,0.54,100.31247644,1.00367738126111,0.999583872395044,1.00817955044433,sp__mavg,10
sp,mavg,4,100.513187134375,0.55,100.31247644,1.00460757569617,0.999357680894746,1.01020580913132,sp__mavg,10
sp,mavg,4,100.55409178,0.56,100.31247644,1.0055373404581,0.999074997759833,1.01221589596634,sp__mavg,10
sp,mavg,4,100.5954553096,0.57,100.31247644,1.00641775832213,0.998785409129687,1.01431170442109,sp__mavg,10
sp,mavg,4,100.637923867,0.58,100.31247644,1.00730712261395,0.998554887761874,1.01642907520843,sp__mavg,10
sp,mavg,4,100.681565279,0.59,100.31247644,1.00819497271093,0.998141860059481,1.01879447131732,sp__mavg,10
sp,mavg,4,100.72555446,0.6,100.31247644,1.00910999779995,0.997592507530541,1.02126582630614,sp__mavg,10
sp,mavg,4,100.76940525,0.61,100.31247644,1.009987294946,0.996944370648338,1.02374074360087,sp__mavg,10
sp,mavg,4,100.81434735,0.62,100.31247644,1.01085189239552,0.996237921208993,1.02621414996235,sp__mavg,10
sp,mavg,4,100.861250522714,0.63,100.31247644,1.01168565500519,0.995535295855488,1.02870844074608,sp__mavg,10
sp,mavg,4,100.907991277714,0.64,100.31247644,1.01252830647871,0.994968996462986,1.0311571810567,sp__mavg,10
sp,mavg,4,100.953955174,0.65,100.31247644,1.01333028402133,0.99424090746404,1.03351674936172,sp__mavg,10
sp,mavg,4,100.998953376,0.66,100.31247644,1.01411455956483,0.993470656223538,1.03570232423914,sp__mavg,10
sp,mavg,4,101.044167771429,0.67,100.31247644,1.01488261476886,0.992716172657078,1.03790587561251,sp__mavg,10
sp,mavg,4,101.0875601422,0.68,100.31247644,1.01551122685503,0.992076033496391,1.04010486139672,sp__mavg,10
sp,mavg,4,101.132357538333,0.69,100.31247644,1.01634965067732,0.99130436624343,1.04213257020483,sp__mavg,10
sp,mavg,4,101.175931684,0.7,100.31247644,1.01687799123646,0.990632748395961,1.04414634974331,sp__mavg,10
sp,mavg,4,101.21973586,0.71,100.31247644,1.0176743927971,0.989987868437255,1.04626231666815,sp__mavg,10
sp,mavg,4,101.261633545455,0.72,100.31247644,1.01853968530674,0.989402665551663,1.04805235741107,sp__mavg,10
sp,mavg,4,101.303701327222,0.73,100.31247644,1.01918869283089,0.989026371070433,1.04975926573501,sp__mavg,10
sp,mavg,4,101.343882408667,0.74,100.31247644,1.01968124023249,0.988760310244865,1.05107131624764,sp__mavg,10
sp,mavg,4,101.383752875,0.75,100.31247644,1.02000468164797,0.988542286812894,1.05261653982549,sp__mavg,10
sp,mavg,4,101.4223084125,0.76,100.31247644,1.02023879207343,0.988377721205001,1.05427946305677,sp__mavg,10
sp,mavg,4,101.46078850175,0.77,100.31247644,1.0206829130759,0.988033097210239,1.05575247044046,sp__mavg,10
sp,mavg,4,101.5000685152,0.78,100.31247644,1.02111187801931,0.987661504770951,1.05684558246932,sp__mavg,10
sp,mavg,4,101.539681617,0.79,100.31247644,1.02142361884794,0.987202401446169,1.05759570701379,sp__mavg,10
sp,mavg,4,101.57914274,0.8,100.31247644,1.02189200593647,0.986624622410404,1.0587089019844,sp__mavg,10
sp,mavg,4,101.61813145,0.81,100.31247644,1.02229577467227,0.986078134482515,1.05980324771459,sp__mavg,10
sp,mavg,4,101.6564830125,0.82,100.31247644,1.02261877772648,0.985563816354792,1.06105598440177,sp__mavg,10
sp,mavg,4,101.695753307889,0.83,100.31247644,1.02298441451988,0.985131677317528,1.06211162340042,sp__mavg,10
sp,mavg,4,101.73558803,0.84,100.31247644,1.02305003821598,0.984946891883571,1.06312338947638,sp__mavg,10
sp,mavg,4,101.774658719048,0.85,100.31247644,1.02311435537675,0.984809138038038,1.06407286000091,sp__mavg,10
sp,mavg,4,101.817225236364,0.86,100.31247644,1.023193754058,0.984700742686405,1.06503941811102,sp__mavg,10
sp,mavg,4,101.861140097917,0.87,100.31247644,1.02342567881697,0.984623916623525,1.06576723499655,sp__mavg,10
sp,mavg,4,101.9060232068,0.88,100.31247644,1.0239811389951,0.98459778527545,1.06640638273737,sp__mavg,10
sp,mavg,4,101.951981433333,0.89,100.31247644,1.02412127093465,0.98424460774089,1.06679006265548,sp__mavg,10
sp,mavg,4,102.0014206375,0.9,100.31247644,1.02447965109007,0.9835947850009,1.06651679236475,sp__mavg,10
sp,mavg,4,102.053943448143,0.91,100.31247644,1.02445114786278,0.983380451748169,1.06667717004465,sp__mavg,10
sp,mavg,4,102.109737577778,0.92,100.31247644,1.02469620113504,0.982940334918692,1.06652232223995,sp__mavg,10
sp,mavg,4,102.170757633333,0.93,100.31247644,1.02461054628907,0.981509292032377,1.06646645853042,sp__mavg,10
sp,mavg,4,102.2371949595,0.94,100.31247644,1.02450909329535,0.980066788436133,1.06728166862476,sp__mavg,10
sp,mavg,4,102.309492509,0.95,100.31247644,1.02440260403073,0.979636151723899,1.0686445356326,sp__mavg,10
sp,mavg,4,102.390053542857,0.96,100.31247644,1.02457271927251,0.977528741710211,1.07027691507439,sp__mavg,10
sp,mavg,4,102.4833797,0.97,100.31247644,1.02458149561652,0.975494479957134,1.07074415014338,sp__mavg,10
sp,mavg,4,102.60412104,0.98,100.31247644,1.0243035317948,0.972614605648803,1.07159501720311,sp__mavg,10
sp,mavg,4,102.783485304667,0.99,100.31247644,1.02447129015389,0.966562263425755,1.07637767110867,sp__mavg,10
tp,lag,3,0,0.01,0.36459968,1.0038290725379,0.991398209087855,1.01691094220286,tp__lag,11
tp,lag,3,0.000423193,0.07,0.36459968,1.00381976367776,0.991441847743184,1.0168475627093,tp__lag,11
tp,lag,3,0.000435114,0.08,0.36459968,1.00381950149546,0.991443076757855,1.01684577777663,tp__lag,11
tp,lag,3,0.000441074,0.1,0.36459968,1.00381937041652,0.991443691205871,1.01684488539708,tp__lag,11
tp,lag,3,0.000852346,0.11,0.36459968,1.00381032779153,0.991486074791176,1.0167833309019,tp__lag,11
tp,lag,3,0.000858307,0.15,0.36459968,1.00381019677213,0.991486688801514,1.01678243915803,tp__lag,11
tp,lag,3,0.000864267,0.17,0.36459968,1.00381006577623,0.991487302698605,1.01678154757822,tp__lag,11
tp,lag,3,0.001120567,0.18,0.36459968,1.00380443409455,0.991513691635496,1.01674322162926,tp__lag,11
tp,lag,3,0.0012815,0.19,0.36459968,1.00380089971707,0.991530249204267,1.01671917343296,tp__lag,11
tp,lag,3,0.001292877,0.2,0.36459968,1.00380064991705,0.991531419319994,1.0167174739261,tp__lag,11
tp,lag,3,0.001561642,0.21,0.36459968,1.00379475129763,0.9915590441724,1.01667734932672,tp__lag,11
tp,lag,3,0.001710626,0.22,0.36459968,1.00379185584885,0.991574341511717,1.01665512869691,tp__lag,11
tp,lag,3,0.001716614,0.23,0.36459968,1.00379175226696,0.991574956087034,1.0166542359499,tp__lag,11
tp,lag,3,0.001722574,0.24,0.36459968,1.00379164917116,0.991575567768075,1.01665334740504,tp__lag,11
tp,lag,3,0.001938433,0.25,0.36459968,1.00378791647195,0.991597707202017,1.01662118551342,tp__lag,11
tp,lag,3,0.002152141,0.26,0.36459968,1.0037842234461,0.991619596722734,1.01658938344009,tp__lag,11
tp,lag,3,0.00257256106,0.27,0.36459968,1.00377696561315,0.991662572545392,1.01652693657023,tp__lag,11
tp,lag,3,0.00299031,0.28,0.36459968,1.00376976350272,0.991705161628376,1.01646503890612,tp__lag,11
tp,lag,3,0.003486872,0.29,0.36459968,1.00376121507916,0.991755638367632,1.01639166094892,tp__lag,11
tp,lag,3,0.004667044,0.3,0.36459968,1.00374095230848,0.99186246359213,1.01621812307879,tp__lag,11
tp,lag,3,0.0066787,0.31,0.36459968,1.0037065886397,0.992036415429816,1.01592509490835,tp__lag,11
tp,lag,3,0.009432435,0.32,0.36459968,1.00365990461894,0.99227106484258,1.0155296075811,tp__lag,11
tp,lag,3,0.012952089,0.33,0.36459968,1.00359421765532,0.992565180105604,1.01503352055308,tp__lag,11
tp,lag,3,0.017624205,0.34,0.36459968,1.00349524117477,0.992958344638484,1.0143911028862,tp__lag,11
tp,lag,3,0.0234666470000001,0.35,0.36459968,1.00338947206847,0.993476975904607,1.01361323129167,tp__lag,11
tp,lag,3,0.030702352,0.36,0.36459968,1.00321252519303,0.994083350011022,1.01268834189674,tp__lag,11
tp,lag,3,0.038916577,0.37,0.36459968,1.00302341474929,0.994708797376483,1.01168886904408,tp__lag,11
tp,lag,3,0.04948347,0.38,0.36459968,1.00285940763875,0.995553209134276,1.01050325505221,tp__lag,11
tp,lag,3,0.062301755,0.39,0.36459968,1.00266230778677,0.996551533549412,1.00918750225716,tp__lag,11
tp,lag,3,0.076159835,0.4,0.36459968,1.00244498098564,0.997334920544834,1.00778047688675,tp__lag,11
tp,lag,3,0.09191036166,0.41,0.36459968,1.00222982846486,0.99819463214199,1.00640345306946,tp__lag,11
tp,lag,3,0.110254299,0.42,0.36459968,1.00195127462833,0.998915911933361,1.00514985115317,tp__lag,11
tp,lag,3,0.130459666,0.43,0.36459968,1.00173762850307,0.999606781784543,1.00395267550526,tp__lag,11
tp,lag,3,0.15375298556,0.44,0.36459968,1.00150421601185,1.0001051159927,1.00303227242176,tp__lag,11
tp,lag,3,0.179868877,0.45,0.36459968,1.00124522113137,1.00017235390574,1.00223004119489,tp__lag,11
tp,lag,3,0.209302815,0.46,0.36459968,1.0009322856892,0.99988432571844,1.00191400976263,tp__lag,11
tp,lag,3,0.241054415420001,0.47,0.36459968,1.00067357301061,0.999717934620515,1.00164840803733,tp__lag,11
tp,lag,3,0.2779603,0.48,0.36459968,1.0004364196238,0.999611059516108,1.00129201489846,tp__lag,11
tp,lag,3,0.31866651794,0.49,0.36459968,1.0002199729919,0.999726661950049,1.00076150364572,tp__lag,11
tp,lag,3,0.36459968,0.5,0.36459968,1,1,1,tp__lag,11
tp,lag,3,0.417685509,0.51,0.36459968,0.999755713627172,0.999105707856067,1.00034723739355,tp__lag,11
tp,lag,3,0.478643179,0.52,0.36459968,0.999484112686975,0.998110539350982,1.00073425303104,tp__lag,11
tp,lag,3,0.542268157,0.53,0.36459968,0.999210424797031,0.997107374875281,1.00112503968059,tp__lag,11
tp,lag,3,0.609913468,0.54,0.36459968,0.998929429106306,0.996079885189601,1.00152600469905,tp__lag,11
tp,lag,3,0.6851771473,0.55,0.36459968,0.998628387424341,0.994983010572378,1.00195484931161,tp__lag,11
tp,lag,3,0.764811564240001,0.56,0.36459968,0.998321769268876,0.993874372615972,1.00238915917799,tp__lag,11
tp,lag,3,0.855423390620001,0.57,0.36459968,0.997993810515346,0.992675973999308,1.00285954924976,tp__lag,11
tp,lag,3,0.954385892440001,0.58,0.36459968,0.997656791658946,0.991441832362399,1.00334505864754,tp__lag,11
tp,lag,3,1.062899828,0.59,0.36459968,0.997311539652188,0.990175405028839,1.00384448158019,tp__lag,11
tp,lag,3,1.176088275,0.6,0.36459968,0.996977612036033,0.98894783551944,1.00433018020409,tp__lag,11
tp,lag,3,1.297745109,0.61,0.36459968,0.996644689446826,0.987730721231947,1.00481994389961,tp__lag,11
tp,lag,3,1.430130005,0.62,0.36459968,0.996306211901535,0.986521651987889,1.005318785725,tp__lag,11
tp,lag,3,1.572501659,0.63,0.36459968,0.995974674548617,0.985349310327483,1.00581002872039,tp__lag,11
tp,lag,3,1.73467301156,0.64,0.36459968,0.995637409556774,0.984166853094279,1.00631528940758,tp__lag,11
tp,lag,3,1.9036489086,0.65,0.36459968,0.995328609215066,0.983097598836905,1.00678369151217,tp__lag,11
tp,lag,3,2.078577876,0.66,0.36459968,0.995051753367899,0.98215385992801,1.00721017174375,tp__lag,11
tp,lag,3,2.261167764,0.67,0.36459968,0.994805872069573,0.981332615150034,1.00759646317964,tp__lag,11
tp,lag,3,2.460423112,0.68,0.36459968,0.994585215663482,0.980611178510934,1.0079550077725,tp__lag,11
tp,lag,3,2.683871984,0.69,0.36459968,0.994402929004242,0.979997456448801,1.0082868420172,tp__lag,11
tp,lag,3,2.903297544,0.7,0.36459968,0.994291816219798,0.979572278681468,1.00854839992964,tp__lag,11
tp,lag,3,3.141289228,0.71,0.36459968,0.994228696182611,0.979315975352834,1.00877134188106,tp__lag,11
tp,lag,3,3.38588953,0.72,0.36459968,0.994196046195075,0.979213330215314,1.0089357080263,tp__lag,11
tp,lag,3,3.666177392,0.73,0.36459968,0.99418996776833,0.979250331185848,1.00899637920842,tp__lag,11
tp,lag,3,3.999596834,0.74,0.36459968,0.99419114386936,0.979442935795096,1.00889480550152,tp__lag,11
tp,lag,3,4.3253093955,0.75,0.36459968,0.994234107256763,0.979676867646479,1.0086902564445,tp__lag,11
tp,lag,3,4.670634866,0.76,0.36459968,0.994276287214707,0.979855520004746,1.00847149582847,tp__lag,11
tp,lag,3,5.040788651,0.77,0.36459968,0.994338571478689,0.980046998136516,1.00813664129597,tp__lag,11
tp,lag,3,5.41499078612,0.78,0.36459968,0.994507239446277,0.980401352848683,1.0079826316211,tp__lag,11
tp,lag,3,5.802989006,0.79,0.36459968,0.99476299290874,0.980833834534374,1.00799480788192,tp__lag,11
tp,lag,3,6.2034678456,0.8,0.36459968,0.994947619674132,0.981037195953576,1.00788494046731,tp__lag,11
tp,lag,3,6.67254185686002,0.81,0.36459968,0.995122989202128,0.981273052843528,1.00790320927308,tp__lag,11
tp,lag,3,7.16041809192001,0.82,0.36459968,0.995181001347655,0.981509431187233,1.0079902938211,tp__lag,11
tp,lag,3,7.682144642,0.83,0.36459968,0.995360393442559,0.981629413494328,1.00815557485082,tp__lag,11
tp,lag,3,8.248898387,0.84,0.36459968,0.995469584013562,0.981577871306361,1.00832948073608,tp__lag,11
tp,lag,3,8.867951832,0.85,0.36459968,0.995729364808482,0.981808687402345,1.00845519845757,tp__lag,11
tp,lag,3,9.562715888,0.86,0.36459968,0.995941491460882,0.981888012670469,1.00864338437716,tp__lag,11
tp,lag,3,10.31671762,0.87,0.36459968,0.996051508649859,0.982102655370335,1.00884719269991,tp__lag,11
tp,lag,3,11.14078164,0.88,0.36459968,0.996245994746515,0.982404143086725,1.00913973434095,tp__lag,11
tp,lag,3,12.10832298,0.89,0.36459968,0.996422789409326,0.982598951942617,1.0094196109672,tp__lag,11
tp,lag,3,13.17867935,0.9,0.36459968,0.996567402645491,0.983049292814269,1.00963741520578,tp__lag,11
tp,lag,3,14.39255774,0.91,0.36459968,0.996965283995257,0.983414673586637,1.01032107032211,tp__lag,11
tp,lag,3,15.78173935,0.92,0.36459968,0.997459974028538,0.984067009421432,1.01075401870412,tp__lag,11
tp,lag,3,17.5191752902001,0.93,0.36459968,0.997883673835624,0.984612747463895,1.01130136129926,tp__lag,11
tp,lag,3,19.66069043,0.94,0.36459968,0.99855977954528,0.985178799260722,1.01232733557314,tp__lag,11
tp,lag,3,22.2094345690001,0.95,0.36459968,0.999337461435904,0.985326853385684,1.01344311899439,tp__lag,11
tp,lag,3,25.21609043,0.96,0.36459968,1.0003709915405,0.985295333209106,1.0146535199458,tp__lag,11
tp,lag,3,29.38915193,0.97,0.36459968,1.00213587232043,0.986243472634976,1.01683426994928,tp__lag,11
tp,lag,3,35.3470122808,0.98,0.36459968,1.00444963755539,0.987600637464153,1.02004306149306,tp__lag,11
tp,lag,3,44.8505195504,0.99,0.36459968,1.00818569422904,0.989571463911111,1.02532259335396,tp__lag,11
tp,mavg,4,0.000217557,0.01,2.31395059311111,1.00753274072572,0.992447892313654,1.02184592381957,tp__mavg,12
tp,mavg,4,0.000512003852,0.02,2.31395059311111,1.00753181470595,0.992450079361821,1.02184090258366,tp__mavg,12
tp,mavg,4,0.0007751064,0.03,2.31395059311111,1.00753098726598,0.992452033599023,1.02183641588814,tp__mavg,12
tp,mavg,4,0.000858307,0.04,2.31395059311111,1.00753072560635,0.992452651585741,1.02183499707032,tp__mavg,12
tp,mavg,4,0.0010584123,0.05,2.31395059311111,1.0075300962916,0.99245413790338,1.0218315846884,tp__mavg,12
tp,mavg,4,0.00128491696,0.06,2.31395059311111,1.00752938395538,0.992455820308918,1.02182772213543,tp__mavg,12
tp,mavg,4,0.0015765054,0.07,2.31395059311111,1.00752846694033,0.992457986139178,1.02182274974224,tp__mavg,12
tp,mavg,4,0.00210184234,0.08,2.31395059311111,1.00752681482099,0.992461888189221,1.02181379135921,tp__mavg,12
tp,mavg,4,0.00351071356,0.09,2.31395059311111,1.00752238415953,0.992472352905637,1.02178976686237,tp__mavg,12
tp,mavg,4,0.00705059659999997,0.1,2.31395059311111,1.00751125220916,0.99250935093951,1.0217294071993,tp__mavg,12
tp,mavg,4,0.013236521895,0.11,2.31395059311111,1.00751228660157,0.992579140163374,1.02162394382482,tp__mavg,12
tp,mavg,4,0.021755292644,0.12,2.31395059311111,1.00750162356027,0.992673573958016,1.02147874830473,tp__mavg,12
tp,mavg,4,0.032575447245,0.13,2.31395059311111,1.00745035105448,0.992793467248685,1.02129441733308,tp__mavg,12
tp,mavg,4,0.0463079369257143,0.14,2.31395059311111,1.00735765611593,0.992983954637829,1.02106066339458,tp__mavg,12
tp,mavg,4,0.0631568364045455,0.15,2.31395059311111,1.00735397036105,0.993258848978274,1.02070509394052,tp__mavg,12
tp,mavg,4,0.08240270592,0.16,2.31395059311111,1.00722632833344,0.993571866879238,1.02029125432221,tp__mavg,12
tp,mavg,4,0.104799963734,0.17,2.31395059311111,1.00715795347269,0.993932576145675,1.01981152510273,tp__mavg,12
tp,mavg,4,0.13002237566,0.18,2.31395059311111,1.0070346099235,0.994333656907343,1.01927426458138,tp__mavg,12
tp,mavg,4,0.158342719,0.19,2.31395059311111,1.00685735566163,0.994760280989158,1.0185284109993,tp__mavg,12
tp,mavg,4,0.189671592,0.2,2.31395059311111,1.00674010347327,0.995195057286818,1.01797369554942,tp__mavg,12
tp,mavg,4,0.223834164407333,0.21,2.31395059311111,1.00662298837847,0.995591856074667,1.01738420502211,tp__mavg,12
tp,mavg,4,0.2602457999,0.22,2.31395059311111,1.00649182842749,0.996065916953766,1.01668150066216,tp__mavg,12
tp,mavg,4,0.300448420176191,0.23,2.31395059311111,1.00637913504189,0.99616729301589,1.01604620162127,tp__mavg,12
tp,mavg,4,0.34436585054,0.24,2.31395059311111,1.00621276403077,0.996294362354232,1.01525622602345,tp__mavg,12
tp,mavg,4,0.393592221166667,0.25,2.31395059311111,1.0058665576822,0.996420846371137,1.01458863627627,tp__mavg,12
tp,mavg,4,0.447764931556,0.26,2.31395059311111,1.00553735212741,0.996276049083239,1.01403262054155,tp__mavg,12
tp,mavg,4,0.503937402656364,0.27,2.31395059311111,1.00536219511085,0.996161150592686,1.01356146628198,tp__mavg,12
tp,mavg,4,0.5629918304,0.28,2.31395059311111,1.00507994343511,0.996467672463186,1.01304158884489,tp__mavg,12
tp,mavg,4,0.6221112311725,0.29,2.31395059311111,1.00479005729669,0.996649342175813,1.01291051839865,tp__mavg,12
tp,mavg,4,0.684642581333333,0.3,2.31395059311111,1.00459602096004,0.996592929136288,1.01258250291833,tp__mavg,12
tp,mavg,4,0.748956280990476,0.31,2.31395059311111,1.00437767439376,0.996593401363506,1.01214684784382,tp__mavg,12
tp,mavg,4,0.815105222222222,0.32,2.31395059311111,1.00421090734998,0.996589995024729,1.01176837040984,tp__mavg,12
tp,mavg,4,0.883574784,0.33,2.31395059311111,1.00386605707901,0.996692181212453,1.01173283189833,tp__mavg,12
tp,mavg,4,0.9552872478,0.34,2.31395059311111,1.00359745403349,0.996448776681279,1.01156468949457,tp__mavg,12
tp,mavg,4,1.0283741012,0.35,2.31395059311111,1.0033592339632,0.996323631419679,1.01111470256457,tp__mavg,12
tp,mavg,4,1.10415429732935,0.36,2.31395059311111,1.00306307471387,0.996338644037681,1.01043350964191,tp__mavg,12
tp,mavg,4,1.17889035706,0.37,2.31395059311111,1.00287552733356,0.996332997721101,1.00992508368991,tp__mavg,12
tp,mavg,4,1.25760424428762,0.38,2.31395059311111,1.00265885298011,0.996437193594618,1.009224303885,tp__mavg,12
tp,mavg,4,1.33826296911833,0.39,2.31395059311111,1.00235655505199,0.996601426467901,1.00849743566989,tp__mavg,12
tp,mavg,4,1.41885863562,0.4,2.31395059311111,1.0021244228007,0.996656919470109,1.00782546664716,tp__mavg,12
tp,mavg,4,1.50006672242,0.41,2.31395059311111,1.00186777124174,0.996758083655191,1.00717846532539,tp__mavg,12
tp,mavg,4,1.5841189945,0.42,2.31395059311111,1.00163261073251,0.996965736552238,1.00653197638191,tp__mavg,12
tp,mavg,4,1.66883971794,0.43,2.31395059311111,1.00142358460429,0.997230101026639,1.00583253631501,tp__mavg,12
tp,mavg,4,1.75636131155,0.44,2.31395059311111,1.00121018113862,0.997548925766016,1.00507735764756,tp__mavg,12
tp,mavg,4,1.84589471165417,0.45,2.31395059311111,1.00100177762463,0.997913106471439,1.00428164242571,tp__mavg,12
tp,mavg,4,1.93624221971429,0.46,2.31395059311111,1.00078849729692,0.998317207023312,1.00344193388202,tp__mavg,12
tp,mavg,4,2.0268376125975,0.47,2.31395059311111,1.00058947469157,0.998727948174108,1.0026068176358,tp__mavg,12
tp,mavg,4,2.12111857899467,0.48,2.31395059311111,1.00038773913775,0.999154011656772,1.00172988169824,tp__mavg,12
tp,mavg,4,2.215417732463,0.49,2.31395059311111,1.00019405921304,0.999576267657344,1.00086959764379,tp__mavg,12
tp,mavg,4,2.31395059311111,0.5,2.31395059311111,1,1,1,tp__mavg,12
tp,mavg,4,2.415106572976,0.51,2.31395059311111,0.99980712043759,0.999149084769409,1.00040473613181,tp__mavg,12
tp,mavg,4,2.51736278881029,0.52,2.31395059311111,0.999617681785395,0.998336107130051,1.00078318395987,tp__mavg,12
tp,mavg,4,2.625065128755,0.53,2.31395059311111,0.999422031586406,0.997529883249425,1.00115354511541,tp__mavg,12
tp,mavg,4,2.732443163375,0.54,2.31395059311111,0.999235567967018,0.996774868372733,1.00149345219444,tp__mavg,12
tp,mavg,4,2.84548426760179,0.55,2.31395059311111,0.999038826548375,0.996031110842422,1.00182065914895,tp__mavg,12
tp,mavg,4,2.96027255957527,0.56,2.31395059311111,0.998846802491554,0.995327504467004,1.00212221851289,tp__mavg,12
tp,mavg,4,3.07913805306667,0.57,2.31395059311111,0.998657342150517,0.994651613538806,1.0023948411816,tp__mavg,12
tp,mavg,4,3.201547234168,0.58,2.31395059311111,0.998461283600066,0.994009297631235,1.00262722175501,tp__mavg,12
tp,mavg,4,3.324673573,0.59,2.31395059311111,0.998256382926721,0.993408743532841,1.00281681983301,tp__mavg,12
tp,mavg,4,3.45315715766667,0.6,2.31395059311111,0.998071602126865,0.992819275237115,1.00296723784588,tp__mavg,12
tp,mavg,4,3.58487019850182,0.61,2.31395059311111,0.997886094510873,0.992264451211122,1.00307992685229,tp__mavg,12
tp,mavg,4,3.71991554341939,0.62,2.31395059311111,0.997712178798127,0.991744779192097,1.00315418014191,tp__mavg,12
tp,mavg,4,3.8580750568,0.63,2.31395059311111,0.997549111787702,0.991261669005247,1.00320581451228,tp__mavg,12
tp,mavg,4,3.99790607483333,0.64,2.31395059311111,0.997418610180653,0.990819576102294,1.00322854680912,tp__mavg,12
tp,mavg,4,4.14701170296111,0.65,2.31395059311111,0.997247831590221,0.990414294279774,1.00323929733532,tp__mavg,12
tp,mavg,4,4.2930047386,0.66,2.31395059311111,0.997085542477867,0.990086555445846,1.00321117090802,tp__mavg,12
tp,mavg,4,4.450359574224,0.67,2.31395059311111,0.996933940016281,0.989778278050408,1.00317092642701,tp__mavg,12
tp,mavg,4,4.60841947505667,0.68,2.31395059311111,0.99677387776366,0.989503191221502,1.00312021423549,tp__mavg,12
tp,mavg,4,4.775454524658,0.69,2.31395059311111,0.996609160605265,0.989221869878626,1.00303879868235,tp__mavg,12
tp,mavg,4,4.94840887518,0.7,2.31395059311111,0.996394771844192,0.988970148440248,1.00289901437321,tp__mavg,12
tp,mavg,4,5.12807220749333,0.71,2.31395059311111,0.996298630787415,0.988737319739289,1.00285162709973,tp__mavg,12
tp,mavg,4,5.311421839228,0.72,2.31395059311111,0.996213138344098,0.988493164763813,1.00289023104124,tp__mavg,12
tp,mavg,4,5.505586077694,0.73,2.31395059311111,0.996079441077411,0.988219036380295,1.00283812484915,tp__mavg,12
tp,mavg,4,5.713799688,0.74,2.31395059311111,0.995922012481048,0.988074351939049,1.00272762895671,tp__mavg,12
tp,mavg,4,5.92966563758333,0.75,2.31395059311111,0.995718424726983,0.987823091820387,1.00258584274388,tp__mavg,12
tp,mavg,4,6.15211775848,0.76,2.31395059311111,0.995571000132781,0.987570293630565,1.00245433299581,tp__mavg,12
tp,mavg,4,6.38476112901111,0.77,2.31395059311111,0.995379085107162,0.987473986750425,1.00227006367943,tp__mavg,12
tp,mavg,4,6.63157367480667,0.78,2.31395059311111,0.995161045516258,0.987355190596728,1.00225877986721,tp__mavg,12
tp,mavg,4,6.8898921874,0.79,2.31395059311111,0.99497987750054,0.987097986792751,1.00210070696349,tp__mavg,12
tp,mavg,4,7.15736196381137,0.8,2.31395059311111,0.994711980589346,0.9868346981314,1.001956294433,tp__mavg,12
tp,mavg,4,7.445676627,0.81,2.31395059311111,0.994524614179914,0.986478501234516,1.00172606514318,tp__mavg,12
tp,mavg,4,7.75448043947637,0.82,2.31395059311111,0.994211825054153,0.985984657088619,1.00165609663695,tp__mavg,12
tp,mavg,4,8.065685842434,0.83,2.31395059311111,0.994007830228841,0.98578259573511,1.00165054120313,tp__mavg,12
tp,mavg,4,8.409590382118,0.84,2.31395059311111,0.993620327715191,0.985450239001083,1.00150136563061,tp__mavg,12
tp,mavg,4,8.77583980659999,0.85,2.31395059311111,0.993491754249828,0.98465456056199,1.00163423780413,tp__mavg,12
tp,mavg,4,9.17054728213818,0.86,2.31395059311111,0.993199489222824,0.98387720573029,1.00183023994042,tp__mavg,12
tp,mavg,4,9.6001431355,0.87,2.31395059311111,0.992853841192837,0.983117132211381,1.0021576697926,tp__mavg,12
tp,mavg,4,10.0665660996,0.88,2.31395059311111,0.992624625897549,0.982301545367128,1.00250970628749,tp__mavg,12
tp,mavg,4,10.5905330269045,0.89,2.31395059311111,0.992189675757618,0.981577549713972,1.00265980208506,tp__mavg,12
tp,mavg,4,11.1666750593636,0.9,2.31395059311111,0.991798508316093,0.980551486243785,1.00269795801313,tp__mavg,12
tp,mavg,4,11.8284629161636,0.91,2.31395059311111,0.991268958116945,0.979368794293552,1.00318103507589,tp__mavg,12
tp,mavg,4,12.5588736841246,0.92,2.31395059311111,0.990700603690355,0.977992266630603,1.00352550223932,tp__mavg,12
tp,mavg,4,13.427695763938,0.93,2.31395059311111,0.990211504228769,0.976145574015385,1.00406200387986,tp__mavg,12
tp,mavg,4,14.4376751854,0.94,2.31395059311111,0.989610342408592,0.974371772814484,1.00438708566847,tp__mavg,12
tp,mavg,4,15.6445536415818,0.95,2.31395059311111,0.988727639041285,0.972439337205951,1.00456331533175,tp__mavg,12
tp,mavg,4,17.209105950712,0.96,2.31395059311111,0.987781769112575,0.970064548143385,1.00511387968649,tp__mavg,12
tp,mavg,4,19.326521119865,0.97,2.31395059311111,0.986463417172148,0.966660127443675,1.00608950509941,tp__mavg,12
tp,mavg,4,22.665116924,0.98,2.31395059311111,0.984727469991522,0.961810737718978,1.00794375477651,tp__mavg,12
tp,mavg,4,29.225760368045,0.99,2.31395059311111,0.981802633483486,0.95330175500446,1.01141404056151,tp__mavg,12
PM25,lag,3,10.1000001505017,0.01,42.0000006258488,0.990425128566736,0.976718739589498,1.00575406512584,PM25__lag,13
PM25,lag,3,11.7000001743436,0.02,42.0000006258488,0.991106338496622,0.979163082737152,1.00385116607659,PM25__lag,13
PM25,lag,3,12.8000001907349,0.03,42.0000006258488,0.991681983162811,0.980640720118444,1.00278848551779,PM25__lag,13
PM25,lag,3,13.800000205636,0.04,42.0000006258488,0.992071326580263,0.981966157469819,1.00208353981911,PM25__lag,13
PM25,lag,3,14.600000217557,0.05,42.0000006258488,0.9924326923542,0.983097281152398,1.00174509185386,PM25__lag,13
PM25,lag,3,15.4000002294779,0.06,42.0000006258488,0.992672897131253,0.98369530757681,1.00160154460297,PM25__lag,13
PM25,lag,3,16.2000002413988,0.07,42.0000006258488,0.993174825213656,0.984609314466577,1.00140893434436,PM25__lag,13
PM25,lag,3,17.0000002533197,0.08,42.0000006258488,0.993515656294115,0.985327761023489,1.00162941843386,PM25__lag,13
PM25,lag,3,17.7000002637506,0.09,42.0000006258488,0.993783299569486,0.985778033834629,1.00177238790983,PM25__lag,13
PM25,lag,3,18.4000002741814,0.1,42.0000006258488,0.994058740976401,0.986076084495118,1.0018861114481,PM25__lag,13
PM25,lag,3,19.1000002846122,0.11,42.0000006258488,0.994353764368782,0.986715951495204,1.00203647079648,PM25__lag,13
PM25,lag,3,19.7000002935529,0.12,42.0000006258488,0.994649157496016,0.987105705711351,1.00226105558352,PM25__lag,13
PM25,lag,3,20.3000003024936,0.13,42.0000006258488,0.994907870544171,0.987330253634578,1.00238685314827,PM25__lag,13
PM25,lag,3,21.0000003129244,0.14,42.0000006258488,0.99515501636943,0.987756862342552,1.00267571991295,PM25__lag,13
PM25,lag,3,21.500000320375,0.15,42.0000006258488,0.995394963293117,0.987922226201361,1.00290742956858,PM25__lag,13
PM25,lag,3,22.1000003293157,0.16,42.0000006258488,0.995687446459719,0.988049008015765,1.00317965872118,PM25__lag,13
PM25,lag,3,22.7000003382564,0.17,42.0000006258488,0.995938956517458,0.988249194978892,1.00336925970594,PM25__lag,13
PM25,lag,3,23.3000003471971,0.18,42.0000006258488,0.996176768945453,0.988451790914582,1.00348551211064,PM25__lag,13
PM25,lag,3,23.9000003561378,0.19,42.0000006258488,0.996364154153572,0.988582193854667,1.00373684680885,PM25__lag,13
PM25,lag,3,24.4000003635883,0.2,42.0000006258488,0.996491077793123,0.988783837242032,1.00395376512065,PM25__lag,13
PM25,lag,3,25.000000372529,0.21,42.0000006258488,0.996671832692571,0.989181098936815,1.00414120997003,PM25__lag,13
PM25,lag,3,25.5000003799796,0.22,42.0000006258488,0.99685647962084,0.989470271967352,1.00422038777454,PM25__lag,13
PM25,lag,3,26.1000003889203,0.23,42.0000006258488,0.9970410511584,0.989605449035935,1.00428971901278,PM25__lag,13
PM25,lag,3,26.6000003963709,0.24,42.0000006258488,0.997177804687716,0.989732392184014,1.00432560206908,PM25__lag,13
PM25,lag,3,27.2000004053116,0.25,42.0000006258488,0.99735989472467,0.989990768907607,1.00444409876839,PM25__lag,13
PM25,lag,3,27.7000004127622,0.26,42.0000006258488,0.997522234342627,0.990244128167602,1.00461046762339,PM25__lag,13
PM25,lag,3,28.3000004217029,0.27,42.0000006258488,0.99768735472656,0.990569778132584,1.00476950927623,PM25__lag,13
PM25,lag,3,28.8000004291534,0.28,42.0000006258488,0.997780938504507,0.990844112709707,1.0048599590628,PM25__lag,13
PM25,lag,3,29.4000004380941,0.29,42.0000006258488,0.997925438863668,0.991196684000428,1.00492083814512,PM25__lag,13
PM25,lag,3,29.9000004455447,0.3,42.0000006258488,0.998051805539352,0.991558401566386,1.0048645190099,PM25__lag,13
PM25,lag,3,30.5000004544854,0.31,42.0000006258488,0.998215581199769,0.991948593756356,1.00477586950713,PM25__lag,13
PM25,lag,3,31.000000461936,0.32,42.0000006258488,0.998353128258423,0.992277651512314,1.00470587341704,PM25__lag,13
PM25,lag,3,31.6000004708767,0.33,42.0000006258488,0.998466613909541,0.992705405855134,1.00459322570256,PM25__lag,13
PM25,lag,3,32.1000004783273,0.34,42.0000006258488,0.998580044032292,0.993052858097716,1.0044770315339,PM25__lag,13
PM25,lag,3,32.700000487268,0.35,42.0000006258488,0.998716866411327,0.993456653091353,1.00431518613824,PM25__lag,13
PM25,lag,3,33.3000004962087,0.36,42.0000006258488,0.998817817377918,0.993864253330092,1.00411285990527,PM25__lag,13
PM25,lag,3,33.9000005051494,0.37,42.0000006258488,0.998917788328415,0.994295591004745,1.00385465618722,PM25__lag,13
PM25,lag,3,34.5000005140901,0.38,42.0000006258488,0.999046447065012,0.99475944722128,1.00358547874264,PM25__lag,13
PM25,lag,3,35.1000005230308,0.39,42.0000006258488,0.999167807907871,0.995229501988587,1.00331739517939,PM25__lag,13
PM25,lag,3,35.7000005319715,0.4,42.0000006258488,0.999258479538442,0.995699282232853,1.0030507695504,PM25__lag,13
PM25,lag,3,36.3000005409122,0.41,42.0000006258488,0.999369957007399,0.996158664581447,1.00276572565439,PM25__lag,13
PM25,lag,3,36.9000005498528,0.42,42.0000006258488,0.999466686319779,0.996608867448032,1.00246539743725,PM25__lag,13
PM25,lag,3,37.5000005587935,0.43,42.0000006258488,0.999548551236077,0.997054774322688,1.00216802362338,PM25__lag,13
PM25,lag,3,38.1000005677342,0.44,42.0000006258488,0.999625634580014,0.997493794861798,1.0018701823141,PM25__lag,13
PM25,lag,3,38.7000005766749,0.45,42.0000006258488,0.999697303656877,0.997927289828952,1.00157366447345,PM25__lag,13
PM25,lag,3,39.4000005871058,0.46,42.0000006258488,0.99977429012471,0.998413493900012,1.00122134018598,PM25__lag,13
PM25,lag,3,40.0000005960464,0.47,42.0000006258488,0.999834060262422,0.998817662681558,1.00092443862732,PM25__lag,13
PM25,lag,3,40.7000006064773,0.48,42.0000006258488,0.999897561441104,0.999259880274023,1.00058600985317,PM25__lag,13
PM25,lag,3,41.300000615418,0.49,42.0000006258488,0.99994765917616,0.99961479973584,1.0003072898329,PM25__lag,13
PM25,lag,3,42.0000006258488,0.5,42.0000006258488,1,1,1,PM25__lag,13
PM25,lag,3,42.7000006362796,0.51,42.0000006258488,1.00004294026034,0.99971606695065,1.00035162375889,PM25__lag,13
PM25,lag,3,43.4000006467104,0.52,42.0000006258488,1.00008345246364,0.999450656760907,1.00067375630263,PM25__lag,13
PM25,lag,3,44.1000006571412,0.53,42.0000006258488,1.00012353407661,0.999206983287155,1.00096741286883,PM25__lag,13
PM25,lag,3,44.800000667572,0.54,42.0000006258488,1.00014148254232,0.998973960675405,1.00123175426921,PM25__lag,13
PM25,lag,3,45.5000006780028,0.55,42.0000006258488,1.00017100843483,0.998751652441964,1.0014716129623,PM25__lag,13
PM25,lag,3,46.3000006899238,0.56,42.0000006258488,1.00019233648284,0.998483123648771,1.00172264893245,PM25__lag,13
PM25,lag,3,47.0000007003546,0.57,42.0000006258488,1.00020959105023,0.998276702998147,1.0019156182038,PM25__lag,13
PM25,lag,3,47.8000007122755,0.58,42.0000006258488,1.00022194354516,0.99801919958824,1.00212675247474,PM25__lag,13
PM25,lag,3,48.6000007241964,0.59,42.0000006258488,1.00021055267603,0.997824898670306,1.00230667345703,PM25__lag,13
PM25,lag,3,49.4000007361174,0.6,42.0000006258488,1.00021624625594,0.997661627923904,1.00242498755504,PM25__lag,13
PM25,lag,3,50.2000007480383,0.61,42.0000006258488,1.00019442628748,0.997517009019528,1.00254110244787,PM25__lag,13
PM25,lag,3,51.0000007599592,0.62,42.0000006258488,1.0001999721814,0.997390154073868,1.00260214971111,PM25__lag,13
PM25,lag,3,51.9000007733703,0.63,42.0000006258488,1.0001895968905,0.99725420030608,1.00279629940781,PM25__lag,13
PM25,lag,3,52.8000007867813,0.64,42.0000006258488,1.00013999718419,0.997103084374466,1.00294099411134,PM25__lag,13
PM25,lag,3,53.7000008001924,0.65,42.0000006258488,1.00011876602171,0.99694867045025,1.00301452364786,PM25__lag,13
PM25,lag,3,54.6000008136034,0.66,42.0000006258488,1.00008895588909,0.996774292042785,1.00316963288203,PM25__lag,13
PM25,lag,3,55.5000008270144,0.67,42.0000006258488,1.00005595862581,0.996592399939393,1.00331759520204,PM25__lag,13
PM25,lag,3,56.5000008419156,0.68,42.0000006258488,1.00000593159172,0.996470188237466,1.00336576347778,PM25__lag,13
PM25,lag,3,57.5000008568168,0.69,42.0000006258488,0.999981914714765,0.996311202495112,1.00344022034429,PM25__lag,13
PM25,lag,3,58.600000873208,0.7,42.0000006258488,0.99991671051258,0.996011130507814,1.00361041033415,PM25__lag,13
PM25,lag,3,59.6000008881092,0.71,42.0000006258488,0.999870440730053,0.995823358188839,1.00374295251867,PM25__lag,13
PM25,lag,3,60.7000009045005,0.72,42.0000006258488,0.999814753700614,0.995658152452312,1.00385438203182,PM25__lag,13
PM25,lag,3,61.9000009223819,0.73,42.0000006258488,0.999816103588176,0.995362307421519,1.00398315818305,PM25__lag,13
PM25,lag,3,63.0000009387732,0.74,42.0000006258488,0.999788331862938,0.995056401362343,1.00408290441062,PM25__lag,13
PM25,lag,3,64.2000009566545,0.75,42.0000006258488,0.999752489275154,0.994682938800699,1.00419212839001,PM25__lag,13
PM25,lag,3,65.4000009745359,0.76,42.0000006258488,0.99966104394558,0.994346059128169,1.00443067691001,PM25__lag,13
PM25,lag,3,66.7000009939075,0.77,42.0000006258488,0.99970076508033,0.993959951001504,1.00463406458446,PM25__lag,13
PM25,lag,3,68.1000010147691,0.78,42.0000006258488,0.99965464899968,0.993661112866165,1.00475146639851,PM25__lag,13
PM25,lag,3,69.6000010371208,0.79,42.0000006258488,0.999627318503457,0.993208893906889,1.00494414496746,PM25__lag,13
PM25,lag,3,71.1000010594726,0.8,42.0000006258488,0.999629439278364,0.992893761756886,1.00519962642552,PM25__lag,13
PM25,lag,3,72.7000010833144,0.81,42.0000006258488,0.999641294959114,0.992595348753802,1.00549801177401,PM25__lag,13
PM25,lag,3,74.4000011086464,0.82,42.0000006258488,0.999680003633056,0.992227244375724,1.00585497107492,PM25__lag,13
PM25,lag,3,76.2000011354685,0.83,42.0000006258488,0.999764297347214,0.991929721232272,1.00615959475,PM25__lag,13
PM25,lag,3,78.1000011637807,0.84,42.0000006258488,0.999849782292582,0.991646763785504,1.00654039720118,PM25__lag,13
PM25,lag,3,80.2000011950731,0.85,42.0000006258488,0.999970231887708,0.991382419107353,1.00696761449719,PM25__lag,13
PM25,lag,3,82.3000012263656,0.86,42.0000006258488,1.00009614958694,0.991165965565178,1.00743311931574,PM25__lag,13
PM25,lag,3,84.6000012606382,0.87,42.0000006258488,1.00017568709698,0.990897886531878,1.00801271827367,PM25__lag,13
PM25,lag,3,87.1000012978911,0.88,42.0000006258488,1.00030357054586,0.990627149618169,1.00861292525638,PM25__lag,13
PM25,lag,3,89.8000013381243,0.89,42.0000006258488,1.00052055039637,0.990442046677101,1.00925382917042,PM25__lag,13
PM25,lag,3,92.6000013798475,0.9,42.0000006258488,1.00078635396328,0.990295435243875,1.0099345932286,PM25__lag,13
PM25,lag,3,95.9000014290214,0.91,42.0000006258488,1.00111851238648,0.990276680137297,1.01058387789652,PM25__lag,13
PM25,lag,3,99.8000014871359,0.92,42.0000006258488,1.0015934367574,0.990367249126043,1.01132705622408,PM25__lag,13
PM25,lag,3,103.60000154376,0.93,42.0000006258488,1.00212118793395,0.990460852880193,1.01223661225807,PM25__lag,13
PM25,lag,3,108.300001613796,0.94,42.0000006258488,1.00268649859949,0.990673922379759,1.0133376351659,PM25__lag,13
PM25,lag,3,114.200001701713,0.95,42.0000006258488,1.00352380633916,0.991139059195144,1.01481029720115,PM25__lag,13
PM25,lag,3,121.300001807511,0.96,42.0000006258488,1.00477785639025,0.991979434271923,1.01693492097513,PM25__lag,13
PM25,lag,3,130.200001940131,0.97,42.0000006258488,1.00669778566802,0.994049157383835,1.01965025251943,PM25__lag,13
PM25,lag,3,142.300002120435,0.98,42.0000006258488,1.00992095996325,0.996127389326497,1.02313134036491,PM25__lag,13
PM25,lag,3,162.200002416968,0.99,42.0000006258488,1.01695269816411,1.00150124291418,1.0318724148199,PM25__lag,13
PM25,mavg,4,11.8000001758337,0.01,43.10000064224,0.950974802958791,0.910701458833902,0.98815015306373,PM25__mavg,14
PM25,mavg,4,13.3000001981854,0.02,43.10000064224,0.955621130372514,0.919648343579344,0.989482050657048,PM25__mavg,14
PM25,mavg,4,14.5333335498969,0.03,43.10000064224,0.959327200230124,0.926733638519758,0.990527470486584,PM25__mavg,14
PM25,mavg,4,15.6500002332032,0.04,43.10000064224,0.962380132611499,0.932557752147745,0.991428473965972,PM25__mavg,14
PM25,mavg,4,16.6166669142743,0.05,43.10000064224,0.965276566981174,0.937644494217678,0.992204115216787,PM25__mavg,14
PM25,mavg,4,17.4800002604723,0.06,43.10000064224,0.967782800235072,0.941143641252972,0.993092949485102,PM25__mavg,14
PM25,mavg,4,18.2750002723187,0.07,43.10000064224,0.97021299782846,0.944928325322069,0.99394251002393,PM25__mavg,14
PM25,mavg,4,19.0333336169521,0.08,43.10000064224,0.972380852605485,0.948027824441378,0.995480614075927,PM25__mavg,14
PM25,mavg,4,19.7500002942979,0.09,43.10000064224,0.974055886481091,0.950791108913966,0.996602927447613,PM25__mavg,14
PM25,mavg,4,20.4250003043562,0.1,43.10000064224,0.97564094803282,0.953973952888828,0.996733065323147,PM25__mavg,14
PM25,mavg,4,21.0666669805845,0.11,43.10000064224,0.977188986554205,0.956278938635207,0.997116047251619,PM25__mavg,14
PM25,mavg,4,21.6900003232062,0.12,43.10000064224,0.978544070704496,0.957918767274555,0.998023002079508,PM25__mavg,14
PM25,mavg,4,22.3000003322959,0.13,43.10000064224,0.980094560054162,0.960027629005596,0.999023818806559,PM25__mavg,14
PM25,mavg,4,22.9000003412366,0.14,43.10000064224,0.981638496567084,0.961806085495465,0.999930711302871,PM25__mavg,14
PM25,mavg,4,23.4833336832623,0.15,43.10000064224,0.983014093408319,0.963538037094465,1.00066419943388,PM25__mavg,14
PM25,mavg,4,24.0545458129861,0.16,43.10000064224,0.984293573038542,0.96511081381891,1.00165575050936,PM25__mavg,14
PM25,mavg,4,24.6200003668666,0.17,43.10000064224,0.985210839583963,0.966624961577677,1.0024355324009,PM25__mavg,14
PM25,mavg,4,25.2000003755093,0.18,43.10000064224,0.986422157507962,0.968037222705346,1.00325528043907,PM25__mavg,14
PM25,mavg,4,25.7777781618966,0.19,43.10000064224,0.987223835048325,0.969444113344056,1.00419184870883,PM25__mavg,14
PM25,mavg,4,26.3500003926456,0.2,43.10000064224,0.988123286360431,0.970667947012116,1.00494320023648,PM25__mavg,14
PM25,mavg,4,26.9142861153398,0.21,43.10000064224,0.988911431410038,0.971973325523606,1.00557344474701,PM25__mavg,14
PM25,mavg,4,27.5000004097819,0.22,43.10000064224,0.989978176651871,0.9732006626483,1.00614785587857,PM25__mavg,14
PM25,mavg,4,28.0500004179776,0.23,43.10000064224,0.990911191064816,0.974459154010673,1.00660466556945,PM25__mavg,14
PM25,mavg,4,28.6000004261732,0.24,43.10000064224,0.99175308616295,0.975815603285594,1.00697839071742,PM25__mavg,14
PM25,mavg,4,29.1727277074348,0.25,43.10000064224,0.992497905762355,0.977109954865374,1.00768967798365,PM25__mavg,14
PM25,mavg,4,29.7181822610172,0.26,43.10000064224,0.993272508536671,0.97833328825482,1.00793316840491,PM25__mavg,14
PM25,mavg,4,30.2666671176751,0.27,43.10000064224,0.993852759693549,0.979434984840694,1.008012827247,PM25__mavg,14
PM25,mavg,4,30.8000004589558,0.28,43.10000064224,0.994492623834057,0.98043632682452,1.00814968825405,PM25__mavg,14
PM25,mavg,4,31.3300004668534,0.29,43.10000064224,0.995083320295766,0.981422436841327,1.00829361818062,PM25__mavg,14
PM25,mavg,4,31.8714290463499,0.3,43.10000064224,0.995530038703044,0.982443794158386,1.00824410805892,PM25__mavg,14
PM25,mavg,4,32.4000004827976,0.31,43.10000064224,0.995813553065853,0.983567391978291,1.00811625739256,PM25__mavg,14
PM25,mavg,4,32.942857633744,0.32,43.10000064224,0.996175937034264,0.984562765206834,1.00778483390785,PM25__mavg,14
PM25,mavg,4,33.4888893879122,0.33,43.10000064224,0.996649487963891,0.985480271855672,1.00752569805402,PM25__mavg,14
PM25,mavg,4,34.0100005067885,0.34,43.10000064224,0.996996109585711,0.986350345069605,1.00723231332072,PM25__mavg,14
PM25,mavg,4,34.5500005148351,0.35,43.10000064224,0.997374276030062,0.98724929175401,1.00701106712747,PM25__mavg,14
PM25,mavg,4,35.0800005227327,0.36,43.10000064224,0.997694831790145,0.988092972827982,1.0067252986082,PM25__mavg,14
PM25,mavg,4,35.6142862449799,0.37,43.10000064224,0.997969427145653,0.988939541286414,1.0063321137647,PM25__mavg,14
PM25,mavg,4,36.150000538677,0.38,43.10000064224,0.998248975250866,0.989819581484562,1.00591004584468,PM25__mavg,14
PM25,mavg,4,36.6875005466864,0.39,43.10000064224,0.998498401220934,0.990711974186618,1.00546323410687,PM25__mavg,14
PM25,mavg,4,37.2222227768766,0.4,43.10000064224,0.998651855175846,0.991581288102525,1.00500017462556,PM25__mavg,14
PM25,mavg,4,37.7750005628914,0.41,43.10000064224,0.998821747103687,0.992460874966631,1.00450692933736,PM25__mavg,14
PM25,mavg,4,38.3333339045445,0.42,43.10000064224,0.998956573062864,0.99332990834701,1.0039947373016,PM25__mavg,14
PM25,mavg,4,38.9000005796552,0.43,43.10000064224,0.999085047621814,0.994192297063466,1.00347833265489,PM25__mavg,14
PM25,mavg,4,39.4500005878509,0.44,43.10000064224,0.99922341250037,0.995010728094802,1.00297372039771,PM25__mavg,14
PM25,mavg,4,40.0400005966425,0.45,43.10000064224,0.999348854703286,0.99588029835271,1.00244856692977,PM25__mavg,14
PM25,mavg,4,40.6166672719022,0.46,43.10000064224,0.999473450010498,0.996716939886847,1.00194331009094,PM25__mavg,14
PM25,mavg,4,41.2166672808428,0.47,43.10000064224,0.999606556240693,0.997554884767669,1.00145483615189,PM25__mavg,14
PM25,mavg,4,41.8285720518657,0.48,43.10000064224,0.999735729372987,0.998366782542972,1.00096643387643,PM25__mavg,14
PM25,mavg,4,42.4571434898036,0.49,43.10000064224,0.999865001922216,0.999188533460459,1.0004671284888,PM25__mavg,14
PM25,mavg,4,43.10000064224,0.5,43.10000064224,1,1,1,PM25__mavg,14
PM25,mavg,4,43.7333339850108,0.51,43.10000064224,1.00013476796729,0.999574072136309,1.00076847235299,PM25__mavg,14
PM25,mavg,4,44.3833339946965,0.52,43.10000064224,1.00028170435531,0.999184464512071,1.00152960727075,PM25__mavg,14
PM25,mavg,4,45.0400006711483,0.53,43.10000064224,1.00044964975234,0.998828736968877,1.00226728942402,PM25__mavg,14
PM25,mavg,4,45.7000006809831,0.54,43.10000064224,1.00061470457482,0.998509377415079,1.00297753063142,PM25__mavg,14
PM25,mavg,4,46.4000006914139,0.55,43.10000064224,1.00080280384298,0.998229622271525,1.00368821165073,PM25__mavg,14
PM25,mavg,4,47.1000007018447,0.56,43.10000064224,1.0009891122458,0.997958450131307,1.00437994966489,PM25__mavg,14
PM25,mavg,4,47.8400007128716,0.57,43.10000064224,1.00121298809283,0.997703643191671,1.0051045554173,PM25__mavg,14
PM25,mavg,4,48.5750007238239,0.58,43.10000064224,1.00141831716208,0.997522668106015,1.00579758630012,PM25__mavg,14
PM25,mavg,4,49.3400007352233,0.59,43.10000064224,1.00166848106052,0.997413673517626,1.00649475829034,PM25__mavg,14
PM25,mavg,4,50.1000007465482,0.6,43.10000064224,1.00194067397059,0.997326287975469,1.00718557092053,PM25__mavg,14
PM25,mavg,4,50.9125007586554,0.61,43.10000064224,1.00221401657276,0.997220465811335,1.00791171740882,PM25__mavg,14
PM25,mavg,4,51.7375007709488,0.62,43.10000064224,1.00251216705881,0.997137877325333,1.00862862544685,PM25__mavg,14
PM25,mavg,4,52.5888896725244,0.63,43.10000064224,1.00284063315133,0.997045628513639,1.00926705768421,PM25__mavg,14
PM25,mavg,4,53.4545462510803,0.64,43.10000064224,1.00322467941999,0.996905807811936,1.00984853757541,PM25__mavg,14
PM25,mavg,4,54.3363644460386,0.65,43.10000064224,1.00359243687274,0.996918048866993,1.01062391259835,PM25__mavg,14
PM25,mavg,4,55.2500008232892,0.66,43.10000064224,1.00400002888615,0.996753413367948,1.01143147023205,PM25__mavg,14
PM25,mavg,4,56.1833341705303,0.67,43.10000064224,1.00428448796845,0.99635938353815,1.01227728210036,PM25__mavg,14
PM25,mavg,4,57.1166675177713,0.68,43.10000064224,1.00471277791413,0.996319241317382,1.01342317384656,PM25__mavg,14
PM25,mavg,4,58.0666675319274,0.69,43.10000064224,1.00503525504661,0.996433636588975,1.01448417721967,PM25__mavg,14
PM25,mavg,4,59.0666675468286,0.7,43.10000064224,1.00553460444062,0.99651207141612,1.0155204771165,PM25__mavg,14
PM25,mavg,4,60.0600008949637,0.71,43.10000064224,1.00592463334358,0.996434798125888,1.01658722582952,PM25__mavg,14
PM25,mavg,4,61.0833342435459,0.72,43.10000064224,1.00630132928406,0.996464658711896,1.01768096772219,PM25__mavg,14
PM25,mavg,4,62.1333342591922,0.73,43.10000064224,1.00678710978882,0.99635113242779,1.01879446843289,PM25__mavg,14
PM25,mavg,4,63.2250009421259,0.74,43.10000064224,1.00731989584069,0.996010340316873,1.0199391692168,PM25__mavg,14
PM25,mavg,4,64.3600009590388,0.75,43.10000064224,1.00783302964726,0.995659726028865,1.02111122760774,PM25__mavg,14
PM25,mavg,4,65.5454555221579,0.76,43.10000064224,1.00826133740601,0.995303651569428,1.02230541425407,PM25__mavg,14
PM25,mavg,4,66.7571438519018,0.77,43.10000064224,1.00875914984025,0.994969280111905,1.02343475560889,PM25__mavg,14
PM25,mavg,4,68.000001013279,0.78,43.10000064224,1.00920834738591,0.994788486856673,1.02454418396493,PM25__mavg,14
PM25,mavg,4,69.3100010327995,0.79,43.10000064224,1.00964914657207,0.994613140303217,1.0256232470966,PM25__mavg,14
PM25,mavg,4,70.6375010525808,0.8,43.10000064224,1.01028376558395,0.994565059928937,1.02670971336631,PM25__mavg,14
PM25,mavg,4,72.0666677405437,0.81,43.10000064224,1.01064179219584,0.994346489545332,1.02785844591577,PM25__mavg,14
PM25,mavg,4,73.5750010963529,0.82,43.10000064224,1.01117254498551,0.993956113065073,1.02906828534647,PM25__mavg,14
PM25,mavg,4,75.1666677867373,0.83,43.10000064224,1.01159444347422,0.993623832546744,1.03036752300995,PM25__mavg,14
PM25,mavg,4,76.8818193274465,0.84,43.10000064224,1.01209275114222,0.993120219212281,1.0316040600579,PM25__mavg,14
PM25,mavg,4,78.6625011721626,0.85,43.10000064224,1.01259892513365,0.992568068456688,1.03313744993926,PM25__mavg,14
PM25,mavg,4,80.6000012010336,0.86,43.10000064224,1.01312513080115,0.992092682878503,1.03500454958122,PM25__mavg,14
PM25,mavg,4,82.6096557764342,0.87,43.10000064224,1.01367420540886,0.991875659471066,1.0365879642635,PM25__mavg,14
PM25,mavg,4,84.7816012633445,0.88,43.10000064224,1.01415670841144,0.991727260818388,1.03819984780481,PM25__mavg,14
PM25,mavg,4,87.1800012990832,0.89,43.10000064224,1.01478141901287,0.99159312183364,1.03970935732656,PM25__mavg,14
PM25,mavg,4,89.7777791155709,0.9,43.10000064224,1.01537653005626,0.991411514366755,1.04119270783497,PM25__mavg,14
PM25,mavg,4,92.624056935762,0.91,43.10000064224,1.01593915450151,0.990705250176594,1.04262460272922,PM25__mavg,14
PM25,mavg,4,95.8777792064681,0.92,43.10000064224,1.01659388261454,0.989744860698561,1.04440389726661,PM25__mavg,14
PM25,mavg,4,99.4555570375588,0.93,43.10000064224,1.01728706952655,0.988669439192769,1.04617835497713,PM25__mavg,14
PM25,mavg,4,103.425001541153,0.94,43.10000064224,1.01792900243477,0.987752448980057,1.04786519009936,PM25__mavg,14
PM25,mavg,4,107.990304639484,0.95,43.10000064224,1.01856830311566,0.986227288770356,1.04951872495954,PM25__mavg,14
PM25,mavg,4,113.471430262284,0.96,43.10000064224,1.01928294691336,0.984268510378153,1.05176367663647,PM25__mavg,14
PM25,mavg,4,120.150001790374,0.97,43.10000064224,1.01904842350081,0.982071025907003,1.05550457340172,PM25__mavg,14
PM25,mavg,4,128.73333525161,0.98,43.10000064224,1.01947728167646,0.979157224341236,1.0582393224163,PM25__mavg,14
PM25,mavg,4,142.812502128072,0.99,43.10000064224,1.01994892669936,0.973253489530912,1.05995748291221,PM25__mavg,14
PM10,lag,3,17.6000002622604,0.01,68.6000010222197,0.987516471907248,0.97218691095069,1.00222906428076,PM10__lag,15
PM10,lag,3,20.3000003024936,0.02,68.6000010222197,0.987877967475634,0.974566878159167,1.00052805366835,PM10__lag,15
PM10,lag,3,22.3000003322959,0.03,68.6000010222197,0.988687765517896,0.976211940511915,0.99982152295068,PM10__lag,15
PM10,lag,3,23.8000003546476,0.04,68.6000010222197,0.988937840613551,0.97763273463548,0.999492301743448,PM10__lag,15
PM10,lag,3,25.2000003755093,0.05,68.6000010222197,0.989164524498139,0.978854490839917,0.998908115155795,PM10__lag,15
PM10,lag,3,26.5000003948808,0.06,68.6000010222197,0.989287698105842,0.979798223235447,0.998354465891249,PM10__lag,15
PM10,lag,3,27.8000004142523,0.07,68.6000010222197,0.989381344926841,0.980277409484312,0.998155985353607,PM10__lag,15
PM10,lag,3,28.9000004306436,0.08,68.6000010222197,0.989561495702185,0.980918324913785,0.998180059558419,PM10__lag,15
PM10,lag,3,30.100000448525,0.09,68.6000010222197,0.989901213327509,0.981410110362161,0.998103507932747,PM10__lag,15
PM10,lag,3,31.2000004649162,0.1,68.6000010222197,0.990007424230831,0.981700465773499,0.998041769147934,PM10__lag,15
PM10,lag,3,32.2000004798174,0.11,68.6000010222197,0.990337357313827,0.981915349291243,0.998215184264568,PM10__lag,15
PM10,lag,3,33.2000004947186,0.12,68.6000010222197,0.990422669233546,0.982188302483627,0.998218928788164,PM10__lag,15
PM10,lag,3,34.2000005096197,0.13,68.6000010222197,0.990774956851131,0.982413409030827,0.998489055534242,PM10__lag,15
PM10,lag,3,35.1000005230308,0.14,68.6000010222197,0.991000266635354,0.982504676988126,0.998678608972638,PM10__lag,15
PM10,lag,3,36.1000005379319,0.15,68.6000010222197,0.991188822352042,0.982648618315379,0.998813300948993,PM10__lag,15
PM10,lag,3,37.000000551343,0.16,68.6000010222197,0.991389161321551,0.982827321144343,0.998937163714344,PM10__lag,15
PM10,lag,3,38.0000005662441,0.17,68.6000010222197,0.991556978286961,0.983241377277567,0.999043192118304,PM10__lag,15
PM10,lag,3,38.9000005796552,0.18,68.6000010222197,0.991719750512784,0.983746831798333,0.999261491018963,PM10__lag,15
PM10,lag,3,39.8000005930662,0.19,68.6000010222197,0.991946037438407,0.984249968068401,0.999590738786538,PM10__lag,15
PM10,lag,3,40.8000006079674,0.2,68.6000010222197,0.992120025549689,0.984689587209916,0.999966439537985,PM10__lag,15
PM10,lag,3,41.6000006198883,0.21,68.6000010222197,0.992353034188537,0.985069906185372,1.00014455704908,PM10__lag,15
PM10,lag,3,42.5000006332994,0.22,68.6000010222197,0.992580152193247,0.985291336087538,1.00039235869693,PM10__lag,15
PM10,lag,3,43.4000006467104,0.23,68.6000010222197,0.992797555254139,0.985549484039188,1.0006158132984,PM10__lag,15
PM10,lag,3,44.3000006601214,0.24,68.6000010222197,0.993071977179542,0.985963237399713,1.00085240276219,PM10__lag,15
PM10,lag,3,45.3000006750226,0.25,68.6000010222197,0.993337170018946,0.986342539913974,1.00111555457024,PM10__lag,15
PM10,lag,3,46.1000006869435,0.26,68.6000010222197,0.993549577824891,0.986676227384384,1.00128184698354,PM10__lag,15
PM10,lag,3,47.0000007003546,0.27,68.6000010222197,0.99385688605331,0.987076434878545,1.00138845869051,PM10__lag,15
PM10,lag,3,47.9000007137656,0.28,68.6000010222197,0.994180577204877,0.987476216389734,1.00151375582505,PM10__lag,15
PM10,lag,3,48.8000007271767,0.29,68.6000010222197,0.994523137491917,0.987924916622284,1.00161264788279,PM10__lag,15
PM10,lag,3,49.7000007405877,0.3,68.6000010222197,0.99476917567015,0.988428033390117,1.00168738660226,PM10__lag,15
PM10,lag,3,50.6000007539988,0.31,68.6000010222197,0.995044157327546,0.988968972694881,1.00173813647038,PM10__lag,15
PM10,lag,3,51.5000007674098,0.32,68.6000010222197,0.995326385350688,0.989519662189223,1.00176637701178,PM10__lag,15
PM10,lag,3,52.4000007808208,0.33,68.6000010222197,0.995598759134169,0.990048969866582,1.00177358952391,PM10__lag,15
PM10,lag,3,53.3000007942319,0.34,68.6000010222197,0.995858527625989,0.990610844134121,1.00175145428803,PM10__lag,15
PM10,lag,3,54.2000008076429,0.35,68.6000010222197,0.996136314814933,0.991181173566581,1.00167844311937,PM10__lag,15
PM10,lag,3,55.100000821054,0.36,68.6000010222197,0.996405937591289,0.991778718022867,1.00159945544472,PM10__lag,15
PM10,lag,3,56.1000008359551,0.37,68.6000010222197,0.996710564263779,0.992441373934915,1.00152132435711,PM10__lag,15
PM10,lag,3,57.0000008493662,0.38,68.6000010222197,0.996983386082493,0.993014270021728,1.00144364846065,PM10__lag,15
PM10,lag,3,57.9000008627772,0.39,68.6000010222197,0.997277350946977,0.993595563473015,1.00135583935644,PM10__lag,15
PM10,lag,3,58.9000008776784,0.4,68.6000010222197,0.997590141402974,0.994267108045353,1.00124798311377,PM10__lag,15
PM10,lag,3,59.8000008910894,0.41,68.6000010222197,0.997856354566906,0.99487532906387,1.00114308534896,PM10__lag,15
PM10,lag,3,60.7000009045005,0.42,68.6000010222197,0.998113438953871,0.995453847313853,1.00104139066076,PM10__lag,15
PM10,lag,3,61.7000009194016,0.43,68.6000010222197,0.998393875792035,0.996110681007447,1.00092241592404,PM10__lag,15
PM10,lag,3,62.6000009328127,0.44,68.6000010222197,0.998636172320627,0.9966863467241,1.00080918278605,PM10__lag,15
PM10,lag,3,63.6000009477139,0.45,68.6000010222197,0.998898831436787,0.997305581361889,1.00067845305861,PM10__lag,15
PM10,lag,3,64.600000962615,0.46,68.6000010222197,0.9991405957239,0.997893934861979,1.00054157297343,PM10__lag,15
PM10,lag,3,65.6000009775162,0.47,68.6000010222197,0.999368138235956,0.998463676212955,1.00039497264848,PM10__lag,15
PM10,lag,3,66.6000009924173,0.48,68.6000010222197,0.999597205487762,0.999008530337403,1.00025797963012,PM10__lag,15
PM10,lag,3,67.6000010073185,0.49,68.6000010222197,0.999807372203915,0.99951941272576,1.00012683278243,PM10__lag,15
PM10,lag,3,68.6000010222197,0.5,68.6000010222197,1,1,1,PM10__lag,15
PM10,lag,3,69.7000010386109,0.51,68.6000010222197,1.00019605002617,0.999867190696064,1.00049198839197,PM10__lag,15
PM10,lag,3,70.8000010550022,0.52,68.6000010222197,1.0003734076578,0.999743997566114,1.00093816863427,PM10__lag,15
PM10,lag,3,71.9000010713935,0.53,68.6000010222197,1.00053895636271,0.999633888679885,1.0013387823235,PM10__lag,15
PM10,lag,3,73.0000010877848,0.54,68.6000010222197,1.00067902549063,0.999531641726368,1.00169230624535,PM10__lag,15
PM10,lag,3,74.100001104176,0.55,68.6000010222197,1.00079960001661,0.999436842362993,1.0020168595273,PM10__lag,15
PM10,lag,3,75.3000011220574,0.56,68.6000010222197,1.00092254717046,0.999355948768822,1.00233044580499,PM10__lag,15
PM10,lag,3,76.4000011384487,0.57,68.6000010222197,1.00101048345416,0.999302039620109,1.00256647121198,PM10__lag,15
PM10,lag,3,77.6000011563301,0.58,68.6000010222197,1.00109611009403,0.999219326554371,1.00278997540051,PM10__lag,15
PM10,lag,3,78.8000011742115,0.59,68.6000010222197,1.00114533543838,0.999128671773318,1.00299420120231,PM10__lag,15
PM10,lag,3,80.0000011920929,0.6,68.6000010222197,1.00119622272394,0.999063180785138,1.00320076189687,PM10__lag,15
PM10,lag,3,81.3000012114644,0.61,68.6000010222197,1.00122134237053,0.998963601268137,1.00339180935016,PM10__lag,15
PM10,lag,3,82.5000012293458,0.62,68.6000010222197,1.00124798628869,0.998818444208504,1.0035674075252,PM10__lag,15
PM10,lag,3,83.8000012487173,0.63,68.6000010222197,1.00124512451521,0.99872219616088,1.00369689605527,PM10__lag,15
PM10,lag,3,85.2000012695789,0.64,68.6000010222197,1.00123682702165,0.998604629267146,1.00384172623188,PM10__lag,15
PM10,lag,3,86.5000012889504,0.65,68.6000010222197,1.00120609347168,0.998475590142002,1.00403189019358,PM10__lag,15
PM10,lag,3,87.800001308322,0.66,68.6000010222197,1.00121375457709,0.998350846566429,1.00416072239962,PM10__lag,15
PM10,lag,3,89.3000013306737,0.67,68.6000010222197,1.0011649076572,0.998264147577453,1.00438491530339,PM10__lag,15
PM10,lag,3,90.7000013515353,0.68,68.6000010222197,1.00111426329408,0.998184536164311,1.00449465219256,PM10__lag,15
PM10,lag,3,92.3000013753772,0.69,68.6000010222197,1.00099550692558,0.998006988449774,1.00467642496528,PM10__lag,15
PM10,lag,3,93.8000013977289,0.7,68.6000010222197,1.00090564785782,0.997738431075803,1.00477188229803,PM10__lag,15
PM10,lag,3,95.4000014215708,0.71,68.6000010222197,1.0007944123479,0.997480643359688,1.00490228446258,PM10__lag,15
PM10,lag,3,97.1000014469028,0.72,68.6000010222197,1.00068981975489,0.997167119127717,1.00496933317858,PM10__lag,15
PM10,lag,3,98.8000014722347,0.73,68.6000010222197,1.00059478221077,0.997011224279025,1.00510170080184,PM10__lag,15
PM10,lag,3,100.500001497567,0.74,68.6000010222197,1.00054520226344,0.996782544337366,1.00527904365923,PM10__lag,15
PM10,lag,3,102.200001522899,0.75,68.6000010222197,1.00053379636964,0.996489285462927,1.00537992819976,PM10__lag,15
PM10,lag,3,103.900001548231,0.76,68.6000010222197,1.00049342279266,0.996224316136919,1.00546594094867,PM10__lag,15
PM10,lag,3,105.800001576543,0.77,68.6000010222197,1.00043756823025,0.995973581489278,1.00557142043022,PM10__lag,15
PM10,lag,3,107.900001607835,0.78,68.6000010222197,1.00037402807956,0.995583872214175,1.00573993853871,PM10__lag,15
PM10,lag,3,110.000001639128,0.79,68.6000010222197,1.00034010378466,0.995204194828269,1.0060307613091,PM10__lag,15
PM10,lag,3,112.20000167191,0.8,68.6000010222197,1.00030756108326,0.994863775566449,1.00633041624025,PM10__lag,15
PM10,lag,3,114.300001703203,0.81,68.6000010222197,1.00021313121561,0.994533712551956,1.00664814601746,PM10__lag,15
PM10,lag,3,116.600001737475,0.82,68.6000010222197,1.00016900235853,0.994245042887134,1.0069261549577,PM10__lag,15
PM10,lag,3,119.100001774728,0.83,68.6000010222197,1.00020288736944,0.993959996775768,1.00719140394714,PM10__lag,15
PM10,lag,3,121.700001813471,0.84,68.6000010222197,1.00023043161107,0.993592738560229,1.00738840424972,PM10__lag,15
PM10,lag,3,124.400001853704,0.85,68.6000010222197,1.00032550601867,0.993224458484349,1.00759292228114,PM10__lag,15
PM10,lag,3,127.200001895428,0.86,68.6000010222197,1.00033534360482,0.992991771353978,1.00784874699435,PM10__lag,15
PM10,lag,3,130.100001938641,0.87,68.6000010222197,1.00045639975017,0.992885626576902,1.0081801952019,PM10__lag,15
PM10,lag,3,133.300001986325,0.88,68.6000010222197,1.00053373083654,0.992722722361003,1.00869877707928,PM10__lag,15
PM10,lag,3,136.700002036989,0.89,68.6000010222197,1.00068304963417,0.992452498697836,1.0091213575141,PM10__lag,15
PM10,lag,3,140.300002090633,0.9,68.6000010222197,1.00082016469244,0.992215545136991,1.00969919430637,PM10__lag,15
PM10,lag,3,144.100002147257,0.91,68.6000010222197,1.00100662644481,0.992238753072321,1.01026797957687,PM10__lag,15
PM10,lag,3,148.500002212822,0.92,68.6000010222197,1.00137336055463,0.99227640206886,1.01082180017693,PM10__lag,15
PM10,lag,3,153.600002288818,0.93,68.6000010222197,1.00176458696885,0.992192320967775,1.01175983556991,PM10__lag,15
PM10,lag,3,159.100002370775,0.94,68.6000010222197,1.0023164835584,0.99234407132977,1.012961011058,PM10__lag,15
PM10,lag,3,165.500002466142,0.95,68.6000010222197,1.00296686813806,0.992780819143213,1.0144645220786,PM10__lag,15
PM10,lag,3,173.200002580881,0.96,68.6000010222197,1.00394609075753,0.993222355744778,1.01626727345797,PM10__lag,15
PM10,lag,3,183.500002734363,0.97,68.6000010222197,1.00555195695371,0.994429854731698,1.01869827716977,PM10__lag,15
PM10,lag,3,197.600002944469,0.98,68.6000010222197,1.00800001270213,0.995548185342159,1.02150591575825,PM10__lag,15
PM10,lag,3,222.600003316998,0.99,68.6000010222197,1.01336233446355,0.999107415061733,1.02984008692708,PM10__lag,15
PM10,mavg,4,21.4500003196299,0.01,70.7666677211722,0.93197698642759,0.890954451775392,0.967580915186313,PM10__mavg,16
PM10,mavg,4,23.8100003547966,0.02,70.7666677211722,0.937663466612628,0.900612749183507,0.971274477558459,PM10__mavg,16
PM10,mavg,4,25.5800003811717,0.03,70.7666677211722,0.942012745374106,0.907762323206205,0.974029044325468,PM10__mavg,16
PM10,mavg,4,27.125000404194,0.04,70.7666677211722,0.94630383563548,0.914121213604923,0.975718576472019,PM10__mavg,16
PM10,mavg,4,28.5666670923432,0.05,70.7666677211722,0.949839863305031,0.919867637878673,0.976972232450415,PM10__mavg,16
PM10,mavg,4,29.8600004449487,0.06,70.7666677211722,0.952614394693113,0.92445080446449,0.97777624032805,PM10__mavg,16
PM10,mavg,4,31.050000462681,0.07,70.7666677211722,0.955245302270614,0.928881557516365,0.979119290766446,PM10__mavg,16
PM10,mavg,4,32.1750004794449,0.08,70.7666677211722,0.958004148797342,0.933497570973223,0.980058274787676,PM10__mavg,16
PM10,mavg,4,33.2666671623786,0.09,70.7666677211722,0.960394631211275,0.937326369228075,0.981469078460649,PM10__mavg,16
PM10,mavg,4,34.3000005111098,0.1,70.7666677211722,0.962160609129686,0.940264069294246,0.982813061472543,PM10__mavg,16
PM10,mavg,4,35.316667192926,0.11,70.7666677211722,0.964027169502129,0.943185303997776,0.984127630538823,PM10__mavg,16
PM10,mavg,4,36.3333338747422,0.12,70.7666677211722,0.966136202318504,0.94564541021855,0.985530821032552,PM10__mavg,16
PM10,mavg,4,37.3500005565584,0.13,70.7666677211722,0.96827731579916,0.948175921233931,0.987158634297146,PM10__mavg,16
PM10,mavg,4,38.3400005713105,0.14,70.7666677211722,0.970217415852538,0.950717099455368,0.989092327076515,PM10__mavg,16
PM10,mavg,4,39.3100005857646,0.15,70.7666677211722,0.972063678644155,0.953066504167413,0.990320973341797,PM10__mavg,16
PM10,mavg,4,40.2555561554101,0.16,70.7666677211722,0.973739757393243,0.955431585776005,0.991689223309795,PM10__mavg,16
PM10,mavg,4,41.2000006139278,0.17,70.7666677211722,0.975346719160309,0.958025988796384,0.993215348821337,PM10__mavg,16
PM10,mavg,4,42.1000006273389,0.18,70.7666677211722,0.976854023273388,0.959964975076551,0.994444837344586,PM10__mavg,16
PM10,mavg,4,43.0000006407499,0.19,70.7666677211722,0.97802241609736,0.961784656224969,0.995597247662094,PM10__mavg,16
PM10,mavg,4,43.8636370172555,0.2,70.7666677211722,0.979378253806336,0.963284509975296,0.99662856458316,PM10__mavg,16
PM10,mavg,4,44.7500006668269,0.21,70.7666677211722,0.980786405471758,0.964893131532295,0.997586877070779,PM10__mavg,16
PM10,mavg,4,45.600000679493,0.22,70.7666677211722,0.982126044701146,0.966519777649083,0.99843352025181,PM10__mavg,16
PM10,mavg,4,46.4333340252439,0.23,70.7666677211722,0.983436730017795,0.967890369111872,0.999238803236586,PM10__mavg,16
PM10,mavg,4,47.2500007040799,0.24,70.7666677211722,0.984408342902004,0.969562281255081,1.0000042264642,PM10__mavg,16
PM10,mavg,4,48.1000007167459,0.25,70.7666677211722,0.98544532256551,0.97100533192647,1.00078644601832,PM10__mavg,16
PM10,mavg,4,48.9400007292628,0.26,70.7666677211722,0.986432334194463,0.97240212496084,1.00146441049947,PM10__mavg,16
PM10,mavg,4,49.7800007417798,0.27,70.7666677211722,0.987566986515755,0.97368027938752,1.0020510966827,PM10__mavg,16
PM10,mavg,4,50.6166674209137,0.28,70.7666677211722,0.988420930362261,0.974926082575163,1.00251790685786,PM10__mavg,16
PM10,mavg,4,51.4666674335798,0.29,70.7666677211722,0.989398610295405,0.976188256716615,1.0029519685211,PM10__mavg,16
PM10,mavg,4,52.3166674462458,0.3,70.7666677211722,0.990261343960379,0.977445210455697,1.00333451415921,PM10__mavg,16
PM10,mavg,4,53.2000007927418,0.31,70.7666677211722,0.991079967263607,0.978867987980353,1.00372128487606,PM10__mavg,16
PM10,mavg,4,54.0714293771557,0.32,70.7666677211722,0.99182852371549,0.980261624777699,1.00405479703389,PM10__mavg,16
PM10,mavg,4,54.9400008186698,0.33,70.7666677211722,0.992595034382636,0.981605694112996,1.00429388182678,PM10__mavg,16
PM10,mavg,4,55.8454553776167,0.34,70.7666677211722,0.993242270998431,0.982969276663475,1.00440738602143,PM10__mavg,16
PM10,mavg,4,56.7500008456409,0.35,70.7666677211722,0.993857593051576,0.98429327128971,1.00442028346858,PM10__mavg,16
PM10,mavg,4,57.683334192882,0.36,70.7666677211722,0.994561361026865,0.98561943944421,1.00439960970401,PM10__mavg,16
PM10,mavg,4,58.600000873208,0.37,70.7666677211722,0.995145577833938,0.986882503343299,1.00437145008142,PM10__mavg,16
PM10,mavg,4,59.5000008866191,0.38,70.7666677211722,0.99567219461605,0.988072654179444,1.00417756185439,PM10__mavg,16
PM10,mavg,4,60.4000009000301,0.39,70.7666677211722,0.996185546857186,0.989192150731137,1.00399211359449,PM10__mavg,16
PM10,mavg,4,61.3166675803561,0.4,70.7666677211722,0.996678793114768,0.990292988183101,1.00376910141061,PM10__mavg,16
PM10,mavg,4,62.2500009275973,0.41,70.7666677211722,0.997119201600651,0.991390383677626,1.00349541527744,PM10__mavg,16
PM10,mavg,4,63.1775564969746,0.42,70.7666677211722,0.99753336663593,0.992455760378538,1.00317786879042,PM10__mavg,16
PM10,mavg,4,64.0909100459381,0.43,70.7666677211722,0.997911722918233,0.993478519038403,1.00280715214396,PM10__mavg,16
PM10,mavg,4,65.0181827870282,0.44,70.7666677211722,0.998280015309101,0.99448840117473,1.00243167971273,PM10__mavg,16
PM10,mavg,4,65.9636373465711,0.45,70.7666677211722,0.998611943698354,0.995480314631454,1.00200880913786,PM10__mavg,16
PM10,mavg,4,66.9000009968877,0.46,70.7666677211722,0.998905389904935,0.996424824418632,1.00161647000424,PM10__mavg,16
PM10,mavg,4,67.8727282841097,0.47,70.7666677211722,0.999196445596232,0.997388781397514,1.00119999479254,PM10__mavg,16
PM10,mavg,4,68.8250010255723,0.48,70.7666677211722,0.999468899849791,0.998292008989581,1.0007830911352,PM10__mavg,16
PM10,mavg,4,69.8000010401011,0.49,70.7666677211722,0.999744342596329,0.999172965911822,1.00037013507899,PM10__mavg,16
PM10,mavg,4,70.7666677211722,0.5,70.7666677211722,1,1,1,PM10__mavg,16
PM10,mavg,4,71.7636374329979,0.51,70.7666677211722,1.00023647431302,0.999661917821975,1.00081304441166,PM10__mavg,16
PM10,mavg,4,72.7700010843575,0.52,70.7666677211722,1.00047127429855,0.999349618562836,1.00160131681098,PM10__mavg,16
PM10,mavg,4,73.8000010997057,0.53,70.7666677211722,1.00068475745969,0.999066935276508,1.00237527059885,PM10__mavg,16
PM10,mavg,4,74.8000011146068,0.54,70.7666677211722,1.00089541626695,0.99883968599622,1.0030957923145,PM10__mavg,16
PM10,mavg,4,75.816667796423,0.55,70.7666677211722,1.00108818254088,0.998646700554343,1.00379802932878,PM10__mavg,16
PM10,mavg,4,76.8700011454523,0.56,70.7666677211722,1.00129288921141,0.998459894442055,1.0044943527324,PM10__mavg,16
PM10,mavg,4,77.9125011609867,0.57,70.7666677211722,1.0014612343152,0.998293977289151,1.00513322833266,PM10__mavg,16
PM10,mavg,4,79.0000011771918,0.58,70.7666677211722,1.00166005474766,0.998162496120012,1.00573125193027,PM10__mavg,16
PM10,mavg,4,80.100001193583,0.59,70.7666677211722,1.00181082354378,0.998000209059805,1.00628560486421,PM10__mavg,16
PM10,mavg,4,81.1833345430593,0.6,70.7666677211722,1.00204958639645,0.997765872593373,1.0069124212954,PM10__mavg,16
PM10,mavg,4,82.2777790038122,0.61,70.7666677211722,1.00220139649777,0.99749494412276,1.00734680344811,PM10__mavg,16
PM10,mavg,4,83.4000012427569,0.62,70.7666677211722,1.00236625623637,0.997261596414715,1.00785589456887,PM10__mavg,16
PM10,mavg,4,84.5500012598932,0.63,70.7666677211722,1.00245772280762,0.997060786390948,1.00829591260349,PM10__mavg,16
PM10,mavg,4,85.7000012770295,0.64,70.7666677211722,1.00262426402199,0.996874452203484,1.00886196077166,PM10__mavg,16
PM10,mavg,4,86.9000012949109,0.65,70.7666677211722,1.00278298949861,0.996600114307262,1.00933888061061,PM10__mavg,16
PM10,mavg,4,88.1428584562881,0.66,70.7666677211722,1.00294776065309,0.996346673765756,1.0095306981049,PM10__mavg,16
PM10,mavg,4,89.427274059843,0.67,70.7666677211722,1.0030865729286,0.996248743492088,1.00995013127133,PM10__mavg,16
PM10,mavg,4,90.7500013522804,0.68,70.7666677211722,1.00325681409956,0.995891292973293,1.01059067973071,PM10__mavg,16
PM10,mavg,4,92.1090922816233,0.69,70.7666677211722,1.00339695042321,0.995625647827846,1.01115102070539,PM10__mavg,16
PM10,mavg,4,93.5125013934448,0.7,70.7666677211722,1.00350729687796,0.995399561599097,1.01172175238775,PM10__mavg,16
PM10,mavg,4,94.9888903043336,0.71,70.7666677211722,1.00358636406225,0.995218550305735,1.01210966217236,PM10__mavg,16
PM10,mavg,4,96.500001437962,0.72,70.7666677211722,1.00367567837482,0.994995587868739,1.01250596376684,PM10__mavg,16
PM10,mavg,4,98.0666681279739,0.73,70.7666677211722,1.00387854990239,0.994638954722646,1.01293695348493,PM10__mavg,16
PM10,mavg,4,99.6666681518158,0.74,70.7666677211722,1.00403444644617,0.994257221573492,1.01352297608146,PM10__mavg,16
PM10,mavg,4,101.300001509488,0.75,70.7666677211722,1.00410063389069,0.993951385393326,1.01424900463276,PM10__mavg,16
PM10,mavg,4,102.950001534075,0.76,70.7666677211722,1.00440686784249,0.993614905684072,1.01496192764943,PM10__mavg,16
PM10,mavg,4,104.700001560152,0.77,70.7666677211722,1.00458577226523,0.993099334517923,1.01570571187957,PM10__mavg,16
PM10,mavg,4,106.466668253144,0.78,70.7666677211722,1.00469147226645,0.992684901515123,1.01639347494322,PM10__mavg,16
PM10,mavg,4,108.310001613945,0.79,70.7666677211722,1.00483173943305,0.99235013982503,1.01701093611399,PM10__mavg,16
PM10,mavg,4,110.22500164248,0.8,70.7666677211722,1.00496852271469,0.992003876899732,1.01762815739583,PM10__mavg,16
PM10,mavg,4,112.233516823925,0.81,70.7666677211722,1.00515140553951,0.991636697441418,1.0184388624431,PM10__mavg,16
PM10,mavg,4,114.266668369372,0.82,70.7666677211722,1.0052930564066,0.991264474837516,1.01909959486884,PM10__mavg,16
PM10,mavg,4,116.400001734495,0.83,70.7666677211722,1.0053334580684,0.990863680701172,1.01973412602059,PM10__mavg,16
PM10,mavg,4,118.633335101108,0.84,70.7666677211722,1.00538246176574,0.990371217584073,1.0205348186785,PM10__mavg,16
PM10,mavg,4,121.000001803041,0.85,70.7666677211722,1.00550103538213,0.989845959024574,1.02136239032598,PM10__mavg,16
PM10,mavg,4,123.48065638546,0.86,70.7666677211722,1.00557457766891,0.989293486036501,1.02231602372826,PM10__mavg,16
PM10,mavg,4,126.063638242131,0.87,70.7666677211722,1.00568806968555,0.988805708736088,1.02332430394807,PM10__mavg,16
PM10,mavg,4,128.771430490272,0.88,70.7666677211722,1.00573428684705,0.988343972153539,1.02417114211318,PM10__mavg,16
PM10,mavg,4,131.633335294823,0.89,70.7666677211722,1.00573697872707,0.98772611411103,1.025116900249,PM10__mavg,16
PM10,mavg,4,134.700002007186,0.9,70.7666677211722,1.00559472109432,0.986904793998994,1.02597072371185,PM10__mavg,16
PM10,mavg,4,138.050002057105,0.91,70.7666677211722,1.00574455640944,0.986228554511031,1.02703939731754,PM10__mavg,16
PM10,mavg,4,141.700002111495,0.92,70.7666677211722,1.00598781402394,0.985768799601594,1.02780439508889,PM10__mavg,16
PM10,mavg,4,145.79000217244,0.93,70.7666677211722,1.00591287360978,0.984730221841861,1.02901356560921,PM10__mavg,16
PM10,mavg,4,150.35000224039,0.94,70.7666677211722,1.00607086962147,0.983364903263677,1.03037788967211,PM10__mavg,16
PM10,mavg,4,155.733335653941,0.95,70.7666677211722,1.00614223769353,0.981756851821234,1.03212098476114,PM10__mavg,16
PM10,mavg,4,162.012502414174,0.96,70.7666677211722,1.0062694283911,0.980648673744425,1.03333767996628,PM10__mavg,16
PM10,mavg,4,169.800002530217,0.97,70.7666677211722,1.00640226982115,0.979250939176043,1.03497258903899,PM10__mavg,16
PM10,mavg,4,180.50000268966,0.98,70.7666677211722,1.00594090073201,0.977362089763235,1.03731746644828,PM10__mavg,16
PM10,mavg,4,198.164936286221,0.99,70.7666677211722,1.00522007626897,0.971953109736467,1.04326463081874,PM10__mavg,16
O3,lag,3,15.3000002279878,0.01,85.1000012680888,0.992100832196767,0.975182021553584,1.0071195242154,O3__lag,17
O3,lag,3,20.1000002995133,0.02,85.1000012680888,0.993771128833142,0.980234295684311,1.0060536064944,O3__lag,17
O3,lag,3,23.4000003486872,0.03,85.1000012680888,0.994880955046627,0.983085526868418,1.00659121062813,O3__lag,17
O3,lag,3,26.1000003889203,0.04,85.1000012680888,0.995919388550942,0.984930212227057,1.00726722934861,O3__lag,17
O3,lag,3,28.5000004246831,0.05,85.1000012680888,0.996595501627692,0.985817795908946,1.00747770305752,O3__lag,17
O3,lag,3,30.7000004574656,0.06,85.1000012680888,0.997105987552789,0.987121120059469,1.00737871233435,O3__lag,17
O3,lag,3,32.700000487268,0.07,85.1000012680888,0.997832951037011,0.987766691584938,1.00795281734995,O3__lag,17
O3,lag,3,34.5000005140901,0.08,85.1000012680888,0.998220638930122,0.988060714659279,1.00839053470192,O3__lag,17
O3,lag,3,36.3000005409122,0.09,85.1000012680888,0.998595911579245,0.988732940988852,1.00910900851804,O3__lag,17
O3,lag,3,37.900000564754,0.1,85.1000012680888,0.998995896549638,0.989126868060832,1.00959246945425,O3__lag,17
O3,lag,3,39.5000005885959,0.11,85.1000012680888,0.999448043024239,0.989531026715053,1.00992106056994,O3__lag,17
O3,lag,3,41.0000006109476,0.12,85.1000012680888,0.999785071552553,0.989761265518647,1.01022725709101,O3__lag,17
O3,lag,3,42.4000006318092,0.13,85.1000012680888,1.00006334167695,0.990096834418947,1.01027453616982,O3__lag,17
O3,lag,3,43.900000654161,0.14,85.1000012680888,1.00050213839713,0.99058661383087,1.01076016226371,O3__lag,17
O3,lag,3,45.3000006750226,0.15,85.1000012680888,1.00090853530332,0.990814562632226,1.01117640144056,O3__lag,17
O3,lag,3,46.7000006958842,0.16,85.1000012680888,1.00122084820534,0.991176117316572,1.01166537473256,O3__lag,17
O3,lag,3,48.0000007152557,0.17,85.1000012680888,1.00144123305094,0.991237663447033,1.01185390260885,O3__lag,17
O3,lag,3,49.4000007361174,0.18,85.1000012680888,1.00159281100821,0.991318427851386,1.0119795062457,O3__lag,17
O3,lag,3,50.800000756979,0.19,85.1000012680888,1.00165803047174,0.991405392459673,1.01186019904044,O3__lag,17
O3,lag,3,52.1000007763505,0.2,85.1000012680888,1.00171720209,0.991508848025227,1.01186486149447,O3__lag,17
O3,lag,3,53.400000795722,0.21,85.1000012680888,1.00175328605161,0.991700460577988,1.01186397260874,O3__lag,17
O3,lag,3,54.7000008150935,0.22,85.1000012680888,1.00186374012506,0.991875191902869,1.01174187609447,O3__lag,17
O3,lag,3,55.9000008329749,0.23,85.1000012680888,1.00185053726967,0.992059484869812,1.01149100604049,O3__lag,17
O3,lag,3,57.2000008523464,0.24,85.1000012680888,1.00187246792971,0.992328809657939,1.01116481540221,O3__lag,17
O3,lag,3,58.4000008702278,0.25,85.1000012680888,1.00184433698648,0.99262450643454,1.01081717787546,O3__lag,17
O3,lag,3,59.6000008881092,0.26,85.1000012680888,1.00181241022103,0.992885635003234,1.01042814109354,O3__lag,17
O3,lag,3,60.8000009059906,0.27,85.1000012680888,1.00179386305317,0.993244058390241,1.00995216162808,O3__lag,17
O3,lag,3,61.9000009223819,0.28,85.1000012680888,1.00173144757561,0.993549221822489,1.00954994855906,O3__lag,17
O3,lag,3,63.1000009402633,0.29,85.1000012680888,1.00160967784151,0.993828159580197,1.0090718742097,O3__lag,17
O3,lag,3,64.2000009566545,0.3,85.1000012680888,1.00149238336023,0.994103258069768,1.00861096417003,O3__lag,17
O3,lag,3,65.3000009730458,0.31,85.1000012680888,1.00144724722942,0.994408899221584,1.0081400438402,O3__lag,17
O3,lag,3,66.4000009894371,0.32,85.1000012680888,1.00140980228299,0.994750992233084,1.00770613793466,O3__lag,17
O3,lag,3,67.5000010058284,0.33,85.1000012680888,1.001281929383,0.995093606564354,1.00724806001573,O3__lag,17
O3,lag,3,68.6000010222197,0.34,85.1000012680888,1.00117177818076,0.995413649337399,1.00676996637011,O3__lag,17
O3,lag,3,69.6000010371208,0.35,85.1000012680888,1.00107357559368,0.995707850955062,1.0063214588626,O3__lag,17
O3,lag,3,70.7000010535121,0.36,85.1000012680888,1.00096899602716,0.996086354019315,1.00581667080551,O3__lag,17
O3,lag,3,71.7000010684133,0.37,85.1000012680888,1.00089332088537,0.996428007186458,1.00535075307593,O3__lag,17
O3,lag,3,72.8000010848045,0.38,85.1000012680888,1.00079901804041,0.996783888014635,1.00483434291783,O3__lag,17
O3,lag,3,73.8000010997057,0.39,85.1000012680888,1.0007212158962,0.997105657458913,1.00436610871944,O3__lag,17
O3,lag,3,74.8000011146069,0.4,85.1000012680888,1.00062777095424,0.997415698450936,1.003904328481,O3__lag,17
O3,lag,3,75.9000011309981,0.41,85.1000012680888,1.00052349694803,0.997688952900846,1.00340247080797,O3__lag,17
O3,lag,3,76.9000011458993,0.42,85.1000012680888,1.00045773456001,0.99793339066249,1.00295510421318,O3__lag,17
O3,lag,3,78.0000011622906,0.43,85.1000012680888,1.00035547010946,0.998230320213761,1.00248332910313,O3__lag,17
O3,lag,3,79.0000011771917,0.44,85.1000012680888,1.00027792515599,0.998488544486539,1.00205373876033,O3__lag,17
O3,lag,3,80.0000011920929,0.45,85.1000012680888,1.00020839123483,0.998743726446481,1.00163828405969,O3__lag,17
O3,lag,3,81.0000012069941,0.46,85.1000012680888,1.00014066039119,0.999001992999246,1.00125462743096,O3__lag,17
O3,lag,3,82.0000012218952,0.47,85.1000012680888,1.00009082655101,0.999252892088412,1.00089998988927,O3__lag,17
O3,lag,3,83.0000012367964,0.48,85.1000012680888,1.00004740921222,0.999496075663797,1.00057475523491,O3__lag,17
O3,lag,3,84.1000012531877,0.49,85.1000012680888,1.00001527569698,0.999761616667958,1.00025102470876,O3__lag,17
O3,lag,3,85.1000012680888,0.5,85.1000012680888,1,1,1,O3__lag,17
O3,lag,3,86.10000128299,0.51,85.1000012680888,0.999999916881644,0.99978403431916,1.00023919926719,O3__lag,17
O3,lag,3,87.1000012978911,0.52,85.1000012680888,1.00001602284297,0.999596326735702,1.00047124045346,O3__lag,17
O3,lag,3,88.2000013142824,0.53,85.1000012680888,1.00005436276222,0.999424449803177,1.00072066462684,O3__lag,17
O3,lag,3,89.2000013291836,0.54,85.1000012680888,1.00009586808775,0.999294711821203,1.00093664415332,O3__lag,17
O3,lag,3,90.3000013455749,0.55,85.1000012680888,1.00016194759008,0.999204158862945,1.00119506122571,O3__lag,17
O3,lag,3,91.4000013619661,0.56,85.1000012680888,1.00023255365875,0.999122607081921,1.00141936381514,O3__lag,17
O3,lag,3,92.5000013783574,0.57,85.1000012680888,1.0003206587052,0.999036501367081,1.0017050913771,O3__lag,17
O3,lag,3,93.5000013932586,0.58,85.1000012680888,1.0004108032597,0.998973559273915,1.00195436053042,O3__lag,17
O3,lag,3,94.70000141114,0.59,85.1000012680888,1.00053090344867,0.998924517766039,1.00229261970045,O3__lag,17
O3,lag,3,95.8000014275312,0.6,85.1000012680888,1.00064491781733,0.998888252444616,1.00268632213701,O3__lag,17
O3,lag,3,96.9000014439225,0.61,85.1000012680888,1.00076989094858,0.998898447790993,1.00306607509545,O3__lag,17
O3,lag,3,98.0000014603138,0.62,85.1000012680888,1.00090868725349,0.998893370440981,1.00344014156491,O3__lag,17
O3,lag,3,99.2000014781952,0.63,85.1000012680888,1.00108530325581,0.998782511902115,1.00394956698674,O3__lag,17
O3,lag,3,100.400001496077,0.64,85.1000012680888,1.0012389590435,0.998664395071938,1.00449947673694,O3__lag,17
O3,lag,3,101.600001513958,0.65,85.1000012680888,1.00141736031711,0.998553557485952,1.00500322017244,O3__lag,17
O3,lag,3,102.800001531839,0.66,85.1000012680888,1.00159305179012,0.998440110815928,1.00549102501483,O3__lag,17
O3,lag,3,104.000001549721,0.67,85.1000012680888,1.00179691136822,0.998348911471867,1.00595786305601,O3__lag,17
O3,lag,3,105.300001569092,0.68,85.1000012680888,1.00198499248933,0.998270164441835,1.00649670529507,O3__lag,17
O3,lag,3,106.500001586974,0.69,85.1000012680888,1.00219243727496,0.99819628496123,1.00706087678027,O3__lag,17
O3,lag,3,107.800001606345,0.7,85.1000012680888,1.00240184492551,0.998084131904773,1.0076461421514,O3__lag,17
O3,lag,3,109.200001627207,0.71,85.1000012680888,1.00262307656464,0.997963630108074,1.0082219150222,O3__lag,17
O3,lag,3,110.600001648068,0.72,85.1000012680888,1.00285870906666,0.997814379591706,1.00877820197008,O3__lag,17
O3,lag,3,112.10000167042,0.73,85.1000012680888,1.00310221589166,0.997744914254128,1.00936500541344,O3__lag,17
O3,lag,3,113.500001691282,0.74,85.1000012680888,1.00332252823935,0.997649882876212,1.00989801723434,O3__lag,17
O3,lag,3,115.000001713634,0.75,85.1000012680888,1.00352077699906,0.997588298674315,1.0105180545656,O3__lag,17
O3,lag,3,116.600001737475,0.76,85.1000012680888,1.00370919594007,0.997541975387331,1.01106907597728,O3__lag,17
O3,lag,3,118.200001761317,0.77,85.1000012680888,1.00389899319876,0.997484772164238,1.01158633940491,O3__lag,17
O3,lag,3,119.800001785159,0.78,85.1000012680888,1.00413713399685,0.997435083367714,1.01208010816724,O3__lag,17
O3,lag,3,121.400001809001,0.79,85.1000012680888,1.00432038226925,0.997394370335196,1.01260423633968,O3__lag,17
O3,lag,3,123.100001834333,0.8,85.1000012680888,1.00451367729683,0.997360871257283,1.01313972080491,O3__lag,17
O3,lag,3,124.900001861155,0.81,85.1000012680888,1.00476919703602,0.997336271859844,1.01367219988575,O3__lag,17
O3,lag,3,126.700001887977,0.82,85.1000012680888,1.00496924252109,0.997322759220802,1.01416943657205,O3__lag,17
O3,lag,3,128.700001917779,0.83,85.1000012680888,1.00518148041808,0.997316937476078,1.01468090064578,O3__lag,17
O3,lag,3,130.600001946092,0.84,85.1000012680888,1.00536189230839,0.997350595328538,1.01512711136883,O3__lag,17
O3,lag,3,132.700001977384,0.85,85.1000012680888,1.00560007891083,0.997247118527911,1.01564130097339,O3__lag,17
O3,lag,3,134.900002010167,0.86,85.1000012680888,1.00573586171529,0.997138642047953,1.01612930105438,O3__lag,17
O3,lag,3,137.200002044439,0.87,85.1000012680888,1.00592221326243,0.997040063605608,1.01656148480746,O3__lag,17
O3,lag,3,139.600002080202,0.88,85.1000012680888,1.00600902857661,0.996918485639721,1.0169463526727,O3__lag,17
O3,lag,3,142.100002117455,0.89,85.1000012680888,1.00607279251367,0.996833509305223,1.01726670225088,O3__lag,17
O3,lag,3,144.700002156198,0.9,85.1000012680888,1.00622132281089,0.996859644947915,1.01730293650408,O3__lag,17
O3,lag,3,147.300002194941,0.91,85.1000012680888,1.00631372502657,0.99700442095283,1.01738030381873,O3__lag,17
O3,lag,3,150.400002241135,0.92,85.1000012680888,1.00631842277267,0.996705474674991,1.01729842676324,O3__lag,17
O3,lag,3,153.700002290308,0.93,85.1000012680888,1.00649518605922,0.996429924555109,1.01736527653179,O3__lag,17
O3,lag,3,157.500002346933,0.94,85.1000012680888,1.00661006374647,0.996420509193644,1.0176960038433,O3__lag,17
O3,lag,3,161.800002411008,0.95,85.1000012680888,1.00649423560892,0.995993547238102,1.01742082274441,O3__lag,17
O3,lag,3,167.100002489984,0.96,85.1000012680888,1.00627454782302,0.995550763665297,1.0170947080296,O3__lag,17
O3,lag,3,173.600002586842,0.97,85.1000012680888,1.00583165594677,0.994603851413679,1.01694734133381,O3__lag,17
O3,lag,3,182.100002713501,0.98,85.1000012680888,1.00525285540402,0.99290261881809,1.01719536281206,O3__lag,17
O3,lag,3,195.100002907217,0.99,85.1000012680888,1.00345923892051,0.988245023943638,1.01905883024919,O3__lag,17
O3,mavg,4,23.1804730726887,0.01,87.7750013079494,0.979488373284038,0.942311285972835,1.01520896598881,O3__mavg,18
O3,mavg,4,27.3000004068017,0.02,87.7750013079494,0.980585005406204,0.946161392762025,1.01156339516303,O3__mavg,18
O3,mavg,4,30.2285718790123,0.03,87.7750013079494,0.98086755052142,0.948740318055904,1.00950465077011,O3__mavg,18
O3,mavg,4,32.5750004854053,0.04,87.7750013079494,0.98138064289613,0.952143962728169,1.00863037239138,O3__mavg,18
O3,mavg,4,34.7310005175322,0.05,87.7750013079494,0.981566054242103,0.954337254993776,1.00839933224213,O3__mavg,18
O3,mavg,4,36.6000005453825,0.06,87.7750013079494,0.981906602901021,0.955863140180043,1.00739872673329,O3__mavg,18
O3,mavg,4,38.3500005714595,0.07,87.7750013079494,0.9824989349069,0.956945630475274,1.00653590334328,O3__mavg,18
O3,mavg,4,39.9701148813154,0.08,87.7750013079494,0.98294478212188,0.958160649136825,1.00553000128223,O3__mavg,18
O3,mavg,4,41.5000006183982,0.09,87.7750013079494,0.983279875922511,0.958856316181088,1.0055434650927,O3__mavg,18
O3,mavg,4,43.0000006407499,0.1,87.7750013079494,0.983692051180317,0.960285809655709,1.00492333642245,O3__mavg,18
O3,mavg,4,44.4166673285266,0.11,87.7750013079494,0.983836690515011,0.961217169333849,1.00464065942318,O3__mavg,18
O3,mavg,4,45.7875006822869,0.12,87.7750013079494,0.984208350088417,0.962420974259813,1.00457757625995,O3__mavg,18
O3,mavg,4,47.1000007018447,0.13,87.7750013079494,0.984505109216507,0.963336368845738,1.00450865885045,O3__mavg,18
O3,mavg,4,48.3666673873862,0.14,87.7750013079494,0.984713761270506,0.964010993633096,1.00471530188308,O3__mavg,18
O3,mavg,4,49.609091648324,0.15,87.7750013079494,0.985140912807179,0.964762901948323,1.00458229189955,O3__mavg,18
O3,mavg,4,50.833334090809,0.16,87.7750013079494,0.985444864555949,0.965615782498908,1.0045589075091,O3__mavg,18
O3,mavg,4,52.0400007754564,0.17,87.7750013079494,0.985720909806249,0.966085291691165,1.00457422756573,O3__mavg,18
O3,mavg,4,53.2159055548836,0.18,87.7750013079494,0.986007258145884,0.96673887113229,1.00461928862419,O3__mavg,18
O3,mavg,4,54.4000008106232,0.19,87.7750013079494,0.986330083003638,0.967590480989895,1.00498434232109,O3__mavg,18
O3,mavg,4,55.5909099192782,0.2,87.7750013079494,0.986794349196117,0.968484287094105,1.00479048534846,O3__mavg,18
O3,mavg,4,56.7500008456409,0.21,87.7750013079494,0.987159563791934,0.969391040797434,1.00478876361302,O3__mavg,18
O3,mavg,4,57.9333341966073,0.22,87.7750013079494,0.987642153570573,0.970355170428627,1.00467340042303,O3__mavg,18
O3,mavg,4,59.1000008806586,0.23,87.7750013079494,0.988139405400708,0.971344638706798,1.00456030053968,O3__mavg,18
O3,mavg,4,60.250000897795,0.24,87.7750013079494,0.988518011725823,0.972358694073891,1.00442899554884,O3__mavg,18
O3,mavg,4,61.4100009150803,0.25,87.7750013079494,0.988841886737962,0.973417341015871,1.00432003058616,O3__mavg,18
O3,mavg,4,62.6000009328127,0.26,87.7750013079494,0.98945077692573,0.974543166645833,1.00421653941837,O3__mavg,18
O3,mavg,4,63.7833819028275,0.27,87.7750013079494,0.98993211285715,0.975674259280668,1.00415596410268,O3__mavg,18
O3,mavg,4,64.9333343009154,0.28,87.7750013079494,0.990237496114392,0.97685944243561,1.00403642430559,O3__mavg,18
O3,mavg,4,66.1000009849668,0.29,87.7750013079494,0.990729491102396,0.977864017546823,1.00374158384766,O3__mavg,18
O3,mavg,4,67.2428581448538,0.3,87.7750013079494,0.991202776165906,0.978863072800677,1.00348432157858,O3__mavg,18
O3,mavg,4,68.3833343523244,0.31,87.7750013079494,0.991609306247358,0.979891625156927,1.00331343982728,O3__mavg,18
O3,mavg,4,69.5333343694607,0.32,87.7750013079494,0.992048277569608,0.980993767773348,1.0031144880748,O3__mavg,18
O3,mavg,4,70.6666677196821,0.33,87.7750013079494,0.992547986568905,0.982127388589138,1.00286500723139,O3__mavg,18
O3,mavg,4,71.7500010691584,0.34,87.7750013079494,0.993061228854653,0.983223957285675,1.00255466681928,O3__mavg,18
O3,mavg,4,72.8250010851771,0.35,87.7750013079494,0.993586574690779,0.98437137133401,1.00224139209549,O3__mavg,18
O3,mavg,4,73.9000011011958,0.36,87.7750013079494,0.994003458983228,0.985632191342745,1.00192769060579,O3__mavg,18
O3,mavg,4,74.940001116693,0.37,87.7750013079494,0.99441934116437,0.986849444734604,1.0016283674225,O3__mavg,18
O3,mavg,4,76.0000011324882,0.38,87.7750013079494,0.994895154762992,0.988082801226449,1.0013466052252,O3__mavg,18
O3,mavg,4,77.0125011475757,0.39,87.7750013079494,0.995388920615542,0.989179783696669,1.00106166375064,O3__mavg,18
O3,mavg,4,78.0500011630357,0.4,87.7750013079494,0.995846259696288,0.990259441666436,1.0008591822194,O3__mavg,18
O3,mavg,4,79.0500011779368,0.41,87.7750013079494,0.996298490614635,0.991323769535223,1.00070813298417,O3__mavg,18
O3,mavg,4,80.0666678597529,0.42,87.7750013079494,0.996746991550844,0.992421388055832,1.00056229010406,O3__mavg,18
O3,mavg,4,81.0500012077391,0.43,87.7750013079494,0.997163778372578,0.993455368790887,1.00045775795004,O3__mavg,18
O3,mavg,4,82.0666678895552,0.44,87.7750013079494,0.997607832208738,0.994554119614108,1.00035261976658,O3__mavg,18
O3,mavg,4,83.0100012369454,0.45,87.7750013079494,0.998013772937762,0.995520029271074,1.00026014788228,O3__mavg,18
O3,mavg,4,83.9888901404209,0.46,87.7750013079494,0.998434721099816,0.996444742892198,1.00019260497871,O3__mavg,18
O3,mavg,4,84.9428584086044,0.47,87.7750013079494,0.998836431356971,0.997365713791748,1.00011428747508,O3__mavg,18
O3,mavg,4,85.9000012800097,0.48,87.7750013079494,0.999238184626503,0.998279283725003,1.0000788825723,O3__mavg,18
O3,mavg,4,86.8200012937188,0.49,87.7750013079494,0.999615446204407,0.999135264456479,1.00003677152364,O3__mavg,18
O3,mavg,4,87.7750013079494,0.5,87.7750013079494,1,1,1,O3__mavg,18
O3,mavg,4,88.700001321733,0.51,87.7750013079494,1.00037333390858,0.999970642207553,1.0008194064047,O3__mavg,18
O3,mavg,4,89.6166680020591,0.52,87.7750013079494,1.00074434110008,0.999949058200656,1.00161562516475,O3__mavg,18
O3,mavg,4,90.5500013493002,0.53,87.7750013079494,1.00109978877913,0.999918809707973,1.00243802152735,O3__mavg,18
O3,mavg,4,91.4857156489577,0.54,87.7750013079494,1.00145608637387,0.999889281025569,1.00326468697955,O3__mavg,18
O3,mavg,4,92.4000013768673,0.55,87.7750013079494,1.0018112262922,0.999887399963819,1.00406178672162,O3__mavg,18
O3,mavg,4,93.3333347241085,0.56,87.7750013079494,1.00211513690083,0.99985697861245,1.00482956653744,O3__mavg,18
O3,mavg,4,94.2500014044344,0.57,87.7750013079494,1.00248092385943,0.999805713855658,1.00559939139531,O3__mavg,18
O3,mavg,4,95.1500014178454,0.58,87.7750013079494,1.00279848822852,0.999722983950645,1.00637985869175,O3__mavg,18
O3,mavg,4,96.0666680981716,0.59,87.7750013079494,1.00312690266424,0.999606396796738,1.00715122472225,O3__mavg,18
O3,mavg,4,96.9500014446677,0.6,87.7750013079494,1.00344708105124,0.999498786875314,1.00788528294207,O3__mavg,18
O3,mavg,4,97.8777792362704,0.61,87.7750013079494,1.00377135171563,0.999302582003764,1.0086387716085,O3__mavg,18
O3,mavg,4,98.8000014722346,0.62,87.7750013079494,1.0040455253358,0.999099479363882,1.0093781924414,O3__mavg,18
O3,mavg,4,99.7000014856458,0.63,87.7750013079494,1.00433008546367,0.998954340201735,1.01009023102928,O3__mavg,18
O3,mavg,4,100.633334832887,0.64,87.7750013079494,1.0046016616665,0.998797455273107,1.01081826451525,O3__mavg,18
O3,mavg,4,101.577501513623,0.65,87.7750013079494,1.00491416086927,0.998655191506525,1.01154358248305,O3__mavg,18
O3,mavg,4,102.514668194254,0.66,87.7750013079494,1.00521512465457,0.998596833089874,1.01224284127384,O3__mavg,18
O3,mavg,4,103.50000154227,0.67,87.7750013079494,1.00555970690939,0.998546749632283,1.01301475029164,O3__mavg,18
O3,mavg,4,104.450001556426,0.68,87.7750013079494,1.00593813072665,0.998479470316968,1.01380478010128,O3__mavg,18
O3,mavg,4,105.437501571141,0.69,87.7750013079494,1.0062946780819,0.99832844057273,1.01456568957982,O3__mavg,18
O3,mavg,4,106.422223808037,0.7,87.7750013079494,1.00648688211384,0.998179060471744,1.01531168492702,O3__mavg,18
O3,mavg,4,107.433334934215,0.71,87.7750013079494,1.00677646373959,0.998028279031099,1.01606175802881,O3__mavg,18
O3,mavg,4,108.477779394223,0.72,87.7750013079494,1.00711452607762,0.997947117093259,1.01681818472506,O3__mavg,18
O3,mavg,4,109.52500163205,0.73,87.7750013079494,1.00746267154842,0.997796952029727,1.0175284328139,O3__mavg,18
O3,mavg,4,110.600001648068,0.74,87.7750013079494,1.00781486270785,0.997486229097514,1.01829864047569,O3__mavg,18
O3,mavg,4,111.675001664087,0.75,87.7750013079494,1.00809474519567,0.997196646580657,1.01905550158942,O3__mavg,18
O3,mavg,4,112.800001680851,0.76,87.7750013079494,1.00840594738483,0.996991215566877,1.01982448893656,O3__mavg,18
O3,mavg,4,113.950001697988,0.77,87.7750013079494,1.00865375551258,0.996728029103721,1.02054922428437,O3__mavg,18
O3,mavg,4,115.150001715869,0.78,87.7750013079494,1.00897441399789,0.996537357972601,1.02123749134084,O3__mavg,18
O3,mavg,4,116.400001734495,0.79,87.7750013079494,1.00928830677006,0.996329972194941,1.0219500910808,O3__mavg,18
O3,mavg,4,117.675001753494,0.8,87.7750013079494,1.00960839385273,0.996092537226059,1.02265040527767,O3__mavg,18
O3,mavg,4,118.988957328629,0.81,87.7750013079494,1.00988187150873,0.995896218909344,1.02356521317553,O3__mavg,18
O3,mavg,4,120.33333512644,0.82,87.7750013079494,1.01016838137105,0.995780484611783,1.02441420016687,O3__mavg,18
O3,mavg,4,121.744446258578,0.83,87.7750013079494,1.01040990641337,0.995645146804783,1.02505846305569,O3__mavg,18
O3,mavg,4,123.216668502738,0.84,87.7750013079494,1.01070913279894,0.995481256571685,1.02561031757464,O3__mavg,18
O3,mavg,4,124.800001859665,0.85,87.7750013079494,1.01091147047705,0.995316923094138,1.02617964705664,O3__mavg,18
O3,mavg,4,126.450001884252,0.86,87.7750013079494,1.0111593304907,0.995074469881294,1.02680125966052,O3__mavg,18
O3,mavg,4,128.200001910329,0.87,87.7750013079494,1.01122934155481,0.994983624534061,1.02768924888379,O3__mavg,18
O3,mavg,4,130.050001937896,0.88,87.7750013079494,1.01155176887176,0.994968074994164,1.02883355421904,O3__mavg,18
O3,mavg,4,132.022224189507,0.89,87.7750013079494,1.01179434778021,0.994985756726425,1.02998174043015,O3__mavg,18
O3,mavg,4,134.100001998246,0.9,87.7750013079494,1.01204732663205,0.994919871137995,1.03075787757384,O3__mavg,18
O3,mavg,4,136.333335364858,0.91,87.7750013079494,1.01222586486655,0.994275647643569,1.03119657361237,O3__mavg,18
O3,mavg,4,138.850002069026,0.92,87.7750013079494,1.01234154561899,0.993440124458045,1.03182773653516,O3__mavg,18
O3,mavg,4,141.557144966509,0.93,87.7750013079494,1.01252322627588,0.992563026038557,1.03340666053809,O3__mavg,18
O3,mavg,4,144.800002157688,0.94,87.7750013079494,1.01269515839165,0.992153372813177,1.03532567155832,O3__mavg,18
O3,mavg,4,148.642859357808,0.95,87.7750013079494,1.01281876598654,0.991215489875913,1.0368120669371,O3__mavg,18
O3,mavg,4,153.350002285093,0.96,87.7750013079494,1.01296973586178,0.988777051041461,1.03890504655393,O3__mavg,18
O3,mavg,4,159.300002373755,0.97,87.7750013079494,1.01261817315601,0.986321128083578,1.04006264589305,O3__mavg,18
O3,mavg,4,167.4500024952,0.98,87.7750013079494,1.01141680743272,0.981750099256417,1.04315840327214,O3__mavg,18
O3,mavg,4,180.228236451844,0.99,87.7750013079494,1.00981395554443,0.971300230032826,1.05050488113489,O3__mavg,18
