variable,exposure_type,lag_window,exposure_value,exposure_probability,reference_value,RR,sensitivity_key,sensitivity_label,sensitivity_order,model_key,specification_order
t2m,lag,3,0.05983816156,0.01,17.88594462,1.0182917968916,lag5,Maximum lag = 5 days,1,lag5__t2m__lag,1
t2m,lag,3,1.50188874532,0.02,17.88594462,1.02384560981403,lag5,Maximum lag = 5 days,1,lag5__t2m__lag,1
t2m,lag,3,2.39862138787,0.03,17.88594462,1.02672485219626,lag5,Maximum lag = 5 days,1,lag5__t2m__lag,1
t2m,lag,3,3.093038177,0.04,17.88594462,1.02862523730023,lag5,Maximum lag = 5 days,1,lag5__t2m__lag,1
t2m,lag,3,3.6406330109,0.05,17.88594462,1.0299096879015,lag5,Maximum lag = 5 days,1,lag5__t2m__lag,1
t2m,lag,3,4.131032562,0.06,17.88594462,1.03089283404722,lag5,Maximum lag = 5 days,1,lag5__t2m__lag,1
t2m,lag,3,4.569816844,0.07,17.88594462,1.03163397727579,lag5,Maximum lag = 5 days,1,lag5__t2m__lag,1
t2m,lag,3,4.975525792,0.08,17.88594462,1.03219934976497,lag5,Maximum lag = 5 days,1,lag5__t2m__lag,1
t2m,lag,3,5.32773191442,0.09,17.88594462,1.03259432918523,lag5,Maximum lag = 5 days,1,lag5__t2m__lag,1
t2m,lag,3,5.6831236519,0.1,17.88594462,1.03290050655725,lag5,Maximum lag = 5 days,1,lag5__t2m__lag,1
t2m,lag,3,5.9908903442,0.11,17.88594462,1.03308915017098,lag5,Maximum lag = 5 days,1,lag5__t2m__lag,1
t2m,lag,3,6.2784404242,0.12,17.88594462,1.03320004615521,lag5,Maximum lag = 5 days,1,lag5__t2m__lag,1
t2m,lag,3,6.579119619,0.13,17.88594462,1.0332473336882,lag5,Maximum lag = 5 days,1,lag5__t2m__lag,1
t2m,lag,3,6.87611661246,0.14,17.88594462,1.03322399957138,lag5,Maximum lag = 5 days,1,lag5__t2m__lag,1
t2m,lag,3,7.18746782975,0.15,17.88594462,1.03312358443131,lag5,Maximum lag = 5 days,1,lag5__t2m__lag,1
t2m,lag,3,7.465760803,0.16,17.88594462,1.03296701707084,lag5,Maximum lag = 5 days,1,lag5__t2m__lag,1
t2m,lag,3,7.710973994,0.17,17.88594462,1.0327760560844,lag5,Maximum lag = 5 days,1,lag5__t2m__lag,1
t2m,lag,3,7.99756210326,0.18,17.88594462,1.03248910936628,lag5,Maximum lag = 5 days,1,lag5__t2m__lag,1
t2m,lag,3,8.26652702953,0.19,17.88594462,1.03215649338958,lag5,Maximum lag = 5 days,1,lag5__t2m__lag,1
t2m,lag,3,8.523497518,0.2,17.88594462,1.03178072288926,lag5,Maximum lag = 5 days,1,lag5__t2m__lag,1
t2m,lag,3,8.757340336,0.21,17.88594462,1.03138896371588,lag5,Maximum lag = 5 days,1,lag5__t2m__lag,1
t2m,lag,3,9.01689448024,0.22,17.88594462,1.03089794269521,lag5,Maximum lag = 5 days,1,lag5__t2m__lag,1
t2m,lag,3,9.30727723439,0.23,17.88594462,1.03027775342969,lag5,Maximum lag = 5 days,1,lag5__t2m__lag,1
t2m,lag,3,9.58446428924,0.24,17.88594462,1.0296151525849,lag5,Maximum lag = 5 days,1,lag5__t2m__lag,1
t2m,lag,3,9.903328673,0.25,17.88594462,1.02876662825526,lag5,Maximum lag = 5 days,1,lag5__t2m__lag,1
t2m,lag,3,10.23937887,0.26,17.88594462,1.02777320288803,lag5,Maximum lag = 5 days,1,lag5__t2m__lag,1
t2m,lag,3,10.5511868361,0.27,17.88594462,1.02676776954727,lag5,Maximum lag = 5 days,1,lag5__t2m__lag,1
t2m,lag,3,10.88021876,0.28,17.88594462,1.025628913117,lag5,Maximum lag = 5 days,1,lag5__t2m__lag,1
t2m,lag,3,11.2266764486,0.29,17.88594462,1.02435387965707,lag5,Maximum lag = 5 days,1,lag5__t2m__lag,1
t2m,lag,3,11.53419202,0.3,17.88594462,1.02316599643589,lag5,Maximum lag = 5 days,1,lag5__t2m__lag,1
t2m,lag,3,11.8544984827,0.31,17.88594462,1.02188145616577,lag5,Maximum lag = 5 days,1,lag5__t2m__lag,1
t2m,lag,3,12.21017164,0.32,17.88594462,1.02040930634405,lag5,Maximum lag = 5 days,1,lag5__t2m__lag,1
t2m,lag,3,12.56848106,0.33,17.88594462,1.01888946659446,lag5,Maximum lag = 5 days,1,lag5__t2m__lag,1
t2m,lag,3,12.87372805,0.34,17.88594462,1.01757484345591,lag5,Maximum lag = 5 days,1,lag5__t2m__lag,1
t2m,lag,3,13.21257553,0.35,17.88594462,1.01610387416063,lag5,Maximum lag = 5 days,1,lag5__t2m__lag,1
t2m,lag,3,13.54567299,0.36,17.88594462,1.014655635282,lag5,Maximum lag = 5 days,1,lag5__t2m__lag,1
t2m,lag,3,13.87053833,0.37,17.88594462,1.01325045777692,lag5,Maximum lag = 5 days,1,lag5__t2m__lag,1
t2m,lag,3,14.198566173,0.38,17.88594462,1.0118481491702,lag5,Maximum lag = 5 days,1,lag5__t2m__lag,1
t2m,lag,3,14.51402372,0.39,17.88594462,1.01052383929689,lag5,Maximum lag = 5 days,1,lag5__t2m__lag,1
t2m,lag,3,14.828304416,0.4,17.88594462,1.00923635171773,lag5,Maximum lag = 5 days,1,lag5__t2m__lag,1
t2m,lag,3,15.16310209,0.41,17.88594462,1.00790887254111,lag5,Maximum lag = 5 days,1,lag5__t2m__lag,1
t2m,lag,3,15.5198572048,0.42,17.88594462,1.00655501887423,lag5,Maximum lag = 5 days,1,lag5__t2m__lag,1
t2m,lag,3,15.8389012984,0.43,17.88594462,1.00540663726917,lag5,Maximum lag = 5 days,1,lag5__t2m__lag,1
t2m,lag,3,16.1557625296,0.44,17.88594462,1.00433292128378,lag5,Maximum lag = 5 days,1,lag5__t2m__lag,1
t2m,lag,3,16.4707982685,0.45,17.88594462,1.00333944446898,lag5,Maximum lag = 5 days,1,lag5__t2m__lag,1
t2m,lag,3,16.76266886,0.46,17.88594462,1.0024918565468,lag5,Maximum lag = 5 days,1,lag5__t2m__lag,1
t2m,lag,3,17.06686172,0.47,17.88594462,1.00169003927832,lag5,Maximum lag = 5 days,1,lag5__t2m__lag,1
t2m,lag,3,17.36494662,0.48,17.88594462,1.00099186890188,lag5,Maximum lag = 5 days,1,lag5__t2m__lag,1
t2m,lag,3,17.6226832096,0.49,17.88594462,1.00046327780177,lag5,Maximum lag = 5 days,1,lag5__t2m__lag,1
t2m,lag,3,17.88594462,0.5,17.88594462,1,lag5,Maximum lag = 5 days,1,lag5__t2m__lag,1
t2m,lag,3,18.15237897,0.51,17.88594462,0.999612333437629,lag5,Maximum lag = 5 days,1,lag5__t2m__lag,1
t2m,lag,3,18.40800247,0.52,17.88594462,0.999310612413571,lag5,Maximum lag = 5 days,1,lag5__t2m__lag,1
t2m,lag,3,18.6815951,0.53,17.88594462,0.999054255272956,lag5,Maximum lag = 5 days,1,lag5__t2m__lag,1
t2m,lag,3,18.96726761,0.54,17.88594462,0.998849207625048,lag5,Maximum lag = 5 days,1,lag5__t2m__lag,1
t2m,lag,3,19.225382548,0.55,17.88594462,0.998709434009968,lag5,Maximum lag = 5 days,1,lag5__t2m__lag,1
t2m,lag,3,19.4855932104,0.56,17.88594462,0.998603249202133,lag5,Maximum lag = 5 days,1,lag5__t2m__lag,1
t2m,lag,3,19.73540967,0.57,17.88594462,0.998526000552974,lag5,Maximum lag = 5 days,1,lag5__t2m__lag,1
t2m,lag,3,19.9870033664,0.58,17.88594462,0.998464697352625,lag5,Maximum lag = 5 days,1,lag5__t2m__lag,1
t2m,lag,3,20.23067881,0.59,17.88594462,0.998413661530991,lag5,Maximum lag = 5 days,1,lag5__t2m__lag,1
t2m,lag,3,20.49973577,0.6,17.88594462,0.998358116426844,lag5,Maximum lag = 5 days,1,lag5__t2m__lag,1
t2m,lag,3,20.7588930666,0.61,17.88594462,0.998296674553259,lag5,Maximum lag = 5 days,1,lag5__t2m__lag,1
t2m,lag,3,21.0058711602,0.62,17.88594462,0.998222855075688,lag5,Maximum lag = 5 days,1,lag5__t2m__lag,1
t2m,lag,3,21.25072568,0.63,17.88594462,0.998127487316872,lag5,Maximum lag = 5 days,1,lag5__t2m__lag,1
t2m,lag,3,21.503590116,0.64,17.88594462,0.997998072935525,lag5,Maximum lag = 5 days,1,lag5__t2m__lag,1
t2m,lag,3,21.73315837,0.65,17.88594462,0.997846716136592,lag5,Maximum lag = 5 days,1,lag5__t2m__lag,1
t2m,lag,3,21.9529351926,0.66,17.88594462,0.997665898643631,lag5,Maximum lag = 5 days,1,lag5__t2m__lag,1
t2m,lag,3,22.1793693419,0.67,17.88594462,0.997437234951471,lag5,Maximum lag = 5 days,1,lag5__t2m__lag,1
t2m,lag,3,22.40469704,0.68,17.88594462,0.997161382833645,lag5,Maximum lag = 5 days,1,lag5__t2m__lag,1
t2m,lag,3,22.62841568,0.69,17.88594462,0.996834262359632,lag5,Maximum lag = 5 days,1,lag5__t2m__lag,1
t2m,lag,3,22.864473086,0.7,17.88594462,0.996425502002361,lag5,Maximum lag = 5 days,1,lag5__t2m__lag,1
t2m,lag,3,23.0931608792,0.71,17.88594462,0.995961260324732,lag5,Maximum lag = 5 days,1,lag5__t2m__lag,1
t2m,lag,3,23.31887609,0.72,17.88594462,0.995431447626514,lag5,Maximum lag = 5 days,1,lag5__t2m__lag,1
t2m,lag,3,23.53596268,0.73,17.88594462,0.994849563841654,lag5,Maximum lag = 5 days,1,lag5__t2m__lag,1
t2m,lag,3,23.76128731,0.74,17.88594462,0.99416524406919,lag5,Maximum lag = 5 days,1,lag5__t2m__lag,1
t2m,lag,3,23.97438265,0.75,17.88594462,0.993437867096608,lag5,Maximum lag = 5 days,1,lag5__t2m__lag,1
t2m,lag,3,24.207438452,0.76,17.88594462,0.99254892269842,lag5,Maximum lag = 5 days,1,lag5__t2m__lag,1
t2m,lag,3,24.43596865,0.77,17.88594462,0.99158332550239,lag5,Maximum lag = 5 days,1,lag5__t2m__lag,1
t2m,lag,3,24.6587886474,0.78,17.88594462,0.990554298006886,lag5,Maximum lag = 5 days,1,lag5__t2m__lag,1
t2m,lag,3,24.8901561572,0.79,17.88594462,0.989396390679961,lag5,Maximum lag = 5 days,1,lag5__t2m__lag,1
t2m,lag,3,25.129355114,0.8,17.88594462,0.988105807039043,lag5,Maximum lag = 5 days,1,lag5__t2m__lag,1
t2m,lag,3,25.3661775,0.81,17.88594462,0.986736767239328,lag5,Maximum lag = 5 days,1,lag5__t2m__lag,1
t2m,lag,3,25.59622726,0.82,17.88594462,0.985322161494785,lag5,Maximum lag = 5 days,1,lag5__t2m__lag,1
t2m,lag,3,25.81948115,0.83,17.88594462,0.983871598590532,lag5,Maximum lag = 5 days,1,lag5__t2m__lag,1
t2m,lag,3,26.0729713436,0.84,17.88594462,0.982134294009778,lag5,Maximum lag = 5 days,1,lag5__t2m__lag,1
t2m,lag,3,26.347233105,0.85,17.88594462,0.980149759378083,lag5,Maximum lag = 5 days,1,lag5__t2m__lag,1
t2m,lag,3,26.6021487452,0.86,17.88594462,0.97821065363497,lag5,Maximum lag = 5 days,1,lag5__t2m__lag,1
t2m,lag,3,26.8755037029,0.87,17.88594462,0.976033555977528,lag5,Maximum lag = 5 days,1,lag5__t2m__lag,1
t2m,lag,3,27.15593427,0.88,17.88594462,0.973698802153341,lag5,Maximum lag = 5 days,1,lag5__t2m__lag,1
t2m,lag,3,27.45889753,0.89,17.88594462,0.97106573327973,lag5,Maximum lag = 5 days,1,lag5__t2m__lag,1
t2m,lag,3,27.777439878,0.9,17.88594462,0.968178646040912,lag5,Maximum lag = 5 days,1,lag5__t2m__lag,1
t2m,lag,3,28.117776048,0.91,17.88594462,0.964966181572127,lag5,Maximum lag = 5 days,1,lag5__t2m__lag,1
t2m,lag,3,28.4697288004,0.92,17.88594462,0.961512556175418,lag5,Maximum lag = 5 days,1,lag5__t2m__lag,1
t2m,lag,3,28.8447297782,0.93,17.88594462,0.957694338014642,lag5,Maximum lag = 5 days,1,lag5__t2m__lag,1
t2m,lag,3,29.1988534004,0.94,17.88594462,0.953965892914337,lag5,Maximum lag = 5 days,1,lag5__t2m__lag,1
t2m,lag,3,29.5693822185,0.95,17.88594462,0.949945755395016,lag5,Maximum lag = 5 days,1,lag5__t2m__lag,1
t2m,lag,3,29.97185669,0.96,17.88594462,0.945451449651458,lag5,Maximum lag = 5 days,1,lag5__t2m__lag,1
t2m,lag,3,30.4082090544,0.97,17.88594462,0.940441603734257,lag5,Maximum lag = 5 days,1,lag5__t2m__lag,1
t2m,lag,3,30.968635868,0.98,17.88594462,0.93382017165371,lag5,Maximum lag = 5 days,1,lag5__t2m__lag,1
t2m,lag,3,31.72486394,0.99,17.88594462,0.924601015174771,lag5,Maximum lag = 5 days,1,lag5__t2m__lag,1
rh,lag,3,43.5271380836,0.01,75.87233674,1.01684757909008,lag5,Maximum lag = 5 days,1,lag5__rh__lag,2
rh,lag,3,47.27021166,0.02,75.87233674,1.01012437064848,lag5,Maximum lag = 5 days,1,lag5__rh__lag,2
rh,lag,3,49.58312983,0.03,75.87233674,1.00659420001298,lag5,Maximum lag = 5 days,1,lag5__rh__lag,2
rh,lag,3,51.56737138,0.04,75.87233674,1.00397278029833,lag5,Maximum lag = 5 days,1,lag5__rh__lag,2
rh,lag,3,53.1761092175,0.05,75.87233674,1.00213705366018,lag5,Maximum lag = 5 days,1,lag5__rh__lag,2
rh,lag,3,54.5066469488,0.06,75.87233674,1.00082251125317,lag5,Maximum lag = 5 days,1,lag5__rh__lag,2
rh,lag,3,55.75677617,0.07,75.87233674,0.999761009601964,lag5,Maximum lag = 5 days,1,lag5__rh__lag,2
rh,lag,3,56.79770595,0.08,75.87233674,0.999009051149585,lag5,Maximum lag = 5 days,1,lag5__rh__lag,2
rh,lag,3,57.7128678331,0.09,75.87233674,0.998449372659797,lag5,Maximum lag = 5 days,1,lag5__rh__lag,2
rh,lag,3,58.556876555,0.1,75.87233674,0.998019100300876,lag5,Maximum lag = 5 days,1,lag5__rh__lag,2
rh,lag,3,59.3440294,0.11,75.87233674,0.997693496099315,lag5,Maximum lag = 5 days,1,lag5__rh__lag,2
rh,lag,3,60.08273453,0.12,75.87233674,0.997455534805237,lag5,Maximum lag = 5 days,1,lag5__rh__lag,2
rh,lag,3,60.77495002,0.13,75.87233674,0.997292923265326,lag5,Maximum lag = 5 days,1,lag5__rh__lag,2
rh,lag,3,61.37584464,0.14,75.87233674,0.997199828679505,lag5,Maximum lag = 5 days,1,lag5__rh__lag,2
rh,lag,3,61.9566182245,0.15,75.87233674,0.997152881308783,lag5,Maximum lag = 5 days,1,lag5__rh__lag,2
rh,lag,3,62.53669124,0.16,75.87233674,0.997148750585097,lag5,Maximum lag = 5 days,1,lag5__rh__lag,2
rh,lag,3,63.11933789,0.17,75.87233674,0.997188163040867,lag5,Maximum lag = 5 days,1,lag5__rh__lag,2
rh,lag,3,63.67504441,0.18,75.87233674,0.997266934289955,lag5,Maximum lag = 5 days,1,lag5__rh__lag,2
rh,lag,3,64.1956665065,0.19,75.87233674,0.997377647292683,lag5,Maximum lag = 5 days,1,lag5__rh__lag,2
rh,lag,3,64.67682029,0.2,75.87233674,0.997512076156395,lag5,Maximum lag = 5 days,1,lag5__rh__lag,2
rh,lag,3,65.1766638711,0.21,75.87233674,0.997684743484158,lag5,Maximum lag = 5 days,1,lag5__rh__lag,2
rh,lag,3,65.6587383306,0.22,75.87233674,0.997883480262286,lag5,Maximum lag = 5 days,1,lag5__rh__lag,2
rh,lag,3,66.12038281,0.23,75.87233674,0.99810374458768,lag5,Maximum lag = 5 days,1,lag5__rh__lag,2
rh,lag,3,66.5809223,0.24,75.87233674,0.998352972133227,lag5,Maximum lag = 5 days,1,lag5__rh__lag,2
rh,lag,3,67.01286222,0.25,75.87233674,0.998613750685478,lag5,Maximum lag = 5 days,1,lag5__rh__lag,2
rh,lag,3,67.4260521884,0.26,75.87233674,0.998886897341651,lag5,Maximum lag = 5 days,1,lag5__rh__lag,2
rh,lag,3,67.8434796878,0.27,75.87233674,0.999181340831656,lag5,Maximum lag = 5 days,1,lag5__rh__lag,2
rh,lag,3,68.25016411,0.28,75.87233674,0.999480267209032,lag5,Maximum lag = 5 days,1,lag5__rh__lag,2
rh,lag,3,68.6453087226,0.29,75.87233674,0.99977668774502,lag5,Maximum lag = 5 days,1,lag5__rh__lag,2
rh,lag,3,69.015163182,0.3,75.87233674,1.00005481228916,lag5,Maximum lag = 5 days,1,lag5__rh__lag,2
rh,lag,3,69.3805740641,0.31,75.87233674,1.00032596160941,lag5,Maximum lag = 5 days,1,lag5__rh__lag,2
rh,lag,3,69.76343375,0.32,75.87233674,1.00060166991759,lag5,Maximum lag = 5 days,1,lag5__rh__lag,2
rh,lag,3,70.1285802604,0.33,75.87233674,1.00085233460712,lag5,Maximum lag = 5 days,1,lag5__rh__lag,2
rh,lag,3,70.48965957,0.34,75.87233674,1.00108430355472,lag5,Maximum lag = 5 days,1,lag5__rh__lag,2
rh,lag,3,70.84541663,0.35,75.87233674,1.0012934874954,lag5,Maximum lag = 5 days,1,lag5__rh__lag,2
rh,lag,3,71.198147936,0.36,75.87233674,1.00147813548923,lag5,Maximum lag = 5 days,1,lag5__rh__lag,2
rh,lag,3,71.5421304231,0.37,75.87233674,1.00163281240081,lag5,Maximum lag = 5 days,1,lag5__rh__lag,2
rh,lag,3,71.89268468,0.38,75.87233674,1.00176104190993,lag5,Maximum lag = 5 days,1,lag5__rh__lag,2
rh,lag,3,72.24190641,0.39,75.87233674,1.00185566459385,lag5,Maximum lag = 5 days,1,lag5__rh__lag,2
rh,lag,3,72.568412472,0.4,75.87233674,1.00191103030021,lag5,Maximum lag = 5 days,1,lag5__rh__lag,2
rh,lag,3,72.9018726673,0.41,75.87233674,1.0019314192291,lag5,Maximum lag = 5 days,1,lag5__rh__lag,2
rh,lag,3,73.23102903,0.42,75.87233674,1.00191266821833,lag5,Maximum lag = 5 days,1,lag5__rh__lag,2
rh,lag,3,73.5801376653,0.43,75.87233674,1.00184719814009,lag5,Maximum lag = 5 days,1,lag5__rh__lag,2
rh,lag,3,73.9103057784,0.44,75.87233674,1.00173892594417,lag5,Maximum lag = 5 days,1,lag5__rh__lag,2
rh,lag,3,74.2461494615,0.45,75.87233674,1.00157937705918,lag5,Maximum lag = 5 days,1,lag5__rh__lag,2
rh,lag,3,74.597254934,0.46,75.87233674,1.00135586118728,lag5,Maximum lag = 5 days,1,lag5__rh__lag,2
rh,lag,3,74.91060816,0.47,75.87233674,1.00110451423499,lag5,Maximum lag = 5 days,1,lag5__rh__lag,2
rh,lag,3,75.22673548,0.48,75.87233674,1.00079866328004,lag5,Maximum lag = 5 days,1,lag5__rh__lag,2
rh,lag,3,75.5498284626,0.49,75.87233674,1.00042909570179,lag5,Maximum lag = 5 days,1,lag5__rh__lag,2
rh,lag,3,75.87233674,0.5,75.87233674,1,lag5,Maximum lag = 5 days,1,lag5__rh__lag,2
rh,lag,3,76.19683845,0.51,75.87233674,0.999506002415476,lag5,Maximum lag = 5 days,1,lag5__rh__lag,2
rh,lag,3,76.53099388,0.52,75.87233674,0.998935654381717,lag5,Maximum lag = 5 days,1,lag5__rh__lag,2
rh,lag,3,76.86288369,0.53,75.87233674,0.998312203771466,lag5,Maximum lag = 5 days,1,lag5__rh__lag,2
rh,lag,3,77.1996249308,0.54,75.87233674,0.997626718926253,lag5,Maximum lag = 5 days,1,lag5__rh__lag,2
rh,lag,3,77.530772065,0.55,75.87233674,0.996905633582432,lag5,Maximum lag = 5 days,1,lag5__rh__lag,2
rh,lag,3,77.86243633,0.56,75.87233674,0.996141675883864,lag5,Maximum lag = 5 days,1,lag5__rh__lag,2
rh,lag,3,78.2117497999,0.57,75.87233674,0.995297313632153,lag5,Maximum lag = 5 days,1,lag5__rh__lag,2
rh,lag,3,78.543244565,0.58,75.87233674,0.994463442471207,lag5,Maximum lag = 5 days,1,lag5__rh__lag,2
rh,lag,3,78.86330817,0.59,75.87233674,0.993632898028378,lag5,Maximum lag = 5 days,1,lag5__rh__lag,2
rh,lag,3,79.18460696,0.6,75.87233674,0.992778500821142,lag5,Maximum lag = 5 days,1,lag5__rh__lag,2
rh,lag,3,79.48528848,0.61,75.87233674,0.991964114928223,lag5,Maximum lag = 5 days,1,lag5__rh__lag,2
rh,lag,3,79.8086405416,0.62,75.87233674,0.991076578618753,lag5,Maximum lag = 5 days,1,lag5__rh__lag,2
rh,lag,3,80.1411990203,0.63,75.87233674,0.990155690469808,lag5,Maximum lag = 5 days,1,lag5__rh__lag,2
rh,lag,3,80.44591083,0.64,75.87233674,0.989308831526494,lag5,Maximum lag = 5 days,1,lag5__rh__lag,2
rh,lag,3,80.7679257705,0.65,75.87233674,0.988414935698911,lag5,Maximum lag = 5 days,1,lag5__rh__lag,2
rh,lag,3,81.0851897244,0.66,75.87233674,0.987539478091649,lag5,Maximum lag = 5 days,1,lag5__rh__lag,2
rh,lag,3,81.39561783,0.67,75.87233674,0.986691964704483,lag5,Maximum lag = 5 days,1,lag5__rh__lag,2
rh,lag,3,81.7046693824,0.68,75.87233674,0.985861032062748,lag5,Maximum lag = 5 days,1,lag5__rh__lag,2
rh,lag,3,82.0207643025,0.69,75.87233674,0.985028403686125,lag5,Maximum lag = 5 days,1,lag5__rh__lag,2
rh,lag,3,82.362290394,0.7,75.87233674,0.984153073163024,lag5,Maximum lag = 5 days,1,lag5__rh__lag,2
rh,lag,3,82.71138898,0.71,75.87233674,0.983289631779249,lag5,Maximum lag = 5 days,1,lag5__rh__lag,2
rh,lag,3,83.0576258,0.72,75.87233674,0.982469880730087,lag5,Maximum lag = 5 days,1,lag5__rh__lag,2
rh,lag,3,83.41722223,0.73,75.87233674,0.981662831708562,lag5,Maximum lag = 5 days,1,lag5__rh__lag,2
rh,lag,3,83.76183605,0.74,75.87233674,0.980937241719356,lag5,Maximum lag = 5 days,1,lag5__rh__lag,2
rh,lag,3,84.1074211,0.75,75.87233674,0.980261959723754,lag5,Maximum lag = 5 days,1,lag5__rh__lag,2
rh,lag,3,84.45124404,0.76,75.87233674,0.979646271949394,lag5,Maximum lag = 5 days,1,lag5__rh__lag,2
rh,lag,3,84.805737018,0.77,75.87233674,0.979069818797691,lag5,Maximum lag = 5 days,1,lag5__rh__lag,2
rh,lag,3,85.1494836,0.78,75.87233674,0.978566010911492,lag5,Maximum lag = 5 days,1,lag5__rh__lag,2
rh,lag,3,85.50635566,0.79,75.87233674,0.978098977667224,lag5,Maximum lag = 5 days,1,lag5__rh__lag,2
rh,lag,3,85.868200406,0.8,75.87233674,0.977682179738939,lag5,Maximum lag = 5 days,1,lag5__rh__lag,2
rh,lag,3,86.25631143,0.81,75.87233674,0.977296880232178,lag5,Maximum lag = 5 days,1,lag5__rh__lag,2
rh,lag,3,86.6159891864,0.82,75.87233674,0.976995260319107,lag5,Maximum lag = 5 days,1,lag5__rh__lag,2
rh,lag,3,86.99673408,0.83,75.87233674,0.97673239015256,lag5,Maximum lag = 5 days,1,lag5__rh__lag,2
rh,lag,3,87.38712981,0.84,75.87233674,0.976521290606365,lag5,Maximum lag = 5 days,1,lag5__rh__lag,2
rh,lag,3,87.774932709,0.85,75.87233674,0.976368319738419,lag5,Maximum lag = 5 days,1,lag5__rh__lag,2
rh,lag,3,88.196784575,0.86,75.87233674,0.976263964671939,lag5,Maximum lag = 5 days,1,lag5__rh__lag,2
rh,lag,3,88.6095425571,0.87,75.87233674,0.976222238038449,lag5,Maximum lag = 5 days,1,lag5__rh__lag,2
rh,lag,3,88.98732999,0.88,75.87233674,0.976234509066064,lag5,Maximum lag = 5 days,1,lag5__rh__lag,2
rh,lag,3,89.40174652,0.89,75.87233674,0.976301393210212,lag5,Maximum lag = 5 days,1,lag5__rh__lag,2
rh,lag,3,89.85459914,0.9,75.87233674,0.976435869732089,lag5,Maximum lag = 5 days,1,lag5__rh__lag,2
rh,lag,3,90.29445978,0.91,75.87233674,0.976625229173712,lag5,Maximum lag = 5 days,1,lag5__rh__lag,2
rh,lag,3,90.76676398,0.92,75.87233674,0.976889992904356,lag5,Maximum lag = 5 days,1,lag5__rh__lag,2
rh,lag,3,91.2695052193,0.93,75.87233674,0.977238183142233,lag5,Maximum lag = 5 days,1,lag5__rh__lag,2
rh,lag,3,91.81044139,0.94,75.87233674,0.977684899699709,lag5,Maximum lag = 5 days,1,lag5__rh__lag,2
rh,lag,3,92.40106416,0.95,75.87233674,0.978252414800875,lag5,Maximum lag = 5 days,1,lag5__rh__lag,2
rh,lag,3,93.0028233012,0.96,75.87233674,0.978909952869822,lag5,Maximum lag = 5 days,1,lag5__rh__lag,2
rh,lag,3,93.6692661561,0.97,75.87233674,0.97972362901522,lag5,Maximum lag = 5 days,1,lag5__rh__lag,2
rh,lag,3,94.4042210752,0.98,75.87233674,0.980714615373179,lag5,Maximum lag = 5 days,1,lag5__rh__lag,2
rh,lag,3,95.47119176,0.99,75.87233674,0.982303969043942,lag5,Maximum lag = 5 days,1,lag5__rh__lag,2
ssr,lag,3,1.038588,0.01,12.936736,0.95663747599759,lag5,Maximum lag = 5 days,1,lag5__ssr__lag,3
ssr,lag,3,1.27567424,0.02,12.936736,0.958417129745309,lag5,Maximum lag = 5 days,1,lag5__ssr__lag,3
ssr,lag,3,1.467652,0.03,12.936736,0.959855140677445,lag5,Maximum lag = 5 days,1,lag5__ssr__lag,3
ssr,lag,3,1.67606096,0.04,12.936736,0.961411702458388,lag5,Maximum lag = 5 days,1,lag5__ssr__lag,3
ssr,lag,3,1.883108,0.05,12.936736,0.962951996928036,lag5,Maximum lag = 5 days,1,lag5__ssr__lag,3
ssr,lag,3,2.0890508,0.06,12.936736,0.964476595878548,lag5,Maximum lag = 5 days,1,lag5__ssr__lag,3
ssr,lag,3,2.3065054,0.07,12.936736,0.966076712537676,lag5,Maximum lag = 5 days,1,lag5__ssr__lag,3
ssr,lag,3,2.51586252608,0.08,12.936736,0.967606252097137,lag5,Maximum lag = 5 days,1,lag5__ssr__lag,3
ssr,lag,3,2.7339818,0.09,12.936736,0.969186651897357,lag5,Maximum lag = 5 days,1,lag5__ssr__lag,3
ssr,lag,3,2.970596,0.1,12.936736,0.970883864094272,lag5,Maximum lag = 5 days,1,lag5__ssr__lag,3
ssr,lag,3,3.21076604,0.11,12.936736,0.972586027452749,lag5,Maximum lag = 5 days,1,lag5__ssr__lag,3
ssr,lag,3,3.439116,0.12,12.936736,0.974183062483874,lag5,Maximum lag = 5 days,1,lag5__ssr__lag,3
ssr,lag,3,3.67654557875,0.13,12.936736,0.975819284476934,lag5,Maximum lag = 5 days,1,lag5__ssr__lag,3
ssr,lag,3,3.9035,0.14,12.936736,0.97735804060752,lag5,Maximum lag = 5 days,1,lag5__ssr__lag,3
ssr,lag,3,4.158936,0.15,12.936736,0.979057778327843,lag5,Maximum lag = 5 days,1,lag5__ssr__lag,3
ssr,lag,3,4.401676,0.16,12.936736,0.980638952017531,lag5,Maximum lag = 5 days,1,lag5__ssr__lag,3
ssr,lag,3,4.63678202,0.17,12.936736,0.982136324744985,lag5,Maximum lag = 5 days,1,lag5__ssr__lag,3
ssr,lag,3,4.902032,0.18,12.936736,0.983782527812196,lag5,Maximum lag = 5 days,1,lag5__ssr__lag,3
ssr,lag,3,5.1743792,0.19,12.936736,0.9854218302305,lag5,Maximum lag = 5 days,1,lag5__ssr__lag,3
ssr,lag,3,5.448796,0.2,12.936736,0.987017768244159,lag5,Maximum lag = 5 days,1,lag5__ssr__lag,3
ssr,lag,3,5.718852,0.21,12.936736,0.988530068132366,lag5,Maximum lag = 5 days,1,lag5__ssr__lag,3
ssr,lag,3,5.99311248,0.22,12.936736,0.990003099701566,lag5,Maximum lag = 5 days,1,lag5__ssr__lag,3
ssr,lag,3,6.25634,0.23,12.936736,0.991353928015106,lag5,Maximum lag = 5 days,1,lag5__ssr__lag,3
ssr,lag,3,6.536094,0.24,12.936736,0.992718267038121,lag5,Maximum lag = 5 days,1,lag5__ssr__lag,3
ssr,lag,3,6.827352,0.25,12.936736,0.994056486946807,lag5,Maximum lag = 5 days,1,lag5__ssr__lag,3
ssr,lag,3,7.125252,0.26,12.936736,0.995334443819951,lag5,Maximum lag = 5 days,1,lag5__ssr__lag,3
ssr,lag,3,7.411992,0.27,12.936736,0.996476035770243,lag5,Maximum lag = 5 days,1,lag5__ssr__lag,3
ssr,lag,3,7.716816,0.28,12.936736,0.997593078076908,lag5,Maximum lag = 5 days,1,lag5__ssr__lag,3
ssr,lag,3,7.99445362,0.29,12.936736,0.998522736977435,lag5,Maximum lag = 5 days,1,lag5__ssr__lag,3
ssr,lag,3,8.2872252,0.3,12.936736,0.999411245121237,lag5,Maximum lag = 5 days,1,lag5__ssr__lag,3
ssr,lag,3,8.568888,0.31,12.936736,1.0001759638791,lag5,Maximum lag = 5 days,1,lag5__ssr__lag,3
ssr,lag,3,8.858388,0.32,12.936736,1.00086877666527,lag5,Maximum lag = 5 days,1,lag5__ssr__lag,3
ssr,lag,3,9.10971508,0.33,12.936736,1.00139277046865,lag5,Maximum lag = 5 days,1,lag5__ssr__lag,3
ssr,lag,3,9.37966256,0.34,12.936736,1.00187452394426,lag5,Maximum lag = 5 days,1,lag5__ssr__lag,3
ssr,lag,3,9.639773,0.35,12.936736,1.00225849868934,lag5,Maximum lag = 5 days,1,lag5__ssr__lag,3
ssr,lag,3,9.896464,0.36,12.936736,1.00255947996636,lag5,Maximum lag = 5 days,1,lag5__ssr__lag,3
ssr,lag,3,10.158249,0.37,12.936736,1.00278593581327,lag5,Maximum lag = 5 days,1,lag5__ssr__lag,3
ssr,lag,3,10.419812,0.38,12.936736,1.00293027642811,lag5,Maximum lag = 5 days,1,lag5__ssr__lag,3
ssr,lag,3,10.671136,0.39,12.936736,1.00299115233836,lag5,Maximum lag = 5 days,1,lag5__ssr__lag,3
ssr,lag,3,10.92672013,0.4,12.936736,1.0029741979506,lag5,Maximum lag = 5 days,1,lag5__ssr__lag,3
ssr,lag,3,11.16422308,0.41,12.936736,1.00288660387652,lag5,Maximum lag = 5 days,1,lag5__ssr__lag,3
ssr,lag,3,11.40928576,0.42,12.936736,1.00272313910746,lag5,Maximum lag = 5 days,1,lag5__ssr__lag,3
ssr,lag,3,11.63937304,0.43,12.936736,1.00250163522791,lag5,Maximum lag = 5 days,1,lag5__ssr__lag,3
ssr,lag,3,11.8556048,0.44,12.936736,1.0022330307454,lag5,Maximum lag = 5 days,1,lag5__ssr__lag,3
ssr,lag,3,12.0729731,0.45,12.936736,1.00190363781432,lag5,Maximum lag = 5 days,1,lag5__ssr__lag,3
ssr,lag,3,12.26488232,0.46,12.936736,1.00156307605509,lag5,Maximum lag = 5 days,1,lag5__ssr__lag,3
ssr,lag,3,12.438188,0.47,12.936736,1.00121524446298,lag5,Maximum lag = 5 days,1,lag5__ssr__lag,3
ssr,lag,3,12.605808,0.48,12.936736,1.00084229792144,lag5,Maximum lag = 5 days,1,lag5__ssr__lag,3
ssr,lag,3,12.77087232,0.49,12.936736,1.00043980001244,lag5,Maximum lag = 5 days,1,lag5__ssr__lag,3
ssr,lag,3,12.936736,0.5,12.936736,1,lag5,Maximum lag = 5 days,1,lag5__ssr__lag,3
ssr,lag,3,13.09274,0.51,12.936736,0.999554215000872,lag5,Maximum lag = 5 days,1,lag5__ssr__lag,3
ssr,lag,3,13.261552,0.52,12.936736,0.999038532632115,lag5,Maximum lag = 5 days,1,lag5__ssr__lag,3
ssr,lag,3,13.43387044,0.53,12.936736,0.998478819332547,lag5,Maximum lag = 5 days,1,lag5__ssr__lag,3
ssr,lag,3,13.602286,0.54,12.936736,0.997901633209054,lag5,Maximum lag = 5 days,1,lag5__ssr__lag,3
ssr,lag,3,13.757772,0.55,12.936736,0.997344328087983,lag5,Maximum lag = 5 days,1,lag5__ssr__lag,3
ssr,lag,3,13.91326304,0.56,12.936736,0.996765428537586,lag5,Maximum lag = 5 days,1,lag5__ssr__lag,3
ssr,lag,3,14.073944,0.57,12.936736,0.996146478264364,lag5,Maximum lag = 5 days,1,lag5__ssr__lag,3
ssr,lag,3,14.25296712,0.58,12.936736,0.99543449428043,lag5,Maximum lag = 5 days,1,lag5__ssr__lag,3
ssr,lag,3,14.4512455,0.59,12.936736,0.994621648921243,lag5,Maximum lag = 5 days,1,lag5__ssr__lag,3
ssr,lag,3,14.649696,0.6,12.936736,0.993786191197779,lag5,Maximum lag = 5 days,1,lag5__ssr__lag,3
ssr,lag,3,14.851904,0.61,12.936736,0.992916266088645,lag5,Maximum lag = 5 days,1,lag5__ssr__lag,3
ssr,lag,3,15.090568,0.62,12.936736,0.99187066320977,lag5,Maximum lag = 5 days,1,lag5__ssr__lag,3
ssr,lag,3,15.311535625,0.63,12.936736,0.990889762284849,lag5,Maximum lag = 5 days,1,lag5__ssr__lag,3
ssr,lag,3,15.56282784,0.64,12.936736,0.989765956917082,lag5,Maximum lag = 5 days,1,lag5__ssr__lag,3
ssr,lag,3,15.80205619,0.65,12.936736,0.988694505614262,lag5,Maximum lag = 5 days,1,lag5__ssr__lag,3
ssr,lag,3,16.0857244,0.66,12.936736,0.987431037232451,lag5,Maximum lag = 5 days,1,lag5__ssr__lag,3
ssr,lag,3,16.36431576,0.67,12.936736,0.986207427899599,lag5,Maximum lag = 5 days,1,lag5__ssr__lag,3
ssr,lag,3,16.621976,0.68,12.936736,0.985099796199771,lag5,Maximum lag = 5 days,1,lag5__ssr__lag,3
ssr,lag,3,16.897056,0.69,12.936736,0.9839520100547,lag5,Maximum lag = 5 days,1,lag5__ssr__lag,3
ssr,lag,3,17.1904252,0.7,12.936736,0.982778076934112,lag5,Maximum lag = 5 days,1,lag5__ssr__lag,3
ssr,lag,3,17.49785731,0.71,12.936736,0.981615881396588,lag5,Maximum lag = 5 days,1,lag5__ssr__lag,3
ssr,lag,3,17.81109216,0.72,12.936736,0.980516959057617,lag5,Maximum lag = 5 days,1,lag5__ssr__lag,3
ssr,lag,3,18.12781116,0.73,12.936736,0.979507554081308,lag5,Maximum lag = 5 days,1,lag5__ssr__lag,3
ssr,lag,3,18.44264148,0.74,12.936736,0.978619885045192,lag5,Maximum lag = 5 days,1,lag5__ssr__lag,3
ssr,lag,3,18.767914,0.75,12.936736,0.977839124651494,lag5,Maximum lag = 5 days,1,lag5__ssr__lag,3
ssr,lag,3,19.0762232,0.76,12.936736,0.977238227032361,lag5,Maximum lag = 5 days,1,lag5__ssr__lag,3
ssr,lag,3,19.377558,0.77,12.936736,0.976780967794469,lag5,Maximum lag = 5 days,1,lag5__ssr__lag,3
ssr,lag,3,19.688912,0.78,12.936736,0.976439673122616,lag5,Maximum lag = 5 days,1,lag5__ssr__lag,3
ssr,lag,3,19.97795814,0.79,12.936736,0.976238761719187,lag5,Maximum lag = 5 days,1,lag5__ssr__lag,3
ssr,lag,3,20.291946596,0.8,12.936736,0.976143293004534,lag5,Maximum lag = 5 days,1,lag5__ssr__lag,3
ssr,lag,3,20.61331638,0.81,12.936736,0.976173993374523,lag5,Maximum lag = 5 days,1,lag5__ssr__lag,3
ssr,lag,3,20.91660248,0.82,12.936736,0.976318399308424,lag5,Maximum lag = 5 days,1,lag5__ssr__lag,3
ssr,lag,3,21.20082556,0.83,12.936736,0.976552338445712,lag5,Maximum lag = 5 days,1,lag5__ssr__lag,3
ssr,lag,3,21.504348,0.84,12.936736,0.97690425925034,lag5,Maximum lag = 5 days,1,lag5__ssr__lag,3
ssr,lag,3,21.819147,0.85,12.936736,0.977377090804146,lag5,Maximum lag = 5 days,1,lag5__ssr__lag,3
ssr,lag,3,22.145228,0.86,12.936736,0.977978673062396,lag5,Maximum lag = 5 days,1,lag5__ssr__lag,3
ssr,lag,3,22.45901438,0.87,12.936736,0.978661162566689,lag5,Maximum lag = 5 days,1,lag5__ssr__lag,3
ssr,lag,3,22.782038,0.88,12.936736,0.979465938276314,lag5,Maximum lag = 5 days,1,lag5__ssr__lag,3
ssr,lag,3,23.11206352,0.89,12.936736,0.980391112783882,lag5,Maximum lag = 5 days,1,lag5__ssr__lag,3
ssr,lag,3,23.441778,0.9,12.936736,0.981415117837202,lag5,Maximum lag = 5 days,1,lag5__ssr__lag,3
ssr,lag,3,23.80186,0.91,12.936736,0.982642310106585,lag5,Maximum lag = 5 days,1,lag5__ssr__lag,3
ssr,lag,3,24.18474,0.92,12.936736,0.984065911879076,lag5,Maximum lag = 5 days,1,lag5__ssr__lag,3
ssr,lag,3,24.56208816,0.93,12.936736,0.985582370587336,lag5,Maximum lag = 5 days,1,lag5__ssr__lag,3
ssr,lag,3,24.954094,0.94,12.936736,0.987270176157782,lag5,Maximum lag = 5 days,1,lag5__ssr__lag,3
ssr,lag,3,25.3594611,0.95,12.936736,0.989128572814747,lag5,Maximum lag = 5 days,1,lag5__ssr__lag,3
ssr,lag,3,25.80538272,0.96,12.936736,0.991296394885852,lag5,Maximum lag = 5 days,1,lag5__ssr__lag,3
ssr,lag,3,26.315444,0.97,12.936736,0.993921561041753,lag5,Maximum lag = 5 days,1,lag5__ssr__lag,3
ssr,lag,3,26.927112,0.98,12.936736,0.997253078500583,lag5,Maximum lag = 5 days,1,lag5__ssr__lag,3
ssr,lag,3,27.700432,0.99,12.936736,1.00171062943535,lag5,Maximum lag = 5 days,1,lag5__ssr__lag,3
uv,lag,3,0.15234416933,0.01,1.6077152325,1.00081227420782,lag5,Maximum lag = 5 days,1,lag5__uv__lag,4
uv,lag,3,0.214278577,0.02,1.6077152325,1.00065282695926,lag5,Maximum lag = 5 days,1,lag5__uv__lag,4
uv,lag,3,0.26313276664,0.03,1.6077152325,1.00053089553077,lag5,Maximum lag = 5 days,1,lag5__uv__lag,4
uv,lag,3,0.308740157,0.04,1.6077152325,1.00042088057159,lag5,Maximum lag = 5 days,1,lag5__uv__lag,4
uv,lag,3,0.34874987265,0.05,1.6077152325,1.00032791648753,lag5,Maximum lag = 5 days,1,lag5__uv__lag,4
uv,lag,3,0.383834282,0.06,1.6077152325,1.00024948169416,lag5,Maximum lag = 5 days,1,lag5__uv__lag,4
uv,lag,3,0.418738346,0.07,1.6077152325,1.00017461166329,lag5,Maximum lag = 5 days,1,lag5__uv__lag,4
uv,lag,3,0.45171901344,0.08,1.6077152325,1.00010702308364,lag5,Maximum lag = 5 days,1,lag5__uv__lag,4
uv,lag,3,0.48388255268,0.09,1.6077152325,1.00004429707322,lag5,Maximum lag = 5 days,1,lag5__uv__lag,4
uv,lag,3,0.5155732767,0.1,1.6077152325,0.999985791454654,lag5,Maximum lag = 5 days,1,lag5__uv__lag,4
uv,lag,3,0.54625590543,0.11,1.6077152325,0.999932468759978,lag5,Maximum lag = 5 days,1,lag5__uv__lag,4
uv,lag,3,0.575496854,0.12,1.6077152325,0.99988487262616,lag5,Maximum lag = 5 days,1,lag5__uv__lag,4
uv,lag,3,0.60486597719,0.13,1.6077152325,0.999840404194878,lag5,Maximum lag = 5 days,1,lag5__uv__lag,4
uv,lag,3,0.632848649,0.14,1.6077152325,0.999801301155912,lag5,Maximum lag = 5 days,1,lag5__uv__lag,4
uv,lag,3,0.658857153,0.15,1.6077152325,0.999767945678494,lag5,Maximum lag = 5 days,1,lag5__uv__lag,4
uv,lag,3,0.68692220292,0.16,1.6077152325,0.999735322224754,lag5,Maximum lag = 5 days,1,lag5__uv__lag,4
uv,lag,3,0.71298910297,0.17,1.6077152325,0.999708281057038,lag5,Maximum lag = 5 days,1,lag5__uv__lag,4
uv,lag,3,0.73970406856,0.18,1.6077152325,0.999683952559237,lag5,Maximum lag = 5 days,1,lag5__uv__lag,4
uv,lag,3,0.765843206,0.19,1.6077152325,0.999663587085541,lag5,Maximum lag = 5 days,1,lag5__uv__lag,4
uv,lag,3,0.7922792514,0.2,1.6077152325,0.999646573067749,lag5,Maximum lag = 5 days,1,lag5__uv__lag,4
uv,lag,3,0.819204218,0.21,1.6077152325,0.999633075941463,lag5,Maximum lag = 5 days,1,lag5__uv__lag,4
uv,lag,3,0.84459764984,0.22,1.6077152325,0.99962400681558,lag5,Maximum lag = 5 days,1,lag5__uv__lag,4
uv,lag,3,0.871646179,0.23,1.6077152325,0.999618380827369,lag5,Maximum lag = 5 days,1,lag5__uv__lag,4
uv,lag,3,0.897344877,0.24,1.6077152325,0.999617009616479,lag5,Maximum lag = 5 days,1,lag5__uv__lag,4
uv,lag,3,0.924118847,0.25,1.6077152325,0.999619825112107,lag5,Maximum lag = 5 days,1,lag5__uv__lag,4
uv,lag,3,0.951060247,0.26,1.6077152325,0.999627063476841,lag5,Maximum lag = 5 days,1,lag5__uv__lag,4
uv,lag,3,0.97762226515,0.27,1.6077152325,0.999638189636158,lag5,Maximum lag = 5 days,1,lag5__uv__lag,4
uv,lag,3,1.00347940988,0.28,1.6077152325,0.999652421258339,lag5,Maximum lag = 5 days,1,lag5__uv__lag,4
uv,lag,3,1.03057406797,0.29,1.6077152325,0.999670504786038,lag5,Maximum lag = 5 days,1,lag5__uv__lag,4
uv,lag,3,1.056799124,0.3,1.6077152325,0.999690682023552,lag5,Maximum lag = 5 days,1,lag5__uv__lag,4
uv,lag,3,1.083410716,0.31,1.6077152325,0.999713423037552,lag5,Maximum lag = 5 days,1,lag5__uv__lag,4
uv,lag,3,1.108020067,0.32,1.6077152325,0.999736117752537,lag5,Maximum lag = 5 days,1,lag5__uv__lag,4
uv,lag,3,1.13495891,0.33,1.6077152325,0.999762386554055,lag5,Maximum lag = 5 days,1,lag5__uv__lag,4
uv,lag,3,1.161908757,0.34,1.6077152325,0.999789728563693,lag5,Maximum lag = 5 days,1,lag5__uv__lag,4
uv,lag,3,1.1890930914,0.35,1.6077152325,0.999817936382701,lag5,Maximum lag = 5 days,1,lag5__uv__lag,4
uv,lag,3,1.21727435,0.36,1.6077152325,0.999847361330334,lag5,Maximum lag = 5 days,1,lag5__uv__lag,4
uv,lag,3,1.24554646318,0.37,1.6077152325,0.99987656585403,lag5,Maximum lag = 5 days,1,lag5__uv__lag,4
uv,lag,3,1.2732219602,0.38,1.6077152325,0.999904358151138,lag5,Maximum lag = 5 days,1,lag5__uv__lag,4
uv,lag,3,1.30033877999,0.39,1.6077152325,0.999930361293253,lag5,Maximum lag = 5 days,1,lag5__uv__lag,4
uv,lag,3,1.3279164868,0.4,1.6077152325,0.999955092117977,lag5,Maximum lag = 5 days,1,lag5__uv__lag,4
uv,lag,3,1.35452320059,0.41,1.6077152325,0.999976872612008,lag5,Maximum lag = 5 days,1,lag5__uv__lag,4
uv,lag,3,1.382025349,0.42,1.6077152325,0.999996782075352,lag5,Maximum lag = 5 days,1,lag5__uv__lag,4
uv,lag,3,1.40911489999,0.43,1.6077152325,1.00001335305038,lag5,Maximum lag = 5 days,1,lag5__uv__lag,4
uv,lag,3,1.43640809364,0.44,1.6077152325,1.00002654023745,lag5,Maximum lag = 5 days,1,lag5__uv__lag,4
uv,lag,3,1.4649583206,0.45,1.6077152325,1.00003606864085,lag5,Maximum lag = 5 days,1,lag5__uv__lag,4
uv,lag,3,1.49371881044,0.46,1.6077152325,1.00004073194081,lag5,Maximum lag = 5 days,1,lag5__uv__lag,4
uv,lag,3,1.52112234794,0.47,1.6077152325,1.00004007626432,lag5,Maximum lag = 5 days,1,lag5__uv__lag,4
uv,lag,3,1.549465565,0.48,1.6077152325,1.00003366112123,lag5,Maximum lag = 5 days,1,lag5__uv__lag,4
uv,lag,3,1.57904042236,0.49,1.6077152325,1.00002019802667,lag5,Maximum lag = 5 days,1,lag5__uv__lag,4
uv,lag,3,1.6077152325,0.5,1.6077152325,1,lag5,Maximum lag = 5 days,1,lag5__uv__lag,4
uv,lag,3,1.6376452,0.51,1.6077152325,0.99997095715665,lag5,Maximum lag = 5 days,1,lag5__uv__lag,4
uv,lag,3,1.66809757596,0.52,1.6077152325,0.999933082553685,lag5,Maximum lag = 5 days,1,lag5__uv__lag,4
uv,lag,3,1.69741256584,0.53,1.6077152325,0.999888824229111,lag5,Maximum lag = 5 days,1,lag5__uv__lag,4
uv,lag,3,1.726610002,0.54,1.6077152325,0.999837269126104,lag5,Maximum lag = 5 days,1,lag5__uv__lag,4
uv,lag,3,1.75657479575,0.55,1.6077152325,0.999776737207028,lag5,Maximum lag = 5 days,1,lag5__uv__lag,4
uv,lag,3,1.788742151,0.56,1.6077152325,0.999703319173573,lag5,Maximum lag = 5 days,1,lag5__uv__lag,4
uv,lag,3,1.819405462,0.57,1.6077152325,0.999625354349785,lag5,Maximum lag = 5 days,1,lag5__uv__lag,4
uv,lag,3,1.85161691554,0.58,1.6077152325,0.999535229822532,lag5,Maximum lag = 5 days,1,lag5__uv__lag,4
uv,lag,3,1.884029422,0.59,1.6077152325,0.999436209059362,lag5,Maximum lag = 5 days,1,lag5__uv__lag,4
uv,lag,3,1.916348183,0.6,1.6077152325,0.999329325390618,lag5,Maximum lag = 5 days,1,lag5__uv__lag,4
uv,lag,3,1.94862277767,0.61,1.6077152325,0.999214640700365,lag5,Maximum lag = 5 days,1,lag5__uv__lag,4
uv,lag,3,1.98381229322,0.62,1.6077152325,0.999080751830656,lag5,Maximum lag = 5 days,1,lag5__uv__lag,4
uv,lag,3,2.0161129382,0.63,1.6077152325,0.998949918407587,lag5,Maximum lag = 5 days,1,lag5__uv__lag,4
uv,lag,3,2.050653011,0.64,1.6077152325,0.998801812265609,lag5,Maximum lag = 5 days,1,lag5__uv__lag,4
uv,lag,3,2.08550280465,0.65,1.6077152325,0.998643998692833,lag5,Maximum lag = 5 days,1,lag5__uv__lag,4
uv,lag,3,2.1216703136,0.66,1.6077152325,0.998471551360604,lag5,Maximum lag = 5 days,1,lag5__uv__lag,4
uv,lag,3,2.15735143835,0.67,1.6077152325,0.998293008624295,lag5,Maximum lag = 5 days,1,lag5__uv__lag,4
uv,lag,3,2.195128857,0.68,1.6077152325,0.998095130055044,lag5,Maximum lag = 5 days,1,lag5__uv__lag,4
uv,lag,3,2.23430521566,0.69,1.6077152325,0.997880606082784,lag5,Maximum lag = 5 days,1,lag5__uv__lag,4
uv,lag,3,2.274272468,0.7,1.6077152325,0.997652293709266,lag5,Maximum lag = 5 days,1,lag5__uv__lag,4
uv,lag,3,2.31470748209,0.71,1.6077152325,0.997411923867448,lag5,Maximum lag = 5 days,1,lag5__uv__lag,4
uv,lag,3,2.35661328868,0.72,1.6077152325,0.997153213145634,lag5,Maximum lag = 5 days,1,lag5__uv__lag,4
uv,lag,3,2.39883586646,0.73,1.6077152325,0.996883047898058,lag5,Maximum lag = 5 days,1,lag5__uv__lag,4
uv,lag,3,2.441602378,0.74,1.6077152325,0.996600079757083,lag5,Maximum lag = 5 days,1,lag5__uv__lag,4
uv,lag,3,2.48598645,0.75,1.6077152325,0.996296918543304,lag5,Maximum lag = 5 days,1,lag5__uv__lag,4
uv,lag,3,2.53235279132,0.76,1.6077152325,0.995970305450667,lag5,Maximum lag = 5 days,1,lag5__uv__lag,4
uv,lag,3,2.58078713,0.77,1.6077152325,0.995618469641394,lag5,Maximum lag = 5 days,1,lag5__uv__lag,4
uv,lag,3,2.629274912,0.78,1.6077152325,0.995255433966905,lag5,Maximum lag = 5 days,1,lag5__uv__lag,4
uv,lag,3,2.680874628,0.79,1.6077152325,0.994857325002001,lag5,Maximum lag = 5 days,1,lag5__uv__lag,4
uv,lag,3,2.734220848,0.8,1.6077152325,0.994433098779256,lag5,Maximum lag = 5 days,1,lag5__uv__lag,4
uv,lag,3,2.79113268,0.81,1.6077152325,0.993966490643494,lag5,Maximum lag = 5 days,1,lag5__uv__lag,4
uv,lag,3,2.852399595,0.82,1.6077152325,0.993448166273286,lag5,Maximum lag = 5 days,1,lag5__uv__lag,4
uv,lag,3,2.910856097,0.83,1.6077152325,0.992938318170734,lag5,Maximum lag = 5 days,1,lag5__uv__lag,4
uv,lag,3,2.970733171,0.84,1.6077152325,0.99240077059864,lag5,Maximum lag = 5 days,1,lag5__uv__lag,4
uv,lag,3,3.032902298,0.85,1.6077152325,0.991826446562778,lag5,Maximum lag = 5 days,1,lag5__uv__lag,4
uv,lag,3,3.100141599,0.86,1.6077152325,0.991186940863956,lag5,Maximum lag = 5 days,1,lag5__uv__lag,4
uv,lag,3,3.16926028207,0.87,1.6077152325,0.990509959405188,lag5,Maximum lag = 5 days,1,lag5__uv__lag,4
uv,lag,3,3.242547034,0.88,1.6077152325,0.989770761862063,lag5,Maximum lag = 5 days,1,lag5__uv__lag,4
uv,lag,3,3.323380488,0.89,1.6077152325,0.988930308022553,lag5,Maximum lag = 5 days,1,lag5__uv__lag,4
uv,lag,3,3.4091628198,0.9,1.6077152325,0.988010051732838,lag5,Maximum lag = 5 days,1,lag5__uv__lag,4
uv,lag,3,3.503511062,0.91,1.6077152325,0.986964832635478,lag5,Maximum lag = 5 days,1,lag5__uv__lag,4
uv,lag,3,3.60998102308,0.92,1.6077152325,0.98574460340529,lag5,Maximum lag = 5 days,1,lag5__uv__lag,4
uv,lag,3,3.721995269,0.93,1.6077152325,0.984415324262089,lag5,Maximum lag = 5 days,1,lag5__uv__lag,4
uv,lag,3,3.857189276,0.94,1.6077152325,0.982750528337492,lag5,Maximum lag = 5 days,1,lag5__uv__lag,4
uv,lag,3,4.000978786,0.95,1.6077152325,0.980909603054882,lag5,Maximum lag = 5 days,1,lag5__uv__lag,4
uv,lag,3,4.17021867828001,0.96,1.6077152325,0.978653447214681,lag5,Maximum lag = 5 days,1,lag5__uv__lag,4
uv,lag,3,4.37942641785,0.97,1.6077152325,0.975736842556819,lag5,Maximum lag = 5 days,1,lag5__uv__lag,4
uv,lag,3,4.68905544333999,0.98,1.6077152325,0.971177177466807,lag5,Maximum lag = 5 days,1,lag5__uv__lag,4
uv,lag,3,5.157666027,0.99,1.6077152325,0.963776047546278,lag5,Maximum lag = 5 days,1,lag5__uv__lag,4
sp,lag,3,88.1946081794,0.01,100.2993447,0.840075450802284,lag5,Maximum lag = 5 days,1,lag5__sp__lag,5
sp,lag,3,90.5827750138,0.02,100.2993447,0.829491604372518,lag5,Maximum lag = 5 days,1,lag5__sp__lag,5
sp,lag,3,91.8885472,0.03,100.2993447,0.829558793739403,lag5,Maximum lag = 5 days,1,lag5__sp__lag,5
sp,lag,3,92.314736,0.04,100.2993447,0.830655487702174,lag5,Maximum lag = 5 days,1,lag5__sp__lag,5
sp,lag,3,92.86480664,0.05,100.2993447,0.832931546950599,lag5,Maximum lag = 5 days,1,lag5__sp__lag,5
sp,lag,3,93.38360856,0.06,100.2993447,0.836024079416562,lag5,Maximum lag = 5 days,1,lag5__sp__lag,5
sp,lag,3,94.10035531,0.07,100.2993447,0.841923672064795,lag5,Maximum lag = 5 days,1,lag5__sp__lag,5
sp,lag,3,95.263005582,0.08,100.2993447,0.855935756014175,lag5,Maximum lag = 5 days,1,lag5__sp__lag,5
sp,lag,3,96.0631535872,0.09,100.2993447,0.869159322253124,lag5,Maximum lag = 5 days,1,lag5__sp__lag,5
sp,lag,3,96.697140856,0.1,100.2993447,0.881958530976207,lag5,Maximum lag = 5 days,1,lag5__sp__lag,5
sp,lag,3,97.1323816993,0.11,100.2993447,0.892038300550708,lag5,Maximum lag = 5 days,1,lag5__sp__lag,5
sp,lag,3,97.4406957072,0.12,100.2993447,0.899857432892696,lag5,Maximum lag = 5 days,1,lag5__sp__lag,5
sp,lag,3,97.6921423062,0.13,100.2993447,0.906671243086257,lag5,Maximum lag = 5 days,1,lag5__sp__lag,5
sp,lag,3,97.9040989576,0.14,100.2993447,0.912731342124694,lag5,Maximum lag = 5 days,1,lag5__sp__lag,5
sp,lag,3,98.0890805435,0.15,100.2993447,0.918264308633063,lag5,Maximum lag = 5 days,1,lag5__sp__lag,5
sp,lag,3,98.25439941,0.16,100.2993447,0.923407083152131,lag5,Maximum lag = 5 days,1,lag5__sp__lag,5
sp,lag,3,98.40677507,0.17,100.2993447,0.928316861347592,lag5,Maximum lag = 5 days,1,lag5__sp__lag,5
sp,lag,3,98.55586914,0.18,100.2993447,0.93328214342754,lag5,Maximum lag = 5 days,1,lag5__sp__lag,5
sp,lag,3,98.69913639,0.19,100.2993447,0.93820704877601,lag5,Maximum lag = 5 days,1,lag5__sp__lag,5
sp,lag,3,98.829846354,0.2,100.2993447,0.942834538093674,lag5,Maximum lag = 5 days,1,lag5__sp__lag,5
sp,lag,3,98.94858789,0.21,100.2993447,0.947151610101574,lag5,Maximum lag = 5 days,1,lag5__sp__lag,5
sp,lag,3,99.0555006066,0.22,100.2993447,0.951132615594959,lag5,Maximum lag = 5 days,1,lag5__sp__lag,5
sp,lag,3,99.1511378097,0.23,100.2993447,0.954770506112757,lag5,Maximum lag = 5 days,1,lag5__sp__lag,5
sp,lag,3,99.2315069144,0.24,100.2993447,0.957884493588059,lag5,Maximum lag = 5 days,1,lag5__sp__lag,5
sp,lag,3,99.2997211925,0.25,100.2993447,0.960568804138582,lag5,Maximum lag = 5 days,1,lag5__sp__lag,5
sp,lag,3,99.36072965,0.26,100.2993447,0.963001028895475,lag5,Maximum lag = 5 days,1,lag5__sp__lag,5
sp,lag,3,99.41394531,0.27,100.2993447,0.965143192881962,lag5,Maximum lag = 5 days,1,lag5__sp__lag,5
sp,lag,3,99.4665164192,0.28,100.2993447,0.967274386919472,lag5,Maximum lag = 5 days,1,lag5__sp__lag,5
sp,lag,3,99.51118864,0.29,100.2993447,0.969094302382948,lag5,Maximum lag = 5 days,1,lag5__sp__lag,5
sp,lag,3,99.55534521,0.3,100.2993447,0.970898916948853,lag5,Maximum lag = 5 days,1,lag5__sp__lag,5
sp,lag,3,99.5950819225,0.31,100.2993447,0.972525908444486,lag5,Maximum lag = 5 days,1,lag5__sp__lag,5
sp,lag,3,99.6363615988,0.32,100.2993447,0.974217285270252,lag5,Maximum lag = 5 days,1,lag5__sp__lag,5
sp,lag,3,99.67529801,0.33,100.2993447,0.975812148868994,lag5,Maximum lag = 5 days,1,lag5__sp__lag,5
sp,lag,3,99.71241536,0.34,100.2993447,0.977330597904929,lag5,Maximum lag = 5 days,1,lag5__sp__lag,5
sp,lag,3,99.74964111,0.35,100.2993447,0.978850231779967,lag5,Maximum lag = 5 days,1,lag5__sp__lag,5
sp,lag,3,99.78642757,0.36,100.2993447,0.980347393140761,lag5,Maximum lag = 5 days,1,lag5__sp__lag,5
sp,lag,3,99.8226746682,0.37,100.2993447,0.981816886097185,lag5,Maximum lag = 5 days,1,lag5__sp__lag,5
sp,lag,3,99.85810221,0.38,100.2993447,0.983246432944347,lag5,Maximum lag = 5 days,1,lag5__sp__lag,5
sp,lag,3,99.8940749877,0.39,100.2993447,0.9846899344141,lag5,Maximum lag = 5 days,1,lag5__sp__lag,5
sp,lag,3,99.930691178,0.4,100.2993447,0.986149624191918,lag5,Maximum lag = 5 days,1,lag5__sp__lag,5
sp,lag,3,99.9660260628,0.41,100.2993447,0.987547770907619,lag5,Maximum lag = 5 days,1,lag5__sp__lag,5
sp,lag,3,100.00185311,0.42,100.2993447,0.988953636848938,lag5,Maximum lag = 5 days,1,lag5__sp__lag,5
sp,lag,3,100.037759,0.43,100.2993447,0.990349449116111,lag5,Maximum lag = 5 days,1,lag5__sp__lag,5
sp,lag,3,100.073381836,0.44,100.2993447,0.991719982915397,lag5,Maximum lag = 5 days,1,lag5__sp__lag,5
sp,lag,3,100.1107189,0.45,100.2993447,0.993139826056168,lag5,Maximum lag = 5 days,1,lag5__sp__lag,5
sp,lag,3,100.1459227,0.46,100.2993447,0.99446165120117,lag5,Maximum lag = 5 days,1,lag5__sp__lag,5
sp,lag,3,100.1830981,0.47,100.2993447,0.995838316169893,lag5,Maximum lag = 5 days,1,lag5__sp__lag,5
sp,lag,3,100.2207292,0.48,100.2993447,0.997210317812293,lag5,Maximum lag = 5 days,1,lag5__sp__lag,5
sp,lag,3,100.2590555,0.49,100.2993447,0.998583829898488,lag5,Maximum lag = 5 days,1,lag5__sp__lag,5
sp,lag,3,100.2993447,0.5,100.2993447,1,lag5,Maximum lag = 5 days,1,lag5__sp__lag,5
sp,lag,3,100.3400133,0.51,100.2993447,1.00139940118739,lag5,Maximum lag = 5 days,1,lag5__sp__lag,5
sp,lag,3,100.3795252,0.52,100.2993447,1.00273082372915,lag5,Maximum lag = 5 days,1,lag5__sp__lag,5
sp,lag,3,100.41987258,0.53,100.2993447,1.00406308751044,lag5,Maximum lag = 5 days,1,lag5__sp__lag,5
sp,lag,3,100.46260524,0.54,100.2993447,1.00544553930292,lag5,Maximum lag = 5 days,1,lag5__sp__lag,5
sp,lag,3,100.5043294,0.55,100.2993447,1.00676854997191,lag5,Maximum lag = 5 days,1,lag5__sp__lag,5
sp,lag,3,100.5456157,0.56,100.2993447,1.0080531237225,lag5,Maximum lag = 5 days,1,lag5__sp__lag,5
sp,lag,3,100.5889351,0.57,100.2993447,1.00937634865431,lag5,Maximum lag = 5 days,1,lag5__sp__lag,5
sp,lag,3,100.632530932,0.58,100.2993447,1.01068432162829,lag5,Maximum lag = 5 days,1,lag5__sp__lag,5
sp,lag,3,100.673369,0.59,100.2993447,1.01188958328024,lag5,Maximum lag = 5 days,1,lag5__sp__lag,5
sp,lag,3,100.71891492,0.6,100.2993447,1.01321285795966,lag5,Maximum lag = 5 days,1,lag5__sp__lag,5
sp,lag,3,100.7630537,0.61,100.2993447,1.01447607974673,lag5,Maximum lag = 5 days,1,lag5__sp__lag,5
sp,lag,3,100.80609846,0.62,100.2993447,1.01569164881132,lag5,Maximum lag = 5 days,1,lag5__sp__lag,5
sp,lag,3,100.8508551,0.63,100.2993447,1.01694036461688,lag5,Maximum lag = 5 days,1,lag5__sp__lag,5
sp,lag,3,100.8965661,0.64,100.2993447,1.01820176796081,lag5,Maximum lag = 5 days,1,lag5__sp__lag,5
sp,lag,3,100.9428475,0.65,100.2993447,1.01946673618505,lag5,Maximum lag = 5 days,1,lag5__sp__lag,5
sp,lag,3,100.988165554,0.66,100.2993447,1.0206956441555,lag5,Maximum lag = 5 days,1,lag5__sp__lag,5
sp,lag,3,101.033398932,0.67,100.2993447,1.02191477128551,lag5,Maximum lag = 5 days,1,lag5__sp__lag,5
sp,lag,3,101.079598228,0.68,100.2993447,1.02315440477428,lag5,Maximum lag = 5 days,1,lag5__sp__lag,5
sp,lag,3,101.12448784,0.69,100.2993447,1.02435567170349,lag5,Maximum lag = 5 days,1,lag5__sp__lag,5
sp,lag,3,101.16598732,0.7,100.2993447,1.02546521076905,lag5,Maximum lag = 5 days,1,lag5__sp__lag,5
sp,lag,3,101.2076479,0.71,100.2993447,1.02657979184092,lag5,Maximum lag = 5 days,1,lag5__sp__lag,5
sp,lag,3,101.248062388,0.72,100.2993447,1.02766332311831,lag5,Maximum lag = 5 days,1,lag5__sp__lag,5
sp,lag,3,101.2886689,0.73,100.2993447,1.02875583882908,lag5,Maximum lag = 5 days,1,lag5__sp__lag,5
sp,lag,3,101.330724172,0.74,100.2993447,1.02989305497016,lag5,Maximum lag = 5 days,1,lag5__sp__lag,5
sp,lag,3,101.3741829,0.75,100.2993447,1.03107617393717,lag5,Maximum lag = 5 days,1,lag5__sp__lag,5
sp,lag,3,101.4153612,0.76,100.2993447,1.03220611489425,lag5,Maximum lag = 5 days,1,lag5__sp__lag,5
sp,lag,3,101.4563983,0.77,100.2993447,1.03334102594374,lag5,Maximum lag = 5 days,1,lag5__sp__lag,5
sp,lag,3,101.498078248,0.78,100.2993447,1.03450266538962,lag5,Maximum lag = 5 days,1,lag5__sp__lag,5
sp,lag,3,101.540279802,0.79,100.2993447,1.03568794032731,lag5,Maximum lag = 5 days,1,lag5__sp__lag,5
sp,lag,3,101.57863686,0.8,100.2993447,1.03677310188108,lag5,Maximum lag = 5 days,1,lag5__sp__lag,5
sp,lag,3,101.6192939,0.81,100.2993447,1.03793142630845,lag5,Maximum lag = 5 days,1,lag5__sp__lag,5
sp,lag,3,101.66179046,0.82,100.2993447,1.03915097260101,lag5,Maximum lag = 5 days,1,lag5__sp__lag,5
sp,lag,3,101.707535344,0.83,100.2993447,1.04047369657529,lag5,Maximum lag = 5 days,1,lag5__sp__lag,5
sp,lag,3,101.7543213,0.84,100.2993447,1.04183708092554,lag5,Maximum lag = 5 days,1,lag5__sp__lag,5
sp,lag,3,101.8009473,0.85,100.2993447,1.04320629756178,lag5,Maximum lag = 5 days,1,lag5__sp__lag,5
sp,lag,3,101.846766,0.86,100.2993447,1.04456188698511,lag5,Maximum lag = 5 days,1,lag5__sp__lag,5
sp,lag,3,101.895400636,0.87,100.2993447,1.046011582257,lag5,Maximum lag = 5 days,1,lag5__sp__lag,5
sp,lag,3,101.9450402,0.88,100.2993447,1.04750254416722,lag5,Maximum lag = 5 days,1,lag5__sp__lag,5
sp,lag,3,101.9978727,0.89,100.2993447,1.04910178602291,lag5,Maximum lag = 5 days,1,lag5__sp__lag,5
sp,lag,3,102.0544769,0.9,100.2993447,1.05082914686112,lag5,Maximum lag = 5 days,1,lag5__sp__lag,5
sp,lag,3,102.1139473,0.91,100.2993447,1.0526592651336,lag5,Maximum lag = 5 days,1,lag5__sp__lag,5
sp,lag,3,102.180013632,0.92,100.2993447,1.05471040509726,lag5,Maximum lag = 5 days,1,lag5__sp__lag,5
sp,lag,3,102.247237078,0.93,100.2993447,1.05681657980521,lag5,Maximum lag = 5 days,1,lag5__sp__lag,5
sp,lag,3,102.320466938,0.94,100.2993447,1.0591324062011,lag5,Maximum lag = 5 days,1,lag5__sp__lag,5
sp,lag,3,102.4061646,0.95,100.2993447,1.06187024952425,lag5,Maximum lag = 5 days,1,lag5__sp__lag,5
sp,lag,3,102.4948042,0.96,100.2993447,1.06473268487671,lag5,Maximum lag = 5 days,1,lag5__sp__lag,5
sp,lag,3,102.600050079,0.97,100.2993447,1.0681704963788,lag5,Maximum lag = 5 days,1,lag5__sp__lag,5
sp,lag,3,102.735028,0.98,100.2993447,1.07263917580109,lag5,Maximum lag = 5 days,1,lag5__sp__lag,5
sp,lag,3,102.9408706,0.99,100.2993447,1.07957573866307,lag5,Maximum lag = 5 days,1,lag5__sp__lag,5
tp,lag,3,0,0.01,0.372710824,0.999870827653023,lag5,Maximum lag = 5 days,1,lag5__tp__lag,6
tp,lag,3,0.000425624,0.07,0.372710824,0.9998810010232,lag5,Maximum lag = 5 days,1,lag5__tp__lag,6
tp,lag,3,0.000435114,0.08,0.372710824,0.999881227796616,lag5,Maximum lag = 5 days,1,lag5__tp__lag,6
tp,lag,3,0.000441074,0.1,0.372710824,0.999881370215086,lag5,Maximum lag = 5 days,1,lag5__tp__lag,6
tp,lag,3,0.000852346,0.11,0.372710824,0.999891193157769,lag5,Maximum lag = 5 days,1,lag5__tp__lag,6
tp,lag,3,0.000858307,0.15,0.372710824,0.999891335448104,lag5,Maximum lag = 5 days,1,lag5__tp__lag,6
tp,lag,3,0.000864267,0.17,0.372710824,0.999891477711716,lag5,Maximum lag = 5 days,1,lag5__tp__lag,6
tp,lag,3,0.001215935,0.18,0.372710824,0.999899866193558,lag5,Maximum lag = 5 days,1,lag5__tp__lag,6
tp,lag,3,0.001284587,0.19,0.372710824,0.999901502275405,lag5,Maximum lag = 5 days,1,lag5__tp__lag,6
tp,lag,3,0.001293421,0.2,0.372710824,0.999901712763016,lag5,Maximum lag = 5 days,1,lag5__tp__lag,6
tp,lag,3,0.001692772,0.21,0.372710824,0.999911217376108,lag5,Maximum lag = 5 days,1,lag5__tp__lag,6
tp,lag,3,0.001710653,0.22,0.372710824,0.999911642408016,lag5,Maximum lag = 5 days,1,lag5__tp__lag,6
tp,lag,3,0.001717798,0.23,0.372710824,0.999911812230827,lag5,Maximum lag = 5 days,1,lag5__tp__lag,6
tp,lag,3,0.00172399268,0.24,0.372710824,0.999911959459839,lag5,Maximum lag = 5 days,1,lag5__tp__lag,6
tp,lag,3,0.002095103,0.25,0.372710824,0.999920767758226,lag5,Maximum lag = 5 days,1,lag5__tp__lag,6
tp,lag,3,0.002171232,0.26,0.372710824,0.999922571562922,lag5,Maximum lag = 5 days,1,lag5__tp__lag,6
tp,lag,3,0.002579428,0.27,0.372710824,0.999932224377874,lag5,Maximum lag = 5 days,1,lag5__tp__lag,6
tp,lag,3,0.003010034,0.28,0.372710824,0.999942372443142,lag5,Maximum lag = 5 days,1,lag5__tp__lag,6
tp,lag,3,0.00376145474,0.29,0.372710824,0.99995999594709,lag5,Maximum lag = 5 days,1,lag5__tp__lag,6
tp,lag,3,0.005036592,0.3,0.372710824,0.999989655197409,lag5,Maximum lag = 5 days,1,lag5__tp__lag,6
tp,lag,3,0.007152557,0.31,0.372710824,1.0000381877693,lag5,Maximum lag = 5 days,1,lag5__tp__lag,6
tp,lag,3,0.010091066,0.32,0.372710824,1.00010417879951,lag5,Maximum lag = 5 days,1,lag5__tp__lag,6
tp,lag,3,0.01380755,0.33,0.372710824,1.0001853157731,lag5,Maximum lag = 5 days,1,lag5__tp__lag,6
tp,lag,3,0.0186054649,0.34,0.372710824,1.00028626234232,lag5,Maximum lag = 5 days,1,lag5__tp__lag,6
tp,lag,3,0.024735928,0.35,0.372710824,1.00040909929958,lag5,Maximum lag = 5 days,1,lag5__tp__lag,6
tp,lag,3,0.032144785,0.36,0.372710824,1.00054851033685,lag5,Maximum lag = 5 days,1,lag5__tp__lag,6
tp,lag,3,0.040888859,0.37,0.372710824,1.00070059116566,lag5,Maximum lag = 5 days,1,lag5__tp__lag,6
tp,lag,3,0.051911776,0.38,0.372710824,1.00087361314298,lag5,Maximum lag = 5 days,1,lag5__tp__lag,6
tp,lag,3,0.06481999546,0.39,0.372710824,1.00105061406319,lag5,Maximum lag = 5 days,1,lag5__tp__lag,6
tp,lag,3,0.0788570526,0.4,0.372710824,1.00121299910362,lag5,Maximum lag = 5 days,1,lag5__tp__lag,6
tp,lag,3,0.094801188,0.41,0.372710824,1.00136122469849,lag5,Maximum lag = 5 days,1,lag5__tp__lag,6
tp,lag,3,0.1135547758,0.42,0.372710824,1.00148907569144,lag5,Maximum lag = 5 days,1,lag5__tp__lag,6
tp,lag,3,0.134270163,0.43,0.372710824,1.00157591154732,lag5,Maximum lag = 5 days,1,lag5__tp__lag,6
tp,lag,3,0.157594681,0.44,0.372710824,1.00161110157322,lag5,Maximum lag = 5 days,1,lag5__tp__lag,6
tp,lag,3,0.184555173,0.45,0.372710824,1.00157777789465,lag5,Maximum lag = 5 days,1,lag5__tp__lag,6
tp,lag,3,0.21497184026,0.46,0.372710824,1.0014575225271,lag5,Maximum lag = 5 days,1,lag5__tp__lag,6
tp,lag,3,0.24668250545,0.47,0.372710824,1.00125455962771,lag5,Maximum lag = 5 days,1,lag5__tp__lag,6
tp,lag,3,0.28418305,0.48,0.372710824,1.00093548598407,lag5,Maximum lag = 5 days,1,lag5__tp__lag,6
tp,lag,3,0.32569468,0.49,0.372710824,1.00051491071915,lag5,Maximum lag = 5 days,1,lag5__tp__lag,6
tp,lag,3,0.372710824,0.5,0.372710824,1,lag5,Maximum lag = 5 days,1,lag5__tp__lag,6
tp,lag,3,0.427246094,0.51,0.372710824,0.999407677385271,lag5,Maximum lag = 5 days,1,lag5__tp__lag,6
tp,lag,3,0.488340855,0.52,0.372710824,0.998763874581729,lag5,Maximum lag = 5 days,1,lag5__tp__lag,6
tp,lag,3,0.552936733,0.53,0.372710824,0.998105512479625,lag5,Maximum lag = 5 days,1,lag5__tp__lag,6
tp,lag,3,0.620055199,0.54,0.372710824,0.997445318739391,lag5,Maximum lag = 5 days,1,lag5__tp__lag,6
tp,lag,3,0.69565475,0.55,0.372710824,0.996730271381389,lag5,Maximum lag = 5 days,1,lag5__tp__lag,6
tp,lag,3,0.775635242,0.56,0.372710824,0.996006028224378,lag5,Maximum lag = 5 days,1,lag5__tp__lag,6
tp,lag,3,0.868517815970001,0.57,0.372710824,0.99520554342645,lag5,Maximum lag = 5 days,1,lag5__tp__lag,6
tp,lag,3,0.968047380560001,0.58,0.372710824,0.994394874181077,lag5,Maximum lag = 5 days,1,lag5__tp__lag,6
tp,lag,3,1.077133417,0.59,0.372710824,0.993560624762088,lag5,Maximum lag = 5 days,1,lag5__tp__lag,6
tp,lag,3,1.191952825,0.6,0.372710824,0.992741763090563,lag5,Maximum lag = 5 days,1,lag5__tp__lag,6
tp,lag,3,1.31647601701,0.61,0.372710824,0.991919813538513,lag5,Maximum lag = 5 days,1,lag5__tp__lag,6
tp,lag,3,1.449750468,0.62,0.372710824,0.991113196772844,lag5,Maximum lag = 5 days,1,lag5__tp__lag,6
tp,lag,3,1.591254619,0.63,0.372710824,0.990335738913418,lag5,Maximum lag = 5 days,1,lag5__tp__lag,6
tp,lag,3,1.75494551644,0.64,0.372710824,0.989532584647646,lag5,Maximum lag = 5 days,1,lag5__tp__lag,6
tp,lag,3,1.928900885,0.65,0.372710824,0.988785470914002,lag5,Maximum lag = 5 days,1,lag5__tp__lag,6
tp,lag,3,2.098658809,0.66,0.372710824,0.988155087425452,lag5,Maximum lag = 5 days,1,lag5__tp__lag,6
tp,lag,3,2.286311948,0.67,0.372710824,0.987563340838612,lag5,Maximum lag = 5 days,1,lag5__tp__lag,6
tp,lag,3,2.483202233,0.68,0.372710824,0.987051308326786,lag5,Maximum lag = 5 days,1,lag5__tp__lag,6
tp,lag,3,2.706170082,0.69,0.372710824,0.986592844211923,lag5,Maximum lag = 5 days,1,lag5__tp__lag,6
tp,lag,3,2.9324947749,0.7,0.372710824,0.986244162574519,lag5,Maximum lag = 5 days,1,lag5__tp__lag,6
tp,lag,3,3.172934055,0.71,0.372710824,0.985984724855147,lag5,Maximum lag = 5 days,1,lag5__tp__lag,6
tp,lag,3,3.42666894696,0.72,0.372710824,0.98581424712667,lag5,Maximum lag = 5 days,1,lag5__tp__lag,6
tp,lag,3,3.71808332192,0.73,0.372710824,0.985720813728742,lag5,Maximum lag = 5 days,1,lag5__tp__lag,6
tp,lag,3,4.04548129251999,0.74,0.372710824,0.985706039043953,lag5,Maximum lag = 5 days,1,lag5__tp__lag,6
tp,lag,3,4.375979304,0.75,0.372710824,0.985740853492973,lag5,Maximum lag = 5 days,1,lag5__tp__lag,6
tp,lag,3,4.72438597704,0.76,0.372710824,0.9857870228391,lag5,Maximum lag = 5 days,1,lag5__tp__lag,6
tp,lag,3,5.095094209,0.77,0.372710824,0.98583703830021,lag5,Maximum lag = 5 days,1,lag5__tp__lag,6
tp,lag,3,5.46990335,0.78,0.372710824,0.985888539840739,lag5,Maximum lag = 5 days,1,lag5__tp__lag,6
tp,lag,3,5.85489393588,0.79,0.372710824,0.98594241585566,lag5,Maximum lag = 5 days,1,lag5__tp__lag,6
tp,lag,3,6.26514852,0.8,0.372710824,0.986000914147775,lag5,Maximum lag = 5 days,1,lag5__tp__lag,6
tp,lag,3,6.731295586,0.81,0.372710824,0.98606874147779,lag5,Maximum lag = 5 days,1,lag5__tp__lag,6
tp,lag,3,7.220685482,0.82,0.372710824,0.986141504795074,lag5,Maximum lag = 5 days,1,lag5__tp__lag,6
tp,lag,3,7.75981303560001,0.83,0.372710824,0.986223503373652,lag5,Maximum lag = 5 days,1,lag5__tp__lag,6
tp,lag,3,8.32209861056,0.84,0.372710824,0.986311076440137,lag5,Maximum lag = 5 days,1,lag5__tp__lag,6
tp,lag,3,8.957605229,0.85,0.372710824,0.986412571805404,lag5,Maximum lag = 5 days,1,lag5__tp__lag,6
tp,lag,3,9.64451040656,0.86,0.372710824,0.986525276192835,lag5,Maximum lag = 5 days,1,lag5__tp__lag,6
tp,lag,3,10.4183624962,0.87,0.372710824,0.986655973009225,lag5,Maximum lag = 5 days,1,lag5__tp__lag,6
tp,lag,3,11.2347403744,0.88,0.372710824,0.986798123061467,lag5,Maximum lag = 5 days,1,lag5__tp__lag,6
tp,lag,3,12.2104869602,0.89,0.372710824,0.98697376243335,lag5,Maximum lag = 5 days,1,lag5__tp__lag,6
tp,lag,3,13.29195539,0.9,0.372710824,0.987175715922949,lag5,Maximum lag = 5 days,1,lag5__tp__lag,6
tp,lag,3,14.51495588,0.91,0.372710824,0.987413298938763,lag5,Maximum lag = 5 days,1,lag5__tp__lag,6
tp,lag,3,15.9127437336,0.92,0.372710824,0.987696755137204,lag5,Maximum lag = 5 days,1,lag5__tp__lag,6
tp,lag,3,17.7292997551,0.93,0.372710824,0.988084055799444,lag5,Maximum lag = 5 days,1,lag5__tp__lag,6
tp,lag,3,19.88693324,0.94,0.372710824,0.988571734081783,lag5,Maximum lag = 5 days,1,lag5__tp__lag,6
tp,lag,3,22.4308717975001,0.95,0.372710824,0.989185086014042,lag5,Maximum lag = 5 days,1,lag5__tp__lag,6
tp,lag,3,25.54565668,0.96,0.372710824,0.989992217965532,lag5,Maximum lag = 5 days,1,lag5__tp__lag,6
tp,lag,3,29.79480028,0.97,0.372710824,0.991192129548777,lag5,Maximum lag = 5 days,1,lag5__tp__lag,6
tp,lag,3,35.8333441002,0.98,0.372710824,0.993091360927687,lag5,Maximum lag = 5 days,1,lag5__tp__lag,6
tp,lag,3,45.43717206,0.99,0.372710824,0.996573439460449,lag5,Maximum lag = 5 days,1,lag5__tp__lag,6
PM25,lag,3,10.0000001490116,0.01,42.0000006258488,0.982172974852101,lag5,Maximum lag = 5 days,1,lag5__PM25__lag,7
PM25,lag,3,11.6000001728535,0.02,42.0000006258488,0.982689626340825,lag5,Maximum lag = 5 days,1,lag5__PM25__lag,7
PM25,lag,3,12.7000001892447,0.03,42.0000006258488,0.983062470354257,lag5,Maximum lag = 5 days,1,lag5__PM25__lag,7
PM25,lag,3,13.6000002026558,0.04,42.0000006258488,0.983379595469376,lag5,Maximum lag = 5 days,1,lag5__PM25__lag,7
PM25,lag,3,14.5000002160668,0.05,42.0000006258488,0.983708584261886,lag5,Maximum lag = 5 days,1,lag5__PM25__lag,7
PM25,lag,3,15.3000002279878,0.06,42.0000006258488,0.984011732276307,lag5,Maximum lag = 5 days,1,lag5__PM25__lag,7
PM25,lag,3,16.1000002399087,0.07,42.0000006258488,0.984325647086531,lag5,Maximum lag = 5 days,1,lag5__PM25__lag,7
PM25,lag,3,16.8000002503395,0.08,42.0000006258488,0.98460967140293,lag5,Maximum lag = 5 days,1,lag5__PM25__lag,7
PM25,lag,3,17.5000002607703,0.09,42.0000006258488,0.984902883434533,lag5,Maximum lag = 5 days,1,lag5__PM25__lag,7
PM25,lag,3,18.2000002712011,0.1,42.0000006258488,0.985205725082839,lag5,Maximum lag = 5 days,1,lag5__PM25__lag,7
PM25,lag,3,18.9000002816319,0.11,42.0000006258488,0.985518639056815,lag5,Maximum lag = 5 days,1,lag5__PM25__lag,7
PM25,lag,3,19.5000002905726,0.12,42.0000006258488,0.985795203985947,lag5,Maximum lag = 5 days,1,lag5__PM25__lag,7
PM25,lag,3,20.2000003010035,0.13,42.0000006258488,0.986128001178854,lag5,Maximum lag = 5 days,1,lag5__PM25__lag,7
PM25,lag,3,20.8000003099442,0.14,42.0000006258488,0.986422266364788,lag5,Maximum lag = 5 days,1,lag5__PM25__lag,7
PM25,lag,3,21.4000003188848,0.15,42.0000006258488,0.986725145449569,lag5,Maximum lag = 5 days,1,lag5__PM25__lag,7
PM25,lag,3,22.0000003278255,0.16,42.0000006258488,0.987036919965085,lag5,Maximum lag = 5 days,1,lag5__PM25__lag,7
PM25,lag,3,22.6000003367662,0.17,42.0000006258488,0.987357872024688,lag5,Maximum lag = 5 days,1,lag5__PM25__lag,7
PM25,lag,3,23.1000003442168,0.18,42.0000006258488,0.987632546648168,lag5,Maximum lag = 5 days,1,lag5__PM25__lag,7
PM25,lag,3,23.7000003531575,0.19,42.0000006258488,0.987971058948577,lag5,Maximum lag = 5 days,1,lag5__PM25__lag,7
PM25,lag,3,24.3000003620982,0.2,42.0000006258488,0.98831955149777,lag5,Maximum lag = 5 days,1,lag5__PM25__lag,7
PM25,lag,3,24.8000003695488,0.21,42.0000006258488,0.988617791049519,lag5,Maximum lag = 5 days,1,lag5__PM25__lag,7
PM25,lag,3,25.4000003784895,0.22,42.0000006258488,0.988985320365195,lag5,Maximum lag = 5 days,1,lag5__PM25__lag,7
PM25,lag,3,25.9000003859401,0.23,42.0000006258488,0.989299823810902,lag5,Maximum lag = 5 days,1,lag5__PM25__lag,7
PM25,lag,3,26.5000003948808,0.24,42.0000006258488,0.989687350898469,lag5,Maximum lag = 5 days,1,lag5__PM25__lag,7
PM25,lag,3,27.0000004023314,0.25,42.0000006258488,0.990018921040456,lag5,Maximum lag = 5 days,1,lag5__PM25__lag,7
PM25,lag,3,27.600000411272,0.26,42.0000006258488,0.990427129355962,lag5,Maximum lag = 5 days,1,lag5__PM25__lag,7
PM25,lag,3,28.1000004187226,0.27,42.0000006258488,0.990775115012966,lag5,Maximum lag = 5 days,1,lag5__PM25__lag,7
PM25,lag,3,28.7000004276633,0.28,42.0000006258488,0.991200853441202,lag5,Maximum lag = 5 days,1,lag5__PM25__lag,7
PM25,lag,3,29.2000004351139,0.29,42.0000006258488,0.991561474530614,lag5,Maximum lag = 5 days,1,lag5__PM25__lag,7
PM25,lag,3,29.8000004440546,0.3,42.0000006258488,0.992000004345916,lag5,Maximum lag = 5 days,1,lag5__PM25__lag,7
PM25,lag,3,30.4000004529953,0.31,42.0000006258488,0.992443508886752,lag5,Maximum lag = 5 days,1,lag5__PM25__lag,7
PM25,lag,3,30.9000004604459,0.32,42.0000006258488,0.992815874234315,lag5,Maximum lag = 5 days,1,lag5__PM25__lag,7
PM25,lag,3,31.4000004678965,0.33,42.0000006258488,0.993189889467354,lag5,Maximum lag = 5 days,1,lag5__PM25__lag,7
PM25,lag,3,32.0000004768372,0.34,42.0000006258488,0.993639727664816,lag5,Maximum lag = 5 days,1,lag5__PM25__lag,7
PM25,lag,3,32.6000004857779,0.35,42.0000006258488,0.994089334126408,lag5,Maximum lag = 5 days,1,lag5__PM25__lag,7
PM25,lag,3,33.2000004947186,0.36,42.0000006258488,0.994537282928957,lag5,Maximum lag = 5 days,1,lag5__PM25__lag,7
PM25,lag,3,33.8000005036592,0.37,42.0000006258488,0.9949821455867,lag5,Maximum lag = 5 days,1,lag5__PM25__lag,7
PM25,lag,3,34.4000005125999,0.38,42.0000006258488,0.99542249108533,lag5,Maximum lag = 5 days,1,lag5__PM25__lag,7
PM25,lag,3,35.0000005215406,0.39,42.0000006258488,0.995856885936593,lag5,Maximum lag = 5 days,1,lag5__PM25__lag,7
PM25,lag,3,35.6000005304813,0.4,42.0000006258488,0.996283894253499,lag5,Maximum lag = 5 days,1,lag5__PM25__lag,7
PM25,lag,3,36.200000539422,0.41,42.0000006258488,0.996702077846208,lag5,Maximum lag = 5 days,1,lag5__PM25__lag,7
PM25,lag,3,36.9000005498528,0.42,42.0000006258488,0.997176883505378,lag5,Maximum lag = 5 days,1,lag5__PM25__lag,7
PM25,lag,3,37.5000005587935,0.43,42.0000006258488,0.99757100284742,lag5,Maximum lag = 5 days,1,lag5__PM25__lag,7
PM25,lag,3,38.1000005677342,0.44,42.0000006258488,0.997951729457952,lag5,Maximum lag = 5 days,1,lag5__PM25__lag,7
PM25,lag,3,38.7000005766749,0.45,42.0000006258488,0.998317617043543,lag5,Maximum lag = 5 days,1,lag5__PM25__lag,7
PM25,lag,3,39.3000005856156,0.46,42.0000006258488,0.998667217834588,lag5,Maximum lag = 5 days,1,lag5__PM25__lag,7
PM25,lag,3,40.0000005960464,0.47,42.0000006258488,0.999052567520556,lag5,Maximum lag = 5 days,1,lag5__PM25__lag,7
PM25,lag,3,40.6000006049871,0.48,42.0000006258488,0.999361907980374,lag5,Maximum lag = 5 days,1,lag5__PM25__lag,7
PM25,lag,3,41.300000615418,0.49,42.0000006258488,0.999696315232799,lag5,Maximum lag = 5 days,1,lag5__PM25__lag,7
PM25,lag,3,42.0000006258488,0.5,42.0000006258488,1,lag5,Maximum lag = 5 days,1,lag5__PM25__lag,7
PM25,lag,3,42.6000006347895,0.51,42.0000006258488,1.00023445312565,lag5,Maximum lag = 5 days,1,lag5__PM25__lag,7
PM25,lag,3,43.4000006467104,0.52,42.0000006258488,1.00051045018259,lag5,Maximum lag = 5 days,1,lag5__PM25__lag,7
PM25,lag,3,44.0000006556511,0.53,42.0000006258488,1.00069084924173,lag5,Maximum lag = 5 days,1,lag5__PM25__lag,7
PM25,lag,3,44.800000667572,0.54,42.0000006258488,1.00089717729548,lag5,Maximum lag = 5 days,1,lag5__PM25__lag,7
PM25,lag,3,45.5000006780028,0.55,42.0000006258488,1.00104678038978,lag5,Maximum lag = 5 days,1,lag5__PM25__lag,7
PM25,lag,3,46.3000006899238,0.56,42.0000006258488,1.00118382402937,lag5,Maximum lag = 5 days,1,lag5__PM25__lag,7
PM25,lag,3,47.0000007003546,0.57,42.0000006258488,1.00127524072749,lag5,Maximum lag = 5 days,1,lag5__PM25__lag,7
PM25,lag,3,47.8000007122755,0.58,42.0000006258488,1.00134857914162,lag5,Maximum lag = 5 days,1,lag5__PM25__lag,7
PM25,lag,3,48.6000007241964,0.59,42.0000006258488,1.00139023238968,lag5,Maximum lag = 5 days,1,lag5__PM25__lag,7
PM25,lag,3,49.4000007361174,0.6,42.0000006258488,1.00140179868888,lag5,Maximum lag = 5 days,1,lag5__PM25__lag,7
PM25,lag,3,50.2000007480383,0.61,42.0000006258488,1.00138487914112,lag5,Maximum lag = 5 days,1,lag5__PM25__lag,7
PM25,lag,3,51.0000007599592,0.62,42.0000006258488,1.00134107726466,lag5,Maximum lag = 5 days,1,lag5__PM25__lag,7
PM25,lag,3,51.9000007733703,0.63,42.0000006258488,1.0012616664584,lag5,Maximum lag = 5 days,1,lag5__PM25__lag,7
PM25,lag,3,52.8000007867813,0.64,42.0000006258488,1.00115255295834,lag5,Maximum lag = 5 days,1,lag5__PM25__lag,7
PM25,lag,3,53.7000008001924,0.65,42.0000006258488,1.00101602681399,lag5,Maximum lag = 5 days,1,lag5__PM25__lag,7
PM25,lag,3,54.7000008150935,0.66,42.0000006258488,1.00083496720817,lag5,Maximum lag = 5 days,1,lag5__PM25__lag,7
PM25,lag,3,55.6000008285046,0.67,42.0000006258488,1.00064809470755,lag5,Maximum lag = 5 days,1,lag5__PM25__lag,7
PM25,lag,3,56.6000008434057,0.68,42.0000006258488,1.00041676895047,lag5,Maximum lag = 5 days,1,lag5__PM25__lag,7
PM25,lag,3,57.6000008583069,0.69,42.0000006258488,1.00016354469847,lag5,Maximum lag = 5 days,1,lag5__PM25__lag,7
PM25,lag,3,58.600000873208,0.7,42.0000006258488,0.999891563128165,lag5,Maximum lag = 5 days,1,lag5__PM25__lag,7
PM25,lag,3,59.7000008895993,0.71,42.0000006258488,0.999574464966543,lag5,Maximum lag = 5 days,1,lag5__PM25__lag,7
PM25,lag,3,60.8000009059906,0.72,42.0000006258488,0.999242642604434,lag5,Maximum lag = 5 days,1,lag5__PM25__lag,7
PM25,lag,3,62.000000923872,0.73,42.0000006258488,0.99886876075712,lag5,Maximum lag = 5 days,1,lag5__PM25__lag,7
PM25,lag,3,63.1000009402633,0.74,42.0000006258488,0.998519618077269,lag5,Maximum lag = 5 days,1,lag5__PM25__lag,7
PM25,lag,3,64.3000009581447,0.75,42.0000006258488,0.998136763607575,lag5,Maximum lag = 5 days,1,lag5__PM25__lag,7
PM25,lag,3,65.6000009775162,0.76,42.0000006258488,0.997724621547036,lag5,Maximum lag = 5 days,1,lag5__PM25__lag,7
PM25,lag,3,66.9000009968877,0.77,42.0000006258488,0.997316197941873,lag5,Maximum lag = 5 days,1,lag5__PM25__lag,7
PM25,lag,3,68.2000010162592,0.78,42.0000006258488,0.996911474750789,lag5,Maximum lag = 5 days,1,lag5__PM25__lag,7
PM25,lag,3,69.7000010386109,0.79,42.0000006258488,0.996449061119134,lag5,Maximum lag = 5 days,1,lag5__PM25__lag,7
PM25,lag,3,71.3000010624528,0.8,42.0000006258488,0.995961192728093,lag5,Maximum lag = 5 days,1,lag5__PM25__lag,7
PM25,lag,3,72.9000010862947,0.81,42.0000006258488,0.995478837911224,lag5,Maximum lag = 5 days,1,lag5__PM25__lag,7
PM25,lag,3,74.6000011116266,0.82,42.0000006258488,0.994972340123713,lag5,Maximum lag = 5 days,1,lag5__PM25__lag,7
PM25,lag,3,76.4000011384487,0.83,42.0000006258488,0.994442747942043,lag5,Maximum lag = 5 days,1,lag5__PM25__lag,7
PM25,lag,3,78.3000011667609,0.84,42.0000006258488,0.993891159180247,lag5,Maximum lag = 5 days,1,lag5__PM25__lag,7
PM25,lag,3,80.4000011980534,0.85,42.0000006258488,0.99329031593216,lag5,Maximum lag = 5 days,1,lag5__PM25__lag,7
PM25,lag,3,82.4000012278557,0.86,42.0000006258488,0.992726617005674,lag5,Maximum lag = 5 days,1,lag5__PM25__lag,7
PM25,lag,3,84.8000012636185,0.87,42.0000006258488,0.992061076529101,lag5,Maximum lag = 5 days,1,lag5__PM25__lag,7
PM25,lag,3,87.3000013008714,0.88,42.0000006258488,0.991380337035623,lag5,Maximum lag = 5 days,1,lag5__PM25__lag,7
PM25,lag,3,90.0000013411045,0.89,42.0000006258488,0.99065936270028,lag5,Maximum lag = 5 days,1,lag5__PM25__lag,7
PM25,lag,3,92.8000013828278,0.9,42.0000006258488,0.989927128659508,lag5,Maximum lag = 5 days,1,lag5__PM25__lag,7
PM25,lag,3,96.1000014320016,0.91,42.0000006258488,0.989084097573165,lag5,Maximum lag = 5 days,1,lag5__PM25__lag,7
PM25,lag,3,100.000001490116,0.92,42.0000006258488,0.988115272134761,lag5,Maximum lag = 5 days,1,lag5__PM25__lag,7
PM25,lag,3,103.800001546741,0.93,42.0000006258488,0.987199520900868,lag5,Maximum lag = 5 days,1,lag5__PM25__lag,7
PM25,lag,3,108.700001619756,0.94,42.0000006258488,0.986059144673087,lag5,Maximum lag = 5 days,1,lag5__PM25__lag,7
PM25,lag,3,114.500001706183,0.95,42.0000006258488,0.984767099356267,lag5,Maximum lag = 5 days,1,lag5__PM25__lag,7
PM25,lag,3,121.700001813471,0.96,42.0000006258488,0.983248286974446,lag5,Maximum lag = 5 days,1,lag5__PM25__lag,7
PM25,lag,3,130.600001946092,0.97,42.0000006258488,0.981497365831508,lag5,Maximum lag = 5 days,1,lag5__PM25__lag,7
PM25,lag,3,142.700002126396,0.98,42.0000006258488,0.979332724336408,lag5,Maximum lag = 5 days,1,lag5__PM25__lag,7
PM25,lag,3,162.600002422929,0.99,42.0000006258488,0.976283360284387,lag5,Maximum lag = 5 days,1,lag5__PM25__lag,7
PM10,lag,3,17.5000002607703,0.01,68.5000010207295,0.974799627109445,lag5,Maximum lag = 5 days,1,lag5__PM10__lag,8
PM10,lag,3,20.2000003010035,0.02,68.5000010207295,0.974899877373169,lag5,Maximum lag = 5 days,1,lag5__PM10__lag,8
PM10,lag,3,22.1000003293157,0.03,68.5000010207295,0.975027520019397,lag5,Maximum lag = 5 days,1,lag5__PM10__lag,8
PM10,lag,3,23.7000003531575,0.04,68.5000010207295,0.975176537862742,lag5,Maximum lag = 5 days,1,lag5__PM10__lag,8
PM10,lag,3,25.000000372529,0.05,68.5000010207295,0.97532815599749,lag5,Maximum lag = 5 days,1,lag5__PM10__lag,8
PM10,lag,3,26.3000003919005,0.06,68.5000010207295,0.97550918634234,lag5,Maximum lag = 5 days,1,lag5__PM10__lag,8
PM10,lag,3,27.600000411272,0.07,68.5000010207295,0.975721518504777,lag5,Maximum lag = 5 days,1,lag5__PM10__lag,8
PM10,lag,3,28.7000004276633,0.08,68.5000010207295,0.975927036368805,lag5,Maximum lag = 5 days,1,lag5__PM10__lag,8
PM10,lag,3,29.9000004455447,0.09,68.5000010207295,0.976179696153775,lag5,Maximum lag = 5 days,1,lag5__PM10__lag,8
PM10,lag,3,30.9000004604459,0.1,68.5000010207295,0.976413978781052,lag5,Maximum lag = 5 days,1,lag5__PM10__lag,8
PM10,lag,3,32.0000004768372,0.11,68.5000010207295,0.976697713137063,lag5,Maximum lag = 5 days,1,lag5__PM10__lag,8
PM10,lag,3,33.0000004917383,0.12,68.5000010207295,0.976980256800131,lag5,Maximum lag = 5 days,1,lag5__PM10__lag,8
PM10,lag,3,34.0000005066395,0.13,68.5000010207295,0.977287135612863,lag5,Maximum lag = 5 days,1,lag5__PM10__lag,8
PM10,lag,3,34.9000005200505,0.14,68.5000010207295,0.977584858017738,lag5,Maximum lag = 5 days,1,lag5__PM10__lag,8
PM10,lag,3,35.9000005349517,0.15,68.5000010207295,0.977940392756017,lag5,Maximum lag = 5 days,1,lag5__PM10__lag,8
PM10,lag,3,36.8000005483627,0.16,68.5000010207295,0.978283337668791,lag5,Maximum lag = 5 days,1,lag5__PM10__lag,8
PM10,lag,3,37.7000005617738,0.17,68.5000010207295,0.978648707757934,lag5,Maximum lag = 5 days,1,lag5__PM10__lag,8
PM10,lag,3,38.7000005766749,0.18,68.5000010207295,0.979081764763513,lag5,Maximum lag = 5 days,1,lag5__PM10__lag,8
PM10,lag,3,39.600000590086,0.19,68.5000010207295,0.979496610405491,lag5,Maximum lag = 5 days,1,lag5__PM10__lag,8
PM10,lag,3,40.500000603497,0.2,68.5000010207295,0.9799359081553,lag5,Maximum lag = 5 days,1,lag5__PM10__lag,8
PM10,lag,3,41.4000006169081,0.21,68.5000010207295,0.980400315302728,lag5,Maximum lag = 5 days,1,lag5__PM10__lag,8
PM10,lag,3,42.3000006303191,0.22,68.5000010207295,0.980890492219489,lag5,Maximum lag = 5 days,1,lag5__PM10__lag,8
PM10,lag,3,43.2000006437302,0.23,68.5000010207295,0.981407102525938,lag5,Maximum lag = 5 days,1,lag5__PM10__lag,8
PM10,lag,3,44.1000006571412,0.24,68.5000010207295,0.981950813262493,lag5,Maximum lag = 5 days,1,lag5__PM10__lag,8
PM10,lag,3,45.0000006705523,0.25,68.5000010207295,0.982522295065852,lag5,Maximum lag = 5 days,1,lag5__PM10__lag,8
PM10,lag,3,45.9000006839633,0.26,68.5000010207295,0.983121693932883,lag5,Maximum lag = 5 days,1,lag5__PM10__lag,8
PM10,lag,3,46.8000006973743,0.27,68.5000010207295,0.983747043458192,lag5,Maximum lag = 5 days,1,lag5__PM10__lag,8
PM10,lag,3,47.7000007107854,0.28,68.5000010207295,0.984395845170564,lag5,Maximum lag = 5 days,1,lag5__PM10__lag,8
PM10,lag,3,48.6000007241964,0.29,68.5000010207295,0.985065595687339,lag5,Maximum lag = 5 days,1,lag5__PM10__lag,8
PM10,lag,3,49.5000007376075,0.3,68.5000010207295,0.985753786144727,lag5,Maximum lag = 5 days,1,lag5__PM10__lag,8
PM10,lag,3,50.3000007495284,0.31,68.5000010207295,0.986378958543199,lag5,Maximum lag = 5 days,1,lag5__PM10__lag,8
PM10,lag,3,51.2000007629395,0.32,68.5000010207295,0.987095113305221,lag5,Maximum lag = 5 days,1,lag5__PM10__lag,8
PM10,lag,3,52.2000007778406,0.33,68.5000010207295,0.987903816133856,lag5,Maximum lag = 5 days,1,lag5__PM10__lag,8
PM10,lag,3,53.1000007912517,0.34,68.5000010207295,0.988640551740038,lag5,Maximum lag = 5 days,1,lag5__PM10__lag,8
PM10,lag,3,54.0000008046627,0.35,68.5000010207295,0.989383085299238,lag5,Maximum lag = 5 days,1,lag5__PM10__lag,8
PM10,lag,3,54.9000008180737,0.36,68.5000010207295,0.990128866693633,lag5,Maximum lag = 5 days,1,lag5__PM10__lag,8
PM10,lag,3,55.8000008314848,0.37,68.5000010207295,0.990875338140137,lag5,Maximum lag = 5 days,1,lag5__PM10__lag,8
PM10,lag,3,56.800000846386,0.38,68.5000010207295,0.991702439558001,lag5,Maximum lag = 5 days,1,lag5__PM10__lag,8
PM10,lag,3,57.700000859797,0.39,68.5000010207295,0.992441933444433,lag5,Maximum lag = 5 days,1,lag5__PM10__lag,8
PM10,lag,3,58.7000008746982,0.4,68.5000010207295,0.993254899621209,lag5,Maximum lag = 5 days,1,lag5__PM10__lag,8
PM10,lag,3,59.6000008881092,0.41,68.5000010207295,0.993975910243388,lag5,Maximum lag = 5 days,1,lag5__PM10__lag,8
PM10,lag,3,60.6000009030104,0.42,68.5000010207295,0.994761918267951,lag5,Maximum lag = 5 days,1,lag5__PM10__lag,8
PM10,lag,3,61.5000009164214,0.43,68.5000010207295,0.995452871200508,lag5,Maximum lag = 5 days,1,lag5__PM10__lag,8
PM10,lag,3,62.5000009313226,0.44,68.5000010207295,0.996199024717758,lag5,Maximum lag = 5 days,1,lag5__PM10__lag,8
PM10,lag,3,63.4000009447336,0.45,68.5000010207295,0.996848282756075,lag5,Maximum lag = 5 days,1,lag5__PM10__lag,8
PM10,lag,3,64.4000009596348,0.46,68.5000010207295,0.9975416201531,lag5,Maximum lag = 5 days,1,lag5__PM10__lag,8
PM10,lag,3,65.4000009745359,0.47,68.5000010207295,0.998201934632057,lag5,Maximum lag = 5 days,1,lag5__PM10__lag,8
PM10,lag,3,66.5000009909272,0.48,68.5000010207295,0.998885828052486,lag5,Maximum lag = 5 days,1,lag5__PM10__lag,8
PM10,lag,3,67.5000010058284,0.49,68.5000010207295,0.999465031454136,lag5,Maximum lag = 5 days,1,lag5__PM10__lag,8
PM10,lag,3,68.5000010207295,0.5,68.5000010207295,1,lag5,Maximum lag = 5 days,1,lag5__PM10__lag,8
PM10,lag,3,69.6000010371208,0.51,68.5000010207295,1.00053415937631,lag5,Maximum lag = 5 days,1,lag5__PM10__lag,8
PM10,lag,3,70.7000010535121,0.52,68.5000010207295,1.00101224833439,lag5,Maximum lag = 5 days,1,lag5__PM10__lag,8
PM10,lag,3,71.8000010699034,0.53,68.5000010207295,1.00143611659834,lag5,Maximum lag = 5 days,1,lag5__PM10__lag,8
PM10,lag,3,72.9000010862947,0.54,68.5000010207295,1.00180762618341,lag5,Maximum lag = 5 days,1,lag5__PM10__lag,8
PM10,lag,3,74.0000011026859,0.55,68.5000010207295,1.00212865038695,lag5,Maximum lag = 5 days,1,lag5__PM10__lag,8
PM10,lag,3,75.2000011205673,0.56,68.5000010207295,1.00242349383422,lag5,Maximum lag = 5 days,1,lag5__PM10__lag,8
PM10,lag,3,76.3000011369586,0.57,68.5000010207295,1.00264505535604,lag5,Maximum lag = 5 days,1,lag5__PM10__lag,8
PM10,lag,3,77.6000011563301,0.58,68.5000010207295,1.00284950504009,lag5,Maximum lag = 5 days,1,lag5__PM10__lag,8
PM10,lag,3,78.7000011727214,0.59,68.5000010207295,1.00297614551903,lag5,Maximum lag = 5 days,1,lag5__PM10__lag,8
PM10,lag,3,79.9000011906028,0.6,68.5000010207295,1.00306822172886,lag5,Maximum lag = 5 days,1,lag5__PM10__lag,8
PM10,lag,3,81.2000012099743,0.61,68.5000010207295,1.00311653179336,lag5,Maximum lag = 5 days,1,lag5__PM10__lag,8
PM10,lag,3,82.5000012293458,0.62,68.5000010207295,1.00311444758101,lag5,Maximum lag = 5 days,1,lag5__PM10__lag,8
PM10,lag,3,83.8000012487173,0.63,68.5000010207295,1.00306516091041,lag5,Maximum lag = 5 days,1,lag5__PM10__lag,8
PM10,lag,3,85.1000012680888,0.64,68.5000010207295,1.00297186994683,lag5,Maximum lag = 5 days,1,lag5__PM10__lag,8
PM10,lag,3,86.4000012874603,0.65,68.5000010207295,1.00283777774974,lag5,Maximum lag = 5 days,1,lag5__PM10__lag,8
PM10,lag,3,87.800001308322,0.66,68.5000010207295,1.00265141907424,lag5,Maximum lag = 5 days,1,lag5__PM10__lag,8
PM10,lag,3,89.2000013291836,0.67,68.5000010207295,1.00242546744373,lag5,Maximum lag = 5 days,1,lag5__PM10__lag,8
PM10,lag,3,90.7000013515353,0.68,68.5000010207295,1.00214399539678,lag5,Maximum lag = 5 days,1,lag5__PM10__lag,8
PM10,lag,3,92.2000013738871,0.69,68.5000010207295,1.00182660591052,lag5,Maximum lag = 5 days,1,lag5__PM10__lag,8
PM10,lag,3,93.7000013962388,0.7,68.5000010207295,1.00147822814697,lag5,Maximum lag = 5 days,1,lag5__PM10__lag,8
PM10,lag,3,95.4000014215708,0.71,68.5000010207295,1.00105215751812,lag5,Maximum lag = 5 days,1,lag5__PM10__lag,8
PM10,lag,3,97.0000014454126,0.72,68.5000010207295,1.00062698398625,lag5,Maximum lag = 5 days,1,lag5__PM10__lag,8
PM10,lag,3,98.8000014722347,0.73,68.5000010207295,1.0001282260608,lag5,Maximum lag = 5 days,1,lag5__PM10__lag,8
PM10,lag,3,100.500001497567,0.74,68.5000010207295,0.99964465698557,lag5,Maximum lag = 5 days,1,lag5__PM10__lag,8
PM10,lag,3,102.100001521409,0.75,68.5000010207295,0.99918493366359,lag5,Maximum lag = 5 days,1,lag5__PM10__lag,8
PM10,lag,3,103.900001548231,0.76,68.5000010207295,0.998668538590661,lag5,Maximum lag = 5 days,1,lag5__PM10__lag,8
PM10,lag,3,105.800001576543,0.77,68.5000010207295,0.998125635226425,lag5,Maximum lag = 5 days,1,lag5__PM10__lag,8
PM10,lag,3,107.900001607835,0.78,68.5000010207295,0.997528177067188,lag5,Maximum lag = 5 days,1,lag5__PM10__lag,8
PM10,lag,3,110.000001639128,0.79,68.5000010207295,0.996933427944339,lag5,Maximum lag = 5 days,1,lag5__PM10__lag,8
PM10,lag,3,112.10000167042,0.8,68.5000010207295,0.996341373920011,lag5,Maximum lag = 5 days,1,lag5__PM10__lag,8
PM10,lag,3,114.300001703203,0.81,68.5000010207295,0.995724002370432,lag5,Maximum lag = 5 days,1,lag5__PM10__lag,8
PM10,lag,3,116.600001737475,0.82,68.5000010207295,0.995081697507997,lag5,Maximum lag = 5 days,1,lag5__PM10__lag,8
PM10,lag,3,119.000001773238,0.83,68.5000010207295,0.994414857205819,lag5,Maximum lag = 5 days,1,lag5__PM10__lag,8
PM10,lag,3,121.600001811981,0.84,68.5000010207295,0.993696331296472,lag5,Maximum lag = 5 days,1,lag5__PM10__lag,8
PM10,lag,3,124.300001852214,0.85,68.5000010207295,0.992954418454673,lag5,Maximum lag = 5 days,1,lag5__PM10__lag,8
PM10,lag,3,127.200001895428,0.86,68.5000010207295,0.992162338102009,lag5,Maximum lag = 5 days,1,lag5__PM10__lag,8
PM10,lag,3,130.100001938641,0.87,68.5000010207295,0.991375182810959,lag5,Maximum lag = 5 days,1,lag5__PM10__lag,8
PM10,lag,3,133.300001986325,0.88,68.5000010207295,0.990512270523785,lag5,Maximum lag = 5 days,1,lag5__PM10__lag,8
PM10,lag,3,136.700002036989,0.89,68.5000010207295,0.989601895999076,lag5,Maximum lag = 5 days,1,lag5__PM10__lag,8
PM10,lag,3,140.300002090633,0.9,68.5000010207295,0.988645173536428,lag5,Maximum lag = 5 days,1,lag5__PM10__lag,8
PM10,lag,3,144.200002148747,0.91,68.5000010207295,0.987617008869373,lag5,Maximum lag = 5 days,1,lag5__PM10__lag,8
PM10,lag,3,148.700002215803,0.92,68.5000010207295,0.986441263060109,lag5,Maximum lag = 5 days,1,lag5__PM10__lag,8
PM10,lag,3,153.900002293289,0.93,68.5000010207295,0.985096602598968,lag5,Maximum lag = 5 days,1,lag5__PM10__lag,8
PM10,lag,3,159.300002373755,0.94,68.5000010207295,0.983715884399946,lag5,Maximum lag = 5 days,1,lag5__PM10__lag,8
PM10,lag,3,165.800002470613,0.95,68.5000010207295,0.982074761082195,lag5,Maximum lag = 5 days,1,lag5__PM10__lag,8
PM10,lag,3,173.600002586842,0.96,68.5000010207295,0.980134972737624,lag5,Maximum lag = 5 days,1,lag5__PM10__lag,8
PM10,lag,3,183.900002740324,0.97,68.5000010207295,0.977621810777026,lag5,Maximum lag = 5 days,1,lag5__PM10__lag,8
PM10,lag,3,198.00000295043,0.98,68.5000010207295,0.974268183521398,lag5,Maximum lag = 5 days,1,lag5__PM10__lag,8
PM10,lag,3,223.200003325939,0.99,68.5000010207295,0.968513172107745,lag5,Maximum lag = 5 days,1,lag5__PM10__lag,8
O3,lag,3,15.2000002264977,0.01,84.8000012636185,0.980560021566866,lag5,Maximum lag = 5 days,1,lag5__O3__lag,9
O3,lag,3,20.0000002980232,0.02,84.8000012636185,0.985922712334039,lag5,Maximum lag = 5 days,1,lag5__O3__lag,9
O3,lag,3,23.2000003457069,0.03,84.8000012636185,0.989329824303088,lag5,Maximum lag = 5 days,1,lag5__O3__lag,9
O3,lag,3,25.80000038445,0.04,84.8000012636185,0.991974420210097,lag5,Maximum lag = 5 days,1,lag5__O3__lag,9
O3,lag,3,28.3000004217029,0.05,84.8000012636185,0.994396198095783,lag5,Maximum lag = 5 days,1,lag5__O3__lag,9
O3,lag,3,30.5000004544854,0.06,84.8000012636185,0.996417278379549,lag5,Maximum lag = 5 days,1,lag5__O3__lag,9
O3,lag,3,32.4000004827976,0.07,84.8000012636185,0.99807169450336,lag5,Maximum lag = 5 days,1,lag5__O3__lag,9
O3,lag,3,34.2000005096197,0.08,84.8000012636185,0.999554950691886,lag5,Maximum lag = 5 days,1,lag5__O3__lag,9
O3,lag,3,36.0000005364418,0.09,84.8000012636185,1.00095072846268,lag5,Maximum lag = 5 days,1,lag5__O3__lag,9
O3,lag,3,37.7000005617738,0.1,84.8000012636185,1.00218362015912,lag5,Maximum lag = 5 days,1,lag5__O3__lag,9
O3,lag,3,39.3000005856156,0.11,84.8000012636185,1.00326396829779,lag5,Maximum lag = 5 days,1,lag5__O3__lag,9
O3,lag,3,40.8000006079674,0.12,84.8000012636185,1.00420276958423,lag5,Maximum lag = 5 days,1,lag5__O3__lag,9
O3,lag,3,42.200000628829,0.13,84.8000012636185,1.00501144687816,lag5,Maximum lag = 5 days,1,lag5__O3__lag,9
O3,lag,3,43.7000006511807,0.14,84.8000012636185,1.00580248816307,lag5,Maximum lag = 5 days,1,lag5__O3__lag,9
O3,lag,3,45.0000006705523,0.15,84.8000012636185,1.00642254484786,lag5,Maximum lag = 5 days,1,lag5__O3__lag,9
O3,lag,3,46.500000692904,0.16,84.8000012636185,1.007059553494,lag5,Maximum lag = 5 days,1,lag5__O3__lag,9
O3,lag,3,47.8000007122755,0.17,84.8000012636185,1.00754129880185,lag5,Maximum lag = 5 days,1,lag5__O3__lag,9
O3,lag,3,49.2000007331371,0.18,84.8000012636185,1.00798458267868,lag5,Maximum lag = 5 days,1,lag5__O3__lag,9
O3,lag,3,50.6000007539988,0.19,84.8000012636185,1.00834704840576,lag5,Maximum lag = 5 days,1,lag5__O3__lag,9
O3,lag,3,51.9000007733703,0.2,84.8000012636185,1.00860903090238,lag5,Maximum lag = 5 days,1,lag5__O3__lag,9
O3,lag,3,53.2000007927418,0.21,84.8000012636185,1.0087971043353,lag5,Maximum lag = 5 days,1,lag5__O3__lag,9
O3,lag,3,54.5000008121133,0.22,84.8000012636185,1.00890925648768,lag5,Maximum lag = 5 days,1,lag5__O3__lag,9
O3,lag,3,55.7000008299947,0.23,84.8000012636185,1.00894366913031,lag5,Maximum lag = 5 days,1,lag5__O3__lag,9
O3,lag,3,56.9000008478761,0.24,84.8000012636185,1.00891013340243,lag5,Maximum lag = 5 days,1,lag5__O3__lag,9
O3,lag,3,58.1000008657575,0.25,84.8000012636185,1.00880710610897,lag5,Maximum lag = 5 days,1,lag5__O3__lag,9
O3,lag,3,59.3000008836389,0.26,84.8000012636185,1.00863438961545,lag5,Maximum lag = 5 days,1,lag5__O3__lag,9
O3,lag,3,60.5000009015203,0.27,84.8000012636185,1.00839712270526,lag5,Maximum lag = 5 days,1,lag5__O3__lag,9
O3,lag,3,61.7000009194016,0.28,84.8000012636185,1.00810178250848,lag5,Maximum lag = 5 days,1,lag5__O3__lag,9
O3,lag,3,62.8000009357929,0.29,84.8000012636185,1.00778557294148,lag5,Maximum lag = 5 days,1,lag5__O3__lag,9
O3,lag,3,63.9000009521842,0.3,84.8000012636185,1.00743100251993,lag5,Maximum lag = 5 days,1,lag5__O3__lag,9
O3,lag,3,65.1000009700656,0.31,84.8000012636185,1.00700631064261,lag5,Maximum lag = 5 days,1,lag5__O3__lag,9
O3,lag,3,66.2000009864569,0.32,84.8000012636185,1.00658764893083,lag5,Maximum lag = 5 days,1,lag5__O3__lag,9
O3,lag,3,67.200001001358,0.33,84.8000012636185,1.00618699785792,lag5,Maximum lag = 5 days,1,lag5__O3__lag,9
O3,lag,3,68.3000010177493,0.34,84.8000012636185,1.0057288301192,lag5,Maximum lag = 5 days,1,lag5__O3__lag,9
O3,lag,3,69.4000010341406,0.35,84.8000012636185,1.00525719447854,lag5,Maximum lag = 5 days,1,lag5__O3__lag,9
O3,lag,3,70.4000010490417,0.36,84.8000012636185,1.00482091892541,lag5,Maximum lag = 5 days,1,lag5__O3__lag,9
O3,lag,3,71.500001065433,0.37,84.8000012636185,1.00433732837364,lag5,Maximum lag = 5 days,1,lag5__O3__lag,9
O3,lag,3,72.5000010803342,0.38,84.8000012636185,1.00389837460712,lag5,Maximum lag = 5 days,1,lag5__O3__lag,9
O3,lag,3,73.5000010952353,0.39,84.8000012636185,1.00346389040119,lag5,Maximum lag = 5 days,1,lag5__O3__lag,9
O3,lag,3,74.6000011116266,0.4,84.8000012636185,1.00299553306271,lag5,Maximum lag = 5 days,1,lag5__O3__lag,9
O3,lag,3,75.6000011265278,0.41,84.8000012636185,1.00258246342303,lag5,Maximum lag = 5 days,1,lag5__O3__lag,9
O3,lag,3,76.7000011429191,0.42,84.8000012636185,1.00214660769135,lag5,Maximum lag = 5 days,1,lag5__O3__lag,9
O3,lag,3,77.7000011578202,0.43,84.8000012636185,1.00177120485921,lag5,Maximum lag = 5 days,1,lag5__O3__lag,9
O3,lag,3,78.8000011742115,0.44,84.8000012636185,1.00138570195554,lag5,Maximum lag = 5 days,1,lag5__O3__lag,9
O3,lag,3,79.8000011891127,0.45,84.8000012636185,1.00106417361474,lag5,Maximum lag = 5 days,1,lag5__O3__lag,9
O3,lag,3,80.8000012040138,0.46,84.8000012636185,1.00077398723252,lag5,Maximum lag = 5 days,1,lag5__O3__lag,9
O3,lag,3,81.800001218915,0.47,84.8000012636185,1.0005188095858,lag5,Maximum lag = 5 days,1,lag5__O3__lag,9
O3,lag,3,82.8000012338161,0.48,84.8000012636185,1.00030230711191,lag5,Maximum lag = 5 days,1,lag5__O3__lag,9
O3,lag,3,83.8000012487173,0.49,84.8000012636185,1.00012814726373,lag5,Maximum lag = 5 days,1,lag5__O3__lag,9
O3,lag,3,84.8000012636185,0.5,84.8000012636185,1,lag5,Maximum lag = 5 days,1,lag5__O3__lag,9
O3,lag,3,85.8000012785196,0.51,84.8000012636185,0.99992057297967,lag5,Maximum lag = 5 days,1,lag5__O3__lag,9
O3,lag,3,86.9000012949109,0.52,84.8000012636185,0.999888063288545,lag5,Maximum lag = 5 days,1,lag5__O3__lag,9
O3,lag,3,87.9000013098121,0.53,84.8000012636185,0.999906091348137,lag5,Maximum lag = 5 days,1,lag5__O3__lag,9
O3,lag,3,89.0000013262033,0.54,84.8000012636185,0.999975670049822,lag5,Maximum lag = 5 days,1,lag5__O3__lag,9
O3,lag,3,90.1000013425946,0.55,84.8000012636185,1.000094656591,lag5,Maximum lag = 5 days,1,lag5__O3__lag,9
O3,lag,3,91.1000013574958,0.56,84.8000012636185,1.00024335504978,lag5,Maximum lag = 5 days,1,lag5__O3__lag,9
O3,lag,3,92.2000013738871,0.57,84.8000012636185,1.00044892935593,lag5,Maximum lag = 5 days,1,lag5__O3__lag,9
O3,lag,3,93.3000013902783,0.58,84.8000012636185,1.00069581507072,lag5,Maximum lag = 5 days,1,lag5__O3__lag,9
O3,lag,3,94.4000014066696,0.59,84.8000012636185,1.00098123560848,lag5,Maximum lag = 5 days,1,lag5__O3__lag,9
O3,lag,3,95.5000014230609,0.6,84.8000012636185,1.00130241585738,lag5,Maximum lag = 5 days,1,lag5__O3__lag,9
O3,lag,3,96.6000014394522,0.61,84.8000012636185,1.00165658114351,lag5,Maximum lag = 5 days,1,lag5__O3__lag,9
O3,lag,3,97.8000014573336,0.62,84.8000012636185,1.00207730152945,lag5,Maximum lag = 5 days,1,lag5__O3__lag,9
O3,lag,3,98.9000014737248,0.63,84.8000012636185,1.00249146608489,lag5,Maximum lag = 5 days,1,lag5__O3__lag,9
O3,lag,3,100.100001491606,0.64,84.8000012636185,1.002971015873,lag5,Maximum lag = 5 days,1,lag5__O3__lag,9
O3,lag,3,101.300001509488,0.65,84.8000012636185,1.00347599358693,lag5,Maximum lag = 5 days,1,lag5__O3__lag,9
O3,lag,3,102.500001527369,0.66,84.8000012636185,1.00400278195455,lag5,Maximum lag = 5 days,1,lag5__O3__lag,9
O3,lag,3,103.70000154525,0.67,84.8000012636185,1.00454775762579,lag5,Maximum lag = 5 days,1,lag5__O3__lag,9
O3,lag,3,105.000001564622,0.68,84.8000012636185,1.00515446130745,lag5,Maximum lag = 5 days,1,lag5__O3__lag,9
O3,lag,3,106.300001583993,0.69,84.8000012636185,1.00577362405379,lag5,Maximum lag = 5 days,1,lag5__O3__lag,9
O3,lag,3,107.500001601875,0.7,84.8000012636185,1.00635220804654,lag5,Maximum lag = 5 days,1,lag5__O3__lag,9
O3,lag,3,108.900001622736,0.71,84.8000012636185,1.00703077097532,lag5,Maximum lag = 5 days,1,lag5__O3__lag,9
O3,lag,3,110.300001643598,0.72,84.8000012636185,1.00770761319996,lag5,Maximum lag = 5 days,1,lag5__O3__lag,9
O3,lag,3,111.70000166446,0.73,84.8000012636185,1.00837690063346,lag5,Maximum lag = 5 days,1,lag5__O3__lag,9
O3,lag,3,113.200001686811,0.74,84.8000012636185,1.00907896485644,lag5,Maximum lag = 5 days,1,lag5__O3__lag,9
O3,lag,3,114.700001709163,0.75,84.8000012636185,1.00975842802774,lag5,Maximum lag = 5 days,1,lag5__O3__lag,9
O3,lag,3,116.200001731515,0.76,84.8000012636185,1.01040929105958,lag5,Maximum lag = 5 days,1,lag5__O3__lag,9
O3,lag,3,117.900001756847,0.77,84.8000012636185,1.01111106403342,lag5,Maximum lag = 5 days,1,lag5__O3__lag,9
O3,lag,3,119.500001780689,0.78,84.8000012636185,1.011736932319,lag5,Maximum lag = 5 days,1,lag5__O3__lag,9
O3,lag,3,121.100001804531,0.79,84.8000012636185,1.01232942083156,lag5,Maximum lag = 5 days,1,lag5__O3__lag,9
O3,lag,3,122.800001829863,0.8,84.8000012636185,1.01292258366891,lag5,Maximum lag = 5 days,1,lag5__O3__lag,9
O3,lag,3,124.600001856685,0.81,84.8000012636185,1.01351007080231,lag5,Maximum lag = 5 days,1,lag5__O3__lag,9
O3,lag,3,126.400001883507,0.82,84.8000012636185,1.01405611500778,lag5,Maximum lag = 5 days,1,lag5__O3__lag,9
O3,lag,3,128.300001911819,0.83,84.8000012636185,1.01458786053774,lag5,Maximum lag = 5 days,1,lag5__O3__lag,9
O3,lag,3,130.300001941621,0.84,84.8000012636185,1.01509845184077,lag5,Maximum lag = 5 days,1,lag5__O3__lag,9
O3,lag,3,132.400001972914,0.85,84.8000012636185,1.01558078217045,lag5,Maximum lag = 5 days,1,lag5__O3__lag,9
O3,lag,3,134.600002005696,0.86,84.8000012636185,1.01602751338286,lag5,Maximum lag = 5 days,1,lag5__O3__lag,9
O3,lag,3,137.000002041459,0.87,84.8000012636185,1.01644718331279,lag5,Maximum lag = 5 days,1,lag5__O3__lag,9
O3,lag,3,139.300002075732,0.88,84.8000012636185,1.01678379887178,lag5,Maximum lag = 5 days,1,lag5__O3__lag,9
O3,lag,3,141.800002112985,0.89,84.8000012636185,1.01707772060636,lag5,Maximum lag = 5 days,1,lag5__O3__lag,9
O3,lag,3,144.400002151728,0.9,84.8000012636185,1.01730482923888,lag5,Maximum lag = 5 days,1,lag5__O3__lag,9
O3,lag,3,147.000002190471,0.91,84.8000012636185,1.01745285537849,lag5,Maximum lag = 5 days,1,lag5__O3__lag,9
O3,lag,3,150.100002236664,0.92,84.8000012636185,1.01752746708856,lag5,Maximum lag = 5 days,1,lag5__O3__lag,9
O3,lag,3,153.500002287328,0.93,84.8000012636185,1.0174839393273,lag5,Maximum lag = 5 days,1,lag5__O3__lag,9
O3,lag,3,157.200002342463,0.94,84.8000012636185,1.01729036037525,lag5,Maximum lag = 5 days,1,lag5__O3__lag,9
O3,lag,3,161.500002406538,0.95,84.8000012636185,1.01687811776193,lag5,Maximum lag = 5 days,1,lag5__O3__lag,9
O3,lag,3,166.700002484024,0.96,84.8000012636185,1.01611777021032,lag5,Maximum lag = 5 days,1,lag5__O3__lag,9
O3,lag,3,173.300002582371,0.97,84.8000012636185,1.01475392727765,lag5,Maximum lag = 5 days,1,lag5__O3__lag,9
O3,lag,3,181.900002710521,0.98,84.8000012636185,1.01233788991417,lag5,Maximum lag = 5 days,1,lag5__O3__lag,9
O3,lag,3,194.800002902746,0.99,84.8000012636185,1.00744952962141,lag5,Maximum lag = 5 days,1,lag5__O3__lag,9
t2m,mavg,4,0.468001384748333,0.01,17.9294167,1.07341277738532,lag5,Maximum lag = 5 days,1,lag5__t2m__mavg,10
t2m,mavg,4,1.853987287,0.02,17.9294167,1.07121412784921,lag5,Maximum lag = 5 days,1,lag5__t2m__mavg,10
t2m,mavg,4,2.678749975,0.03,17.9294167,1.06961112338468,lag5,Maximum lag = 5 days,1,lag5__t2m__mavg,10
t2m,mavg,4,3.302304148464,0.04,17.9294167,1.06824187609215,lag5,Maximum lag = 5 days,1,lag5__t2m__mavg,10
t2m,mavg,4,3.84281880075833,0.05,17.9294167,1.06693991080201,lag5,Maximum lag = 5 days,1,lag5__t2m__mavg,10
t2m,mavg,4,4.31418566389,0.06,17.9294167,1.06571392461143,lag5,Maximum lag = 5 days,1,lag5__t2m__mavg,10
t2m,mavg,4,4.744475190046,0.07,17.9294167,1.0645187217149,lag5,Maximum lag = 5 days,1,lag5__t2m__mavg,10
t2m,mavg,4,5.1250299072,0.08,17.9294167,1.06339951748834,lag5,Maximum lag = 5 days,1,lag5__t2m__mavg,10
t2m,mavg,4,5.4873264042675,0.09,17.9294167,1.06227849823026,lag5,Maximum lag = 5 days,1,lag5__t2m__mavg,10
t2m,mavg,4,5.82122263584,0.1,17.9294167,1.06119638448948,lag5,Maximum lag = 5 days,1,lag5__t2m__mavg,10
t2m,mavg,4,6.1417297362,0.11,17.9294167,1.06011261614982,lag5,Maximum lag = 5 days,1,lag5__t2m__mavg,10
t2m,mavg,4,6.44846175801867,0.12,17.9294167,1.05903336739977,lag5,Maximum lag = 5 days,1,lag5__t2m__mavg,10
t2m,mavg,4,6.728005170825,0.13,17.9294167,1.05801336826495,lag5,Maximum lag = 5 days,1,lag5__t2m__mavg,10
t2m,mavg,4,6.995974656265,0.14,17.9294167,1.05700251236625,lag5,Maximum lag = 5 days,1,lag5__t2m__mavg,10
t2m,mavg,4,7.25430301,0.15,17.9294167,1.05599694182076,lag5,Maximum lag = 5 days,1,lag5__t2m__mavg,10
t2m,mavg,4,7.50534940929333,0.16,17.9294167,1.05499010207605,lag5,Maximum lag = 5 days,1,lag5__t2m__mavg,10
t2m,mavg,4,7.75243021666667,0.17,17.9294167,1.05397031233456,lag5,Maximum lag = 5 days,1,lag5__t2m__mavg,10
t2m,mavg,4,7.98978531829,0.18,17.9294167,1.05296339249121,lag5,Maximum lag = 5 days,1,lag5__t2m__mavg,10
t2m,mavg,4,8.23626759057167,0.19,17.9294167,1.05188914700068,lag5,Maximum lag = 5 days,1,lag5__t2m__mavg,10
t2m,mavg,4,8.48423989182667,0.2,17.9294167,1.05077867113368,lag5,Maximum lag = 5 days,1,lag5__t2m__mavg,10
t2m,mavg,4,8.743596649,0.21,17.9294167,1.04958494599314,lag5,Maximum lag = 5 days,1,lag5__t2m__mavg,10
t2m,mavg,4,9.00290800725,0.22,17.9294167,1.04835808257085,lag5,Maximum lag = 5 days,1,lag5__t2m__mavg,10
t2m,mavg,4,9.29421201298167,0.23,17.9294167,1.04693963280086,lag5,Maximum lag = 5 days,1,lag5__t2m__mavg,10
t2m,mavg,4,9.58057835836,0.24,17.9294167,1.04550326877079,lag5,Maximum lag = 5 days,1,lag5__t2m__mavg,10
t2m,mavg,4,9.90187204158334,0.25,17.9294167,1.04384160573424,lag5,Maximum lag = 5 days,1,lag5__t2m__mavg,10
t2m,mavg,4,10.2195390830133,0.26,17.9294167,1.0421470578684,lag5,Maximum lag = 5 days,1,lag5__t2m__mavg,10
t2m,mavg,4,10.5387401085625,0.27,17.9294167,1.04039739281716,lag5,Maximum lag = 5 days,1,lag5__t2m__mavg,10
t2m,mavg,4,10.854564852864,0.28,17.9294167,1.03862567921172,lag5,Maximum lag = 5 days,1,lag5__t2m__mavg,10
t2m,mavg,4,11.178541963,0.29,17.9294167,1.03677226381494,lag5,Maximum lag = 5 days,1,lag5__t2m__mavg,10
t2m,mavg,4,11.50056412825,0.3,17.9294167,1.03489988310384,lag5,Maximum lag = 5 days,1,lag5__t2m__mavg,10
t2m,mavg,4,11.8295905418633,0.31,17.9294167,1.0329619000708,lag5,Maximum lag = 5 days,1,lag5__t2m__mavg,10
t2m,mavg,4,12.1898326886,0.32,17.9294167,1.0308185839512,lag5,Maximum lag = 5 days,1,lag5__t2m__mavg,10
t2m,mavg,4,12.5513463975,0.33,17.9294167,1.02865312120746,lag5,Maximum lag = 5 days,1,lag5__t2m__mavg,10
t2m,mavg,4,12.9015544836667,0.34,17.9294167,1.02654916611752,lag5,Maximum lag = 5 days,1,lag5__t2m__mavg,10
t2m,mavg,4,13.2578957668333,0.35,17.9294167,1.0244097906084,lag5,Maximum lag = 5 days,1,lag5__t2m__mavg,10
t2m,mavg,4,13.609085986768,0.36,17.9294167,1.02231021369358,lag5,Maximum lag = 5 days,1,lag5__t2m__mavg,10
t2m,mavg,4,13.939958368056,0.37,17.9294167,1.02034676751443,lag5,Maximum lag = 5 days,1,lag5__t2m__mavg,10
t2m,mavg,4,14.2651810533333,0.38,17.9294167,1.01843671763803,lag5,Maximum lag = 5 days,1,lag5__t2m__mavg,10
t2m,mavg,4,14.58866997415,0.39,17.9294167,1.01656209445629,lag5,Maximum lag = 5 days,1,lag5__t2m__mavg,10
t2m,mavg,4,14.91744639,0.4,17.9294167,1.0146883999695,lag5,Maximum lag = 5 days,1,lag5__t2m__mavg,10
t2m,mavg,4,15.2486271766667,0.41,17.9294167,1.01283905591205,lag5,Maximum lag = 5 days,1,lag5__t2m__mavg,10
t2m,mavg,4,15.587672036984,0.42,17.9294167,1.01099152536273,lag5,Maximum lag = 5 days,1,lag5__t2m__mavg,10
t2m,mavg,4,15.9250319903833,0.43,17.9294167,1.00920529853112,lag5,Maximum lag = 5 days,1,lag5__t2m__mavg,10
t2m,mavg,4,16.2524735640667,0.44,17.9294167,1.00752716807536,lag5,Maximum lag = 5 days,1,lag5__t2m__mavg,10
t2m,mavg,4,16.5742008958167,0.45,17.9294167,1.0059371441381,lag5,Maximum lag = 5 days,1,lag5__t2m__mavg,10
t2m,mavg,4,16.8566758433833,0.46,17.9294167,1.00459339808525,lag5,Maximum lag = 5 days,1,lag5__t2m__mavg,10
t2m,mavg,4,17.137433440375,0.47,17.9294167,1.0033099650918,lag5,Maximum lag = 5 days,1,lag5__t2m__mavg,10
t2m,mavg,4,17.4101277918,0.48,17.9294167,1.002116481596,lag5,Maximum lag = 5 days,1,lag5__t2m__mavg,10
t2m,mavg,4,17.6673479838167,0.49,17.9294167,1.00104157348785,lag5,Maximum lag = 5 days,1,lag5__t2m__mavg,10
t2m,mavg,4,17.9294167,0.5,17.9294167,1,lag5,Maximum lag = 5 days,1,lag5__t2m__mavg,10
t2m,mavg,4,18.18542480375,0.51,17.9294167,0.999035848488416,lag5,Maximum lag = 5 days,1,lag5__t2m__mavg,10
t2m,mavg,4,18.4476821616667,0.52,17.9294167,0.998097248764362,lag5,Maximum lag = 5 days,1,lag5__t2m__mavg,10
t2m,mavg,4,18.72546049178,0.53,17.9294167,0.997149116614491,lag5,Maximum lag = 5 days,1,lag5__t2m__mavg,10
t2m,mavg,4,18.99983841752,0.54,17.9294167,0.996250669703522,lag5,Maximum lag = 5 days,1,lag5__t2m__mavg,10
t2m,mavg,4,19.282305464,0.55,17.9294167,0.995356375100806,lag5,Maximum lag = 5 days,1,lag5__t2m__mavg,10
t2m,mavg,4,19.5591219080933,0.56,17.9294167,0.994501418452522,lag5,Maximum lag = 5 days,1,lag5__t2m__mavg,10
t2m,mavg,4,19.83050245,0.57,17.9294167,0.993675550862606,lag5,Maximum lag = 5 days,1,lag5__t2m__mavg,10
t2m,mavg,4,20.0888842367333,0.58,17.9294167,0.992893159412218,lag5,Maximum lag = 5 days,1,lag5__t2m__mavg,10
t2m,mavg,4,20.34460124534,0.59,17.9294167,0.992115702471006,lag5,Maximum lag = 5 days,1,lag5__t2m__mavg,10
t2m,mavg,4,20.588963984,0.6,17.9294167,0.991363680631615,lag5,Maximum lag = 5 days,1,lag5__t2m__mavg,10
t2m,mavg,4,20.8262388853,0.61,17.9294167,0.990619381555977,lag5,Maximum lag = 5 days,1,lag5__t2m__mavg,10
t2m,mavg,4,21.0569374212667,0.62,17.9294167,0.989877312170616,lag5,Maximum lag = 5 days,1,lag5__t2m__mavg,10
t2m,mavg,4,21.2786416404,0.63,17.9294167,0.989142517802462,lag5,Maximum lag = 5 days,1,lag5__t2m__mavg,10
t2m,mavg,4,21.5131544089333,0.64,17.9294167,0.988337340757935,lag5,Maximum lag = 5 days,1,lag5__t2m__mavg,10
t2m,mavg,4,21.738059202,0.65,17.9294167,0.987533567717893,lag5,Maximum lag = 5 days,1,lag5__t2m__mavg,10
t2m,mavg,4,21.9613300771,0.66,17.9294167,0.986700590176005,lag5,Maximum lag = 5 days,1,lag5__t2m__mavg,10
t2m,mavg,4,22.1822995165,0.67,17.9294167,0.985837553882378,lag5,Maximum lag = 5 days,1,lag5__t2m__mavg,10
t2m,mavg,4,22.4012101464,0.68,17.9294167,0.984940520456527,lag5,Maximum lag = 5 days,1,lag5__t2m__mavg,10
t2m,mavg,4,22.61714512118,0.69,17.9294167,0.984010726249461,lag5,Maximum lag = 5 days,1,lag5__t2m__mavg,10
t2m,mavg,4,22.8324233053333,0.7,17.9294167,0.983035455074488,lag5,Maximum lag = 5 days,1,lag5__t2m__mavg,10
t2m,mavg,4,23.0503771691733,0.71,17.9294167,0.981995028552021,lag5,Maximum lag = 5 days,1,lag5__t2m__mavg,10
t2m,mavg,4,23.2719759309333,0.72,17.9294167,0.980878464188349,lag5,Maximum lag = 5 days,1,lag5__t2m__mavg,10
t2m,mavg,4,23.4938842333333,0.73,17.9294167,0.979696905442131,lag5,Maximum lag = 5 days,1,lag5__t2m__mavg,10
t2m,mavg,4,23.7132949276,0.74,17.9294167,0.978462237785659,lag5,Maximum lag = 5 days,1,lag5__t2m__mavg,10
t2m,mavg,4,23.931578796,0.75,17.9294167,0.977164497584596,lag5,Maximum lag = 5 days,1,lag5__t2m__mavg,10
t2m,mavg,4,24.1483315705333,0.76,17.9294167,0.975804473769183,lag5,Maximum lag = 5 days,1,lag5__t2m__mavg,10
t2m,mavg,4,24.37408080164,0.77,17.9294167,0.974313209219562,lag5,Maximum lag = 5 days,1,lag5__t2m__mavg,10
t2m,mavg,4,24.604277545,0.78,17.9294167,0.972715913344961,lag5,Maximum lag = 5 days,1,lag5__t2m__mavg,10
t2m,mavg,4,24.825565886,0.79,17.9294167,0.971109324522594,lag5,Maximum lag = 5 days,1,lag5__t2m__mavg,10
t2m,mavg,4,25.0517894726667,0.8,17.9294167,0.969396741830402,lag5,Maximum lag = 5 days,1,lag5__t2m__mavg,10
t2m,mavg,4,25.27354647655,0.81,17.9294167,0.96765095861792,lag5,Maximum lag = 5 days,1,lag5__t2m__mavg,10
t2m,mavg,4,25.4988695526,0.82,17.9294167,0.965811023283981,lag5,Maximum lag = 5 days,1,lag5__t2m__mavg,10
t2m,mavg,4,25.7434257321,0.83,17.9294167,0.963740860774154,lag5,Maximum lag = 5 days,1,lag5__t2m__mavg,10
t2m,mavg,4,25.9784574916667,0.84,17.9294167,0.961681747394947,lag5,Maximum lag = 5 days,1,lag5__t2m__mavg,10
t2m,mavg,4,26.2283136395833,0.85,17.9294167,0.959420426688945,lag5,Maximum lag = 5 days,1,lag5__t2m__mavg,10
t2m,mavg,4,26.4765164538667,0.86,17.9294167,0.957102776013016,lag5,Maximum lag = 5 days,1,lag5__t2m__mavg,10
t2m,mavg,4,26.7321039787333,0.87,17.9294167,0.954644594170736,lag5,Maximum lag = 5 days,1,lag5__t2m__mavg,10
t2m,mavg,4,26.99417967616,0.88,17.9294167,0.952051466555582,lag5,Maximum lag = 5 days,1,lag5__t2m__mavg,10
t2m,mavg,4,27.2750962832,0.89,17.9294167,0.949193705779987,lag5,Maximum lag = 5 days,1,lag5__t2m__mavg,10
t2m,mavg,4,27.56354195325,0.9,17.9294167,0.946178891045041,lag5,Maximum lag = 5 days,1,lag5__t2m__mavg,10
t2m,mavg,4,27.8738065139833,0.91,17.9294167,0.942849480047178,lag5,Maximum lag = 5 days,1,lag5__t2m__mavg,10
t2m,mavg,4,28.2076275808,0.92,17.9294167,0.939172555621966,lag5,Maximum lag = 5 days,1,lag5__t2m__mavg,10
t2m,mavg,4,28.5683399031,0.93,17.9294167,0.935095839373306,lag5,Maximum lag = 5 days,1,lag5__t2m__mavg,10
t2m,mavg,4,28.9352852679,0.94,17.9294167,0.930845844580544,lag5,Maximum lag = 5 days,1,lag5__t2m__mavg,10
t2m,mavg,4,29.323812192,0.95,17.9294167,0.926241517044241,lag5,Maximum lag = 5 days,1,lag5__t2m__mavg,10
t2m,mavg,4,29.7324496978667,0.96,17.9294167,0.921292949850506,lag5,Maximum lag = 5 days,1,lag5__t2m__mavg,10
t2m,mavg,4,30.1960931601,0.97,17.9294167,0.915559925750143,lag5,Maximum lag = 5 days,1,lag5__t2m__mavg,10
t2m,mavg,4,30.78072582004,0.98,17.9294167,0.908174171333711,lag5,Maximum lag = 5 days,1,lag5__t2m__mavg,10
t2m,mavg,4,31.5249844319333,0.99,17.9294167,0.898562961419117,lag5,Maximum lag = 5 days,1,lag5__t2m__mavg,10
rh,mavg,4,46.51433504,0.01,76.193616465,1.03343288106877,lag5,Maximum lag = 5 days,1,lag5__rh__mavg,11
rh,mavg,4,50.2481860466667,0.02,76.193616465,1.02639471888216,lag5,Maximum lag = 5 days,1,lag5__rh__mavg,11
rh,mavg,4,52.81011907,0.03,76.193616465,1.02204531862288,lag5,Maximum lag = 5 days,1,lag5__rh__mavg,11
rh,mavg,4,54.6571793269,0.04,76.193616465,1.01916822927286,lag5,Maximum lag = 5 days,1,lag5__rh__mavg,11
rh,mavg,4,56.1194734135,0.05,76.193616465,1.01705123177844,lag5,Maximum lag = 5 days,1,lag5__rh__mavg,11
rh,mavg,4,57.2661374441,0.06,76.193616465,1.01549387363815,lag5,Maximum lag = 5 days,1,lag5__rh__mavg,11
rh,mavg,4,58.22924279,0.07,76.193616465,1.01425738079811,lag5,Maximum lag = 5 days,1,lag5__rh__mavg,11
rh,mavg,4,59.1103749306667,0.08,76.193616465,1.01318457911155,lag5,Maximum lag = 5 days,1,lag5__rh__mavg,11
rh,mavg,4,59.929817605,0.09,76.193616465,1.01223794231565,lag5,Maximum lag = 5 days,1,lag5__rh__mavg,11
rh,mavg,4,60.6661102575,0.1,76.193616465,1.0114300355922,lag5,Maximum lag = 5 days,1,lag5__rh__mavg,11
rh,mavg,4,61.3432175447,0.11,76.193616465,1.01072326584545,lag5,Maximum lag = 5 days,1,lag5__rh__mavg,11
rh,mavg,4,61.9865712401333,0.12,76.193616465,1.0100843030355,lag5,Maximum lag = 5 days,1,lag5__rh__mavg,11
rh,mavg,4,62.589215811935,0.13,76.193616465,1.00951493396938,lag5,Maximum lag = 5 days,1,lag5__rh__mavg,11
rh,mavg,4,63.1619867147333,0.14,76.193616465,1.0090002507218,lag5,Maximum lag = 5 days,1,lag5__rh__mavg,11
rh,mavg,4,63.7265981144,0.15,76.193616465,1.0085184288167,lag5,Maximum lag = 5 days,1,lag5__rh__mavg,11
rh,mavg,4,64.25220096,0.16,76.193616465,1.00809292289126,lag5,Maximum lag = 5 days,1,lag5__rh__mavg,11
rh,mavg,4,64.7514108437667,0.17,76.193616465,1.00770955457086,lag5,Maximum lag = 5 days,1,lag5__rh__mavg,11
rh,mavg,4,65.2383493776667,0.18,76.193616465,1.00735529621253,lag5,Maximum lag = 5 days,1,lag5__rh__mavg,11
rh,mavg,4,65.74447947964,0.19,76.193616465,1.0070078786481,lag5,Maximum lag = 5 days,1,lag5__rh__mavg,11
rh,mavg,4,66.219829194,0.2,76.193616465,1.00670108046552,lag5,Maximum lag = 5 days,1,lag5__rh__mavg,11
rh,mavg,4,66.6788853904083,0.21,76.193616465,1.00642288283766,lag5,Maximum lag = 5 days,1,lag5__rh__mavg,11
rh,mavg,4,67.1152962144667,0.22,76.193616465,1.00617502776426,lag5,Maximum lag = 5 days,1,lag5__rh__mavg,11
rh,mavg,4,67.54227806804,0.23,76.193616465,1.00594833614389,lag5,Maximum lag = 5 days,1,lag5__rh__mavg,11
rh,mavg,4,67.9476471008,0.24,76.193616465,1.00574770316859,lag5,Maximum lag = 5 days,1,lag5__rh__mavg,11
rh,mavg,4,68.35492502,0.25,76.193616465,1.00556054245477,lag5,Maximum lag = 5 days,1,lag5__rh__mavg,11
rh,mavg,4,68.7497824971,0.26,76.193616465,1.00539235818186,lag5,Maximum lag = 5 days,1,lag5__rh__mavg,11
rh,mavg,4,69.12024737668,0.27,76.193616465,1.00524372192135,lag5,Maximum lag = 5 days,1,lag5__rh__mavg,11
rh,mavg,4,69.49653635,0.28,76.193616465,1.00509862297625,lag5,Maximum lag = 5 days,1,lag5__rh__mavg,11
rh,mavg,4,69.8602561545067,0.29,76.193616465,1.00496101521395,lag5,Maximum lag = 5 days,1,lag5__rh__mavg,11
rh,mavg,4,70.2184433982,0.3,76.193616465,1.0048252095217,lag5,Maximum lag = 5 days,1,lag5__rh__mavg,11
rh,mavg,4,70.56832558,0.31,76.193616465,1.00468962753259,lag5,Maximum lag = 5 days,1,lag5__rh__mavg,11
rh,mavg,4,70.9071672738,0.32,76.193616465,1.00455313484972,lag5,Maximum lag = 5 days,1,lag5__rh__mavg,11
rh,mavg,4,71.23202227,0.33,76.193616465,1.00441530684509,lag5,Maximum lag = 5 days,1,lag5__rh__mavg,11
rh,mavg,4,71.5537256883333,0.34,76.193616465,1.00427005323916,lag5,Maximum lag = 5 days,1,lag5__rh__mavg,11
rh,mavg,4,71.87275625725,0.35,76.193616465,1.00411543249253,lag5,Maximum lag = 5 days,1,lag5__rh__mavg,11
rh,mavg,4,72.193833858,0.36,76.193616465,1.00394722447422,lag5,Maximum lag = 5 days,1,lag5__rh__mavg,11
rh,mavg,4,72.5114256783333,0.37,76.193616465,1.00376648413055,lag5,Maximum lag = 5 days,1,lag5__rh__mavg,11
rh,mavg,4,72.82609114,0.38,76.193616465,1.00357144524105,lag5,Maximum lag = 5 days,1,lag5__rh__mavg,11
rh,mavg,4,73.13918118775,0.39,76.193616465,1.00335977180393,lag5,Maximum lag = 5 days,1,lag5__rh__mavg,11
rh,mavg,4,73.436381508,0.4,76.193616465,1.00314092957398,lag5,Maximum lag = 5 days,1,lag5__rh__mavg,11
rh,mavg,4,73.72423731,0.41,76.193616465,1.00291084324669,lag5,Maximum lag = 5 days,1,lag5__rh__mavg,11
rh,mavg,4,74.01568195012,0.42,76.193616465,1.0026582588029,lag5,Maximum lag = 5 days,1,lag5__rh__mavg,11
rh,mavg,4,74.30421468778,0.43,76.193616465,1.00238731244326,lag5,Maximum lag = 5 days,1,lag5__rh__mavg,11
rh,mavg,4,74.5882280866667,0.44,76.193616465,1.00209893478075,lag5,Maximum lag = 5 days,1,lag5__rh__mavg,11
rh,mavg,4,74.8666161973,0.45,76.193616465,1.0017940934502,lag5,Maximum lag = 5 days,1,lag5__rh__mavg,11
rh,mavg,4,75.1377280709333,0.46,76.193616465,1.00147490501199,lag5,Maximum lag = 5 days,1,lag5__rh__mavg,11
rh,mavg,4,75.4129548483333,0.47,76.193616465,1.00112713915961,lag5,Maximum lag = 5 days,1,lag5__rh__mavg,11
rh,mavg,4,75.6736591541334,0.48,76.193616465,1.0007745741155,lag5,Maximum lag = 5 days,1,lag5__rh__mavg,11
rh,mavg,4,75.940812312875,0.49,76.193616465,1.00038882498407,lag5,Maximum lag = 5 days,1,lag5__rh__mavg,11
rh,mavg,4,76.193616465,0.5,76.193616465,1,lag5,Maximum lag = 5 days,1,lag5__rh__mavg,11
rh,mavg,4,76.44895360635,0.51,76.193616465,0.999583274010697,lag5,Maximum lag = 5 days,1,lag5__rh__mavg,11
rh,mavg,4,76.7037224805,0.52,76.193616465,0.999144721900952,lag5,Maximum lag = 5 days,1,lag5__rh__mavg,11
rh,mavg,4,76.9588970741,0.53,76.193616465,0.998684429254266,lag5,Maximum lag = 5 days,1,lag5__rh__mavg,11
rh,mavg,4,77.206357545,0.54,76.193616465,0.998219582871917,lag5,Maximum lag = 5 days,1,lag5__rh__mavg,11
rh,mavg,4,77.457048011,0.55,76.193616465,0.997731766760312,lag5,Maximum lag = 5 days,1,lag5__rh__mavg,11
rh,mavg,4,77.7049148017333,0.56,76.193616465,0.997234325175938,lag5,Maximum lag = 5 days,1,lag5__rh__mavg,11
rh,mavg,4,77.965973860525,0.57,76.193616465,0.996695907083002,lag5,Maximum lag = 5 days,1,lag5__rh__mavg,11
rh,mavg,4,78.222531905,0.58,76.193616465,0.996154042272805,lag5,Maximum lag = 5 days,1,lag5__rh__mavg,11
rh,mavg,4,78.4705417984433,0.59,76.193616465,0.995619896335634,lag5,Maximum lag = 5 days,1,lag5__rh__mavg,11
rh,mavg,4,78.7211816316667,0.6,76.193616465,0.995071396136684,lag5,Maximum lag = 5 days,1,lag5__rh__mavg,11
rh,mavg,4,78.9657032679,0.61,76.193616465,0.994529419320376,lag5,Maximum lag = 5 days,1,lag5__rh__mavg,11
rh,mavg,4,79.2222878553,0.62,76.193616465,0.993955079037192,lag5,Maximum lag = 5 days,1,lag5__rh__mavg,11
rh,mavg,4,79.4640802001333,0.63,76.193616465,0.993410115296675,lag5,Maximum lag = 5 days,1,lag5__rh__mavg,11
rh,mavg,4,79.7090305829333,0.64,76.193616465,0.992855858594984,lag5,Maximum lag = 5 days,1,lag5__rh__mavg,11
rh,mavg,4,79.9471278462,0.65,76.193616465,0.992316436725708,lag5,Maximum lag = 5 days,1,lag5__rh__mavg,11
rh,mavg,4,80.19273417502,0.66,76.193616465,0.991760786456996,lag5,Maximum lag = 5 days,1,lag5__rh__mavg,11
rh,mavg,4,80.4389297264667,0.67,76.193616465,0.991206107388287,lag5,Maximum lag = 5 days,1,lag5__rh__mavg,11
rh,mavg,4,80.67630590744,0.68,76.193616465,0.990674905552507,lag5,Maximum lag = 5 days,1,lag5__rh__mavg,11
rh,mavg,4,80.921792485,0.69,76.193616465,0.990130744836032,lag5,Maximum lag = 5 days,1,lag5__rh__mavg,11
rh,mavg,4,81.1705220415,0.7,76.193616465,0.989586300317202,lag5,Maximum lag = 5 days,1,lag5__rh__mavg,11
rh,mavg,4,81.4268571402334,0.71,76.193616465,0.989034121103939,lag5,Maximum lag = 5 days,1,lag5__rh__mavg,11
rh,mavg,4,81.6841588333333,0.72,76.193616465,0.988490656205897,lag5,Maximum lag = 5 days,1,lag5__rh__mavg,11
rh,mavg,4,81.94202846885,0.73,76.193616465,0.987958568116071,lag5,Maximum lag = 5 days,1,lag5__rh__mavg,11
rh,mavg,4,82.20807568408,0.74,76.193616465,0.987424629739951,lag5,Maximum lag = 5 days,1,lag5__rh__mavg,11
rh,mavg,4,82.48333145,0.75,76.193616465,0.986890264675234,lag5,Maximum lag = 5 days,1,lag5__rh__mavg,11
rh,mavg,4,82.75993740346,0.76,76.193616465,0.986373449149253,lag5,Maximum lag = 5 days,1,lag5__rh__mavg,11
rh,mavg,4,83.0418243675667,0.77,76.193616465,0.985867616471012,lag5,Maximum lag = 5 days,1,lag5__rh__mavg,11
rh,mavg,4,83.3201877683334,0.78,76.193616465,0.9853883884887,lag5,Maximum lag = 5 days,1,lag5__rh__mavg,11
rh,mavg,4,83.610544592525,0.79,76.193616465,0.984909589633621,lag5,Maximum lag = 5 days,1,lag5__rh__mavg,11
rh,mavg,4,83.8968265466667,0.8,76.193616465,0.984458182188472,lag5,Maximum lag = 5 days,1,lag5__rh__mavg,11
rh,mavg,4,84.1987285257,0.81,76.193616465,0.984003943238419,lag5,Maximum lag = 5 days,1,lag5__rh__mavg,11
rh,mavg,4,84.5051060914833,0.82,76.193616465,0.983565381315002,lag5,Maximum lag = 5 days,1,lag5__rh__mavg,11
rh,mavg,4,84.81961192109,0.83,76.193616465,0.983138165198477,lag5,Maximum lag = 5 days,1,lag5__rh__mavg,11
rh,mavg,4,85.1393159112,0.84,76.193616465,0.982727222256481,lag5,Maximum lag = 5 days,1,lag5__rh__mavg,11
rh,mavg,4,85.47733870505,0.85,76.193616465,0.982317723084694,lag5,Maximum lag = 5 days,1,lag5__rh__mavg,11
rh,mavg,4,85.8097757889,0.86,76.193616465,0.981939438804266,lag5,Maximum lag = 5 days,1,lag5__rh__mavg,11
rh,mavg,4,86.16050894,0.87,76.193616465,0.981565949711058,lag5,Maximum lag = 5 days,1,lag5__rh__mavg,11
rh,mavg,4,86.5163625033067,0.88,76.193616465,0.981213177084275,lag5,Maximum lag = 5 days,1,lag5__rh__mavg,11
rh,mavg,4,86.88474896655,0.89,76.193616465,0.980874971378018,lag5,Maximum lag = 5 days,1,lag5__rh__mavg,11
rh,mavg,4,87.2892423545,0.9,76.193616465,0.980534293053262,lag5,Maximum lag = 5 days,1,lag5__rh__mavg,11
rh,mavg,4,87.722306575,0.91,76.193616465,0.980203968773423,lag5,Maximum lag = 5 days,1,lag5__rh__mavg,11
rh,mavg,4,88.1746007946,0.92,76.193616465,0.979895593221889,lag5,Maximum lag = 5 days,1,lag5__rh__mavg,11
rh,mavg,4,88.6517811866667,0.93,76.193616465,0.979609197816421,lag5,Maximum lag = 5 days,1,lag5__rh__mavg,11
rh,mavg,4,89.15491516,0.94,76.193616465,0.979348664141984,lag5,Maximum lag = 5 days,1,lag5__rh__mavg,11
rh,mavg,4,89.7230507443,0.95,76.193616465,0.979103115642881,lag5,Maximum lag = 5 days,1,lag5__rh__mavg,11
rh,mavg,4,90.3621885166,0.96,76.193616465,0.978885078141141,lag5,Maximum lag = 5 days,1,lag5__rh__mavg,11
rh,mavg,4,91.1513610779867,0.97,76.193616465,0.978694973818568,lag5,Maximum lag = 5 days,1,lag5__rh__mavg,11
rh,mavg,4,92.1892031232,0.98,76.193616465,0.978565842525324,lag5,Maximum lag = 5 days,1,lag5__rh__mavg,11
rh,mavg,4,93.60028910141,0.99,76.193616465,0.978581436148637,lag5,Maximum lag = 5 days,1,lag5__rh__mavg,11
ssr,mavg,4,1.52688167,0.01,12.727494,0.981820086587288,lag5,Maximum lag = 5 days,1,lag5__ssr__mavg,12
ssr,mavg,4,2.07138736,0.02,12.727494,0.982477166407695,lag5,Maximum lag = 5 days,1,lag5__ssr__mavg,12
ssr,mavg,4,2.50938162666667,0.03,12.727494,0.98301433644522,lag5,Maximum lag = 5 days,1,lag5__ssr__mavg,12
ssr,mavg,4,2.9113607987,0.04,12.727494,0.983516004177241,lag5,Maximum lag = 5 days,1,lag5__ssr__mavg,12
ssr,mavg,4,3.26754,0.05,12.727494,0.983968763390922,lag5,Maximum lag = 5 days,1,lag5__ssr__mavg,12
ssr,mavg,4,3.589672,0.06,12.727494,0.984385883354135,lag5,Maximum lag = 5 days,1,lag5__ssr__mavg,12
ssr,mavg,4,3.89920644,0.07,12.727494,0.984794318542844,lag5,Maximum lag = 5 days,1,lag5__ssr__mavg,12
ssr,mavg,4,4.216118464,0.08,12.727494,0.985221006057721,lag5,Maximum lag = 5 days,1,lag5__ssr__mavg,12
ssr,mavg,4,4.496796,0.09,12.727494,0.985606729483596,lag5,Maximum lag = 5 days,1,lag5__ssr__mavg,12
ssr,mavg,4,4.788692,0.1,12.727494,0.986016276187926,lag5,Maximum lag = 5 days,1,lag5__ssr__mavg,12
ssr,mavg,4,5.06822848666667,0.11,12.727494,0.986417077840217,lag5,Maximum lag = 5 days,1,lag5__ssr__mavg,12
ssr,mavg,4,5.34432143504,0.12,12.727494,0.986821735198357,lag5,Maximum lag = 5 days,1,lag5__ssr__mavg,12
ssr,mavg,4,5.60866267,0.13,12.727494,0.98721784261935,lag5,Maximum lag = 5 days,1,lag5__ssr__mavg,12
ssr,mavg,4,5.860416,0.14,12.727494,0.987603403810422,lag5,Maximum lag = 5 days,1,lag5__ssr__mavg,12
ssr,mavg,4,6.10317815,0.15,12.727494,0.987983258129735,lag5,Maximum lag = 5 days,1,lag5__ssr__mavg,12
ssr,mavg,4,6.344504,0.16,12.727494,0.988369069949409,lag5,Maximum lag = 5 days,1,lag5__ssr__mavg,12
ssr,mavg,4,6.58579380666667,0.17,12.727494,0.988763355863514,lag5,Maximum lag = 5 days,1,lag5__ssr__mavg,12
ssr,mavg,4,6.82758805333333,0.18,12.727494,0.989167378287111,lag5,Maximum lag = 5 days,1,lag5__ssr__mavg,12
ssr,mavg,4,7.0604715,0.19,12.727494,0.989565277945972,lag5,Maximum lag = 5 days,1,lag5__ssr__mavg,12
ssr,mavg,4,7.27957641406667,0.2,12.727494,0.989947778609828,lag5,Maximum lag = 5 days,1,lag5__ssr__mavg,12
ssr,mavg,4,7.50536866666667,0.21,12.727494,0.990350500303008,lag5,Maximum lag = 5 days,1,lag5__ssr__mavg,12
ssr,mavg,4,7.731532,0.22,12.727494,0.990762870268289,lag5,Maximum lag = 5 days,1,lag5__ssr__mavg,12
ssr,mavg,4,7.94882434,0.23,12.727494,0.991167810248084,lag5,Maximum lag = 5 days,1,lag5__ssr__mavg,12
ssr,mavg,4,8.16215066666667,0.24,12.727494,0.991573952107416,lag5,Maximum lag = 5 days,1,lag5__ssr__mavg,12
ssr,mavg,4,8.3733328,0.25,12.727494,0.991984642444785,lag5,Maximum lag = 5 days,1,lag5__ssr__mavg,12
ssr,mavg,4,8.57884926666667,0.26,12.727494,0.992392500129243,lag5,Maximum lag = 5 days,1,lag5__ssr__mavg,12
ssr,mavg,4,8.776308,0.27,12.727494,0.992790835184913,lag5,Maximum lag = 5 days,1,lag5__ssr__mavg,12
ssr,mavg,4,8.970433,0.28,12.727494,0.99318730267816,lag5,Maximum lag = 5 days,1,lag5__ssr__mavg,12
ssr,mavg,4,9.15745785302,0.29,12.727494,0.99357262158221,lag5,Maximum lag = 5 days,1,lag5__ssr__mavg,12
ssr,mavg,4,9.3544729013,0.3,12.727494,0.993980803060958,lag5,Maximum lag = 5 days,1,lag5__ssr__mavg,12
ssr,mavg,4,9.54282066666667,0.31,12.727494,0.994371999288178,lag5,Maximum lag = 5 days,1,lag5__ssr__mavg,12
ssr,mavg,4,9.72157244,0.32,12.727494,0.994743058639643,lag5,Maximum lag = 5 days,1,lag5__ssr__mavg,12
ssr,mavg,4,9.905208,0.33,12.727494,0.995122971239707,lag5,Maximum lag = 5 days,1,lag5__ssr__mavg,12
ssr,mavg,4,10.08320512,0.34,12.727494,0.995488953696483,lag5,Maximum lag = 5 days,1,lag5__ssr__mavg,12
ssr,mavg,4,10.2669375466667,0.35,12.727494,0.995863322879192,lag5,Maximum lag = 5 days,1,lag5__ssr__mavg,12
ssr,mavg,4,10.438151968,0.36,12.727494,0.996208116667906,lag5,Maximum lag = 5 days,1,lag5__ssr__mavg,12
ssr,mavg,4,10.61630748,0.37,12.727494,0.996561741550748,lag5,Maximum lag = 5 days,1,lag5__ssr__mavg,12
ssr,mavg,4,10.786371,0.38,12.727494,0.996893498177669,lag5,Maximum lag = 5 days,1,lag5__ssr__mavg,12
ssr,mavg,4,10.9599109966667,0.39,12.727494,0.997225269393524,lag5,Maximum lag = 5 days,1,lag5__ssr__mavg,12
ssr,mavg,4,11.134472,0.4,12.727494,0.997551163388711,lag5,Maximum lag = 5 days,1,lag5__ssr__mavg,12
ssr,mavg,4,11.303824,0.41,12.727494,0.997858934337116,lag5,Maximum lag = 5 days,1,lag5__ssr__mavg,12
ssr,mavg,4,11.47167399962,0.42,12.727494,0.998154954247679,lag5,Maximum lag = 5 days,1,lag5__ssr__mavg,12
ssr,mavg,4,11.6394364753393,0.43,12.727494,0.998441000598788,lag5,Maximum lag = 5 days,1,lag5__ssr__mavg,12
ssr,mavg,4,11.79866748,0.44,12.727494,0.998702653304703,lag5,Maximum lag = 5 days,1,lag5__ssr__mavg,12
ssr,mavg,4,11.96217845,0.45,12.727494,0.998960588350785,lag5,Maximum lag = 5 days,1,lag5__ssr__mavg,12
ssr,mavg,4,12.1211237033333,0.46,12.727494,0.999200144606962,lag5,Maximum lag = 5 days,1,lag5__ssr__mavg,12
ssr,mavg,4,12.27498102,0.47,12.727494,0.9994208546385,lag5,Maximum lag = 5 days,1,lag5__ssr__mavg,12
ssr,mavg,4,12.42418536,0.48,12.727494,0.999623764930107,lag5,Maximum lag = 5 days,1,lag5__ssr__mavg,12
ssr,mavg,4,12.57339094,0.49,12.727494,0.999815122209611,lag5,Maximum lag = 5 days,1,lag5__ssr__mavg,12
ssr,mavg,4,12.727494,0.5,12.727494,1,lag5,Maximum lag = 5 days,1,lag5__ssr__mavg,12
ssr,mavg,4,12.8839566266667,0.51,12.727494,1.00017392141762,lag5,Maximum lag = 5 days,1,lag5__ssr__mavg,12
ssr,mavg,4,13.04003225,0.52,12.727494,1.00033361390294,lag5,Maximum lag = 5 days,1,lag5__ssr__mavg,12
ssr,mavg,4,13.193290025,0.53,12.727494,1.00047719049969,lag5,Maximum lag = 5 days,1,lag5__ssr__mavg,12
ssr,mavg,4,13.3475573345667,0.54,12.727494,1.00060864868395,lag5,Maximum lag = 5 days,1,lag5__ssr__mavg,12
ssr,mavg,4,13.502848,0.55,12.727494,1.00072792169177,lag5,Maximum lag = 5 days,1,lag5__ssr__mavg,12
ssr,mavg,4,13.658943872,0.56,12.727494,1.00083479497798,lag5,Maximum lag = 5 days,1,lag5__ssr__mavg,12
ssr,mavg,4,13.8130973933333,0.57,12.727494,1.0009277110359,lag5,Maximum lag = 5 days,1,lag5__ssr__mavg,12
ssr,mavg,4,13.9598690666667,0.58,12.727494,1.00100468169467,lag5,Maximum lag = 5 days,1,lag5__ssr__mavg,12
ssr,mavg,4,14.108469488,0.59,12.727494,1.00107134906017,lag5,Maximum lag = 5 days,1,lag5__ssr__mavg,12
ssr,mavg,4,14.280596,0.6,12.727494,1.00113461851424,lag5,Maximum lag = 5 days,1,lag5__ssr__mavg,12
ssr,mavg,4,14.4658493333333,0.61,12.727494,1.00118625712462,lag5,Maximum lag = 5 days,1,lag5__ssr__mavg,12
ssr,mavg,4,14.6485136,0.62,12.727494,1.00122077034623,lag5,Maximum lag = 5 days,1,lag5__ssr__mavg,12
ssr,mavg,4,14.84445942,0.63,12.727494,1.00124003277865,lag5,Maximum lag = 5 days,1,lag5__ssr__mavg,12
ssr,mavg,4,15.0458929093333,0.64,12.727494,1.00124105873946,lag5,Maximum lag = 5 days,1,lag5__ssr__mavg,12
ssr,mavg,4,15.2494051466667,0.65,12.727494,1.00122317803344,lag5,Maximum lag = 5 days,1,lag5__ssr__mavg,12
ssr,mavg,4,15.457603639816,0.66,12.727494,1.00118564953601,lag5,Maximum lag = 5 days,1,lag5__ssr__mavg,12
ssr,mavg,4,15.67247455858,0.67,12.727494,1.00112699617241,lag5,Maximum lag = 5 days,1,lag5__ssr__mavg,12
ssr,mavg,4,15.884365136,0.68,12.727494,1.00104982211243,lag5,Maximum lag = 5 days,1,lag5__ssr__mavg,12
ssr,mavg,4,16.103579612,0.69,12.727494,1.00095028907011,lag5,Maximum lag = 5 days,1,lag5__ssr__mavg,12
ssr,mavg,4,16.3222167,0.7,12.727494,1.0008315965137,lag5,Maximum lag = 5 days,1,lag5__ssr__mavg,12
ssr,mavg,4,16.542246,0.71,12.727494,1.00069310361639,lag5,Maximum lag = 5 days,1,lag5__ssr__mavg,12
ssr,mavg,4,16.766168,0.72,12.727494,1.00053310363037,lag5,Maximum lag = 5 days,1,lag5__ssr__mavg,12
ssr,mavg,4,16.996007,0.73,12.727494,1.00034947922136,lag5,Maximum lag = 5 days,1,lag5__ssr__mavg,12
ssr,mavg,4,17.22773548,0.74,12.727494,1.0001450755917,lag5,Maximum lag = 5 days,1,lag5__ssr__mavg,12
ssr,mavg,4,17.4695752,0.75,12.727494,0.9999118046067,lag5,Maximum lag = 5 days,1,lag5__ssr__mavg,12
ssr,mavg,4,17.71954816048,0.76,12.727494,0.999649972077701,lag5,Maximum lag = 5 days,1,lag5__ssr__mavg,12
ssr,mavg,4,17.97802819362,0.77,12.727494,0.999357604973318,lag5,Maximum lag = 5 days,1,lag5__ssr__mavg,12
ssr,mavg,4,18.23942776,0.78,12.727494,0.999040067688066,lag5,Maximum lag = 5 days,1,lag5__ssr__mavg,12
ssr,mavg,4,18.4976229453333,0.79,12.727494,0.998705326369577,lag5,Maximum lag = 5 days,1,lag5__ssr__mavg,12
ssr,mavg,4,18.7714816,0.8,12.727494,0.998327910011088,lag5,Maximum lag = 5 days,1,lag5__ssr__mavg,12
ssr,mavg,4,19.0336839266667,0.81,12.727494,0.997945507634987,lag5,Maximum lag = 5 days,1,lag5__ssr__mavg,12
ssr,mavg,4,19.2950324933333,0.82,12.727494,0.997544374128566,lag5,Maximum lag = 5 days,1,lag5__ssr__mavg,12
ssr,mavg,4,19.5745753,0.83,12.727494,0.997093814733151,lag5,Maximum lag = 5 days,1,lag5__ssr__mavg,12
ssr,mavg,4,19.85902694,0.84,12.727494,0.996613157868982,lag5,Maximum lag = 5 days,1,lag5__ssr__mavg,12
ssr,mavg,4,20.14231216,0.85,12.727494,0.996112876136328,lag5,Maximum lag = 5 days,1,lag5__ssr__mavg,12
ssr,mavg,4,20.4454728,0.86,12.727494,0.995554355272174,lag5,Maximum lag = 5 days,1,lag5__ssr__mavg,12
ssr,mavg,4,20.763569188,0.87,12.727494,0.994943444419658,lag5,Maximum lag = 5 days,1,lag5__ssr__mavg,12
ssr,mavg,4,21.087202,0.88,12.727494,0.994296690001657,lag5,Maximum lag = 5 days,1,lag5__ssr__mavg,12
ssr,mavg,4,21.419538,0.89,12.727494,0.993607085246213,lag5,Maximum lag = 5 days,1,lag5__ssr__mavg,12
ssr,mavg,4,21.7689187,0.9,12.727494,0.992855431527128,lag5,Maximum lag = 5 days,1,lag5__ssr__mavg,12
ssr,mavg,4,22.1297464,0.91,12.727494,0.992051707241828,lag5,Maximum lag = 5 days,1,lag5__ssr__mavg,12
ssr,mavg,4,22.51600984,0.92,12.727494,0.991161916286245,lag5,Maximum lag = 5 days,1,lag5__ssr__mavg,12
ssr,mavg,4,22.904192,0.93,12.727494,0.990238676060741,lag5,Maximum lag = 5 days,1,lag5__ssr__mavg,12
ssr,mavg,4,23.3000028266667,0.94,12.727494,0.989269035931738,lag5,Maximum lag = 5 days,1,lag5__ssr__mavg,12
ssr,mavg,4,23.7327426833333,0.95,12.727494,0.988178328398502,lag5,Maximum lag = 5 days,1,lag5__ssr__mavg,12
ssr,mavg,4,24.21834008,0.96,12.727494,0.986919079420131,lag5,Maximum lag = 5 days,1,lag5__ssr__mavg,12
ssr,mavg,4,24.75116196,0.97,12.727494,0.985498069018906,lag5,Maximum lag = 5 days,1,lag5__ssr__mavg,12
ssr,mavg,4,25.4218146666667,0.98,12.727494,0.983657350925766,lag5,Maximum lag = 5 days,1,lag5__ssr__mavg,12
ssr,mavg,4,26.4282,0.99,12.727494,0.980803397036541,lag5,Maximum lag = 5 days,1,lag5__ssr__mavg,12
uv,mavg,4,0.2898187779375,0.01,1.71123520925,0.993886177889756,lag5,Maximum lag = 5 days,1,lag5__uv__mavg,13
uv,mavg,4,0.37201230802,0.02,1.71123520925,0.992713834770873,lag5,Maximum lag = 5 days,1,lag5__uv__mavg,13
uv,mavg,4,0.429479712121667,0.03,1.71123520925,0.991962182319655,lag5,Maximum lag = 5 days,1,lag5__uv__mavg,13
uv,mavg,4,0.478261645,0.04,1.71123520925,0.991375441508088,lag5,Maximum lag = 5 days,1,lag5__uv__mavg,13
uv,mavg,4,0.5209101491,0.05,1.71123520925,0.990905456780303,lag5,Maximum lag = 5 days,1,lag5__uv__mavg,13
uv,mavg,4,0.559817037573333,0.06,1.71123520925,0.990514802104551,lag5,Maximum lag = 5 days,1,lag5__uv__mavg,13
uv,mavg,4,0.59612245639,0.07,1.71123520925,0.990185480594725,lag5,Maximum lag = 5 days,1,lag5__uv__mavg,13
uv,mavg,4,0.63282994809,0.08,1.71123520925,0.9898893358689,lag5,Maximum lag = 5 days,1,lag5__uv__mavg,13
uv,mavg,4,0.66685737512,0.09,1.71123520925,0.989649827905645,lag5,Maximum lag = 5 days,1,lag5__uv__mavg,13
uv,mavg,4,0.700093827216667,0.1,1.71123520925,0.989450165845473,lag5,Maximum lag = 5 days,1,lag5__uv__mavg,13
uv,mavg,4,0.73309828132,0.11,1.71123520925,0.989287076982034,lag5,Maximum lag = 5 days,1,lag5__uv__mavg,13
uv,mavg,4,0.766225763266667,0.12,1.71123520925,0.989160281817267,lag5,Maximum lag = 5 days,1,lag5__uv__mavg,13
uv,mavg,4,0.79833083375,0.13,1.71123520925,0.989074237748383,lag5,Maximum lag = 5 days,1,lag5__uv__mavg,13
uv,mavg,4,0.830046228813333,0.14,1.71123520925,0.989026333647318,lag5,Maximum lag = 5 days,1,lag5__uv__mavg,13
uv,mavg,4,0.86066133854,0.15,1.71123520925,0.989016438417691,lag5,Maximum lag = 5 days,1,lag5__uv__mavg,13
uv,mavg,4,0.890946947646667,0.16,1.71123520925,0.989043087141864,lag5,Maximum lag = 5 days,1,lag5__uv__mavg,13
uv,mavg,4,0.9196873666025,0.17,1.71123520925,0.989103056928409,lag5,Maximum lag = 5 days,1,lag5__uv__mavg,13
uv,mavg,4,0.949379326938333,0.18,1.71123520925,0.989201665791279,lag5,Maximum lag = 5 days,1,lag5__uv__mavg,13
uv,mavg,4,0.9787542036,0.19,1.71123520925,0.989337054865435,lag5,Maximum lag = 5 days,1,lag5__uv__mavg,13
uv,mavg,4,1.0077603524,0.2,1.71123520925,0.989508826368313,lag5,Maximum lag = 5 days,1,lag5__uv__mavg,13
uv,mavg,4,1.0360516865,0.21,1.71123520925,0.989713913907532,lag5,Maximum lag = 5 days,1,lag5__uv__mavg,13
uv,mavg,4,1.063314600525,0.22,1.71123520925,0.989947632468123,lag5,Maximum lag = 5 days,1,lag5__uv__mavg,13
uv,mavg,4,1.09004636575,0.23,1.71123520925,0.990212122075152,lag5,Maximum lag = 5 days,1,lag5__uv__mavg,13
uv,mavg,4,1.11630502073333,0.24,1.71123520925,0.990506867821802,lag5,Maximum lag = 5 days,1,lag5__uv__mavg,13
uv,mavg,4,1.1424925386875,0.25,1.71123520925,0.990836164563595,lag5,Maximum lag = 5 days,1,lag5__uv__mavg,13
uv,mavg,4,1.16838317576,0.26,1.71123520925,0.99119649022386,lag5,Maximum lag = 5 days,1,lag5__uv__mavg,13
uv,mavg,4,1.193013496,0.27,1.71123520925,0.991568540963303,lag5,Maximum lag = 5 days,1,lag5__uv__mavg,13
uv,mavg,4,1.21761961892,0.28,1.71123520925,0.99196532444803,lag5,Maximum lag = 5 days,1,lag5__uv__mavg,13
uv,mavg,4,1.24283298393667,0.29,1.71123520925,0.992394430550314,lag5,Maximum lag = 5 days,1,lag5__uv__mavg,13
uv,mavg,4,1.2666572463,0.3,1.71123520925,0.992817634493098,lag5,Maximum lag = 5 days,1,lag5__uv__mavg,13
uv,mavg,4,1.29050336585333,0.31,1.71123520925,0.993255385402834,lag5,Maximum lag = 5 days,1,lag5__uv__mavg,13
uv,mavg,4,1.314032679874,0.32,1.71123520925,0.993698229057692,lag5,Maximum lag = 5 days,1,lag5__uv__mavg,13
uv,mavg,4,1.337959317,0.33,1.71123520925,0.994156621687933,lag5,Maximum lag = 5 days,1,lag5__uv__mavg,13
uv,mavg,4,1.360434638144,0.34,1.71123520925,0.994591878961894,lag5,Maximum lag = 5 days,1,lag5__uv__mavg,13
uv,mavg,4,1.38303652670333,0.35,1.71123520925,0.995031499378755,lag5,Maximum lag = 5 days,1,lag5__uv__mavg,13
uv,mavg,4,1.4054395805,0.36,1.71123520925,0.995466575839253,lag5,Maximum lag = 5 days,1,lag5__uv__mavg,13
uv,mavg,4,1.42772729964333,0.37,1.71123520925,0.99589620914324,lag5,Maximum lag = 5 days,1,lag5__uv__mavg,13
uv,mavg,4,1.44995512485333,0.38,1.71123520925,0.996318997129997,lag5,Maximum lag = 5 days,1,lag5__uv__mavg,13
uv,mavg,4,1.4722164619,0.39,1.71123520925,0.996734216827587,lag5,Maximum lag = 5 days,1,lag5__uv__mavg,13
uv,mavg,4,1.4946346146,0.4,1.71123520925,0.997141515342577,lag5,Maximum lag = 5 days,1,lag5__uv__mavg,13
uv,mavg,4,1.51619965264,0.41,1.71123520925,0.997520651693167,lag5,Maximum lag = 5 days,1,lag5__uv__mavg,13
uv,mavg,4,1.53764432326,0.42,1.71123520925,0.997883058420142,lag5,Maximum lag = 5 days,1,lag5__uv__mavg,13
uv,mavg,4,1.55899275424667,0.43,1.71123520925,0.998227120314893,lag5,Maximum lag = 5 days,1,lag5__uv__mavg,13
uv,mavg,4,1.58037531713333,0.44,1.71123520925,0.998552771353255,lag5,Maximum lag = 5 days,1,lag5__uv__mavg,13
uv,mavg,4,1.60224945404167,0.45,1.71123520925,0.998863936160707,lag5,Maximum lag = 5 days,1,lag5__uv__mavg,13
uv,mavg,4,1.62416128682,0.46,1.71123520925,0.999150965045155,lag5,Maximum lag = 5 days,1,lag5__uv__mavg,13
uv,mavg,4,1.645533103464,0.47,1.71123520925,0.999404825003729,lag5,Maximum lag = 5 days,1,lag5__uv__mavg,13
uv,mavg,4,1.66762625236,0.48,1.71123520925,0.999637760882134,lag5,Maximum lag = 5 days,1,lag5__uv__mavg,13
uv,mavg,4,1.68934171266267,0.49,1.71123520925,0.999835123829934,lag5,Maximum lag = 5 days,1,lag5__uv__mavg,13
uv,mavg,4,1.71123520925,0.5,1.71123520925,1,lag5,Maximum lag = 5 days,1,lag5__uv__mavg,13
uv,mavg,4,1.73340650958667,0.51,1.71123520925,1.00013022592678,lag5,Maximum lag = 5 days,1,lag5__uv__mavg,13
uv,mavg,4,1.75536739148667,0.52,1.71123520925,1.0002233316492,lag5,Maximum lag = 5 days,1,lag5__uv__mavg,13
uv,mavg,4,1.778365357,0.53,1.71123520925,1.00028381254408,lag5,Maximum lag = 5 days,1,lag5__uv__mavg,13
uv,mavg,4,1.80061322117667,0.54,1.71123520925,1.00030751146456,lag5,Maximum lag = 5 days,1,lag5__uv__mavg,13
uv,mavg,4,1.823087521,0.55,1.71123520925,1.00029793979428,lag5,Maximum lag = 5 days,1,lag5__uv__mavg,13
uv,mavg,4,1.8459654885,0.56,1.71123520925,1.00025488820529,lag5,Maximum lag = 5 days,1,lag5__uv__mavg,13
uv,mavg,4,1.869440667272,0.57,1.71123520925,1.0001771579641,lag5,Maximum lag = 5 days,1,lag5__uv__mavg,13
uv,mavg,4,1.89234782583333,0.58,1.71123520925,1.00006990078942,lag5,Maximum lag = 5 days,1,lag5__uv__mavg,13
uv,mavg,4,1.9154879146,0.59,1.71123520925,0.999931422393521,lag5,Maximum lag = 5 days,1,lag5__uv__mavg,13
uv,mavg,4,1.938686764,0.6,1.71123520925,0.999763569984956,lag5,Maximum lag = 5 days,1,lag5__uv__mavg,13
uv,mavg,4,1.962923348,0.61,1.71123520925,0.999558672857825,lag5,Maximum lag = 5 days,1,lag5__uv__mavg,13
uv,mavg,4,1.98711618681333,0.62,1.71123520925,0.999325599496892,lag5,Maximum lag = 5 days,1,lag5__uv__mavg,13
uv,mavg,4,2.01150246466667,0.63,1.71123520925,0.999063398478554,lag5,Maximum lag = 5 days,1,lag5__uv__mavg,13
uv,mavg,4,2.03628757297,0.64,1.71123520925,0.998770519659,lag5,Maximum lag = 5 days,1,lag5__uv__mavg,13
uv,mavg,4,2.06112276935,0.65,1.71123520925,0.998452056309099,lag5,Maximum lag = 5 days,1,lag5__uv__mavg,13
uv,mavg,4,2.08677411357,0.66,1.71123520925,0.998098670787223,lag5,Maximum lag = 5 days,1,lag5__uv__mavg,13
uv,mavg,4,2.112966037,0.67,1.71123520925,0.997714125260999,lag5,Maximum lag = 5 days,1,lag5__uv__mavg,13
uv,mavg,4,2.13987043266,0.68,1.71123520925,0.997296257247051,lag5,Maximum lag = 5 days,1,lag5__uv__mavg,13
uv,mavg,4,2.167199704222,0.69,1.71123520925,0.996850276522387,lag5,Maximum lag = 5 days,1,lag5__uv__mavg,13
uv,mavg,4,2.195205527775,0.7,1.71123520925,0.996373118143351,lag5,Maximum lag = 5 days,1,lag5__uv__mavg,13
uv,mavg,4,2.22410219682083,0.71,1.71123520925,0.995861973387862,lag5,Maximum lag = 5 days,1,lag5__uv__mavg,13
uv,mavg,4,2.25347129382,0.72,1.71123520925,0.995325620474669,lag5,Maximum lag = 5 days,1,lag5__uv__mavg,13
uv,mavg,4,2.2841298536,0.73,1.71123520925,0.994750607788255,lag5,Maximum lag = 5 days,1,lag5__uv__mavg,13
uv,mavg,4,2.315341390312,0.74,1.71123520925,0.99415260477159,lag5,Maximum lag = 5 days,1,lag5__uv__mavg,13
uv,mavg,4,2.346749327,0.75,1.71123520925,0.993541349339584,lag5,Maximum lag = 5 days,1,lag5__uv__mavg,13
uv,mavg,4,2.37961886073067,0.76,1.71123520925,0.992894504272061,lag5,Maximum lag = 5 days,1,lag5__uv__mavg,13
uv,mavg,4,2.413258450656,0.77,1.71123520925,0.992225611684572,lag5,Maximum lag = 5 days,1,lag5__uv__mavg,13
uv,mavg,4,2.44893309517533,0.78,1.71123520925,0.991508696003294,lag5,Maximum lag = 5 days,1,lag5__uv__mavg,13
uv,mavg,4,2.486104414026,0.79,1.71123520925,0.990753496586876,lag5,Maximum lag = 5 days,1,lag5__uv__mavg,13
uv,mavg,4,2.524602352,0.8,1.71123520925,0.989962593961525,lag5,Maximum lag = 5 days,1,lag5__uv__mavg,13
uv,mavg,4,2.56459385662333,0.81,1.71123520925,0.989131666222895,lag5,Maximum lag = 5 days,1,lag5__uv__mavg,13
uv,mavg,4,2.605966662144,0.82,1.71123520925,0.98826211801687,lag5,Maximum lag = 5 days,1,lag5__uv__mavg,13
uv,mavg,4,2.64862445816667,0.83,1.71123520925,0.987355106512866,lag5,Maximum lag = 5 days,1,lag5__uv__mavg,13
uv,mavg,4,2.69384956264,0.84,1.71123520925,0.986382038205176,lag5,Maximum lag = 5 days,1,lag5__uv__mavg,13
uv,mavg,4,2.74193498147167,0.85,1.71123520925,0.985334626708355,lag5,Maximum lag = 5 days,1,lag5__uv__mavg,13
uv,mavg,4,2.791868371,0.86,1.71123520925,0.984233168797547,lag5,Maximum lag = 5 days,1,lag5__uv__mavg,13
uv,mavg,4,2.84718440929,0.87,1.71123520925,0.982996786109211,lag5,Maximum lag = 5 days,1,lag5__uv__mavg,13
uv,mavg,4,2.904446675,0.88,1.71123520925,0.981699228122416,lag5,Maximum lag = 5 days,1,lag5__uv__mavg,13
uv,mavg,4,2.965137666076,0.89,1.71123520925,0.98030464821162,lag5,Maximum lag = 5 days,1,lag5__uv__mavg,13
uv,mavg,4,3.03007642708,0.9,1.71123520925,0.978790796422189,lag5,Maximum lag = 5 days,1,lag5__uv__mavg,13
uv,mavg,4,3.10367773034667,0.91,1.71123520925,0.977048416046272,lag5,Maximum lag = 5 days,1,lag5__uv__mavg,13
uv,mavg,4,3.18370160365333,0.92,1.71123520925,0.975122586372516,lag5,Maximum lag = 5 days,1,lag5__uv__mavg,13
uv,mavg,4,3.27265369349,0.93,1.71123520925,0.972944373713811,lag5,Maximum lag = 5 days,1,lag5__uv__mavg,13
uv,mavg,4,3.375862900135,0.94,1.71123520925,0.970368833912906,lag5,Maximum lag = 5 days,1,lag5__uv__mavg,13
uv,mavg,4,3.49648317112,0.95,1.71123520925,0.967295214191846,lag5,Maximum lag = 5 days,1,lag5__uv__mavg,13
uv,mavg,4,3.63838104824,0.96,1.71123520925,0.963594921115655,lag5,Maximum lag = 5 days,1,lag5__uv__mavg,13
uv,mavg,4,3.816051403585,0.97,1.71123520925,0.958838972622702,lag5,Maximum lag = 5 days,1,lag5__uv__mavg,13
uv,mavg,4,4.05484389764999,0.98,1.71123520925,0.952244920523865,lag5,Maximum lag = 5 days,1,lag5__uv__mavg,13
uv,mavg,4,4.43539946109333,0.99,1.71123520925,0.94130150677208,lag5,Maximum lag = 5 days,1,lag5__uv__mavg,13
sp,mavg,4,88.17619798798,0.01,100.29685422,0.838748957581018,lag5,Maximum lag = 5 days,1,lag5__sp__mavg,14
sp,mavg,4,90.576095618,0.02,100.29685422,0.82551331555371,lag5,Maximum lag = 5 days,1,lag5__sp__mavg,14
sp,mavg,4,91.901826366,0.03,100.29685422,0.824579905470986,lag5,Maximum lag = 5 days,1,lag5__sp__mavg,14
sp,mavg,4,92.3221712995333,0.04,100.29685422,0.825417435391913,lag5,Maximum lag = 5 days,1,lag5__sp__mavg,14
sp,mavg,4,92.8703513366667,0.05,100.29685422,0.827411058715013,lag5,Maximum lag = 5 days,1,lag5__sp__mavg,14
sp,mavg,4,93.37770838685,0.06,100.29685422,0.830222411745313,lag5,Maximum lag = 5 days,1,lag5__sp__mavg,14
sp,mavg,4,94.08545367596,0.07,100.29685422,0.835812880524197,lag5,Maximum lag = 5 days,1,lag5__sp__mavg,14
sp,mavg,4,95.2706013549333,0.08,100.29685422,0.849989900953461,lag5,Maximum lag = 5 days,1,lag5__sp__mavg,14
sp,mavg,4,96.06734949862,0.09,100.29685422,0.863324545491522,lag5,Maximum lag = 5 days,1,lag5__sp__mavg,14
sp,mavg,4,96.7002477605833,0.1,100.29685422,0.876362449869395,lag5,Maximum lag = 5 days,1,lag5__sp__mavg,14
sp,mavg,4,97.14607472795,0.11,100.29685422,0.886962883739098,lag5,Maximum lag = 5 days,1,lag5__sp__mavg,14
sp,mavg,4,97.4479622201,0.12,100.29685422,0.894850216021301,lag5,Maximum lag = 5 days,1,lag5__sp__mavg,14
sp,mavg,4,97.69701301472,0.13,100.29685422,0.901809499638851,lag5,Maximum lag = 5 days,1,lag5__sp__mavg,14
sp,mavg,4,97.9093442427667,0.14,100.29685422,0.908078044299078,lag5,Maximum lag = 5 days,1,lag5__sp__mavg,14
sp,mavg,4,98.09564621,0.15,100.29685422,0.913840662389165,lag5,Maximum lag = 5 days,1,lag5__sp__mavg,14
sp,mavg,4,98.2576912482,0.16,100.29685422,0.919058217581407,lag5,Maximum lag = 5 days,1,lag5__sp__mavg,14
sp,mavg,4,98.41053136775,0.17,100.29685422,0.924158892894325,lag5,Maximum lag = 5 days,1,lag5__sp__mavg,14
sp,mavg,4,98.562439419,0.18,100.29685422,0.929405310456082,lag5,Maximum lag = 5 days,1,lag5__sp__mavg,14
sp,mavg,4,98.70404825468,0.19,100.29685422,0.934458517508371,lag5,Maximum lag = 5 days,1,lag5__sp__mavg,14
sp,mavg,4,98.83764041,0.2,100.29685422,0.939372619821959,lag5,Maximum lag = 5 days,1,lag5__sp__mavg,14
sp,mavg,4,98.9589353658,0.21,100.29685422,0.943960567037785,lag5,Maximum lag = 5 days,1,lag5__sp__mavg,14
sp,mavg,4,99.0666632483333,0.22,100.29685422,0.948137997544959,lag5,Maximum lag = 5 days,1,lag5__sp__mavg,14
sp,mavg,4,99.164570869,0.23,100.29685422,0.952019862682912,lag5,Maximum lag = 5 days,1,lag5__sp__mavg,14
sp,mavg,4,99.24847474,0.24,100.29685422,0.955412099506373,lag5,Maximum lag = 5 days,1,lag5__sp__mavg,14
sp,mavg,4,99.31768711,0.25,100.29685422,0.958256548445761,lag5,Maximum lag = 5 days,1,lag5__sp__mavg,14
sp,mavg,4,99.37747035008,0.26,100.29685422,0.960746774058647,lag5,Maximum lag = 5 days,1,lag5__sp__mavg,14
sp,mavg,4,99.4314957183333,0.27,100.29685422,0.963020970768724,lag5,Maximum lag = 5 days,1,lag5__sp__mavg,14
sp,mavg,4,99.4809096274,0.28,100.29685422,0.965118230857805,lag5,Maximum lag = 5 days,1,lag5__sp__mavg,14
sp,mavg,4,99.526462223125,0.29,100.29685422,0.967064112790677,lag5,Maximum lag = 5 days,1,lag5__sp__mavg,14
sp,mavg,4,99.56955071,0.3,100.29685422,0.968914096824099,lag5,Maximum lag = 5 days,1,lag5__sp__mavg,14
sp,mavg,4,99.6099025920334,0.31,100.29685422,0.970653444361494,lag5,Maximum lag = 5 days,1,lag5__sp__mavg,14
sp,mavg,4,99.6482187141333,0.32,100.29685422,0.972309993963708,lag5,Maximum lag = 5 days,1,lag5__sp__mavg,14
sp,mavg,4,99.6858086519,0.33,100.29685422,0.973938755003398,lag5,Maximum lag = 5 days,1,lag5__sp__mavg,14
sp,mavg,4,99.7220532115,0.34,100.29685422,0.975511619620913,lag5,Maximum lag = 5 days,1,lag5__sp__mavg,14
sp,mavg,4,99.7581995625417,0.35,100.29685422,0.977081617105,lag5,Maximum lag = 5 days,1,lag5__sp__mavg,14
sp,mavg,4,99.7942476214,0.36,100.29685422,0.978647794358454,lag5,Maximum lag = 5 days,1,lag5__sp__mavg,14
sp,mavg,4,99.8299005185,0.37,100.29685422,0.980196321810897,lag5,Maximum lag = 5 days,1,lag5__sp__mavg,14
sp,mavg,4,99.86482951356,0.38,100.29685422,0.981712058620452,lag5,Maximum lag = 5 days,1,lag5__sp__mavg,14
sp,mavg,4,99.8998097718833,0.39,100.29685422,0.98322780734888,lag5,Maximum lag = 5 days,1,lag5__sp__mavg,14
sp,mavg,4,99.934292458,0.4,100.29685422,0.98471897611351,lag5,Maximum lag = 5 days,1,lag5__sp__mavg,14
sp,mavg,4,99.9679587266667,0.41,100.29685422,0.986171136454933,lag5,Maximum lag = 5 days,1,lag5__sp__mavg,14
sp,mavg,4,100.0023925835,0.42,100.29685422,0.987651791473047,lag5,Maximum lag = 5 days,1,lag5__sp__mavg,14
sp,mavg,4,100.038601352717,0.43,100.29685422,0.989202808856768,lag5,Maximum lag = 5 days,1,lag5__sp__mavg,14
sp,mavg,4,100.0736341695,0.44,100.29685422,0.990696719682603,lag5,Maximum lag = 5 days,1,lag5__sp__mavg,14
sp,mavg,4,100.10973669325,0.45,100.29685422,0.992228349657376,lag5,Maximum lag = 5 days,1,lag5__sp__mavg,14
sp,mavg,4,100.14568616456,0.46,100.29685422,0.993744543418001,lag5,Maximum lag = 5 days,1,lag5__sp__mavg,14
sp,mavg,4,100.181663575033,0.47,100.29685422,0.995251989245672,lag5,Maximum lag = 5 days,1,lag5__sp__mavg,14
sp,mavg,4,100.219505482133,0.48,100.29685422,0.996825747703282,lag5,Maximum lag = 5 days,1,lag5__sp__mavg,14
sp,mavg,4,100.2571804076,0.49,100.29685422,0.998379396224377,lag5,Maximum lag = 5 days,1,lag5__sp__mavg,14
sp,mavg,4,100.29685422,0.5,100.29685422,1,lag5,Maximum lag = 5 days,1,lag5__sp__mavg,14
sp,mavg,4,100.336424913583,0.51,100.29685422,1.0015997452583,lag5,Maximum lag = 5 days,1,lag5__sp__mavg,14
sp,mavg,4,100.3773128216,0.52,100.29685422,1.00323648871469,lag5,Maximum lag = 5 days,1,lag5__sp__mavg,14
sp,mavg,4,100.417720513667,0.53,100.29685422,1.00483953260524,lag5,Maximum lag = 5 days,1,lag5__sp__mavg,14
sp,mavg,4,100.458852933333,0.54,100.29685422,1.00645837324114,lag5,Maximum lag = 5 days,1,lag5__sp__mavg,14
sp,mavg,4,100.5004168,0.55,100.29685422,1.00808281310274,lag5,Maximum lag = 5 days,1,lag5__sp__mavg,14
sp,mavg,4,100.541576604,0.56,100.29685422,1.00968208812713,lag5,Maximum lag = 5 days,1,lag5__sp__mavg,14
sp,mavg,4,100.583266138,0.57,100.29685422,1.01129438852907,lag5,Maximum lag = 5 days,1,lag5__sp__mavg,14
sp,mavg,4,100.6263442,0.58,100.29685422,1.01295450006297,lag5,Maximum lag = 5 days,1,lag5__sp__mavg,14
sp,mavg,4,100.6701355585,0.59,100.29685422,1.01463821492169,lag5,Maximum lag = 5 days,1,lag5__sp__mavg,14
sp,mavg,4,100.71539092,0.6,100.29685422,1.01637656845515,lag5,Maximum lag = 5 days,1,lag5__sp__mavg,14
sp,mavg,4,100.75997869975,0.61,100.29685422,1.0180901341272,lag5,Maximum lag = 5 days,1,lag5__sp__mavg,14
sp,mavg,4,100.805476443,0.62,100.29685422,1.01984214973808,lag5,Maximum lag = 5 days,1,lag5__sp__mavg,14
sp,mavg,4,100.8519345192,0.63,100.29685422,1.02163752848009,lag5,Maximum lag = 5 days,1,lag5__sp__mavg,14
sp,mavg,4,100.898229368,0.64,100.29685422,1.02343583986966,lag5,Maximum lag = 5 days,1,lag5__sp__mavg,14
sp,mavg,4,100.946018916,0.65,100.29685422,1.02530491671992,lag5,Maximum lag = 5 days,1,lag5__sp__mavg,14
sp,mavg,4,100.991489481,0.66,100.29685422,1.02709813501658,lag5,Maximum lag = 5 days,1,lag5__sp__mavg,14
sp,mavg,4,101.037171855,0.67,100.29685422,1.02891708943609,lag5,Maximum lag = 5 days,1,lag5__sp__mavg,14
sp,mavg,4,101.081856033333,0.68,100.29685422,1.03071584041303,lag5,Maximum lag = 5 days,1,lag5__sp__mavg,14
sp,mavg,4,101.126803375,0.69,100.29685422,1.03254737076119,lag5,Maximum lag = 5 days,1,lag5__sp__mavg,14
sp,mavg,4,101.17139975,0.7,100.29685422,1.03438925366983,lag5,Maximum lag = 5 days,1,lag5__sp__mavg,14
sp,mavg,4,101.21486228,0.71,100.29685422,1.03621048377284,lag5,Maximum lag = 5 days,1,lag5__sp__mavg,14
sp,mavg,4,101.25678681,0.72,100.29685422,1.03799409651978,lag5,Maximum lag = 5 days,1,lag5__sp__mavg,14
sp,mavg,4,101.298668925,0.73,100.29685422,1.03980448117011,lag5,Maximum lag = 5 days,1,lag5__sp__mavg,14
sp,mavg,4,101.3394220616,0.74,100.29685422,1.0415956295726,lag5,Maximum lag = 5 days,1,lag5__sp__mavg,14
sp,mavg,4,101.3795016625,0.75,100.29685422,1.04338766774813,lag5,Maximum lag = 5 days,1,lag5__sp__mavg,14
sp,mavg,4,101.41937522,0.76,100.29685422,1.045202122899,lag5,Maximum lag = 5 days,1,lag5__sp__mavg,14
sp,mavg,4,101.45946487975,0.77,100.29685422,1.04705832551367,lag5,Maximum lag = 5 days,1,lag5__sp__mavg,14
sp,mavg,4,101.50034725,0.78,100.29685422,1.04898390369897,lag5,Maximum lag = 5 days,1,lag5__sp__mavg,14
sp,mavg,4,101.5402046575,0.79,100.29685422,1.05089269169733,lag5,Maximum lag = 5 days,1,lag5__sp__mavg,14
sp,mavg,4,101.579942732,0.8,100.29685422,1.05282644126409,lag5,Maximum lag = 5 days,1,lag5__sp__mavg,14
sp,mavg,4,101.619702718,0.81,100.29685422,1.05479164481265,lag5,Maximum lag = 5 days,1,lag5__sp__mavg,14
sp,mavg,4,101.6605111645,0.82,100.29685422,1.0568399975666,lag5,Maximum lag = 5 days,1,lag5__sp__mavg,14
sp,mavg,4,101.70091218,0.83,100.29685422,1.05889887758577,lag5,Maximum lag = 5 days,1,lag5__sp__mavg,14
sp,mavg,4,101.7433454048,0.84,100.29685422,1.06109419731367,lag5,Maximum lag = 5 days,1,lag5__sp__mavg,14
sp,mavg,4,101.785796340833,0.85,100.29685422,1.0633238129015,lag5,Maximum lag = 5 days,1,lag5__sp__mavg,14
sp,mavg,4,101.83146715,0.86,100.29685422,1.0657594455724,lag5,Maximum lag = 5 days,1,lag5__sp__mavg,14
sp,mavg,4,101.87798222275,0.87,100.29685422,1.06827900292541,lag5,Maximum lag = 5 days,1,lag5__sp__mavg,14
sp,mavg,4,101.9257363488,0.88,100.29685422,1.0709060558213,lag5,Maximum lag = 5 days,1,lag5__sp__mavg,14
sp,mavg,4,101.9749731,0.89,100.29685422,1.07365700581632,lag5,Maximum lag = 5 days,1,lag5__sp__mavg,14
sp,mavg,4,102.0258592,0.9,100.29685422,1.0765447193679,lag5,Maximum lag = 5 days,1,lag5__sp__mavg,14
sp,mavg,4,102.082161730167,0.91,100.29685422,1.07979195121865,lag5,Maximum lag = 5 days,1,lag5__sp__mavg,14
sp,mavg,4,102.141399676,0.92,100.29685422,1.08326676834827,lag5,Maximum lag = 5 days,1,lag5__sp__mavg,14
sp,mavg,4,102.2051175,0.93,100.29685422,1.08707002806209,lag5,Maximum lag = 5 days,1,lag5__sp__mavg,14
sp,mavg,4,102.2745480093,0.94,100.29685422,1.09129039493023,lag5,Maximum lag = 5 days,1,lag5__sp__mavg,14
sp,mavg,4,102.3528920685,0.95,100.29685422,1.0961460189751,lag5,Maximum lag = 5 days,1,lag5__sp__mavg,14
sp,mavg,4,102.437812,0.96,100.29685422,1.10151858427557,lag5,Maximum lag = 5 days,1,lag5__sp__mavg,14
sp,mavg,4,102.53928897675,0.97,100.29685422,1.10808389719249,lag5,Maximum lag = 5 days,1,lag5__sp__mavg,14
sp,mavg,4,102.6646170628,0.98,100.29685422,1.11640339766957,lag5,Maximum lag = 5 days,1,lag5__sp__mavg,14
sp,mavg,4,102.85336525,0.99,100.29685422,1.12935247184878,lag5,Maximum lag = 5 days,1,lag5__sp__mavg,14
tp,mavg,4,0,0.01,1.71011980366667,1.00474375113308,lag5,Maximum lag = 5 days,1,lag5__tp__mavg,15
tp,mavg,4,0.000286102333333333,0.02,1.71011980366667,1.00474373908674,lag5,Maximum lag = 5 days,1,lag5__tp__mavg,15
tp,mavg,4,0.000435114,0.03,1.71011980366667,1.00474373281217,lag5,Maximum lag = 5 days,1,lag5__tp__mavg,15
tp,mavg,4,0.000641242,0.04,1.71011980366667,1.0047437241317,lag5,Maximum lag = 5 days,1,lag5__tp__mavg,15
tp,mavg,4,0.0008165835,0.05,1.71011980366667,1.00474371674664,lag5,Maximum lag = 5 days,1,lag5__tp__mavg,15
tp,mavg,4,0.0008553265,0.06,1.71011980366667,1.0047437151147,lag5,Maximum lag = 5 days,1,lag5__tp__mavg,15
tp,mavg,4,0.0008619955,0.07,1.71011980366667,1.00474371483378,lag5,Maximum lag = 5 days,1,lag5__tp__mavg,15
tp,mavg,4,0.0010654325,0.08,1.71011980366667,1.00474370626337,lag5,Maximum lag = 5 days,1,lag5__tp__mavg,15
tp,mavg,4,0.0012035188,0.09,1.71011980366667,1.00474370044484,lag5,Maximum lag = 5 days,1,lag5__tp__mavg,15
tp,mavg,4,0.001293421,0.1,1.71011980366667,1.00474369665604,lag5,Maximum lag = 5 days,1,lag5__tp__mavg,15
tp,mavg,4,0.00157157566666667,0.11,1.71011980366667,1.00474368493018,lag5,Maximum lag = 5 days,1,lag5__tp__mavg,15
tp,mavg,4,0.001722574,0.12,1.71011980366667,1.00474367856229,lag5,Maximum lag = 5 days,1,lag5__tp__mavg,15
tp,mavg,4,0.002190471,0.13,1.71011980366667,1.00474365881722,lag5,Maximum lag = 5 days,1,lag5__tp__mavg,15
tp,mavg,4,0.00317629074866667,0.14,1.71011980366667,1.00474361713359,lag5,Maximum lag = 5 days,1,lag5__tp__mavg,15
tp,mavg,4,0.00513603492333335,0.15,1.71011980366667,1.0047435337798,lag5,Maximum lag = 5 days,1,lag5__tp__mavg,15
tp,mavg,4,0.008367002,0.16,1.71011980366667,1.00474339410669,lag5,Maximum lag = 5 days,1,lag5__tp__mavg,15
tp,mavg,4,0.013113022,0.17,1.71011980366667,1.00474318085066,lag5,Maximum lag = 5 days,1,lag5__tp__mavg,15
tp,mavg,4,0.0197907287933333,0.18,1.71011980366667,1.00474285556168,lag5,Maximum lag = 5 days,1,lag5__tp__mavg,15
tp,mavg,4,0.0279867338,0.19,1.71011980366667,1.00474239686242,lag5,Maximum lag = 5 days,1,lag5__tp__mavg,15
tp,mavg,4,0.037932396,0.2,1.71011980366667,1.00474171644484,lag5,Maximum lag = 5 days,1,lag5__tp__mavg,15
tp,mavg,4,0.049561262,0.21,1.71011980366667,1.00474068901709,lag5,Maximum lag = 5 days,1,lag5__tp__mavg,15
tp,mavg,4,0.0640140816666667,0.22,1.71011980366667,1.004738955146,lag5,Maximum lag = 5 days,1,lag5__tp__mavg,15
tp,mavg,4,0.0801225159166668,0.23,1.71011980366667,1.00473625983483,lag5,Maximum lag = 5 days,1,lag5__tp__mavg,15
tp,mavg,4,0.0989028286666667,0.24,1.71011980366667,1.00473184369661,lag5,Maximum lag = 5 days,1,lag5__tp__mavg,15
tp,mavg,4,0.1194354324375,0.25,1.71011980366667,1.00472508865071,lag5,Maximum lag = 5 days,1,lag5__tp__mavg,15
tp,mavg,4,0.143259167844,0.26,1.71011980366667,1.0047143135496,lag5,Maximum lag = 5 days,1,lag5__tp__mavg,15
tp,mavg,4,0.1695109734,0.27,1.71011980366667,1.00469874888625,lag5,Maximum lag = 5 days,1,lag5__tp__mavg,15
tp,mavg,4,0.19880643544,0.28,1.71011980366667,1.00467691068513,lag5,Maximum lag = 5 days,1,lag5__tp__mavg,15
tp,mavg,4,0.230647662,0.29,1.71011980366667,1.00464796114903,lag5,Maximum lag = 5 days,1,lag5__tp__mavg,15
tp,mavg,4,0.26502703735,0.3,1.71011980366667,1.00461077607886,lag5,Maximum lag = 5 days,1,lag5__tp__mavg,15
tp,mavg,4,0.304148209126667,0.31,1.71011980366667,1.00456121125571,lag5,Maximum lag = 5 days,1,lag5__tp__mavg,15
tp,mavg,4,0.346434515986667,0.32,1.71011980366667,1.00449926636365,lag5,Maximum lag = 5 days,1,lag5__tp__mavg,15
tp,mavg,4,0.39275934525,0.33,1.71011980366667,1.00442183372863,lag5,Maximum lag = 5 days,1,lag5__tp__mavg,15
tp,mavg,4,0.444022504004,0.34,1.71011980366667,1.00432502745428,lag5,Maximum lag = 5 days,1,lag5__tp__mavg,15
tp,mavg,4,0.496773531365,0.35,1.71011980366667,1.00421385996479,lag5,Maximum lag = 5 days,1,lag5__tp__mavg,15
tp,mavg,4,0.554331935226667,0.36,1.71011980366667,1.00407999516784,lag5,Maximum lag = 5 days,1,lag5__tp__mavg,15
tp,mavg,4,0.613247965225,0.37,1.71011980366667,1.00393029797447,lag5,Maximum lag = 5 days,1,lag5__tp__mavg,15
tp,mavg,4,0.6764177405,0.38,1.71011980366667,1.00375662935652,lag5,Maximum lag = 5 days,1,lag5__tp__mavg,15
tp,mavg,4,0.743783648666667,0.39,1.71011980366667,1.00355771561622,lag5,Maximum lag = 5 days,1,lag5__tp__mavg,15
tp,mavg,4,0.8145168098,0.4,1.71011980366667,1.00333516500295,lag5,Maximum lag = 5 days,1,lag5__tp__mavg,15
tp,mavg,4,0.891174405705,0.41,1.71011980366667,1.00308002652574,lag5,Maximum lag = 5 days,1,lag5__tp__mavg,15
tp,mavg,4,0.969438340963335,0.42,1.71011980366667,1.00280670652741,lag5,Maximum lag = 5 days,1,lag5__tp__mavg,15
tp,mavg,4,1.0524119774,0.43,1.71011980366667,1.00250525489103,lag5,Maximum lag = 5 days,1,lag5__tp__mavg,15
tp,mavg,4,1.13785615501333,0.44,1.71011980366667,1.00218502128501,lag5,Maximum lag = 5 days,1,lag5__tp__mavg,15
tp,mavg,4,1.2244092442875,0.45,1.71011980366667,1.0018534364357,lag5,Maximum lag = 5 days,1,lag5__tp__mavg,15
tp,mavg,4,1.31762550902,0.46,1.71011980366667,1.00149167476796,lag5,Maximum lag = 5 days,1,lag5__tp__mavg,15
tp,mavg,4,1.4096255036,0.47,1.71011980366667,1.00113349376265,lag5,Maximum lag = 5 days,1,lag5__tp__mavg,15
tp,mavg,4,1.507142057544,0.48,1.71011980366667,1.00075664319598,lag5,Maximum lag = 5 days,1,lag5__tp__mavg,15
tp,mavg,4,1.60551437768667,0.49,1.71011980366667,1.00038370039713,lag5,Maximum lag = 5 days,1,lag5__tp__mavg,15
tp,mavg,4,1.71011980366667,0.5,1.71011980366667,1,lag5,Maximum lag = 5 days,1,lag5__tp__mavg,15
tp,mavg,4,1.817177666,0.51,1.71011980366667,0.999625423365727,lag5,Maximum lag = 5 days,1,lag5__tp__mavg,15
tp,mavg,4,1.9250722168,0.52,1.71011980366667,0.999266942959735,lag5,Maximum lag = 5 days,1,lag5__tp__mavg,15
tp,mavg,4,2.04012207307333,0.53,1.71011980366667,0.998905124260138,lag5,Maximum lag = 5 days,1,lag5__tp__mavg,15
tp,mavg,4,2.15898224425,0.54,1.71011980366667,0.998552796964838,lag5,Maximum lag = 5 days,1,lag5__tp__mavg,15
tp,mavg,4,2.279616854975,0.55,1.71011980366667,0.998216798914885,lag5,Maximum lag = 5 days,1,lag5__tp__mavg,15
tp,mavg,4,2.402597156,0.56,1.71011980366667,0.997895887474722,lag5,Maximum lag = 5 days,1,lag5__tp__mavg,15
tp,mavg,4,2.526673157101,0.57,1.71011980366667,0.997593443400614,lag5,Maximum lag = 5 days,1,lag5__tp__mavg,15
tp,mavg,4,2.65367156700667,0.58,1.71011980366667,0.997305221692808,lag5,Maximum lag = 5 days,1,lag5__tp__mavg,15
tp,mavg,4,2.787148002705,0.59,1.71011980366667,0.997024636248829,lag5,Maximum lag = 5 days,1,lag5__tp__mavg,15
tp,mavg,4,2.9239510642,0.6,1.71011980366667,0.996759788010861,lag5,Maximum lag = 5 days,1,lag5__tp__mavg,15
tp,mavg,4,3.0676679012625,0.61,1.71011980366667,0.99650517527755,lag5,Maximum lag = 5 days,1,lag5__tp__mavg,15
tp,mavg,4,3.21735287568,0.62,1.71011980366667,0.996264406676221,lag5,Maximum lag = 5 days,1,lag5__tp__mavg,15
tp,mavg,4,3.36777555523833,0.63,1.71011980366667,0.996046160225265,lag5,Maximum lag = 5 days,1,lag5__tp__mavg,15
tp,mavg,4,3.528057681112,0.64,1.71011980366667,0.995838176506021,lag5,Maximum lag = 5 days,1,lag5__tp__mavg,15
tp,mavg,4,3.6960307052,0.65,1.71011980366667,0.995645590395793,lag5,Maximum lag = 5 days,1,lag5__tp__mavg,15
tp,mavg,4,3.86856877433333,0.66,1.71011980366667,0.99547278161168,lag5,Maximum lag = 5 days,1,lag5__tp__mavg,15
tp,mavg,4,4.04530899192334,0.67,1.71011980366667,0.995319845680199,lag5,Maximum lag = 5 days,1,lag5__tp__mavg,15
tp,mavg,4,4.2277485685,0.68,1.71011980366667,0.995185145285472,lag5,Maximum lag = 5 days,1,lag5__tp__mavg,15
tp,mavg,4,4.4187834916075,0.69,1.71011980366667,0.995066627258389,lag5,Maximum lag = 5 days,1,lag5__tp__mavg,15
tp,mavg,4,4.61239914116667,0.7,1.71011980366667,0.994967127215343,lag5,Maximum lag = 5 days,1,lag5__tp__mavg,15
tp,mavg,4,4.820781341126,0.71,1.71011980366667,0.994879826237778,lag5,Maximum lag = 5 days,1,lag5__tp__mavg,15
tp,mavg,4,5.037450373008,0.72,1.71011980366667,0.994806905755482,lag5,Maximum lag = 5 days,1,lag5__tp__mavg,15
tp,mavg,4,5.258444184735,0.73,1.71011980366667,0.99474700136389,lag5,Maximum lag = 5 days,1,lag5__tp__mavg,15
tp,mavg,4,5.484584468432,0.74,1.71011980366667,0.994696238438415,lag5,Maximum lag = 5 days,1,lag5__tp__mavg,15
tp,mavg,4,5.7295827435,0.75,1.71011980366667,0.994647805577326,lag5,Maximum lag = 5 days,1,lag5__tp__mavg,15
tp,mavg,4,5.98963632524533,0.76,1.71011980366667,0.994598499248091,lag5,Maximum lag = 5 days,1,lag5__tp__mavg,15
tp,mavg,4,6.2605676797095,0.77,1.71011980366667,0.994548263235942,lag5,Maximum lag = 5 days,1,lag5__tp__mavg,15
tp,mavg,4,6.54506113037933,0.78,1.71011980366667,0.994496755012286,lag5,Maximum lag = 5 days,1,lag5__tp__mavg,15
tp,mavg,4,6.859385965,0.79,1.71011980366667,0.994441323550779,lag5,Maximum lag = 5 days,1,lag5__tp__mavg,15
tp,mavg,4,7.182765007,0.8,1.71011980366667,0.994385911934685,lag5,Maximum lag = 5 days,1,lag5__tp__mavg,15
tp,mavg,4,7.53518230203667,0.81,1.71011980366667,0.99432738837693,lag5,Maximum lag = 5 days,1,lag5__tp__mavg,15
tp,mavg,4,7.90621116333833,0.82,1.71011980366667,0.994267870998096,lag5,Maximum lag = 5 days,1,lag5__tp__mavg,15
tp,mavg,4,8.29151262697001,0.83,1.71011980366667,0.994208336370751,lag5,Maximum lag = 5 days,1,lag5__tp__mavg,15
tp,mavg,4,8.71735204291201,0.84,1.71011980366667,0.994145225967034,lag5,Maximum lag = 5 days,1,lag5__tp__mavg,15
tp,mavg,4,9.16239049195,0.85,1.71011980366667,0.994082279817223,lag5,Maximum lag = 5 days,1,lag5__tp__mavg,15
tp,mavg,4,9.65353053913,0.86,1.71011980366667,0.994016375287397,lag5,Maximum lag = 5 days,1,lag5__tp__mavg,15
tp,mavg,4,10.19124061384,0.87,1.71011980366667,0.993948497116071,lag5,Maximum lag = 5 days,1,lag5__tp__mavg,15
tp,mavg,4,10.7746428354067,0.88,1.71011980366667,0.993879892051395,lag5,Maximum lag = 5 days,1,lag5__tp__mavg,15
tp,mavg,4,11.40943005137,0.89,1.71011980366667,0.993811186949098,lag5,Maximum lag = 5 days,1,lag5__tp__mavg,15
tp,mavg,4,12.126063685,0.9,1.71011980366667,0.993741041870391,lag5,Maximum lag = 5 days,1,lag5__tp__mavg,15
tp,mavg,4,12.915981802545,0.91,1.71011980366667,0.993672807044012,lag5,Maximum lag = 5 days,1,lag5__tp__mavg,15
tp,mavg,4,13.8494062882,0.92,1.71011980366667,0.993604404511771,lag5,Maximum lag = 5 days,1,lag5__tp__mavg,15
tp,mavg,4,14.88851346738,0.93,1.71011980366667,0.993543768207988,lag5,Maximum lag = 5 days,1,lag5__tp__mavg,15
tp,mavg,4,16.12943569846,0.94,1.71011980366667,0.993492653333707,lag5,Maximum lag = 5 days,1,lag5__tp__mavg,15
tp,mavg,4,17.720990154,0.95,1.71011980366667,0.993460816483307,lag5,Maximum lag = 5 days,1,lag5__tp__mavg,15
tp,mavg,4,19.710942011,0.96,1.71011980366667,0.993473906149889,lag5,Maximum lag = 5 days,1,lag5__tp__mavg,15
tp,mavg,4,22.385839983,0.97,1.71011980366667,0.993583183943499,lag5,Maximum lag = 5 days,1,lag5__tp__mavg,15
tp,mavg,4,26.3409920885,0.98,1.71011980366667,0.993934813513897,lag5,Maximum lag = 5 days,1,lag5__tp__mavg,15
tp,mavg,4,33.8058957175149,0.99,1.71011980366667,0.995202855552705,lag5,Maximum lag = 5 days,1,lag5__tp__mavg,15
PM25,mavg,4,11.3000001683831,0.01,42.6333339686195,1.00522965894803,lag5,Maximum lag = 5 days,1,lag5__PM25__mavg,16
PM25,mavg,4,12.7500001899898,0.02,42.6333339686195,1.00526333534086,lag5,Maximum lag = 5 days,1,lag5__PM25__mavg,16
PM25,mavg,4,13.8666668732961,0.03,42.6333339686195,1.0052784745151,lag5,Maximum lag = 5 days,1,lag5__PM25__mavg,16
PM25,mavg,4,14.9000002220273,0.04,42.6333339686195,1.00528314398955,lag5,Maximum lag = 5 days,1,lag5__PM25__mavg,16
PM25,mavg,4,15.8666669030984,0.05,42.6333339686195,1.00527865255025,lag5,Maximum lag = 5 days,1,lag5__PM25__mavg,16
PM25,mavg,4,16.7333335826794,0.06,42.6333339686195,1.00526679145976,lag5,Maximum lag = 5 days,1,lag5__PM25__mavg,16
PM25,mavg,4,17.5000002607703,0.07,42.6333339686195,1.00524972948521,lag5,Maximum lag = 5 days,1,lag5__PM25__mavg,16
PM25,mavg,4,18.2333336050312,0.08,42.6333339686195,1.00522732260877,lag5,Maximum lag = 5 days,1,lag5__PM25__mavg,16
PM25,mavg,4,18.950000282377,0.09,42.6333339686195,1.00519939552508,lag5,Maximum lag = 5 days,1,lag5__PM25__mavg,16
PM25,mavg,4,19.6250002924353,0.1,42.6333339686195,1.00516739971227,lag5,Maximum lag = 5 days,1,lag5__PM25__mavg,16
PM25,mavg,4,20.3000003024936,0.11,42.6333339686195,1.00512965379074,lag5,Maximum lag = 5 days,1,lag5__PM25__mavg,16
PM25,mavg,4,20.9000003114343,0.12,42.6333339686195,1.00509109399659,lag5,Maximum lag = 5 days,1,lag5__PM25__mavg,16
PM25,mavg,4,21.520000320673,0.13,42.6333339686195,1.00504612386991,lag5,Maximum lag = 5 days,1,lag5__PM25__mavg,16
PM25,mavg,4,22.1250003296882,0.14,42.6333339686195,1.00499705666535,lag5,Maximum lag = 5 days,1,lag5__PM25__mavg,16
PM25,mavg,4,22.7400003388524,0.15,42.6333339686195,1.00494176235037,lag5,Maximum lag = 5 days,1,lag5__PM25__mavg,16
PM25,mavg,4,23.3250003475696,0.16,42.6333339686195,1.0048839448856,lag5,Maximum lag = 5 days,1,lag5__PM25__mavg,16
PM25,mavg,4,23.9000003561378,0.17,42.6333339686195,1.00482201274509,lag5,Maximum lag = 5 days,1,lag5__PM25__mavg,16
PM25,mavg,4,24.5000003650784,0.18,42.6333339686195,1.00475184457519,lag5,Maximum lag = 5 days,1,lag5__PM25__mavg,16
PM25,mavg,4,25.0500003732741,0.19,42.6333339686195,1.00468241905494,lag5,Maximum lag = 5 days,1,lag5__PM25__mavg,16
PM25,mavg,4,25.6166670483848,0.2,42.6333339686195,1.0046056520573,lag5,Maximum lag = 5 days,1,lag5__PM25__mavg,16
PM25,mavg,4,26.1800003901124,0.21,42.6333339686195,1.00452393900872,lag5,Maximum lag = 5 days,1,lag5__PM25__mavg,16
PM25,mavg,4,26.720000398159,0.22,42.6333339686195,1.00444043905594,lag5,Maximum lag = 5 days,1,lag5__PM25__mavg,16
PM25,mavg,4,27.3000004068017,0.23,42.6333339686195,1.00434498426158,lag5,Maximum lag = 5 days,1,lag5__PM25__mavg,16
PM25,mavg,4,27.8500004149973,0.24,42.6333339686195,1.00424882229643,lag5,Maximum lag = 5 days,1,lag5__PM25__mavg,16
PM25,mavg,4,28.400000423193,0.25,42.6333339686195,1.00414704400551,lag5,Maximum lag = 5 days,1,lag5__PM25__mavg,16
PM25,mavg,4,28.9500004313886,0.26,42.6333339686195,1.00403957767139,lag5,Maximum lag = 5 days,1,lag5__PM25__mavg,16
PM25,mavg,4,29.5000004395843,0.27,42.6333339686195,1.00392654231168,lag5,Maximum lag = 5 days,1,lag5__PM25__mavg,16
PM25,mavg,4,30.0000004470349,0.28,42.6333339686195,1.0038190905458,lag5,Maximum lag = 5 days,1,lag5__PM25__mavg,16
PM25,mavg,4,30.5600004553795,0.29,42.6333339686195,1.00369359869585,lag5,Maximum lag = 5 days,1,lag5__PM25__mavg,16
PM25,mavg,4,31.1000004634261,0.3,42.6333339686195,1.00356759808543,lag5,Maximum lag = 5 days,1,lag5__PM25__mavg,16
PM25,mavg,4,31.6250004712492,0.31,42.6333339686195,1.00344055162713,lag5,Maximum lag = 5 days,1,lag5__PM25__mavg,16
PM25,mavg,4,32.1750004794449,0.32,42.6333339686195,1.00330280774222,lag5,Maximum lag = 5 days,1,lag5__PM25__mavg,16
PM25,mavg,4,32.700000487268,0.33,42.6333339686195,1.00316703937772,lag5,Maximum lag = 5 days,1,lag5__PM25__mavg,16
PM25,mavg,4,33.2500004954636,0.34,42.6333339686195,1.00302047660956,lag5,Maximum lag = 5 days,1,lag5__PM25__mavg,16
PM25,mavg,4,33.8000005036592,0.35,42.6333339686195,1.00286964800917,lag5,Maximum lag = 5 days,1,lag5__PM25__mavg,16
PM25,mavg,4,34.3166671780248,0.36,42.6333339686195,1.00272422334361,lag5,Maximum lag = 5 days,1,lag5__PM25__mavg,16
PM25,mavg,4,34.9000005200505,0.37,42.6333339686195,1.00255585955368,lag5,Maximum lag = 5 days,1,lag5__PM25__mavg,16
PM25,mavg,4,35.4400005280972,0.38,42.6333339686195,1.00239622217476,lag5,Maximum lag = 5 days,1,lag5__PM25__mavg,16
PM25,mavg,4,36.0000005364418,0.39,42.6333339686195,1.00222700595445,lag5,Maximum lag = 5 days,1,lag5__PM25__mavg,16
PM25,mavg,4,36.5666672115525,0.4,42.6333339686195,1.00205215262483,lag5,Maximum lag = 5 days,1,lag5__PM25__mavg,16
PM25,mavg,4,37.1333338866631,0.41,42.6333339686195,1.00187383635033,lag5,Maximum lag = 5 days,1,lag5__PM25__mavg,16
PM25,mavg,4,37.7000005617738,0.42,42.6333339686195,1.00169223887466,lag5,Maximum lag = 5 days,1,lag5__PM25__mavg,16
PM25,mavg,4,38.3000005707145,0.43,42.6333339686195,1.00149658466792,lag5,Maximum lag = 5 days,1,lag5__PM25__mavg,16
PM25,mavg,4,38.8800005793571,0.44,42.6333339686195,1.00130435171871,lag5,Maximum lag = 5 days,1,lag5__PM25__mavg,16
PM25,mavg,4,39.4666672547659,0.45,42.6333339686195,1.00110700938365,lag5,Maximum lag = 5 days,1,lag5__PM25__mavg,16
PM25,mavg,4,40.1000005975366,0.46,42.6333339686195,1.00089092674247,lag5,Maximum lag = 5 days,1,lag5__PM25__mavg,16
PM25,mavg,4,40.7000006064773,0.47,42.6333339686195,1.00068352639056,lag5,Maximum lag = 5 days,1,lag5__PM25__mavg,16
PM25,mavg,4,41.300000615418,0.48,42.6333339686195,1.00047372716995,lag5,Maximum lag = 5 days,1,lag5__PM25__mavg,16
PM25,mavg,4,41.9800006255507,0.49,42.6333339686195,1.00023332589964,lag5,Maximum lag = 5 days,1,lag5__PM25__mavg,16
PM25,mavg,4,42.6333339686195,0.5,42.6333339686195,1,lag5,Maximum lag = 5 days,1,lag5__PM25__mavg,16
PM25,mavg,4,43.3000006452203,0.51,42.6333339686195,0.999759809626022,lag5,Maximum lag = 5 days,1,lag5__PM25__mavg,16
PM25,mavg,4,43.9666673218211,0.52,42.6333339686195,0.999517698688944,lag5,Maximum lag = 5 days,1,lag5__PM25__mavg,16
PM25,mavg,4,44.6500006653369,0.53,42.6333339686195,0.999267737760103,lag5,Maximum lag = 5 days,1,lag5__PM25__mavg,16
PM25,mavg,4,45.3250006753951,0.54,42.6333339686195,0.999019234270516,lag5,Maximum lag = 5 days,1,lag5__PM25__mavg,16
PM25,mavg,4,46.025000685826,0.55,42.6333339686195,0.998760065214909,lag5,Maximum lag = 5 days,1,lag5__PM25__mavg,16
PM25,mavg,4,46.7500006966293,0.56,42.6333339686195,0.998490299010503,lag5,Maximum lag = 5 days,1,lag5__PM25__mavg,16
PM25,mavg,4,47.5000007078052,0.57,42.6333339686195,0.998210046950158,lag5,Maximum lag = 5 days,1,lag5__PM25__mavg,16
PM25,mavg,4,48.233334052066,0.58,42.6333339686195,0.997935110686575,lag5,Maximum lag = 5 days,1,lag5__PM25__mavg,16
PM25,mavg,4,49.0000007301569,0.59,42.6333339686195,0.997646984033093,lag5,Maximum lag = 5 days,1,lag5__PM25__mavg,16
PM25,mavg,4,49.8000007420778,0.6,42.6333339686195,0.99734587602035,lag5,Maximum lag = 5 days,1,lag5__PM25__mavg,16
PM25,mavg,4,50.6000007539988,0.61,42.6333339686195,0.997044620670624,lag5,Maximum lag = 5 days,1,lag5__PM25__mavg,16
PM25,mavg,4,51.4200007662177,0.62,42.6333339686195,0.996736016430122,lag5,Maximum lag = 5 days,1,lag5__PM25__mavg,16
PM25,mavg,4,52.2666674455007,0.63,42.6333339686195,0.996417932842389,lag5,Maximum lag = 5 days,1,lag5__PM25__mavg,16
PM25,mavg,4,53.1500007919967,0.64,42.6333339686195,0.996087082265381,lag5,Maximum lag = 5 days,1,lag5__PM25__mavg,16
PM25,mavg,4,54.0166674715777,0.65,42.6333339686195,0.995763884190539,lag5,Maximum lag = 5 days,1,lag5__PM25__mavg,16
PM25,mavg,4,54.9200008183718,0.66,42.6333339686195,0.995428939221278,lag5,Maximum lag = 5 days,1,lag5__PM25__mavg,16
PM25,mavg,4,55.8600008323788,0.67,42.6333339686195,0.995082973645357,lag5,Maximum lag = 5 days,1,lag5__PM25__mavg,16
PM25,mavg,4,56.800000846386,0.68,42.6333339686195,0.994740143468552,lag5,Maximum lag = 5 days,1,lag5__PM25__mavg,16
PM25,mavg,4,57.7666675274571,0.69,42.6333339686195,0.994391400166013,lag5,Maximum lag = 5 days,1,lag5__PM25__mavg,16
PM25,mavg,4,58.8000008761883,0.7,42.6333339686195,0.994023507957253,lag5,Maximum lag = 5 days,1,lag5__PM25__mavg,16
PM25,mavg,4,59.8200008913875,0.71,42.6333339686195,0.993665983108164,lag5,Maximum lag = 5 days,1,lag5__PM25__mavg,16
PM25,mavg,4,60.9000009074807,0.72,42.6333339686195,0.993294245425231,lag5,Maximum lag = 5 days,1,lag5__PM25__mavg,16
PM25,mavg,4,61.9500009231269,0.73,42.6333339686195,0.992940281689325,lag5,Maximum lag = 5 days,1,lag5__PM25__mavg,16
PM25,mavg,4,63.0666676064332,0.74,42.6333339686195,0.992572708071749,lag5,Maximum lag = 5 days,1,lag5__PM25__mavg,16
PM25,mavg,4,64.2250009570271,0.75,42.6333339686195,0.992201972461116,lag5,Maximum lag = 5 days,1,lag5__PM25__mavg,16
PM25,mavg,4,65.450000975281,0.76,42.6333339686195,0.991822438149127,lag5,Maximum lag = 5 days,1,lag5__PM25__mavg,16
PM25,mavg,4,66.7000009939075,0.77,42.6333339686195,0.9914485581103,lag5,Maximum lag = 5 days,1,lag5__PM25__mavg,16
PM25,mavg,4,68.000001013279,0.78,42.6333339686195,0.991073995795427,lag5,Maximum lag = 5 days,1,lag5__PM25__mavg,16
PM25,mavg,4,69.4000010341406,0.79,42.6333339686195,0.990686795150871,lag5,Maximum lag = 5 days,1,lag5__PM25__mavg,16
PM25,mavg,4,70.8000010550022,0.8,42.6333339686195,0.990316260072996,lag5,Maximum lag = 5 days,1,lag5__PM25__mavg,16
PM25,mavg,4,72.34000107795,0.81,42.6333339686195,0.989927789801808,lag5,Maximum lag = 5 days,1,lag5__PM25__mavg,16
PM25,mavg,4,73.9333344350258,0.82,42.6333339686195,0.989546798379082,lag5,Maximum lag = 5 days,1,lag5__PM25__mavg,16
PM25,mavg,4,75.6000011265278,0.83,42.6333339686195,0.989170882891358,lag5,Maximum lag = 5 days,1,lag5__PM25__mavg,16
PM25,mavg,4,77.4000011533498,0.84,42.6333339686195,0.988790658748086,lag5,Maximum lag = 5 days,1,lag5__PM25__mavg,16
PM25,mavg,4,79.3000011816621,0.85,42.6333339686195,0.988418096898984,lag5,Maximum lag = 5 days,1,lag5__PM25__mavg,16
PM25,mavg,4,81.3000012114644,0.86,42.6333339686195,0.988057584946056,lag5,Maximum lag = 5 days,1,lag5__PM25__mavg,16
PM25,mavg,4,83.4750012438744,0.87,42.6333339686195,0.987702040564504,lag5,Maximum lag = 5 days,1,lag5__PM25__mavg,16
PM25,mavg,4,85.8166679454347,0.88,42.6333339686195,0.987361354390466,lag5,Maximum lag = 5 days,1,lag5__PM25__mavg,16
PM25,mavg,4,88.4000013172627,0.89,42.6333339686195,0.987035606989171,lag5,Maximum lag = 5 days,1,lag5__PM25__mavg,16
PM25,mavg,4,91.2333346928159,0.9,42.6333339686195,0.986738054655892,lag5,Maximum lag = 5 days,1,lag5__PM25__mavg,16
PM25,mavg,4,94.3833347397546,0.91,42.6333339686195,0.986479633263366,lag5,Maximum lag = 5 days,1,lag5__PM25__mavg,16
PM25,mavg,4,97.8200014576315,0.92,42.6333339686195,0.986283394475585,lag5,Maximum lag = 5 days,1,lag5__PM25__mavg,16
PM25,mavg,4,101.660001514852,0.93,42.6333339686195,0.986168253030645,lag5,Maximum lag = 5 days,1,lag5__PM25__mavg,16
PM25,mavg,4,106.100001581013,0.94,42.6333339686195,0.986169710237642,lag5,Maximum lag = 5 days,1,lag5__PM25__mavg,16
PM25,mavg,4,111.180001656711,0.95,42.6333339686195,0.986344888127896,lag5,Maximum lag = 5 days,1,lag5__PM25__mavg,16
PM25,mavg,4,117.240001747012,0.96,42.6333339686195,0.986790432250899,lag5,Maximum lag = 5 days,1,lag5__PM25__mavg,16
PM25,mavg,4,124.400001853704,0.97,42.6333339686195,0.987639508234578,lag5,Maximum lag = 5 days,1,lag5__PM25__mavg,16
PM25,mavg,4,133.876501994915,0.98,42.6333339686195,0.989282537196277,lag5,Maximum lag = 5 days,1,lag5__PM25__mavg,16
PM25,mavg,4,150.200002238154,0.99,42.6333339686195,0.993431732116141,lag5,Maximum lag = 5 days,1,lag5__PM25__mavg,16
PM10,mavg,4,20.3000003024936,0.01,69.8000010401011,1.00531561516858,lag5,Maximum lag = 5 days,1,lag5__PM10__mavg,17
PM10,mavg,4,22.7500003390014,0.02,69.8000010401011,1.00372860228863,lag5,Maximum lag = 5 days,1,lag5__PM10__mavg,17
PM10,mavg,4,24.4250003639609,0.03,69.8000010401011,1.00269881196912,lag5,Maximum lag = 5 days,1,lag5__PM10__mavg,17
PM10,mavg,4,25.9500003866852,0.04,69.8000010401011,1.00180438208027,lag5,Maximum lag = 5 days,1,lag5__PM10__mavg,17
PM10,mavg,4,27.3200004070997,0.05,69.8000010401011,1.00103864263398,lag5,Maximum lag = 5 days,1,lag5__PM10__mavg,17
PM10,mavg,4,28.6166670930882,0.06,69.8000010401011,1.00034900098191,lag5,Maximum lag = 5 days,1,lag5__PM10__mavg,17
PM10,mavg,4,29.8000004440546,0.07,69.8000010401011,0.999751124483623,lag5,Maximum lag = 5 days,1,lag5__PM10__mavg,17
PM10,mavg,4,30.9000004604459,0.08,69.8000010401011,0.999223645403061,lag5,Maximum lag = 5 days,1,lag5__PM10__mavg,17
PM10,mavg,4,32.0000004768372,0.09,69.8000010401011,0.998724650546363,lag5,Maximum lag = 5 days,1,lag5__PM10__mavg,17
PM10,mavg,4,33.0400004923344,0.1,69.8000010401011,0.998280147009638,lag5,Maximum lag = 5 days,1,lag5__PM10__mavg,17
PM10,mavg,4,34.0500005073846,0.11,69.8000010401011,0.997874813064701,lag5,Maximum lag = 5 days,1,lag5__PM10__mavg,17
PM10,mavg,4,35.0400005221367,0.12,69.8000010401011,0.99750360116918,lag5,Maximum lag = 5 days,1,lag5__PM10__mavg,17
PM10,mavg,4,36.0333338702718,0.13,69.8000010401011,0.997157986987151,lag5,Maximum lag = 5 days,1,lag5__PM10__mavg,17
PM10,mavg,4,37.000000551343,0.14,69.8000010401011,0.996848307539776,lag5,Maximum lag = 5 days,1,lag5__PM10__mavg,17
PM10,mavg,4,38.0000005662441,0.15,69.8000010401011,0.996556491854122,lag5,Maximum lag = 5 days,1,lag5__PM10__mavg,17
PM10,mavg,4,38.9333339134852,0.16,69.8000010401011,0.996311104396803,lag5,Maximum lag = 5 days,1,lag5__PM10__mavg,17
PM10,mavg,4,39.8800005942583,0.17,69.8000010401011,0.996089586940187,lag5,Maximum lag = 5 days,1,lag5__PM10__mavg,17
PM10,mavg,4,40.7666672741373,0.18,69.8000010401011,0.995907791247534,lag5,Maximum lag = 5 days,1,lag5__PM10__mavg,17
PM10,mavg,4,41.6500006206334,0.19,69.8000010401011,0.995752022188225,lag5,Maximum lag = 5 days,1,lag5__PM10__mavg,17
PM10,mavg,4,42.5500006340444,0.2,69.8000010401011,0.995619978940107,lag5,Maximum lag = 5 days,1,lag5__PM10__mavg,17
PM10,mavg,4,43.4000006467104,0.21,69.8000010401011,0.99552057894772,lag5,Maximum lag = 5 days,1,lag5__PM10__mavg,17
PM10,mavg,4,44.2800006598234,0.22,69.8000010401011,0.995444181719887,lag5,Maximum lag = 5 days,1,lag5__PM10__mavg,17
PM10,mavg,4,45.1333340058724,0.23,69.8000010401011,0.995396440407001,lag5,Maximum lag = 5 days,1,lag5__PM10__mavg,17
PM10,mavg,4,46.0000006854534,0.24,69.8000010401011,0.995375093787533,lag5,Maximum lag = 5 days,1,lag5__PM10__mavg,17
PM10,mavg,4,46.8333340312044,0.25,69.8000010401011,0.995380917905841,lag5,Maximum lag = 5 days,1,lag5__PM10__mavg,17
PM10,mavg,4,47.6666673769554,0.26,69.8000010401011,0.995412745763222,lag5,Maximum lag = 5 days,1,lag5__PM10__mavg,17
PM10,mavg,4,48.5333340565363,0.27,69.8000010401011,0.995472002210483,lag5,Maximum lag = 5 days,1,lag5__PM10__mavg,17
PM10,mavg,4,49.3913340693217,0.28,69.8000010401011,0.995555087120499,lag5,Maximum lag = 5 days,1,lag5__PM10__mavg,17
PM10,mavg,4,50.2166674149533,0.29,69.8000010401011,0.995656207964202,lag5,Maximum lag = 5 days,1,lag5__PM10__mavg,17
PM10,mavg,4,51.1000007614493,0.3,69.8000010401011,0.995785575676448,lag5,Maximum lag = 5 days,1,lag5__PM10__mavg,17
PM10,mavg,4,51.9500007741154,0.31,69.8000010401011,0.995928859553504,lag5,Maximum lag = 5 days,1,lag5__PM10__mavg,17
PM10,mavg,4,52.8666674544414,0.32,69.8000010401011,0.996101950551885,lag5,Maximum lag = 5 days,1,lag5__PM10__mavg,17
PM10,mavg,4,53.7666674678524,0.33,69.8000010401011,0.996288515247086,lag5,Maximum lag = 5 days,1,lag5__PM10__mavg,17
PM10,mavg,4,54.6500008143485,0.34,69.8000010401011,0.9964855633877,lag5,Maximum lag = 5 days,1,lag5__PM10__mavg,17
PM10,mavg,4,55.5833341615896,0.35,69.8000010401011,0.996706519081466,lag5,Maximum lag = 5 days,1,lag5__PM10__mavg,17
PM10,mavg,4,56.5000008419156,0.36,69.8000010401011,0.996934020819834,lag5,Maximum lag = 5 days,1,lag5__PM10__mavg,17
PM10,mavg,4,57.4000008553267,0.37,69.8000010401011,0.997165303476571,lag5,Maximum lag = 5 days,1,lag5__PM10__mavg,17
PM10,mavg,4,58.3500008694828,0.38,69.8000010401011,0.997415566648496,lag5,Maximum lag = 5 days,1,lag5__PM10__mavg,17
PM10,mavg,4,59.2666675498088,0.39,69.8000010401011,0.997660699941441,lag5,Maximum lag = 5 days,1,lag5__PM10__mavg,17
PM10,mavg,4,60.2000008970499,0.4,69.8000010401011,0.997911604776446,lag5,Maximum lag = 5 days,1,lag5__PM10__mavg,17
PM10,mavg,4,61.1000009104609,0.41,69.8000010401011,0.998152578487895,lag5,Maximum lag = 5 days,1,lag5__PM10__mavg,17
PM10,mavg,4,62.033334257702,0.42,69.8000010401011,0.998399145793358,lag5,Maximum lag = 5 days,1,lag5__PM10__mavg,17
PM10,mavg,4,62.9666676049431,0.43,69.8000010401011,0.998639951414323,lag5,Maximum lag = 5 days,1,lag5__PM10__mavg,17
PM10,mavg,4,63.9000009521842,0.44,69.8000010401011,0.998872594831276,lag5,Maximum lag = 5 days,1,lag5__PM10__mavg,17
PM10,mavg,4,64.8750009667129,0.45,69.8000010401011,0.999104303129092,lag5,Maximum lag = 5 days,1,lag5__PM10__mavg,17
PM10,mavg,4,65.8500009812415,0.46,69.8000010401011,0.999321741205162,lag5,Maximum lag = 5 days,1,lag5__PM10__mavg,17
PM10,mavg,4,66.8250009957701,0.47,69.8000010401011,0.999522166144796,lag5,Maximum lag = 5 days,1,lag5__PM10__mavg,17
PM10,mavg,4,67.8000010102988,0.48,69.8000010401011,0.99970283362415,lag5,Maximum lag = 5 days,1,lag5__PM10__mavg,17
PM10,mavg,4,68.8000010251999,0.49,69.8000010401011,0.999864733651466,lag5,Maximum lag = 5 days,1,lag5__PM10__mavg,17
PM10,mavg,4,69.8000010401011,0.5,69.8000010401011,1,lag5,Maximum lag = 5 days,1,lag5__PM10__mavg,17
PM10,mavg,4,70.8000010550022,0.51,69.8000010401011,1.00010634094867,lag5,Maximum lag = 5 days,1,lag5__PM10__mavg,17
PM10,mavg,4,71.8500010706484,0.52,69.8000010401011,1.00018730711906,lag5,Maximum lag = 5 days,1,lag5__PM10__mavg,17
PM10,mavg,4,72.9000010862947,0.53,69.8000010401011,1.00023804412678,lag5,Maximum lag = 5 days,1,lag5__PM10__mavg,17
PM10,mavg,4,73.9500011019409,0.54,69.8000010401011,1.00025978578061,lag5,Maximum lag = 5 days,1,lag5__PM10__mavg,17
PM10,mavg,4,75.0000011175871,0.55,69.8000010401011,1.00025376859187,lag5,Maximum lag = 5 days,1,lag5__PM10__mavg,17
PM10,mavg,4,76.0666678001483,0.56,69.8000010401011,1.00022050786373,lag5,Maximum lag = 5 days,1,lag5__PM10__mavg,17
PM10,mavg,4,77.1500011496246,0.57,69.8000010401011,1.00016005260179,lag5,Maximum lag = 5 days,1,lag5__PM10__mavg,17
PM10,mavg,4,78.2250011656434,0.58,69.8000010401011,1.00007482882101,lag5,Maximum lag = 5 days,1,lag5__PM10__mavg,17
PM10,mavg,4,79.4000011831522,0.59,69.8000010401011,0.999954503403334,lag5,Maximum lag = 5 days,1,lag5__PM10__mavg,17
PM10,mavg,4,80.5333345333735,0.6,69.8000010401011,0.999813141870483,lag5,Maximum lag = 5 days,1,lag5__PM10__mavg,17
PM10,mavg,4,81.7000012174249,0.61,69.8000010401011,0.999643342274548,lag5,Maximum lag = 5 days,1,lag5__PM10__mavg,17
PM10,mavg,4,82.8666679014764,0.62,69.8000010401011,0.999450604107456,lag5,Maximum lag = 5 days,1,lag5__PM10__mavg,17
PM10,mavg,4,84.0600012525916,0.63,69.8000010401011,0.999231512356267,lag5,Maximum lag = 5 days,1,lag5__PM10__mavg,17
PM10,mavg,4,85.2750012706965,0.64,69.8000010401011,0.998987516166141,lag5,Maximum lag = 5 days,1,lag5__PM10__mavg,17
PM10,mavg,4,86.5500012896955,0.65,69.8000010401011,0.998710864775476,lag5,Maximum lag = 5 days,1,lag5__PM10__mavg,17
PM10,mavg,4,87.866667975982,0.66,69.8000010401011,0.998405354366104,lag5,Maximum lag = 5 days,1,lag5__PM10__mavg,17
PM10,mavg,4,89.225001329556,0.67,69.8000010401011,0.998071646075305,lag5,Maximum lag = 5 days,1,lag5__PM10__mavg,17
PM10,mavg,4,90.6000013500452,0.68,69.8000010401011,0.997717403170199,lag5,Maximum lag = 5 days,1,lag5__PM10__mavg,17
PM10,mavg,4,92.0000013709069,0.69,69.8000010401011,0.997342598346248,lag5,Maximum lag = 5 days,1,lag5__PM10__mavg,17
PM10,mavg,4,93.475001392886,0.7,69.8000010401011,0.996935521343838,lag5,Maximum lag = 5 days,1,lag5__PM10__mavg,17
PM10,mavg,4,95.0000014156101,0.71,69.8000010401011,0.996505082135909,lag5,Maximum lag = 5 days,1,lag5__PM10__mavg,17
PM10,mavg,4,96.5000014379622,0.72,69.8000010401011,0.996075852321266,lag5,Maximum lag = 5 days,1,lag5__PM10__mavg,17
PM10,mavg,4,98.1250014621765,0.73,69.8000010401011,0.995608509248756,lag5,Maximum lag = 5 days,1,lag5__PM10__mavg,17
PM10,mavg,4,99.7800014868379,0.74,69.8000010401011,0.995134638877759,lag5,Maximum lag = 5 days,1,lag5__PM10__mavg,17
PM10,mavg,4,101.483334845553,0.75,69.8000010401011,0.994654194134545,lag5,Maximum lag = 5 days,1,lag5__PM10__mavg,17
PM10,mavg,4,103.250001538545,0.76,69.8000010401011,0.994168242843555,lag5,Maximum lag = 5 days,1,lag5__PM10__mavg,17
PM10,mavg,4,105.07500156574,0.77,69.8000010401011,0.993680371038148,lag5,Maximum lag = 5 days,1,lag5__PM10__mavg,17
PM10,mavg,4,106.950001593679,0.78,69.8000010401011,0.993194009596367,lag5,Maximum lag = 5 days,1,lag5__PM10__mavg,17
PM10,mavg,4,108.900001622737,0.79,69.8000010401011,0.992704107850919,lag5,Maximum lag = 5 days,1,lag5__PM10__mavg,17
PM10,mavg,4,110.950001653284,0.8,69.8000010401011,0.992206487795478,lag5,Maximum lag = 5 days,1,lag5__PM10__mavg,17
PM10,mavg,4,113.050001684576,0.81,69.8000010401011,0.991715129487906,lag5,Maximum lag = 5 days,1,lag5__PM10__mavg,17
PM10,mavg,4,115.200001716614,0.82,69.8000010401011,0.991231256825414,lag5,Maximum lag = 5 days,1,lag5__PM10__mavg,17
PM10,mavg,4,117.566918418551,0.83,69.8000010401011,0.990720883311772,lag5,Maximum lag = 5 days,1,lag5__PM10__mavg,17
PM10,mavg,4,119.975001787767,0.84,69.8000010401011,0.990225493128259,lag5,Maximum lag = 5 days,1,lag5__PM10__mavg,17
PM10,mavg,4,122.500001825392,0.85,69.8000010401011,0.98973173612511,lag5,Maximum lag = 5 days,1,lag5__PM10__mavg,17
PM10,mavg,4,125.200001865625,0.86,69.8000010401011,0.989232660376408,lag5,Maximum lag = 5 days,1,lag5__PM10__mavg,17
PM10,mavg,4,127.983335240434,0.87,69.8000010401011,0.988749237115936,lag5,Maximum lag = 5 days,1,lag5__PM10__mavg,17
PM10,mavg,4,130.900001950562,0.88,69.8000010401011,0.988276247934489,lag5,Maximum lag = 5 days,1,lag5__PM10__mavg,17
PM10,mavg,4,133.900001995266,0.89,69.8000010401011,0.987825351278337,lag5,Maximum lag = 5 days,1,lag5__PM10__mavg,17
PM10,mavg,4,137.300002045929,0.9,69.8000010401011,0.987357651483988,lag5,Maximum lag = 5 days,1,lag5__PM10__mavg,17
PM10,mavg,4,140.850002098829,0.91,69.8000010401011,0.986918034363693,lag5,Maximum lag = 5 days,1,lag5__PM10__mavg,17
PM10,mavg,4,144.700002156198,0.92,69.8000010401011,0.986497031430983,lag5,Maximum lag = 5 days,1,lag5__PM10__mavg,17
PM10,mavg,4,148.966668886443,0.93,69.8000010401011,0.986097620903257,lag5,Maximum lag = 5 days,1,lag5__PM10__mavg,17
PM10,mavg,4,153.960002294183,0.94,69.8000010401011,0.985718925231734,lag5,Maximum lag = 5 days,1,lag5__PM10__mavg,17
PM10,mavg,4,159.559502377622,0.95,69.8000010401011,0.985406781713893,lag5,Maximum lag = 5 days,1,lag5__PM10__mavg,17
PM10,mavg,4,166.166669142743,0.96,69.8000010401011,0.985189460656541,lag5,Maximum lag = 5 days,1,lag5__PM10__mavg,17
PM10,mavg,4,174.866669272383,0.97,69.8000010401011,0.985148730247488,lag5,Maximum lag = 5 days,1,lag5__PM10__mavg,17
PM10,mavg,4,186.872669451284,0.98,69.8000010401011,0.985541553230309,lag5,Maximum lag = 5 days,1,lag5__PM10__mavg,17
PM10,mavg,4,207.067703085548,0.99,69.8000010401011,0.9873432459866,lag5,Maximum lag = 5 days,1,lag5__PM10__mavg,17
O3,mavg,4,20.8000003099442,0.01,86.6333346242706,0.996994309458395,lag5,Maximum lag = 5 days,1,lag5__O3__mavg,18
O3,mavg,4,25.0833337071041,0.02,86.6333346242706,0.99734661750814,lag5,Maximum lag = 5 days,1,lag5__O3__mavg,18
O3,mavg,4,28.0666670848926,0.03,86.6333346242706,0.997581525560795,lag5,Maximum lag = 5 days,1,lag5__O3__mavg,18
O3,mavg,4,30.4500004537404,0.04,86.6333346242706,0.997762058615507,lag5,Maximum lag = 5 days,1,lag5__O3__mavg,18
O3,mavg,4,32.5500004850328,0.05,86.6333346242706,0.997915338483417,lag5,Maximum lag = 5 days,1,lag5__O3__mavg,18
O3,mavg,4,34.5333338479201,0.06,86.6333346242706,0.998054717174439,lag5,Maximum lag = 5 days,1,lag5__O3__mavg,18
O3,mavg,4,36.4000005424023,0.07,86.6333346242706,0.998180787850145,lag5,Maximum lag = 5 days,1,lag5__O3__mavg,18
O3,mavg,4,38.1000005677342,0.08,86.6333346242706,0.998291031723226,lag5,Maximum lag = 5 days,1,lag5__O3__mavg,18
O3,mavg,4,39.7000005915761,0.09,86.6333346242706,0.998390599951636,lag5,Maximum lag = 5 days,1,lag5__O3__mavg,18
O3,mavg,4,41.1500006131828,0.1,86.6333346242706,0.998477161276519,lag5,Maximum lag = 5 days,1,lag5__O3__mavg,18
O3,mavg,4,42.6833339693645,0.11,86.6333346242706,0.998564736868448,lag5,Maximum lag = 5 days,1,lag5__O3__mavg,18
O3,mavg,4,44.0666673233111,0.12,86.6333346242706,0.998640115937097,lag5,Maximum lag = 5 days,1,lag5__O3__mavg,18
O3,mavg,4,45.4333340103428,0.13,86.6333346242706,0.998711081727526,lag5,Maximum lag = 5 days,1,lag5__O3__mavg,18
O3,mavg,4,46.7750006970018,0.14,86.6333346242706,0.998777245657573,lag5,Maximum lag = 5 days,1,lag5__O3__mavg,18
O3,mavg,4,48.0600007161498,0.15,86.6333346242706,0.998837256426656,lag5,Maximum lag = 5 days,1,lag5__O3__mavg,18
O3,mavg,4,49.3200007349253,0.16,86.6333346242706,0.998892812475085,lag5,Maximum lag = 5 days,1,lag5__O3__mavg,18
O3,mavg,4,50.6000007539988,0.17,86.6333346242706,0.9989458215029,lag5,Maximum lag = 5 days,1,lag5__O3__mavg,18
O3,mavg,4,51.8500007726252,0.18,86.6333346242706,0.998994160255601,lag5,Maximum lag = 5 days,1,lag5__O3__mavg,18
O3,mavg,4,53.0500007905066,0.19,86.6333346242706,0.999037294082198,lag5,Maximum lag = 5 days,1,lag5__O3__mavg,18
O3,mavg,4,54.250000808388,0.2,86.6333346242706,0.999077142148996,lag5,Maximum lag = 5 days,1,lag5__O3__mavg,18
O3,mavg,4,55.4666674931844,0.21,86.6333346242706,0.999114107062693,lag5,Maximum lag = 5 days,1,lag5__O3__mavg,18
O3,mavg,4,56.6500008441508,0.22,86.6333346242706,0.999146660962643,lag5,Maximum lag = 5 days,1,lag5__O3__mavg,18
O3,mavg,4,57.8750008624047,0.23,86.6333346242706,0.999176748490331,lag5,Maximum lag = 5 days,1,lag5__O3__mavg,18
O3,mavg,4,59.0666675468286,0.24,86.6333346242706,0.999202410878546,lag5,Maximum lag = 5 days,1,lag5__O3__mavg,18
O3,mavg,4,60.2333342308799,0.25,86.6333346242706,0.999224013359247,lag5,Maximum lag = 5 days,1,lag5__O3__mavg,18
O3,mavg,4,61.4000009149313,0.26,86.6333346242706,0.999242176739817,lag5,Maximum lag = 5 days,1,lag5__O3__mavg,18
O3,mavg,4,62.5833342658977,0.27,86.6333346242706,0.999257622617305,lag5,Maximum lag = 5 days,1,lag5__O3__mavg,18
O3,mavg,4,63.7400009498,0.28,86.6333346242706,0.999270461356248,lag5,Maximum lag = 5 days,1,lag5__O3__mavg,18
O3,mavg,4,64.9000009670853,0.29,86.6333346242706,0.999281726862613,lag5,Maximum lag = 5 days,1,lag5__O3__mavg,18
O3,mavg,4,66.0166676503917,0.3,86.6333346242706,0.999291635445137,lag5,Maximum lag = 5 days,1,lag5__O3__mavg,18
O3,mavg,4,67.120001000166,0.31,86.6333346242706,0.999301080842398,lag5,Maximum lag = 5 days,1,lag5__O3__mavg,18
O3,mavg,4,68.2333343500893,0.32,86.6333346242706,0.999310817862609,lag5,Maximum lag = 5 days,1,lag5__O3__mavg,18
O3,mavg,4,69.3666677003106,0.33,86.6333346242706,0.999321516292154,lag5,Maximum lag = 5 days,1,lag5__O3__mavg,18
O3,mavg,4,70.4750010501593,0.34,86.6333346242706,0.999333307048602,lag5,Maximum lag = 5 days,1,lag5__O3__mavg,18
O3,mavg,4,71.5166677323481,0.35,86.6333346242706,0.999346080780627,lag5,Maximum lag = 5 days,1,lag5__O3__mavg,18
O3,mavg,4,72.6000010818243,0.36,86.6333346242706,0.999361605799901,lag5,Maximum lag = 5 days,1,lag5__O3__mavg,18
O3,mavg,4,73.6250010970979,0.37,86.6333346242706,0.999378856086402,lag5,Maximum lag = 5 days,1,lag5__O3__mavg,18
O3,mavg,4,74.6750011127442,0.38,86.6333346242706,0.999399572506583,lag5,Maximum lag = 5 days,1,lag5__O3__mavg,18
O3,mavg,4,75.7000011280179,0.39,86.6333346242706,0.999423212423721,lag5,Maximum lag = 5 days,1,lag5__O3__mavg,18
O3,mavg,4,76.7400011435151,0.4,86.6333346242706,0.999451098758961,lag5,Maximum lag = 5 days,1,lag5__O3__mavg,18
O3,mavg,4,77.8000011593103,0.41,86.6333346242706,0.999484032696106,lag5,Maximum lag = 5 days,1,lag5__O3__mavg,18
O3,mavg,4,78.8000011742114,0.42,86.6333346242706,0.999519707520523,lag5,Maximum lag = 5 days,1,lag5__O3__mavg,18
O3,mavg,4,79.8000011891127,0.43,86.6333346242706,0.999560265660199,lag5,Maximum lag = 5 days,1,lag5__O3__mavg,18
O3,mavg,4,80.8000012040138,0.44,86.6333346242706,0.999606111535713,lag5,Maximum lag = 5 days,1,lag5__O3__mavg,18
O3,mavg,4,81.800001218915,0.45,86.6333346242706,0.999657649721535,lag5,Maximum lag = 5 days,1,lag5__O3__mavg,18
O3,mavg,4,82.7800012335181,0.46,86.6333346242706,0.999714069893233,lag5,Maximum lag = 5 days,1,lag5__O3__mavg,18
O3,mavg,4,83.7333345810573,0.47,86.6333346242706,0.999774936002053,lag5,Maximum lag = 5 days,1,lag5__O3__mavg,18
O3,mavg,4,84.7000012621285,0.48,86.6333346242706,0.999843039851078,lag5,Maximum lag = 5 days,1,lag5__O3__mavg,18
O3,mavg,4,85.675001276657,0.49,86.6333346242706,0.999918615327267,lag5,Maximum lag = 5 days,1,lag5__O3__mavg,18
O3,mavg,4,86.6333346242706,0.5,86.6333346242706,1,lag5,Maximum lag = 5 days,1,lag5__O3__mavg,18
O3,mavg,4,87.6000013053418,0.51,86.6333346242706,1.00008944516568,lag5,Maximum lag = 5 days,1,lag5__O3__mavg,18
O3,mavg,4,88.5500013194978,0.52,86.6333346242706,1.00018419984578,lag5,Maximum lag = 5 days,1,lag5__O3__mavg,18
O3,mavg,4,89.5000013336539,0.53,86.6333346242706,1.00028527034023,lag5,Maximum lag = 5 days,1,lag5__O3__mavg,18
O3,mavg,4,90.4500013478101,0.54,86.6333346242706,1.00039218307329,lag5,Maximum lag = 5 days,1,lag5__O3__mavg,18
O3,mavg,4,91.4000013619661,0.55,86.6333346242706,1.0005044643741,lag5,Maximum lag = 5 days,1,lag5__O3__mavg,18
O3,mavg,4,92.4000013768673,0.56,86.6333346242706,1.00062793421939,lag5,Maximum lag = 5 days,1,lag5__O3__mavg,18
O3,mavg,4,93.3500013910233,0.57,86.6333346242706,1.00074975067595,lag5,Maximum lag = 5 days,1,lag5__O3__mavg,18
O3,mavg,4,94.3000014051795,0.58,86.6333346242706,1.00087548890424,lag5,Maximum lag = 5 days,1,lag5__O3__mavg,18
O3,mavg,4,95.2333347524207,0.59,86.6333346242706,1.00100238117499,lag5,Maximum lag = 5 days,1,lag5__O3__mavg,18
O3,mavg,4,96.2000014334917,0.6,86.6333346242706,1.00113683324872,lag5,Maximum lag = 5 days,1,lag5__O3__mavg,18
O3,mavg,4,97.1666681145629,0.61,86.6333346242706,1.00127387196898,lag5,Maximum lag = 5 days,1,lag5__O3__mavg,18
O3,mavg,4,98.1500014625492,0.62,86.6333346242706,1.00141541097508,lag5,Maximum lag = 5 days,1,lag5__O3__mavg,18
O3,mavg,4,99.1600014775991,0.63,86.6333346242706,1.00156248211639,lag5,Maximum lag = 5 days,1,lag5__O3__mavg,18
O3,mavg,4,100.150001492351,0.64,86.6333346242706,1.00170776076776,lag5,Maximum lag = 5 days,1,lag5__O3__mavg,18
O3,mavg,4,101.183334841083,0.65,86.6333346242706,1.00185999433737,lag5,Maximum lag = 5 days,1,lag5__O3__mavg,18
O3,mavg,4,102.200001522899,0.66,86.6333346242706,1.0020097802435,lag5,Maximum lag = 5 days,1,lag5__O3__mavg,18
O3,mavg,4,103.220001538098,0.67,86.6333346242706,1.00215947440781,lag5,Maximum lag = 5 days,1,lag5__O3__mavg,18
O3,mavg,4,104.300001554191,0.68,86.6333346242706,1.00231668287942,lag5,Maximum lag = 5 days,1,lag5__O3__mavg,18
O3,mavg,4,105.366668236752,0.69,86.6333346242706,1.00246997466185,lag5,Maximum lag = 5 days,1,lag5__O3__mavg,18
O3,mavg,4,106.450001586229,0.7,86.6333346242706,1.00262295392871,lag5,Maximum lag = 5 days,1,lag5__O3__mavg,18
O3,mavg,4,107.566668269535,0.71,86.6333346242706,1.00277703946951,lag5,Maximum lag = 5 days,1,lag5__O3__mavg,18
O3,mavg,4,108.720001620054,0.72,86.6333346242706,1.00293153187454,lag5,Maximum lag = 5 days,1,lag5__O3__mavg,18
O3,mavg,4,109.900001637638,0.73,86.6333346242706,1.00308382068281,lag5,Maximum lag = 5 days,1,lag5__O3__mavg,18
O3,mavg,4,111.100001655519,0.74,86.6333346242706,1.00323176149892,lag5,Maximum lag = 5 days,1,lag5__O3__mavg,18
O3,mavg,4,112.316668340315,0.75,86.6333346242706,1.0033736398678,lag5,Maximum lag = 5 days,1,lag5__O3__mavg,18
O3,mavg,4,113.600001692772,0.76,86.6333346242706,1.00351353842872,lag5,Maximum lag = 5 days,1,lag5__O3__mavg,18
O3,mavg,4,114.900001712144,0.77,86.6333346242706,1.00364491505546,lag5,Maximum lag = 5 days,1,lag5__O3__mavg,18
O3,mavg,4,116.280001732707,0.78,86.6333346242706,1.00377306753126,lag5,Maximum lag = 5 days,1,lag5__O3__mavg,18
O3,mavg,4,117.700001753867,0.79,86.6333346242706,1.00389286278419,lag5,Maximum lag = 5 days,1,lag5__O3__mavg,18
O3,mavg,4,119.150001775474,0.8,86.6333346242706,1.00400264764071,lag5,Maximum lag = 5 days,1,lag5__O3__mavg,18
O3,mavg,4,120.640001797676,0.81,86.6333346242706,1.00410236121854,lag5,Maximum lag = 5 days,1,lag5__O3__mavg,18
O3,mavg,4,122.175001820549,0.82,86.6333346242706,1.0041913119333,lag5,Maximum lag = 5 days,1,lag5__O3__mavg,18
O3,mavg,4,123.733335177104,0.83,86.6333346242706,1.00426743411839,lag5,Maximum lag = 5 days,1,lag5__O3__mavg,18
O3,mavg,4,125.400001868606,0.84,86.6333346242706,1.004333174676,lag5,Maximum lag = 5 days,1,lag5__O3__mavg,18
O3,mavg,4,127.119501894228,0.85,86.6333346242706,1.00438417738268,lag5,Maximum lag = 5 days,1,lag5__O3__mavg,18
O3,mavg,4,129.00000192225,0.86,86.6333346242706,1.00442059202136,lag5,Maximum lag = 5 days,1,lag5__O3__mavg,18
O3,mavg,4,130.900001950562,0.87,86.6333346242706,1.00443705634355,lag5,Maximum lag = 5 days,1,lag5__O3__mavg,18
O3,mavg,4,132.833335312704,0.88,86.6333346242706,1.00443307014392,lag5,Maximum lag = 5 days,1,lag5__O3__mavg,18
O3,mavg,4,134.900002010167,0.89,86.6333346242706,1.00440594675848,lag5,Maximum lag = 5 days,1,lag5__O3__mavg,18
O3,mavg,4,137.200002044439,0.9,86.6333346242706,1.00434833913074,lag5,Maximum lag = 5 days,1,lag5__O3__mavg,18
O3,mavg,4,139.600002080202,0.91,86.6333346242706,1.00425785765629,lag5,Maximum lag = 5 days,1,lag5__O3__mavg,18
O3,mavg,4,142.300002120435,0.92,86.6333346242706,1.0041195694231,lag5,Maximum lag = 5 days,1,lag5__O3__mavg,18
O3,mavg,4,145.500002168119,0.93,86.6333346242706,1.00390652376102,lag5,Maximum lag = 5 days,1,lag5__O3__mavg,18
O3,mavg,4,149.000002220273,0.94,86.6333346242706,1.00361372231577,lag5,Maximum lag = 5 days,1,lag5__O3__mavg,18
O3,mavg,4,153.166668949028,0.95,86.6333346242706,1.00318571209246,lag5,Maximum lag = 5 days,1,lag5__O3__mavg,18
O3,mavg,4,158.143602356524,0.96,86.6333346242706,1.00256464573594,lag5,Maximum lag = 5 days,1,lag5__O3__mavg,18
O3,mavg,4,164.600002452731,0.97,86.6333346242706,1.00158754471889,lag5,Maximum lag = 5 days,1,lag5__O3__mavg,18
O3,mavg,4,173.100002579391,0.98,86.6333346242706,1.00002089308538,lag5,Maximum lag = 5 days,1,lag5__O3__mavg,18
O3,mavg,4,185.663936099941,0.99,86.6333346242706,0.997165004995572,lag5,Maximum lag = 5 days,1,lag5__O3__mavg,18
t2m,lag,3,0.171520487,0.01,17.83579852,1.01568941337495,lag_df4,Lag spline df = 4,2,lag_df4__t2m__lag,19
t2m,lag,3,1.615605291,0.02,17.83579852,1.01505684159931,lag_df4,Lag spline df = 4,2,lag_df4__t2m__lag,19
t2m,lag,3,2.48329172732,0.03,17.83579852,1.01463766722598,lag_df4,Lag spline df = 4,2,lag_df4__t2m__lag,19
t2m,lag,3,3.1816965228,0.04,17.83579852,1.01427738534584,lag_df4,Lag spline df = 4,2,lag_df4__t2m__lag,19
t2m,lag,3,3.720964686,0.05,17.83579852,1.01398456198867,lag_df4,Lag spline df = 4,2,lag_df4__t2m__lag,19
t2m,lag,3,4.2180250294,0.06,17.83579852,1.01370293898591,lag_df4,Lag spline df = 4,2,lag_df4__t2m__lag,19
t2m,lag,3,4.659152603,0.07,17.83579852,1.0134433017431,lag_df4,Lag spline df = 4,2,lag_df4__t2m__lag,19
t2m,lag,3,5.05215164148,0.08,17.83579852,1.0132040989766,lag_df4,Lag spline df = 4,2,lag_df4__t2m__lag,19
t2m,lag,3,5.410470581,0.09,17.83579852,1.01297937135981,lag_df4,Lag spline df = 4,2,lag_df4__t2m__lag,19
t2m,lag,3,5.7758229574,0.1,17.83579852,1.012743579109,lag_df4,Lag spline df = 4,2,lag_df4__t2m__lag,19
t2m,lag,3,6.081271108,0.11,17.83579852,1.01254119287401,lag_df4,Lag spline df = 4,2,lag_df4__t2m__lag,19
t2m,lag,3,6.3815017704,0.12,17.83579852,1.01233751698358,lag_df4,Lag spline df = 4,2,lag_df4__t2m__lag,19
t2m,lag,3,6.669326401,0.13,17.83579852,1.01213776840973,lag_df4,Lag spline df = 4,2,lag_df4__t2m__lag,19
t2m,lag,3,6.987252808,0.14,17.83579852,1.01191194030261,lag_df4,Lag spline df = 4,2,lag_df4__t2m__lag,19
t2m,lag,3,7.3000606538,0.15,17.83579852,1.01168434738796,lag_df4,Lag spline df = 4,2,lag_df4__t2m__lag,19
t2m,lag,3,7.56251696276,0.16,17.83579852,1.01148919373257,lag_df4,Lag spline df = 4,2,lag_df4__t2m__lag,19
t2m,lag,3,7.833937581,0.17,17.83579852,1.01128329084133,lag_df4,Lag spline df = 4,2,lag_df4__t2m__lag,19
t2m,lag,3,8.106818136,0.18,17.83579852,1.01107203905368,lag_df4,Lag spline df = 4,2,lag_df4__t2m__lag,19
t2m,lag,3,8.38318438184,0.19,17.83579852,1.01085369656385,lag_df4,Lag spline df = 4,2,lag_df4__t2m__lag,19
t2m,lag,3,8.6330629984,0.2,17.83579852,1.01065242705099,lag_df4,Lag spline df = 4,2,lag_df4__t2m__lag,19
t2m,lag,3,8.865783946,0.21,17.83579852,1.01046164694109,lag_df4,Lag spline df = 4,2,lag_df4__t2m__lag,19
t2m,lag,3,9.143575923,0.22,17.83579852,1.01022966329002,lag_df4,Lag spline df = 4,2,lag_df4__t2m__lag,19
t2m,lag,3,9.428089396,0.23,17.83579852,1.00998720780236,lag_df4,Lag spline df = 4,2,lag_df4__t2m__lag,19
t2m,lag,3,9.722367223,0.24,17.83579852,1.00973119166116,lag_df4,Lag spline df = 4,2,lag_df4__t2m__lag,19
t2m,lag,3,10.057553545,0.25,17.83579852,1.00943300708989,lag_df4,Lag spline df = 4,2,lag_df4__t2m__lag,19
t2m,lag,3,10.38189977,0.26,17.83579852,1.00913768020125,lag_df4,Lag spline df = 4,2,lag_df4__t2m__lag,19
t2m,lag,3,10.68682251,0.27,17.83579852,1.00885376762677,lag_df4,Lag spline df = 4,2,lag_df4__t2m__lag,19
t2m,lag,3,11.02585754,0.28,17.83579852,1.00853072232728,lag_df4,Lag spline df = 4,2,lag_df4__t2m__lag,19
t2m,lag,3,11.35078138,0.29,17.83579852,1.00821360710631,lag_df4,Lag spline df = 4,2,lag_df4__t2m__lag,19
t2m,lag,3,11.66022148,0.3,17.83579852,1.00790455335182,lag_df4,Lag spline df = 4,2,lag_df4__t2m__lag,19
t2m,lag,3,11.9703645724,0.31,17.83579852,1.00758769521959,lag_df4,Lag spline df = 4,2,lag_df4__t2m__lag,19
t2m,lag,3,12.32470729,0.32,17.83579852,1.00721672490677,lag_df4,Lag spline df = 4,2,lag_df4__t2m__lag,19
t2m,lag,3,12.66232389,0.33,17.83579852,1.00685412218078,lag_df4,Lag spline df = 4,2,lag_df4__t2m__lag,19
t2m,lag,3,12.97044896,0.34,17.83579852,1.00651518763954,lag_df4,Lag spline df = 4,2,lag_df4__t2m__lag,19
t2m,lag,3,13.30313962,0.35,17.83579852,1.00614042433426,lag_df4,Lag spline df = 4,2,lag_df4__t2m__lag,19
t2m,lag,3,13.6292352,0.36,17.83579852,1.00576398873528,lag_df4,Lag spline df = 4,2,lag_df4__t2m__lag,19
t2m,lag,3,13.93721161,0.37,17.83579852,1.00539999034458,lag_df4,Lag spline df = 4,2,lag_df4__t2m__lag,19
t2m,lag,3,14.26317304,0.38,17.83579852,1.00500554737771,lag_df4,Lag spline df = 4,2,lag_df4__t2m__lag,19
t2m,lag,3,14.5669377286,0.39,17.83579852,1.00462926451358,lag_df4,Lag spline df = 4,2,lag_df4__t2m__lag,19
t2m,lag,3,14.8802213,0.4,17.83579852,1.00423220122406,lag_df4,Lag spline df = 4,2,lag_df4__t2m__lag,19
t2m,lag,3,15.19645844,0.41,17.83579852,1.00382193693494,lag_df4,Lag spline df = 4,2,lag_df4__t2m__lag,19
t2m,lag,3,15.54407463,0.42,17.83579852,1.00335975825311,lag_df4,Lag spline df = 4,2,lag_df4__t2m__lag,19
t2m,lag,3,15.84765269,0.43,17.83579852,1.00294632704414,lag_df4,Lag spline df = 4,2,lag_df4__t2m__lag,19
t2m,lag,3,16.1596010552,0.44,17.83579852,1.00251177648722,lag_df4,Lag spline df = 4,2,lag_df4__t2m__lag,19
t2m,lag,3,16.46532084,0.45,17.83579852,1.00207615808782,lag_df4,Lag spline df = 4,2,lag_df4__t2m__lag,19
t2m,lag,3,16.75265083,0.46,17.83579852,1.0016577863886,lag_df4,Lag spline df = 4,2,lag_df4__t2m__lag,19
t2m,lag,3,17.0439054208,0.47,17.83579852,1.0012246849523,lag_df4,Lag spline df = 4,2,lag_df4__t2m__lag,19
t2m,lag,3,17.33199272,0.48,17.83579852,1.00078721204604,lag_df4,Lag spline df = 4,2,lag_df4__t2m__lag,19
t2m,lag,3,17.57365125,0.49,17.83579852,1.00041316724639,lag_df4,Lag spline df = 4,2,lag_df4__t2m__lag,19
t2m,lag,3,17.83579852,0.5,17.83579852,1,lag_df4,Lag spline df = 4,2,lag_df4__t2m__lag,19
t2m,lag,3,18.0836000592,0.51,17.83579852,0.999602108950957,lag_df4,Lag spline df = 4,2,lag_df4__t2m__lag,19
t2m,lag,3,18.33761431,0.52,17.83579852,0.999185976922245,lag_df4,Lag spline df = 4,2,lag_df4__t2m__lag,19
t2m,lag,3,18.6043138132,0.53,17.83579852,0.998738930094566,lag_df4,Lag spline df = 4,2,lag_df4__t2m__lag,19
t2m,lag,3,18.87619425,0.54,17.83579852,0.998271289215159,lag_df4,Lag spline df = 4,2,lag_df4__t2m__lag,19
t2m,lag,3,19.13589058,0.55,17.83579852,0.997812216736057,lag_df4,Lag spline df = 4,2,lag_df4__t2m__lag,19
t2m,lag,3,19.3937394724,0.56,17.83579852,0.997343327385732,lag_df4,Lag spline df = 4,2,lag_df4__t2m__lag,19
t2m,lag,3,19.64496129,0.57,17.83579852,0.996872920887584,lag_df4,Lag spline df = 4,2,lag_df4__t2m__lag,19
t2m,lag,3,19.8929643,0.58,17.83579852,0.99639442607497,lag_df4,Lag spline df = 4,2,lag_df4__t2m__lag,19
t2m,lag,3,20.129951592,0.59,17.83579852,0.995923198484616,lag_df4,Lag spline df = 4,2,lag_df4__t2m__lag,19
t2m,lag,3,20.389811068,0.6,17.83579852,0.995389780179656,lag_df4,Lag spline df = 4,2,lag_df4__t2m__lag,19
t2m,lag,3,20.64833094,0.61,17.83579852,0.994840716020405,lag_df4,Lag spline df = 4,2,lag_df4__t2m__lag,19
t2m,lag,3,20.89387347,0.62,17.83579852,0.994301246859398,lag_df4,Lag spline df = 4,2,lag_df4__t2m__lag,19
t2m,lag,3,21.1376181778,0.63,17.83579852,0.993747495611214,lag_df4,Lag spline df = 4,2,lag_df4__t2m__lag,19
t2m,lag,3,21.3790987664,0.64,17.83579852,0.993180096023391,lag_df4,Lag spline df = 4,2,lag_df4__t2m__lag,19
t2m,lag,3,21.625402068,0.65,17.83579852,0.992581196813424,lag_df4,Lag spline df = 4,2,lag_df4__t2m__lag,19
t2m,lag,3,21.8401717924,0.66,17.83579852,0.992041640994102,lag_df4,Lag spline df = 4,2,lag_df4__t2m__lag,19
t2m,lag,3,22.0677920504,0.67,17.83579852,0.991451472165225,lag_df4,Lag spline df = 4,2,lag_df4__t2m__lag,19
t2m,lag,3,22.28912506,0.68,17.83579852,0.990858850180557,lag_df4,Lag spline df = 4,2,lag_df4__t2m__lag,19
t2m,lag,3,22.51290347,0.69,17.83579852,0.990240205892427,lag_df4,Lag spline df = 4,2,lag_df4__t2m__lag,19
t2m,lag,3,22.74694341,0.7,17.83579852,0.98957151398058,lag_df4,Lag spline df = 4,2,lag_df4__t2m__lag,19
t2m,lag,3,22.97915802,0.71,17.83579852,0.988885384804912,lag_df4,Lag spline df = 4,2,lag_df4__t2m__lag,19
t2m,lag,3,23.20549159,0.72,17.83579852,0.988194204263865,lag_df4,Lag spline df = 4,2,lag_df4__t2m__lag,19
t2m,lag,3,23.4273199982,0.73,17.83579852,0.987494629090905,lag_df4,Lag spline df = 4,2,lag_df4__t2m__lag,19
t2m,lag,3,23.64659081,0.74,17.83579852,0.986780932891362,lag_df4,Lag spline df = 4,2,lag_df4__t2m__lag,19
t2m,lag,3,23.86227665,0.75,17.83579852,0.986056782488662,lag_df4,Lag spline df = 4,2,lag_df4__t2m__lag,19
t2m,lag,3,24.0890626028,0.76,17.83579852,0.985271256460952,lag_df4,Lag spline df = 4,2,lag_df4__t2m__lag,19
t2m,lag,3,24.3162289182,0.77,17.83579852,0.984459973426257,lag_df4,Lag spline df = 4,2,lag_df4__t2m__lag,19
t2m,lag,3,24.54637744,0.78,17.83579852,0.983613641280003,lag_df4,Lag spline df = 4,2,lag_df4__t2m__lag,19
t2m,lag,3,24.7704179374,0.79,17.83579852,0.982766706553899,lag_df4,Lag spline df = 4,2,lag_df4__t2m__lag,19
t2m,lag,3,25.017581176,0.8,17.83579852,0.981806582755442,lag_df4,Lag spline df = 4,2,lag_df4__t2m__lag,19
t2m,lag,3,25.2549756966,0.81,17.83579852,0.980859561887941,lag_df4,Lag spline df = 4,2,lag_df4__t2m__lag,19
t2m,lag,3,25.48267708,0.82,17.83579852,0.979928907273845,lag_df4,Lag spline df = 4,2,lag_df4__t2m__lag,19
t2m,lag,3,25.7169372564,0.83,17.83579852,0.978949228622154,lag_df4,Lag spline df = 4,2,lag_df4__t2m__lag,19
t2m,lag,3,25.9618354812,0.84,17.83579852,0.977901597835254,lag_df4,Lag spline df = 4,2,lag_df4__t2m__lag,19
t2m,lag,3,26.234111978,0.85,17.83579852,0.976709490060958,lag_df4,Lag spline df = 4,2,lag_df4__t2m__lag,19
t2m,lag,3,26.501706392,0.86,17.83579852,0.975510669491497,lag_df4,Lag spline df = 4,2,lag_df4__t2m__lag,19
t2m,lag,3,26.76898028,0.87,17.83579852,0.974287225482454,lag_df4,Lag spline df = 4,2,lag_df4__t2m__lag,19
t2m,lag,3,27.05423508,0.88,17.83579852,0.972953714115818,lag_df4,Lag spline df = 4,2,lag_df4__t2m__lag,19
t2m,lag,3,27.35409826,0.89,17.83579852,0.971522129500643,lag_df4,Lag spline df = 4,2,lag_df4__t2m__lag,19
t2m,lag,3,27.66810379,0.9,17.83579852,0.969991603981324,lag_df4,Lag spline df = 4,2,lag_df4__t2m__lag,19
t2m,lag,3,28.01429774,0.91,17.83579852,0.968268560913798,lag_df4,Lag spline df = 4,2,lag_df4__t2m__lag,19
t2m,lag,3,28.37498754,0.92,17.83579852,0.966435561330263,lag_df4,Lag spline df = 4,2,lag_df4__t2m__lag,19
t2m,lag,3,28.74946111,0.93,17.83579852,0.964493889111321,lag_df4,Lag spline df = 4,2,lag_df4__t2m__lag,19
t2m,lag,3,29.11824125,0.94,17.83579852,0.962545507053652,lag_df4,Lag spline df = 4,2,lag_df4__t2m__lag,19
t2m,lag,3,29.501305709,0.95,17.83579852,0.960485960012473,lag_df4,Lag spline df = 4,2,lag_df4__t2m__lag,19
t2m,lag,3,29.9078923556,0.96,17.83579852,0.958262856456864,lag_df4,Lag spline df = 4,2,lag_df4__t2m__lag,19
t2m,lag,3,30.36365407,0.97,17.83579852,0.955729009494834,lag_df4,Lag spline df = 4,2,lag_df4__t2m__lag,19
t2m,lag,3,30.92796351,0.98,17.83579852,0.95253624507752,lag_df4,Lag spline df = 4,2,lag_df4__t2m__lag,19
t2m,lag,3,31.69631284,0.99,17.83579852,0.948103431182911,lag_df4,Lag spline df = 4,2,lag_df4__t2m__lag,19
rh,lag,3,43.4228235,0.01,75.82061299,1.00803375119191,lag_df4,Lag spline df = 4,2,lag_df4__rh__lag,20
rh,lag,3,47.16705672,0.02,75.82061299,1.00121946760021,lag_df4,Lag spline df = 4,2,lag_df4__rh__lag,20
rh,lag,3,49.4726937878,0.03,75.82061299,0.997795947174963,lag_df4,Lag spline df = 4,2,lag_df4__rh__lag,20
rh,lag,3,51.44309564,0.04,75.82061299,0.995370506024265,lag_df4,Lag spline df = 4,2,lag_df4__rh__lag,20
rh,lag,3,53.09781287,0.05,75.82061299,0.993707861776867,lag_df4,Lag spline df = 4,2,lag_df4__rh__lag,20
rh,lag,3,54.41444232,0.06,75.82061299,0.99263894593652,lag_df4,Lag spline df = 4,2,lag_df4__rh__lag,20
rh,lag,3,55.65418882,0.07,75.82061299,0.991845241061275,lag_df4,Lag spline df = 4,2,lag_df4__rh__lag,20
rh,lag,3,56.70115055,0.08,75.82061299,0.991340319960754,lag_df4,Lag spline df = 4,2,lag_df4__rh__lag,20
rh,lag,3,57.6210074762,0.09,75.82061299,0.991024815323147,lag_df4,Lag spline df = 4,2,lag_df4__rh__lag,20
rh,lag,3,58.46959508,0.1,75.82061299,0.990842363520362,lag_df4,Lag spline df = 4,2,lag_df4__rh__lag,20
rh,lag,3,59.2549475852,0.11,75.82061299,0.990768219822092,lag_df4,Lag spline df = 4,2,lag_df4__rh__lag,20
rh,lag,3,60.00926765,0.12,75.82061299,0.990784310930982,lag_df4,Lag spline df = 4,2,lag_df4__rh__lag,20
rh,lag,3,60.67693483,0.13,75.82061299,0.99087113750193,lag_df4,Lag spline df = 4,2,lag_df4__rh__lag,20
rh,lag,3,61.28794591,0.14,75.82061299,0.991011260586679,lag_df4,Lag spline df = 4,2,lag_df4__rh__lag,20
rh,lag,3,61.870226994,0.15,75.82061299,0.991199517354278,lag_df4,Lag spline df = 4,2,lag_df4__rh__lag,20
rh,lag,3,62.4452779016,0.16,75.82061299,0.99143856188752,lag_df4,Lag spline df = 4,2,lag_df4__rh__lag,20
rh,lag,3,63.02605888,0.17,75.82061299,0.991734287927695,lag_df4,Lag spline df = 4,2,lag_df4__rh__lag,20
rh,lag,3,63.59003994,0.18,75.82061299,0.992074372502237,lag_df4,Lag spline df = 4,2,lag_df4__rh__lag,20
rh,lag,3,64.11654005,0.19,75.82061299,0.99243951332818,lag_df4,Lag spline df = 4,2,lag_df4__rh__lag,20
rh,lag,3,64.60864866,0.2,75.82061299,0.992822916861553,lag_df4,Lag spline df = 4,2,lag_df4__rh__lag,20
rh,lag,3,65.111275075,0.21,75.82061299,0.993257011791664,lag_df4,Lag spline df = 4,2,lag_df4__rh__lag,20
rh,lag,3,65.5816892668,0.22,75.82061299,0.993702630871761,lag_df4,Lag spline df = 4,2,lag_df4__rh__lag,20
rh,lag,3,66.05530232,0.23,75.82061299,0.994190139080357,lag_df4,Lag spline df = 4,2,lag_df4__rh__lag,20
rh,lag,3,66.5126062844,0.24,75.82061299,0.994698259217859,lag_df4,Lag spline df = 4,2,lag_df4__rh__lag,20
rh,lag,3,66.953352465,0.25,75.82061299,0.995223122777147,lag_df4,Lag spline df = 4,2,lag_df4__rh__lag,20
rh,lag,3,67.3694363,0.26,75.82061299,0.995749191112886,lag_df4,Lag spline df = 4,2,lag_df4__rh__lag,20
rh,lag,3,67.7838261904,0.27,75.82061299,0.996295943252866,lag_df4,Lag spline df = 4,2,lag_df4__rh__lag,20
rh,lag,3,68.18887691,0.28,75.82061299,0.996844684163517,lag_df4,Lag spline df = 4,2,lag_df4__rh__lag,20
rh,lag,3,68.5887089386,0.29,75.82061299,0.997392844084778,lag_df4,Lag spline df = 4,2,lag_df4__rh__lag,20
rh,lag,3,68.95311897,0.3,75.82061299,0.997891913395673,lag_df4,Lag spline df = 4,2,lag_df4__rh__lag,20
rh,lag,3,69.31045294,0.31,75.82061299,0.998375334559842,lag_df4,Lag spline df = 4,2,lag_df4__rh__lag,20
rh,lag,3,69.70011859,0.32,75.82061299,0.998889643831302,lag_df4,Lag spline df = 4,2,lag_df4__rh__lag,20
rh,lag,3,70.06180019,0.33,75.82061299,0.999349301212458,lag_df4,Lag spline df = 4,2,lag_df4__rh__lag,20
rh,lag,3,70.42066879,0.34,75.82061299,0.999783067443888,lag_df4,Lag spline df = 4,2,lag_df4__rh__lag,20
rh,lag,3,70.78281209,0.35,75.82061299,1.00019287473006,lag_df4,Lag spline df = 4,2,lag_df4__rh__lag,20
rh,lag,3,71.1363608956,0.36,75.82061299,1.00056071930276,lag_df4,Lag spline df = 4,2,lag_df4__rh__lag,20
rh,lag,3,71.47014621,0.37,75.82061299,1.00087417777486,lag_df4,Lag spline df = 4,2,lag_df4__rh__lag,20
rh,lag,3,71.8307198432,0.38,75.82061299,1.00117087248964,lag_df4,Lag spline df = 4,2,lag_df4__rh__lag,20
rh,lag,3,72.17282934,0.39,75.82061299,1.0014073651384,lag_df4,Lag spline df = 4,2,lag_df4__rh__lag,20
rh,lag,3,72.50688091,0.4,75.82061299,1.00159152661072,lag_df4,Lag spline df = 4,2,lag_df4__rh__lag,20
rh,lag,3,72.8381635066,0.41,75.82061299,1.001724294192,lag_df4,Lag spline df = 4,2,lag_df4__rh__lag,20
rh,lag,3,73.17061484,0.42,75.82061299,1.00180341145672,lag_df4,Lag spline df = 4,2,lag_df4__rh__lag,20
rh,lag,3,73.51419903,0.43,75.82061299,1.00182375923486,lag_df4,Lag spline df = 4,2,lag_df4__rh__lag,20
rh,lag,3,73.852937464,0.44,75.82061299,1.0017782522866,lag_df4,Lag spline df = 4,2,lag_df4__rh__lag,20
rh,lag,3,74.188871332,0.45,75.82061299,1.00166445850055,lag_df4,Lag spline df = 4,2,lag_df4__rh__lag,20
rh,lag,3,74.54153616,0.46,75.82061299,1.00146672153464,lag_df4,Lag spline df = 4,2,lag_df4__rh__lag,20
rh,lag,3,74.85438637,0.47,75.82061299,1.0012202824878,lag_df4,Lag spline df = 4,2,lag_df4__rh__lag,20
rh,lag,3,75.1753298692,0.48,75.82061299,1.00089432906816,lag_df4,Lag spline df = 4,2,lag_df4__rh__lag,20
rh,lag,3,75.500348,0.49,75.82061299,1.0004850084436,lag_df4,Lag spline df = 4,2,lag_df4__rh__lag,20
rh,lag,3,75.82061299,0.5,75.82061299,1,lag_df4,Lag spline df = 4,2,lag_df4__rh__lag,20
rh,lag,3,76.14059548,0.51,75.82061299,0.999432439552744,lag_df4,Lag spline df = 4,2,lag_df4__rh__lag,20
rh,lag,3,76.46669664,0.52,75.82061299,0.998773318925673,lag_df4,Lag spline df = 4,2,lag_df4__rh__lag,20
rh,lag,3,76.81173388,0.53,75.82061299,0.997994313176578,lag_df4,Lag spline df = 4,2,lag_df4__rh__lag,20
rh,lag,3,77.14257872,0.54,75.82061299,0.997175467595292,lag_df4,Lag spline df = 4,2,lag_df4__rh__lag,20
rh,lag,3,77.484255264,0.55,75.82061299,0.99626316688129,lag_df4,Lag spline df = 4,2,lag_df4__rh__lag,20
rh,lag,3,77.80220115,0.56,75.82061299,0.995359805386219,lag_df4,Lag spline df = 4,2,lag_df4__rh__lag,20
rh,lag,3,78.15767183,0.57,75.82061299,0.994295184027681,lag_df4,Lag spline df = 4,2,lag_df4__rh__lag,20
rh,lag,3,78.49049909,0.58,75.82061299,0.99325315920162,lag_df4,Lag spline df = 4,2,lag_df4__rh__lag,20
rh,lag,3,78.8196280118,0.59,75.82061299,0.992186487372954,lag_df4,Lag spline df = 4,2,lag_df4__rh__lag,20
rh,lag,3,79.13859891,0.6,75.82061299,0.991124543875725,lag_df4,Lag spline df = 4,2,lag_df4__rh__lag,20
rh,lag,3,79.4470599598,0.61,75.82061299,0.99007681708956,lag_df4,Lag spline df = 4,2,lag_df4__rh__lag,20
rh,lag,3,79.7674131904,0.62,75.82061299,0.988972848525999,lag_df4,Lag spline df = 4,2,lag_df4__rh__lag,20
rh,lag,3,80.0983589022,0.63,75.82061299,0.987821648475242,lag_df4,Lag spline df = 4,2,lag_df4__rh__lag,20
rh,lag,3,80.4097504,0.64,75.82061299,0.986734285021986,lag_df4,Lag spline df = 4,2,lag_df4__rh__lag,20
rh,lag,3,80.72734213,0.65,75.82061299,0.985626816162313,lag_df4,Lag spline df = 4,2,lag_df4__rh__lag,20
rh,lag,3,81.0487758924,0.66,75.82061299,0.984513339206637,lag_df4,Lag spline df = 4,2,lag_df4__rh__lag,20
rh,lag,3,81.35610517,0.67,75.82061299,0.983461082576464,lag_df4,Lag spline df = 4,2,lag_df4__rh__lag,20
rh,lag,3,81.66269209,0.68,75.82061299,0.982428592864878,lag_df4,Lag spline df = 4,2,lag_df4__rh__lag,20
rh,lag,3,81.98018683,0.69,75.82061299,0.981382915250716,lag_df4,Lag spline df = 4,2,lag_df4__rh__lag,20
rh,lag,3,82.32716489,0.7,75.82061299,0.980274071625942,lag_df4,Lag spline df = 4,2,lag_df4__rh__lag,20
rh,lag,3,82.65947967,0.71,75.82061299,0.979251863942392,lag_df4,Lag spline df = 4,2,lag_df4__rh__lag,20
rh,lag,3,83.01487976,0.72,75.82061299,0.978209043967341,lag_df4,Lag spline df = 4,2,lag_df4__rh__lag,20
rh,lag,3,83.37899773,0.73,75.82061299,0.977202629329267,lag_df4,Lag spline df = 4,2,lag_df4__rh__lag,20
rh,lag,3,83.72964759,0.74,75.82061299,0.976300467781619,lag_df4,Lag spline df = 4,2,lag_df4__rh__lag,20
rh,lag,3,84.06996044,0.75,75.82061299,0.975494920207649,lag_df4,Lag spline df = 4,2,lag_df4__rh__lag,20
rh,lag,3,84.4145746204,0.76,75.82061299,0.974755001615758,lag_df4,Lag spline df = 4,2,lag_df4__rh__lag,20
rh,lag,3,84.76808338,0.77,75.82061299,0.974074792002894,lag_df4,Lag spline df = 4,2,lag_df4__rh__lag,20
rh,lag,3,85.1130211204,0.78,75.82061299,0.973486084931445,lag_df4,Lag spline df = 4,2,lag_df4__rh__lag,20
rh,lag,3,85.47381418,0.79,75.82061299,0.972947556281782,lag_df4,Lag spline df = 4,2,lag_df4__rh__lag,20
rh,lag,3,85.82826512,0.8,75.82061299,0.972493389454702,lag_df4,Lag spline df = 4,2,lag_df4__rh__lag,20
rh,lag,3,86.2180264,0.81,75.82061299,0.972077300877107,lag_df4,Lag spline df = 4,2,lag_df4__rh__lag,20
rh,lag,3,86.57384488,0.82,75.82061299,0.9717715177643,lag_df4,Lag spline df = 4,2,lag_df4__rh__lag,20
rh,lag,3,86.95452808,0.83,75.82061299,0.97152035830467,lag_df4,Lag spline df = 4,2,lag_df4__rh__lag,20
rh,lag,3,87.3420797804,0.84,75.82061299,0.97134295934194,lag_df4,Lag spline df = 4,2,lag_df4__rh__lag,20
rh,lag,3,87.736073976,0.85,75.82061299,0.971241034532692,lag_df4,Lag spline df = 4,2,lag_df4__rh__lag,20
rh,lag,3,88.15172848,0.86,75.82061299,0.971216368443438,lag_df4,Lag spline df = 4,2,lag_df4__rh__lag,20
rh,lag,3,88.56902152,0.87,75.82061299,0.971274196128927,lag_df4,Lag spline df = 4,2,lag_df4__rh__lag,20
rh,lag,3,88.94708535,0.88,75.82061299,0.971395499659609,lag_df4,Lag spline df = 4,2,lag_df4__rh__lag,20
rh,lag,3,89.3613981988,0.89,75.82061299,0.971600919309098,lag_df4,Lag spline df = 4,2,lag_df4__rh__lag,20
rh,lag,3,89.80406458,0.9,75.82061299,0.971900928482111,lag_df4,Lag spline df = 4,2,lag_df4__rh__lag,20
rh,lag,3,90.25429907,0.91,75.82061299,0.9722878039073,lag_df4,Lag spline df = 4,2,lag_df4__rh__lag,20
rh,lag,3,90.725424216,0.92,75.82061299,0.972776841049219,lag_df4,Lag spline df = 4,2,lag_df4__rh__lag,20
rh,lag,3,91.2275955756,0.93,75.82061299,0.973388187852171,lag_df4,Lag spline df = 4,2,lag_df4__rh__lag,20
rh,lag,3,91.7586939664,0.94,75.82061299,0.9741302876884,lag_df4,Lag spline df = 4,2,lag_df4__rh__lag,20
rh,lag,3,92.35549152,0.95,75.82061299,0.975073938832983,lag_df4,Lag spline df = 4,2,lag_df4__rh__lag,20
rh,lag,3,92.96334213,0.96,75.82061299,0.976145850356124,lag_df4,Lag spline df = 4,2,lag_df4__rh__lag,20
rh,lag,3,93.63484213,0.97,75.82061299,0.977449061531701,lag_df4,Lag spline df = 4,2,lag_df4__rh__lag,20
rh,lag,3,94.36034237,0.98,75.82061299,0.978983753620452,lag_df4,Lag spline df = 4,2,lag_df4__rh__lag,20
rh,lag,3,95.41868598,0.99,75.82061299,0.981426962113479,lag_df4,Lag spline df = 4,2,lag_df4__rh__lag,20
ssr,lag,3,1.047656,0.01,12.951992,0.958472977582002,lag_df4,Lag spline df = 4,2,lag_df4__ssr__lag,21
ssr,lag,3,1.288044,0.02,12.951992,0.959970462670613,lag_df4,Lag spline df = 4,2,lag_df4__ssr__lag,21
ssr,lag,3,1.476156,0.03,12.951992,0.96114054339907,lag_df4,Lag spline df = 4,2,lag_df4__ssr__lag,21
ssr,lag,3,1.68580608,0.04,12.951992,0.962441878620757,lag_df4,Lag spline df = 4,2,lag_df4__ssr__lag,21
ssr,lag,3,1.8897614,0.05,12.951992,0.963704254960476,lag_df4,Lag spline df = 4,2,lag_df4__ssr__lag,21
ssr,lag,3,2.099136,0.06,12.951992,0.964995547569667,lag_df4,Lag spline df = 4,2,lag_df4__ssr__lag,21
ssr,lag,3,2.315168699,0.07,12.951992,0.966321995814844,lag_df4,Lag spline df = 4,2,lag_df4__ssr__lag,21
ssr,lag,3,2.525196,0.08,12.951992,0.967604835978786,lag_df4,Lag spline df = 4,2,lag_df4__ssr__lag,21
ssr,lag,3,2.74445,0.09,12.951992,0.968935893663563,lag_df4,Lag spline df = 4,2,lag_df4__ssr__lag,21
ssr,lag,3,2.981596,0.1,12.951992,0.970364952325032,lag_df4,Lag spline df = 4,2,lag_df4__ssr__lag,21
ssr,lag,3,3.22228,0.11,12.951992,0.971802640997228,lag_df4,Lag spline df = 4,2,lag_df4__ssr__lag,21
ssr,lag,3,3.45249824,0.12,12.951992,0.97316449736758,lag_df4,Lag spline df = 4,2,lag_df4__ssr__lag,21
ssr,lag,3,3.690868,0.13,12.951992,0.974559448705805,lag_df4,Lag spline df = 4,2,lag_df4__ssr__lag,21
ssr,lag,3,3.91851392,0.14,12.951992,0.975875961782644,lag_df4,Lag spline df = 4,2,lag_df4__ssr__lag,21
ssr,lag,3,4.174388,0.15,12.951992,0.977335835192147,lag_df4,Lag spline df = 4,2,lag_df4__ssr__lag,21
ssr,lag,3,4.42248992,0.16,12.951992,0.9787296199352,lag_df4,Lag spline df = 4,2,lag_df4__ssr__lag,21
ssr,lag,3,4.662908,0.17,12.951992,0.980058233213335,lag_df4,Lag spline df = 4,2,lag_df4__ssr__lag,21
ssr,lag,3,4.926204,0.18,12.951992,0.981486617377659,lag_df4,Lag spline df = 4,2,lag_df4__ssr__lag,21
ssr,lag,3,5.19858016,0.19,12.951992,0.98293287021983,lag_df4,Lag spline df = 4,2,lag_df4__ssr__lag,21
ssr,lag,3,5.473332651,0.2,12.951992,0.98435716914027,lag_df4,Lag spline df = 4,2,lag_df4__ssr__lag,21
ssr,lag,3,5.74092264,0.21,12.951992,0.98570879048881,lag_df4,Lag spline df = 4,2,lag_df4__ssr__lag,21
ssr,lag,3,6.02008464,0.22,12.951992,0.987079165592088,lag_df4,Lag spline df = 4,2,lag_df4__ssr__lag,21
ssr,lag,3,6.27951428000001,0.23,12.951992,0.988314253236911,lag_df4,Lag spline df = 4,2,lag_df4__ssr__lag,21
ssr,lag,3,6.56322,0.24,12.951992,0.989620191637385,lag_df4,Lag spline df = 4,2,lag_df4__ssr__lag,21
ssr,lag,3,6.851668,0.25,12.951992,0.990897510185905,lag_df4,Lag spline df = 4,2,lag_df4__ssr__lag,21
ssr,lag,3,7.15414,0.26,12.951992,0.992179240635611,lag_df4,Lag spline df = 4,2,lag_df4__ssr__lag,21
ssr,lag,3,7.44332408,0.27,12.951992,0.993345979310367,lag_df4,Lag spline df = 4,2,lag_df4__ssr__lag,21
ssr,lag,3,7.755374,0.28,12.951992,0.994536581255278,lag_df4,Lag spline df = 4,2,lag_df4__ssr__lag,21
ssr,lag,3,8.03380496,0.29,12.951992,0.995535530003795,lag_df4,Lag spline df = 4,2,lag_df4__ssr__lag,21
ssr,lag,3,8.32465709,0.3,12.951992,0.996511725867998,lag_df4,Lag spline df = 4,2,lag_df4__ssr__lag,21
ssr,lag,3,8.613628,0.31,12.951992,0.997410055203127,lag_df4,Lag spline df = 4,2,lag_df4__ssr__lag,21
ssr,lag,3,8.890476,0.32,12.951992,0.998200602541073,lag_df4,Lag spline df = 4,2,lag_df4__ssr__lag,21
ssr,lag,3,9.14347496,0.33,12.951992,0.998860450178255,lag_df4,Lag spline df = 4,2,lag_df4__ssr__lag,21
ssr,lag,3,9.416752,0.34,12.951992,0.999503281170033,lag_df4,Lag spline df = 4,2,lag_df4__ssr__lag,21
ssr,lag,3,9.6743248,0.35,12.951992,1.00004017212979,lag_df4,Lag spline df = 4,2,lag_df4__ssr__lag,21
ssr,lag,3,9.92902,0.36,12.951992,1.0005028050576,lag_df4,Lag spline df = 4,2,lag_df4__ssr__lag,21
ssr,lag,3,10.19218696,0.37,12.951992,1.00090704052878,lag_df4,Lag spline df = 4,2,lag_df4__ssr__lag,21
ssr,lag,3,10.450388,0.38,12.951992,1.00122831969044,lag_df4,Lag spline df = 4,2,lag_df4__ssr__lag,21
ssr,lag,3,10.698172,0.39,12.951992,1.00146423601793,lag_df4,Lag spline df = 4,2,lag_df4__ssr__lag,21
ssr,lag,3,10.950416,0.4,12.951992,1.0016293502732,lag_df4,Lag spline df = 4,2,lag_df4__ssr__lag,21
ssr,lag,3,11.19210364,0.41,12.951992,1.00171448950391,lag_df4,Lag spline df = 4,2,lag_df4__ssr__lag,21
ssr,lag,3,11.43579168,0.42,12.951992,1.00172595064472,lag_df4,Lag spline df = 4,2,lag_df4__ssr__lag,21
ssr,lag,3,11.6591764,0.43,12.951992,1.00166917033592,lag_df4,Lag spline df = 4,2,lag_df4__ssr__lag,21
ssr,lag,3,11.876588,0.44,12.951992,1.00155063441163,lag_df4,Lag spline df = 4,2,lag_df4__ssr__lag,21
ssr,lag,3,12.095456,0.45,12.951992,1.00136686004065,lag_df4,Lag spline df = 4,2,lag_df4__ssr__lag,21
ssr,lag,3,12.28402688,0.46,12.951992,1.00115561511035,lag_df4,Lag spline df = 4,2,lag_df4__ssr__lag,21
ssr,lag,3,12.459274,0.47,12.951992,1.00091457896352,lag_df4,Lag spline df = 4,2,lag_df4__ssr__lag,21
ssr,lag,3,12.624008,0.48,12.951992,1.00064808282628,lag_df4,Lag spline df = 4,2,lag_df4__ssr__lag,21
ssr,lag,3,12.7923739538,0.49,12.951992,1.00033512690721,lag_df4,Lag spline df = 4,2,lag_df4__ssr__lag,21
ssr,lag,3,12.951992,0.5,12.951992,1,lag_df4,Lag spline df = 4,2,lag_df4__ssr__lag,21
ssr,lag,3,13.111232,0.51,12.951992,0.999628305877643,lag_df4,Lag spline df = 4,2,lag_df4__ssr__lag,21
ssr,lag,3,13.279904,0.52,12.951992,0.999195748657586,lag_df4,Lag spline df = 4,2,lag_df4__ssr__lag,21
ssr,lag,3,13.44872956,0.53,12.951992,0.998725218178439,lag_df4,Lag spline df = 4,2,lag_df4__ssr__lag,21
ssr,lag,3,13.615078,0.54,12.951992,0.998227239832922,lag_df4,Lag spline df = 4,2,lag_df4__ssr__lag,21
ssr,lag,3,13.7742668,0.55,12.951992,0.997720973584476,lag_df4,Lag spline df = 4,2,lag_df4__ssr__lag,21
ssr,lag,3,13.92626144,0.56,12.951992,0.997212404945776,lag_df4,Lag spline df = 4,2,lag_df4__ssr__lag,21
ssr,lag,3,14.085936,0.57,12.951992,0.996653659460106,lag_df4,Lag spline df = 4,2,lag_df4__ssr__lag,21
ssr,lag,3,14.266164,0.58,12.951992,0.995995446059588,lag_df4,Lag spline df = 4,2,lag_df4__ssr__lag,21
ssr,lag,3,14.462852,0.59,12.951992,0.995247195477964,lag_df4,Lag spline df = 4,2,lag_df4__ssr__lag,21
ssr,lag,3,14.661116,0.6,12.951992,0.994465197806173,lag_df4,Lag spline df = 4,2,lag_df4__ssr__lag,21
ssr,lag,3,14.86275552,0.61,12.951992,0.993645415975257,lag_df4,Lag spline df = 4,2,lag_df4__ssr__lag,21
ssr,lag,3,15.102828,0.62,12.951992,0.99264297942039,lag_df4,Lag spline df = 4,2,lag_df4__ssr__lag,21
ssr,lag,3,15.319168,0.63,12.951992,0.991720569360789,lag_df4,Lag spline df = 4,2,lag_df4__ssr__lag,21
ssr,lag,3,15.571802,0.64,12.951992,0.990627633995773,lag_df4,Lag spline df = 4,2,lag_df4__ssr__lag,21
ssr,lag,3,15.810170492,0.65,12.951992,0.989587799522201,lag_df4,Lag spline df = 4,2,lag_df4__ssr__lag,21
ssr,lag,3,16.09252,0.66,12.951992,0.988354821397857,lag_df4,Lag spline df = 4,2,lag_df4__ssr__lag,21
ssr,lag,3,16.36621968,0.67,12.951992,0.987168378119324,lag_df4,Lag spline df = 4,2,lag_df4__ssr__lag,21
ssr,lag,3,16.616656,0.68,12.951992,0.986099131923226,lag_df4,Lag spline df = 4,2,lag_df4__ssr__lag,21
ssr,lag,3,16.885948,0.69,12.951992,0.984976003736719,lag_df4,Lag spline df = 4,2,lag_df4__ssr__lag,21
ssr,lag,3,17.17008,0.7,12.951992,0.983831303617028,lag_df4,Lag spline df = 4,2,lag_df4__ssr__lag,21
ssr,lag,3,17.469936,0.71,12.951992,0.982680411179837,lag_df4,Lag spline df = 4,2,lag_df4__ssr__lag,21
ssr,lag,3,17.77971664,0.72,12.951992,0.981566855678385,lag_df4,Lag spline df = 4,2,lag_df4__ssr__lag,21
ssr,lag,3,18.09634716,0.73,12.951992,0.980522851722262,lag_df4,Lag spline df = 4,2,lag_df4__ssr__lag,21
ssr,lag,3,18.40144784,0.74,12.951992,0.979621278263141,lag_df4,Lag spline df = 4,2,lag_df4__ssr__lag,21
ssr,lag,3,18.723212,0.75,12.951992,0.978796915640715,lag_df4,Lag spline df = 4,2,lag_df4__ssr__lag,21
ssr,lag,3,19.03405856,0.76,12.951992,0.978135656131098,lag_df4,Lag spline df = 4,2,lag_df4__ssr__lag,21
ssr,lag,3,19.330412,0.77,12.951992,0.977628292720054,lag_df4,Lag spline df = 4,2,lag_df4__ssr__lag,21
ssr,lag,3,19.640488,0.78,12.951992,0.977222356610277,lag_df4,Lag spline df = 4,2,lag_df4__ssr__lag,21
ssr,lag,3,19.93006138,0.79,12.951992,0.976955347155849,lag_df4,Lag spline df = 4,2,lag_df4__ssr__lag,21
ssr,lag,3,20.242004,0.8,12.951992,0.97678528441196,lag_df4,Lag spline df = 4,2,lag_df4__ssr__lag,21
ssr,lag,3,20.557156,0.81,12.951992,0.976733596817386,lag_df4,Lag spline df = 4,2,lag_df4__ssr__lag,21
ssr,lag,3,20.86391825,0.82,12.951992,0.9767956416408,lag_df4,Lag spline df = 4,2,lag_df4__ssr__lag,21
ssr,lag,3,21.146182,0.83,12.951992,0.976947638770659,lag_df4,Lag spline df = 4,2,lag_df4__ssr__lag,21
ssr,lag,3,21.44854315,0.84,12.951992,0.977208239773588,lag_df4,Lag spline df = 4,2,lag_df4__ssr__lag,21
ssr,lag,3,21.7668114,0.85,12.951992,0.977588310615406,lag_df4,Lag spline df = 4,2,lag_df4__ssr__lag,21
ssr,lag,3,22.0917784,0.86,12.951992,0.978084445945351,lag_df4,Lag spline df = 4,2,lag_df4__ssr__lag,21
ssr,lag,3,22.409172,0.87,12.951992,0.978670629728087,lag_df4,Lag spline df = 4,2,lag_df4__ssr__lag,21
ssr,lag,3,22.73361,0.88,12.951992,0.979369730220975,lag_df4,Lag spline df = 4,2,lag_df4__ssr__lag,21
ssr,lag,3,23.06091188,0.89,12.951992,0.980173388610504,lag_df4,Lag spline df = 4,2,lag_df4__ssr__lag,21
ssr,lag,3,23.396028,0.9,12.951992,0.981094443891432,lag_df4,Lag spline df = 4,2,lag_df4__ssr__lag,21
ssr,lag,3,23.76181932,0.91,12.951992,0.982208227817451,lag_df4,Lag spline df = 4,2,lag_df4__ssr__lag,21
ssr,lag,3,24.15172,0.92,12.951992,0.983513925699688,lag_df4,Lag spline df = 4,2,lag_df4__ssr__lag,21
ssr,lag,3,24.53726724,0.93,12.951992,0.9849188287927,lag_df4,Lag spline df = 4,2,lag_df4__ssr__lag,21
ssr,lag,3,24.93179,0.94,12.951992,0.986466747824228,lag_df4,Lag spline df = 4,2,lag_df4__ssr__lag,21
ssr,lag,3,25.34258,0.95,12.951992,0.988189600115302,lag_df4,Lag spline df = 4,2,lag_df4__ssr__lag,21
ssr,lag,3,25.7937344000001,0.96,12.951992,0.990203065615563,lag_df4,Lag spline df = 4,2,lag_df4__ssr__lag,21
ssr,lag,3,26.314284,0.97,12.951992,0.992670713677537,lag_df4,Lag spline df = 4,2,lag_df4__ssr__lag,21
ssr,lag,3,26.920192,0.98,12.951992,0.995717300327049,lag_df4,Lag spline df = 4,2,lag_df4__ssr__lag,21
ssr,lag,3,27.695812,0.99,12.951992,0.999851442049074,lag_df4,Lag spline df = 4,2,lag_df4__ssr__lag,21
uv,lag,3,0.1518779888,0.01,1.602408672,0.992747645227131,lag_df4,Lag spline df = 4,2,lag_df4__uv__lag,22
uv,lag,3,0.213804738,0.02,1.602408672,0.993041130122021,lag_df4,Lag spline df = 4,2,lag_df4__uv__lag,22
uv,lag,3,0.262914309,0.03,1.602408672,0.993275572686448,lag_df4,Lag spline df = 4,2,lag_df4__uv__lag,22
uv,lag,3,0.30814718764,0.04,1.602408672,0.993493160134421,lag_df4,Lag spline df = 4,2,lag_df4__uv__lag,22
uv,lag,3,0.347773233,0.05,1.602408672,0.99368529471871,lag_df4,Lag spline df = 4,2,lag_df4__uv__lag,22
uv,lag,3,0.382616959,0.06,1.602408672,0.993855562291525,lag_df4,Lag spline df = 4,2,lag_df4__uv__lag,22
uv,lag,3,0.417750824,0.07,1.602408672,0.994028629106136,lag_df4,Lag spline df = 4,2,lag_df4__uv__lag,22
uv,lag,3,0.450670075,0.08,1.602408672,0.994192156789617,lag_df4,Lag spline df = 4,2,lag_df4__uv__lag,22
uv,lag,3,0.482908917,0.09,1.602408672,0.994353690651949,lag_df4,Lag spline df = 4,2,lag_df4__uv__lag,22
uv,lag,3,0.513952899,0.1,1.602408672,0.994510625210511,lag_df4,Lag spline df = 4,2,lag_df4__uv__lag,22
uv,lag,3,0.54419106,0.11,1.602408672,0.994664878711752,lag_df4,Lag spline df = 4,2,lag_df4__uv__lag,22
uv,lag,3,0.5740503698,0.12,1.602408672,0.994818627174101,lag_df4,Lag spline df = 4,2,lag_df4__uv__lag,22
uv,lag,3,0.603616304,0.13,1.602408672,0.994972338977593,lag_df4,Lag spline df = 4,2,lag_df4__uv__lag,22
uv,lag,3,0.63170350208,0.14,1.602408672,0.995119789991534,lag_df4,Lag spline df = 4,2,lag_df4__uv__lag,22
uv,lag,3,0.657707503,0.15,1.602408672,0.995257601336349,lag_df4,Lag spline df = 4,2,lag_df4__uv__lag,22
uv,lag,3,0.685873397,0.16,1.602408672,0.995408337186276,lag_df4,Lag spline df = 4,2,lag_df4__uv__lag,22
uv,lag,3,0.71194736766,0.17,1.602408672,0.995549292775498,lag_df4,Lag spline df = 4,2,lag_df4__uv__lag,22
uv,lag,3,0.73830296868,0.18,1.602408672,0.995693207576832,lag_df4,Lag spline df = 4,2,lag_df4__uv__lag,22
uv,lag,3,0.764170156,0.19,1.602408672,0.995835911306386,lag_df4,Lag spline df = 4,2,lag_df4__uv__lag,22
uv,lag,3,0.7905876288,0.2,1.602408672,0.995983192288047,lag_df4,Lag spline df = 4,2,lag_df4__uv__lag,22
uv,lag,3,0.817221379,0.21,1.602408672,0.996133310136354,lag_df4,Lag spline df = 4,2,lag_df4__uv__lag,22
uv,lag,3,0.841981484,0.22,1.602408672,0.996274384588329,lag_df4,Lag spline df = 4,2,lag_df4__uv__lag,22
uv,lag,3,0.8693569,0.23,1.602408672,0.996432116571157,lag_df4,Lag spline df = 4,2,lag_df4__uv__lag,22
uv,lag,3,0.89504576,0.24,1.602408672,0.996581860207881,lag_df4,Lag spline df = 4,2,lag_df4__uv__lag,22
uv,lag,3,0.920997436,0.25,1.602408672,0.996734887588403,lag_df4,Lag spline df = 4,2,lag_df4__uv__lag,22
uv,lag,3,0.948425089,0.26,1.602408672,0.996898487394962,lag_df4,Lag spline df = 4,2,lag_df4__uv__lag,22
uv,lag,3,0.97531769462,0.27,1.602408672,0.997060333617415,lag_df4,Lag spline df = 4,2,lag_df4__uv__lag,22
uv,lag,3,1.00075964028,0.28,1.602408672,0.997214291072114,lag_df4,Lag spline df = 4,2,lag_df4__uv__lag,22
uv,lag,3,1.027963029,0.29,1.602408672,0.997379309603195,lag_df4,Lag spline df = 4,2,lag_df4__uv__lag,22
uv,lag,3,1.054094025,0.3,1.602408672,0.997537728744302,lag_df4,Lag spline df = 4,2,lag_df4__uv__lag,22
uv,lag,3,1.080290471,0.31,1.602408672,0.997695969800216,lag_df4,Lag spline df = 4,2,lag_df4__uv__lag,22
uv,lag,3,1.1057988152,0.32,1.602408672,0.997849046806979,lag_df4,Lag spline df = 4,2,lag_df4__uv__lag,22
uv,lag,3,1.13224090036,0.33,1.602408672,0.99800620239293,lag_df4,Lag spline df = 4,2,lag_df4__uv__lag,22
uv,lag,3,1.159713484,0.34,1.602408672,0.998167317072343,lag_df4,Lag spline df = 4,2,lag_df4__uv__lag,22
uv,lag,3,1.186434233,0.35,1.602408672,0.998321387565595,lag_df4,Lag spline df = 4,2,lag_df4__uv__lag,22
uv,lag,3,1.21446051816,0.36,1.602408672,0.998479633947223,lag_df4,Lag spline df = 4,2,lag_df4__uv__lag,22
uv,lag,3,1.2417229905,0.37,1.602408672,0.998629726068934,lag_df4,Lag spline df = 4,2,lag_df4__uv__lag,22
uv,lag,3,1.269612176,0.38,1.602408672,0.998778780138765,lag_df4,Lag spline df = 4,2,lag_df4__uv__lag,22
uv,lag,3,1.296485212,0.39,1.602408672,0.998917572598236,lag_df4,Lag spline df = 4,2,lag_df4__uv__lag,22
uv,lag,3,1.323729708,0.4,1.602408672,0.999052906044452,lag_df4,Lag spline df = 4,2,lag_df4__uv__lag,22
uv,lag,3,1.35032709,0.41,1.602408672,0.999179287859086,lag_df4,Lag spline df = 4,2,lag_df4__uv__lag,22
uv,lag,3,1.378114201,0.42,1.602408672,0.999304719781983,lag_df4,Lag spline df = 4,2,lag_df4__uv__lag,22
uv,lag,3,1.404594531,0.43,1.602408672,0.999417456660398,lag_df4,Lag spline df = 4,2,lag_df4__uv__lag,22
uv,lag,3,1.432058604,0.44,1.602408672,0.99952683596925,lag_df4,Lag spline df = 4,2,lag_df4__uv__lag,22
uv,lag,3,1.459899783,0.45,1.602408672,0.999629314178386,lag_df4,Lag spline df = 4,2,lag_df4__uv__lag,22
uv,lag,3,1.48896145052,0.46,1.602408672,0.999726638887399,lag_df4,Lag spline df = 4,2,lag_df4__uv__lag,22
uv,lag,3,1.51623422688,0.47,1.602408672,0.999808435270153,lag_df4,Lag spline df = 4,2,lag_df4__uv__lag,22
uv,lag,3,1.544309304,0.48,1.602408672,0.999882407895026,lag_df4,Lag spline df = 4,2,lag_df4__uv__lag,22
uv,lag,3,1.573581019,0.49,1.602408672,0.999947849999373,lag_df4,Lag spline df = 4,2,lag_df4__uv__lag,22
uv,lag,3,1.602408672,0.5,1.602408672,1,lag_df4,Lag spline df = 4,2,lag_df4__uv__lag,22
uv,lag,3,1.63209122322,0.51,1.602408672,1.0000404211862,lag_df4,Lag spline df = 4,2,lag_df4__uv__lag,22
uv,lag,3,1.661968693,0.52,1.602408672,1.00006759511235,lag_df4,Lag spline df = 4,2,lag_df4__uv__lag,22
uv,lag,3,1.690811357,0.53,1.602408672,1.00008119665199,lag_df4,Lag spline df = 4,2,lag_df4__uv__lag,22
uv,lag,3,1.72027896676,0.54,1.602408672,1.0000825108757,lag_df4,Lag spline df = 4,2,lag_df4__uv__lag,22
uv,lag,3,1.7503909666,0.55,1.602408672,1.00007096101809,lag_df4,Lag spline df = 4,2,lag_df4__uv__lag,22
uv,lag,3,1.782223756,0.56,1.602408672,1.00004485853253,lag_df4,Lag spline df = 4,2,lag_df4__uv__lag,22
uv,lag,3,1.813248393,0.57,1.602408672,1.0000059595519,lag_df4,Lag spline df = 4,2,lag_df4__uv__lag,22
uv,lag,3,1.845118643,0.58,1.602408672,0.999952460074854,lag_df4,Lag spline df = 4,2,lag_df4__uv__lag,22
uv,lag,3,1.877945658,0.59,1.602408672,0.999883323394327,lag_df4,Lag spline df = 4,2,lag_df4__uv__lag,22
uv,lag,3,1.910097827,0.6,1.602408672,0.999802119756868,lag_df4,Lag spline df = 4,2,lag_df4__uv__lag,22
uv,lag,3,1.941854488,0.61,1.602408672,0.999709117548193,lag_df4,Lag spline df = 4,2,lag_df4__uv__lag,22
uv,lag,3,1.977327533,0.62,1.602408672,0.999590562831291,lag_df4,Lag spline df = 4,2,lag_df4__uv__lag,22
uv,lag,3,2.010165944,0.63,1.602408672,0.999467365647019,lag_df4,Lag spline df = 4,2,lag_df4__uv__lag,22
uv,lag,3,2.043144463,0.64,1.602408672,0.999330974157281,lag_df4,Lag spline df = 4,2,lag_df4__uv__lag,22
uv,lag,3,2.079535988,0.65,1.602408672,0.999166136007966,lag_df4,Lag spline df = 4,2,lag_df4__uv__lag,22
uv,lag,3,2.114840752,0.66,1.602408672,0.998992265296659,lag_df4,Lag spline df = 4,2,lag_df4__uv__lag,22
uv,lag,3,2.149753728,0.67,1.602408672,0.998807217459117,lag_df4,Lag spline df = 4,2,lag_df4__uv__lag,22
uv,lag,3,2.187356823,0.68,1.602408672,0.998593793147105,lag_df4,Lag spline df = 4,2,lag_df4__uv__lag,22
uv,lag,3,2.2258354235,0.69,1.602408672,0.998360751607677,lag_df4,Lag spline df = 4,2,lag_df4__uv__lag,22
uv,lag,3,2.265475525,0.7,1.602408672,0.998105742891005,lag_df4,Lag spline df = 4,2,lag_df4__uv__lag,22
uv,lag,3,2.305442102,0.71,1.602408672,0.997833880438395,lag_df4,Lag spline df = 4,2,lag_df4__uv__lag,22
uv,lag,3,2.346769631,0.72,1.602408672,0.997537818149375,lag_df4,Lag spline df = 4,2,lag_df4__uv__lag,22
uv,lag,3,2.38905849504,0.73,1.602408672,0.997219827386218,lag_df4,Lag spline df = 4,2,lag_df4__uv__lag,22
uv,lag,3,2.431274461,0.74,1.602408672,0.996887913006947,lag_df4,Lag spline df = 4,2,lag_df4__uv__lag,22
uv,lag,3,2.475798824,0.75,1.602408672,0.996522963099514,lag_df4,Lag spline df = 4,2,lag_df4__uv__lag,22
uv,lag,3,2.52086474804,0.76,1.602408672,0.996138722184151,lag_df4,Lag spline df = 4,2,lag_df4__uv__lag,22
uv,lag,3,2.570087707,0.77,1.602408672,0.995702246127716,lag_df4,Lag spline df = 4,2,lag_df4__uv__lag,22
uv,lag,3,2.61903858,0.78,1.602408672,0.995250949906795,lag_df4,Lag spline df = 4,2,lag_df4__uv__lag,22
uv,lag,3,2.67040879194,0.79,1.602408672,0.994759041723852,lag_df4,Lag spline df = 4,2,lag_df4__uv__lag,22
uv,lag,3,2.722770963,0.8,1.602408672,0.994238526396973,lag_df4,Lag spline df = 4,2,lag_df4__uv__lag,22
uv,lag,3,2.778576541,0.81,1.602408672,0.993662763358414,lag_df4,Lag spline df = 4,2,lag_df4__uv__lag,22
uv,lag,3,2.837944678,0.82,1.602408672,0.993026696566697,lag_df4,Lag spline df = 4,2,lag_df4__uv__lag,22
uv,lag,3,2.89833537,0.83,1.602408672,0.992355056741797,lag_df4,Lag spline df = 4,2,lag_df4__uv__lag,22
uv,lag,3,2.956498114,0.84,1.602408672,0.991685005392195,lag_df4,Lag spline df = 4,2,lag_df4__uv__lag,22
uv,lag,3,3.018801719,0.85,1.602408672,0.990942320339472,lag_df4,Lag spline df = 4,2,lag_df4__uv__lag,22
uv,lag,3,3.0860664292,0.86,1.602408672,0.990111925524088,lag_df4,Lag spline df = 4,2,lag_df4__uv__lag,22
uv,lag,3,3.155424306,0.87,1.602408672,0.989225061887527,lag_df4,Lag spline df = 4,2,lag_df4__uv__lag,22
uv,lag,3,3.227892421,0.88,1.602408672,0.988265706519449,lag_df4,Lag spline df = 4,2,lag_df4__uv__lag,22
uv,lag,3,3.31019733728,0.89,1.602408672,0.987136237331326,lag_df4,Lag spline df = 4,2,lag_df4__uv__lag,22
uv,lag,3,3.3960837768,0.9,1.602408672,0.985913195015791,lag_df4,Lag spline df = 4,2,lag_df4__uv__lag,22
uv,lag,3,3.49056723602,0.91,1.602408672,0.984516368686294,lag_df4,Lag spline df = 4,2,lag_df4__uv__lag,22
uv,lag,3,3.59490678488001,0.92,1.602408672,0.982912698561572,lag_df4,Lag spline df = 4,2,lag_df4__uv__lag,22
uv,lag,3,3.709798306,0.93,1.602408672,0.981074483624535,lag_df4,Lag spline df = 4,2,lag_df4__uv__lag,22
uv,lag,3,3.84644909908002,0.94,1.602408672,0.978792263440673,lag_df4,Lag spline df = 4,2,lag_df4__uv__lag,22
uv,lag,3,3.987738325,0.95,1.602408672,0.976326701785613,lag_df4,Lag spline df = 4,2,lag_df4__uv__lag,22
uv,lag,3,4.15814505468002,0.96,1.602408672,0.973215460884538,lag_df4,Lag spline df = 4,2,lag_df4__uv__lag,22
uv,lag,3,4.370001285,0.97,1.602408672,0.969147733596719,lag_df4,Lag spline df = 4,2,lag_df4__uv__lag,22
uv,lag,3,4.679744518,0.98,1.602408672,0.962828520912568,lag_df4,Lag spline df = 4,2,lag_df4__uv__lag,22
uv,lag,3,5.15570762076,0.99,1.602408672,0.95234464377946,lag_df4,Lag spline df = 4,2,lag_df4__uv__lag,22
sp,lag,3,88.1985280156,0.01,100.3137165,0.872898835110444,lag_df4,Lag spline df = 4,2,lag_df4__sp__lag,23
sp,lag,3,90.57672201,0.02,100.3137165,0.873436810468405,lag_df4,Lag spline df = 4,2,lag_df4__sp__lag,23
sp,lag,3,91.89576937,0.03,100.3137165,0.877156632634598,lag_df4,Lag spline df = 4,2,lag_df4__sp__lag,23
sp,lag,3,92.32905404,0.04,100.3137165,0.879027179957041,lag_df4,Lag spline df = 4,2,lag_df4__sp__lag,23
sp,lag,3,92.86901139,0.05,100.3137165,0.881854477892107,lag_df4,Lag spline df = 4,2,lag_df4__sp__lag,23
sp,lag,3,93.3860835,0.06,100.3137165,0.885111557365821,lag_df4,Lag spline df = 4,2,lag_df4__sp__lag,23
sp,lag,3,94.10395768,0.07,100.3137165,0.890592553349563,lag_df4,Lag spline df = 4,2,lag_df4__sp__lag,23
sp,lag,3,95.2656756448,0.08,100.3137165,0.90206419065038,lag_df4,Lag spline df = 4,2,lag_df4__sp__lag,23
sp,lag,3,96.07557926,0.09,100.3137165,0.912177437254928,lag_df4,Lag spline df = 4,2,lag_df4__sp__lag,23
sp,lag,3,96.705284734,0.1,100.3137165,0.921369583051828,lag_df4,Lag spline df = 4,2,lag_df4__sp__lag,23
sp,lag,3,97.143047316,0.11,100.3137165,0.928496954274331,lag_df4,Lag spline df = 4,2,lag_df4__sp__lag,23
sp,lag,3,97.4507535684,0.12,100.3137165,0.933888696002819,lag_df4,Lag spline df = 4,2,lag_df4__sp__lag,23
sp,lag,3,97.70139893,0.13,100.3137165,0.938522905754206,lag_df4,Lag spline df = 4,2,lag_df4__sp__lag,23
sp,lag,3,97.9139523764,0.14,100.3137165,0.942628588741232,lag_df4,Lag spline df = 4,2,lag_df4__sp__lag,23
sp,lag,3,98.09685075,0.15,100.3137165,0.946293938478023,lag_df4,Lag spline df = 4,2,lag_df4__sp__lag,23
sp,lag,3,98.2660660552,0.16,100.3137165,0.949796708151709,lag_df4,Lag spline df = 4,2,lag_df4__sp__lag,23
sp,lag,3,98.4178326698,0.17,100.3137165,0.953031424792823,lag_df4,Lag spline df = 4,2,lag_df4__sp__lag,23
sp,lag,3,98.56568229,0.18,100.3137165,0.956268964416896,lag_df4,Lag spline df = 4,2,lag_df4__sp__lag,23
sp,lag,3,98.70787207,0.19,100.3137165,0.959464368518957,lag_df4,Lag spline df = 4,2,lag_df4__sp__lag,23
sp,lag,3,98.83829014,0.2,100.3137165,0.962466962630038,lag_df4,Lag spline df = 4,2,lag_df4__sp__lag,23
sp,lag,3,98.9557528588,0.21,100.3137165,0.965230975857277,lag_df4,Lag spline df = 4,2,lag_df4__sp__lag,23
sp,lag,3,99.06310449,0.22,100.3137165,0.967807262531127,lag_df4,Lag spline df = 4,2,lag_df4__sp__lag,23
sp,lag,3,99.1576556,0.23,100.3137165,0.970116583883972,lag_df4,Lag spline df = 4,2,lag_df4__sp__lag,23
sp,lag,3,99.23788216,0.24,100.3137165,0.972105934560114,lag_df4,Lag spline df = 4,2,lag_df4__sp__lag,23
sp,lag,3,99.30591748,0.25,100.3137165,0.973814703720831,lag_df4,Lag spline df = 4,2,lag_df4__sp__lag,23
sp,lag,3,99.3670635336,0.26,100.3137165,0.975367255792424,lag_df4,Lag spline df = 4,2,lag_df4__sp__lag,23
sp,lag,3,99.42058447,0.27,100.3137165,0.97673800669737,lag_df4,Lag spline df = 4,2,lag_df4__sp__lag,23
sp,lag,3,99.47264437,0.28,100.3137165,0.978080610042319,lag_df4,Lag spline df = 4,2,lag_df4__sp__lag,23
sp,lag,3,99.5197988916,0.29,100.3137165,0.979303575674231,lag_df4,Lag spline df = 4,2,lag_df4__sp__lag,23
sp,lag,3,99.56238086,0.3,100.3137165,0.980412783266415,lag_df4,Lag spline df = 4,2,lag_df4__sp__lag,23
sp,lag,3,99.6039056,0.31,100.3137165,0.981498206049969,lag_df4,Lag spline df = 4,2,lag_df4__sp__lag,23
sp,lag,3,99.6454498244,0.32,100.3137165,0.982587219076953,lag_df4,Lag spline df = 4,2,lag_df4__sp__lag,23
sp,lag,3,99.6836274892,0.33,100.3137165,0.983590162733065,lag_df4,Lag spline df = 4,2,lag_df4__sp__lag,23
sp,lag,3,99.72238688,0.34,100.3137165,0.984610006814968,lag_df4,Lag spline df = 4,2,lag_df4__sp__lag,23
sp,lag,3,99.75967822,0.35,100.3137165,0.985592286174402,lag_df4,Lag spline df = 4,2,lag_df4__sp__lag,23
sp,lag,3,99.7963050796,0.36,100.3137165,0.986557627189912,lag_df4,Lag spline df = 4,2,lag_df4__sp__lag,23
sp,lag,3,99.83223063,0.37,100.3137165,0.987504603753405,lag_df4,Lag spline df = 4,2,lag_df4__sp__lag,23
sp,lag,3,99.86879069,0.38,100.3137165,0.98846799687524,lag_df4,Lag spline df = 4,2,lag_df4__sp__lag,23
sp,lag,3,99.9063923156,0.39,100.3137165,0.989458053015529,lag_df4,Lag spline df = 4,2,lag_df4__sp__lag,23
sp,lag,3,99.94274382,0.4,100.3137165,0.990413992901734,lag_df4,Lag spline df = 4,2,lag_df4__sp__lag,23
sp,lag,3,99.97879248,0.41,100.3137165,0.991360371483245,lag_df4,Lag spline df = 4,2,lag_df4__sp__lag,23
sp,lag,3,100.0134603,0.42,100.3137165,0.992268602236825,lag_df4,Lag spline df = 4,2,lag_df4__sp__lag,23
sp,lag,3,100.049791862,0.43,100.3137165,0.993218005372754,lag_df4,Lag spline df = 4,2,lag_df4__sp__lag,23
sp,lag,3,100.0863729,0.44,100.3137165,0.994170994568144,lag_df4,Lag spline df = 4,2,lag_df4__sp__lag,23
sp,lag,3,100.1234995,0.45,100.3137165,0.995134727242796,lag_df4,Lag spline df = 4,2,lag_df4__sp__lag,23
sp,lag,3,100.15994948,0.46,100.3137165,0.996077043487567,lag_df4,Lag spline df = 4,2,lag_df4__sp__lag,23
sp,lag,3,100.196200662,0.47,100.3137165,0.99700998898417,lag_df4,Lag spline df = 4,2,lag_df4__sp__lag,23
sp,lag,3,100.2354977,0.48,100.3137165,0.998016041546844,lag_df4,Lag spline df = 4,2,lag_df4__sp__lag,23
sp,lag,3,100.274933852,0.49,100.3137165,0.99901958053821,lag_df4,Lag spline df = 4,2,lag_df4__sp__lag,23
sp,lag,3,100.3137165,0.5,100.3137165,1,lag_df4,Lag spline df = 4,2,lag_df4__sp__lag,23
sp,lag,3,100.3550671,0.51,100.3137165,1.00103770816546,lag_df4,Lag spline df = 4,2,lag_df4__sp__lag,23
sp,lag,3,100.3948901,0.52,100.3137165,1.00202939413392,lag_df4,Lag spline df = 4,2,lag_df4__sp__lag,23
sp,lag,3,100.4353122,0.53,100.3137165,1.00302810557409,lag_df4,Lag spline df = 4,2,lag_df4__sp__lag,23
sp,lag,3,100.4779826,0.54,100.3137165,1.00407353762987,lag_df4,Lag spline df = 4,2,lag_df4__sp__lag,23
sp,lag,3,100.5171043,0.55,100.3137165,1.00502387860959,lag_df4,Lag spline df = 4,2,lag_df4__sp__lag,23
sp,lag,3,100.5617174,0.56,100.3137165,1.00609788683481,lag_df4,Lag spline df = 4,2,lag_df4__sp__lag,23
sp,lag,3,100.604385722,0.57,100.3137165,1.00711515985559,lag_df4,Lag spline df = 4,2,lag_df4__sp__lag,23
sp,lag,3,100.6465239,0.58,100.3137165,1.0081100632532,lag_df4,Lag spline df = 4,2,lag_df4__sp__lag,23
sp,lag,3,100.687938366,0.59,100.3137165,1.00907825499056,lag_df4,Lag spline df = 4,2,lag_df4__sp__lag,23
sp,lag,3,100.732583,0.6,100.3137165,1.01011104649917,lag_df4,Lag spline df = 4,2,lag_df4__sp__lag,23
sp,lag,3,100.7748003,0.61,100.3137165,1.01107704757632,lag_df4,Lag spline df = 4,2,lag_df4__sp__lag,23
sp,lag,3,100.8173413,0.62,100.3137165,1.0120397782417,lag_df4,Lag spline df = 4,2,lag_df4__sp__lag,23
sp,lag,3,100.8628771,0.63,100.3137165,1.01305816252577,lag_df4,Lag spline df = 4,2,lag_df4__sp__lag,23
sp,lag,3,100.907009,0.64,100.3137165,1.01403294513802,lag_df4,Lag spline df = 4,2,lag_df4__sp__lag,23
sp,lag,3,100.9518643,0.65,100.3137165,1.01501114420424,lag_df4,Lag spline df = 4,2,lag_df4__sp__lag,23
sp,lag,3,100.9973643,0.66,100.3137165,1.01599020468024,lag_df4,Lag spline df = 4,2,lag_df4__sp__lag,23
sp,lag,3,101.0413011,0.67,100.3137165,1.01692276516388,lag_df4,Lag spline df = 4,2,lag_df4__sp__lag,23
sp,lag,3,101.08582,0.68,100.3137165,1.01785454154523,lag_df4,Lag spline df = 4,2,lag_df4__sp__lag,23
sp,lag,3,101.1307088,0.69,100.3137165,1.01878041666009,lag_df4,Lag spline df = 4,2,lag_df4__sp__lag,23
sp,lag,3,101.16965186,0.7,100.3137165,1.01957235942391,lag_df4,Lag spline df = 4,2,lag_df4__sp__lag,23
sp,lag,3,101.2110648,0.71,100.3137165,1.02040281860408,lag_df4,Lag spline df = 4,2,lag_df4__sp__lag,23
sp,lag,3,101.2503485,0.72,100.3137165,1.02117924480879,lag_df4,Lag spline df = 4,2,lag_df4__sp__lag,23
sp,lag,3,101.290154422,0.73,100.3137165,1.02195455616672,lag_df4,Lag spline df = 4,2,lag_df4__sp__lag,23
sp,lag,3,101.3313296,0.74,100.3137165,1.0227442345933,lag_df4,Lag spline df = 4,2,lag_df4__sp__lag,23
sp,lag,3,101.3740666,0.75,100.3137165,1.02355042539151,lag_df4,Lag spline df = 4,2,lag_df4__sp__lag,23
sp,lag,3,101.414522188,0.76,100.3137165,1.02430082478507,lag_df4,Lag spline df = 4,2,lag_df4__sp__lag,23
sp,lag,3,101.4542759,0.77,100.3137165,1.02502621630551,lag_df4,Lag spline df = 4,2,lag_df4__sp__lag,23
sp,lag,3,101.4951455,0.78,100.3137165,1.02575974021305,lag_df4,Lag spline df = 4,2,lag_df4__sp__lag,23
sp,lag,3,101.5362269,0.79,100.3137165,1.02648473535718,lag_df4,Lag spline df = 4,2,lag_df4__sp__lag,23
sp,lag,3,101.5753158,0.8,100.3137165,1.02716324383349,lag_df4,Lag spline df = 4,2,lag_df4__sp__lag,23
sp,lag,3,101.6150739,0.81,100.3137165,1.02784219430836,lag_df4,Lag spline df = 4,2,lag_df4__sp__lag,23
sp,lag,3,101.6566151,0.82,100.3137165,1.02853972315749,lag_df4,Lag spline df = 4,2,lag_df4__sp__lag,23
sp,lag,3,101.701399862,0.83,100.3137165,1.02927832636877,lag_df4,Lag spline df = 4,2,lag_df4__sp__lag,23
sp,lag,3,101.7477464,0.84,100.3137165,1.03002829170426,lag_df4,Lag spline df = 4,2,lag_df4__sp__lag,23
sp,lag,3,101.7943804,0.85,100.3137165,1.03076837924637,lag_df4,Lag spline df = 4,2,lag_df4__sp__lag,23
sp,lag,3,101.839439416,0.86,100.3137165,1.03146986627163,lag_df4,Lag spline df = 4,2,lag_df4__sp__lag,23
sp,lag,3,101.8879637,0.87,100.3137165,1.03221061583801,lag_df4,Lag spline df = 4,2,lag_df4__sp__lag,23
sp,lag,3,101.9370671,0.88,100.3137165,1.03294499283502,lag_df4,Lag spline df = 4,2,lag_df4__sp__lag,23
sp,lag,3,101.989778192,0.89,100.3137165,1.03371663799484,lag_df4,Lag spline df = 4,2,lag_df4__sp__lag,23
sp,lag,3,102.0468776,0.9,100.3137165,1.03453345471101,lag_df4,Lag spline df = 4,2,lag_df4__sp__lag,23
sp,lag,3,102.1058784,0.91,100.3137165,1.0353571359858,lag_df4,Lag spline df = 4,2,lag_df4__sp__lag,23
sp,lag,3,102.1718674,0.92,100.3137165,1.03625454162648,lag_df4,Lag spline df = 4,2,lag_df4__sp__lag,23
sp,lag,3,102.237494262,0.93,100.3137165,1.03712277972301,lag_df4,Lag spline df = 4,2,lag_df4__sp__lag,23
sp,lag,3,102.3117498,0.94,100.3137165,1.03807695907755,lag_df4,Lag spline df = 4,2,lag_df4__sp__lag,23
sp,lag,3,102.39812249,0.95,100.3137165,1.03915054101076,lag_df4,Lag spline df = 4,2,lag_df4__sp__lag,23
sp,lag,3,102.4840923,0.96,100.3137165,1.0401819698028,lag_df4,Lag spline df = 4,2,lag_df4__sp__lag,23
sp,lag,3,102.5897521,0.97,100.3137165,1.04140138495176,lag_df4,Lag spline df = 4,2,lag_df4__sp__lag,23
sp,lag,3,102.7222959,0.98,100.3137165,1.04286044628794,lag_df4,Lag spline df = 4,2,lag_df4__sp__lag,23
sp,lag,3,102.929151,0.99,100.3137165,1.04499469589442,lag_df4,Lag spline df = 4,2,lag_df4__sp__lag,23
tp,lag,3,0,0.01,0.36459968,1.0080325331779,lag_df4,Lag spline df = 4,2,lag_df4__tp__lag,24
tp,lag,3,0.000423193,0.07,0.36459968,1.00801093631233,lag_df4,Lag spline df = 4,2,lag_df4__tp__lag,24
tp,lag,3,0.000435114,0.08,0.36459968,1.0080103280528,lag_df4,Lag spline df = 4,2,lag_df4__tp__lag,24
tp,lag,3,0.000441074,0.1,0.36459968,1.00801002395168,lag_df4,Lag spline df = 4,2,lag_df4__tp__lag,24
tp,lag,3,0.000852346,0.11,0.36459968,1.00798904585071,lag_df4,Lag spline df = 4,2,lag_df4__tp__lag,24
tp,lag,3,0.000858307,0.15,0.36459968,1.00798874190831,lag_df4,Lag spline df = 4,2,lag_df4__tp__lag,24
tp,lag,3,0.000864267,0.17,0.36459968,1.0079884380208,lag_df4,Lag spline df = 4,2,lag_df4__tp__lag,24
tp,lag,3,0.001120567,0.18,0.36459968,1.0079753738865,lag_df4,Lag spline df = 4,2,lag_df4__tp__lag,24
tp,lag,3,0.0012815,0.19,0.36459968,1.00796717541547,lag_df4,Lag spline df = 4,2,lag_df4__tp__lag,24
tp,lag,3,0.001292877,0.2,0.36459968,1.0079665959841,lag_df4,Lag spline df = 4,2,lag_df4__tp__lag,24
tp,lag,3,0.001561642,0.21,0.36459968,1.00795291424656,lag_df4,Lag spline df = 4,2,lag_df4__tp__lag,24
tp,lag,3,0.001710626,0.22,0.36459968,1.00794533596666,lag_df4,Lag spline df = 4,2,lag_df4__tp__lag,24
tp,lag,3,0.001716614,0.23,0.36459968,1.00794503147437,lag_df4,Lag spline df = 4,2,lag_df4__tp__lag,24
tp,lag,3,0.001722574,0.24,0.36459968,1.00794472841346,lag_df4,Lag spline df = 4,2,lag_df4__tp__lag,24
tp,lag,3,0.001938433,0.25,0.36459968,1.00793375747872,lag_df4,Lag spline df = 4,2,lag_df4__tp__lag,24
tp,lag,3,0.002152141,0.26,0.36459968,1.00792290665343,lag_df4,Lag spline df = 4,2,lag_df4__tp__lag,24
tp,lag,3,0.00257256106,0.27,0.36459968,1.00790159209417,lag_df4,Lag spline df = 4,2,lag_df4__tp__lag,24
tp,lag,3,0.00299031,0.28,0.36459968,1.00788045478312,lag_df4,Lag spline df = 4,2,lag_df4__tp__lag,24
tp,lag,3,0.003486872,0.29,0.36459968,1.00785538384567,lag_df4,Lag spline df = 4,2,lag_df4__tp__lag,24
tp,lag,3,0.004667044,0.3,0.36459968,1.00779603371496,lag_df4,Lag spline df = 4,2,lag_df4__tp__lag,24
tp,lag,3,0.0066787,0.31,0.36459968,1.00769563060765,lag_df4,Lag spline df = 4,2,lag_df4__tp__lag,24
tp,lag,3,0.009432435,0.32,0.36459968,1.00755973804575,lag_df4,Lag spline df = 4,2,lag_df4__tp__lag,24
tp,lag,3,0.012952089,0.33,0.36459968,1.00738863293774,lag_df4,Lag spline df = 4,2,lag_df4__tp__lag,24
tp,lag,3,0.017624205,0.34,0.36459968,1.00716593426179,lag_df4,Lag spline df = 4,2,lag_df4__tp__lag,24
tp,lag,3,0.0234666470000001,0.35,0.36459968,1.00689446878836,lag_df4,Lag spline df = 4,2,lag_df4__tp__lag,24
tp,lag,3,0.030702352,0.36,0.36459968,1.00656888735953,lag_df4,Lag spline df = 4,2,lag_df4__tp__lag,24
tp,lag,3,0.038916577,0.37,0.36459968,1.00621321752523,lag_df4,Lag spline df = 4,2,lag_df4__tp__lag,24
tp,lag,3,0.04948347,0.38,0.36459968,1.00577690399447,lag_df4,Lag spline df = 4,2,lag_df4__tp__lag,24
tp,lag,3,0.062301755,0.39,0.36459968,1.00527863433963,lag_df4,Lag spline df = 4,2,lag_df4__tp__lag,24
tp,lag,3,0.076159835,0.4,0.36459968,1.00477665804929,lag_df4,Lag spline df = 4,2,lag_df4__tp__lag,24
tp,lag,3,0.09191036166,0.41,0.36459968,1.00425026068363,lag_df4,Lag spline df = 4,2,lag_df4__tp__lag,24
tp,lag,3,0.110254299,0.42,0.36459968,1.0036930750065,lag_df4,Lag spline df = 4,2,lag_df4__tp__lag,24
tp,lag,3,0.130459666,0.43,0.36459968,1.00314432395487,lag_df4,Lag spline df = 4,2,lag_df4__tp__lag,24
tp,lag,3,0.15375298556,0.44,0.36459968,1.00258940794292,lag_df4,Lag spline df = 4,2,lag_df4__tp__lag,24
tp,lag,3,0.179868877,0.45,0.36459968,1.00205646677587,lag_df4,Lag spline df = 4,2,lag_df4__tp__lag,24
tp,lag,3,0.209302815,0.46,0.36459968,1.00155495228349,lag_df4,Lag spline df = 4,2,lag_df4__tp__lag,24
tp,lag,3,0.241054415420001,0.47,0.36459968,1.00111350953449,lag_df4,Lag spline df = 4,2,lag_df4__tp__lag,24
tp,lag,3,0.2779603,0.48,0.36459968,1.0007036340843,lag_df4,Lag spline df = 4,2,lag_df4__tp__lag,24
tp,lag,3,0.31866651794,0.49,0.36459968,1.00034334449687,lag_df4,Lag spline df = 4,2,lag_df4__tp__lag,24
tp,lag,3,0.36459968,0.5,0.36459968,1,lag_df4,Lag spline df = 4,2,lag_df4__tp__lag,24
tp,lag,3,0.417685509,0.51,0.36459968,0.999624388476402,lag_df4,Lag spline df = 4,2,lag_df4__tp__lag,24
tp,lag,3,0.478643179,0.52,0.36459968,0.999205199991665,lag_df4,Lag spline df = 4,2,lag_df4__tp__lag,24
tp,lag,3,0.542268157,0.53,0.36459968,0.998781266807614,lag_df4,Lag spline df = 4,2,lag_df4__tp__lag,24
tp,lag,3,0.609913468,0.54,0.36459968,0.998345510332979,lag_df4,Lag spline df = 4,2,lag_df4__tp__lag,24
tp,lag,3,0.6851771473,0.55,0.36459968,0.997878455383875,lag_df4,Lag spline df = 4,2,lag_df4__tp__lag,24
tp,lag,3,0.764811564240001,0.56,0.36459968,0.997404236705981,lag_df4,Lag spline df = 4,2,lag_df4__tp__lag,24
tp,lag,3,0.855423390620001,0.57,0.36459968,0.996889020354139,lag_df4,Lag spline df = 4,2,lag_df4__tp__lag,24
tp,lag,3,0.954385892440001,0.58,0.36459968,0.996355181248314,lag_df4,Lag spline df = 4,2,lag_df4__tp__lag,24
tp,lag,3,1.062899828,0.59,0.36459968,0.995803417653797,lag_df4,Lag spline df = 4,2,lag_df4__tp__lag,24
tp,lag,3,1.176088275,0.6,0.36459968,0.995264102600608,lag_df4,Lag spline df = 4,2,lag_df4__tp__lag,24
tp,lag,3,1.297745109,0.61,0.36459968,0.994724177158173,lag_df4,Lag spline df = 4,2,lag_df4__tp__lag,24
tp,lag,3,1.430130005,0.62,0.36459968,0.994181545390718,lag_df4,Lag spline df = 4,2,lag_df4__tp__lag,24
tp,lag,3,1.572501659,0.63,0.36459968,0.993647871150788,lag_df4,Lag spline df = 4,2,lag_df4__tp__lag,24
tp,lag,3,1.73467301156,0.64,0.36459968,0.993099731815915,lag_df4,Lag spline df = 4,2,lag_df4__tp__lag,24
tp,lag,3,1.9036489086,0.65,0.36459968,0.992592336108683,lag_df4,Lag spline df = 4,2,lag_df4__tp__lag,24
tp,lag,3,2.078577876,0.66,0.36459968,0.992131071621831,lag_df4,Lag spline df = 4,2,lag_df4__tp__lag,24
tp,lag,3,2.261167764,0.67,0.36459968,0.991713977217583,lag_df4,Lag spline df = 4,2,lag_df4__tp__lag,24
tp,lag,3,2.460423112,0.68,0.36459968,0.991327599220079,lag_df4,Lag spline df = 4,2,lag_df4__tp__lag,24
tp,lag,3,2.683871984,0.69,0.36459968,0.990971309113341,lag_df4,Lag spline df = 4,2,lag_df4__tp__lag,24
tp,lag,3,2.903297544,0.7,0.36459968,0.990691530718173,lag_df4,Lag spline df = 4,2,lag_df4__tp__lag,24
tp,lag,3,3.141289228,0.71,0.36459968,0.990455793327076,lag_df4,Lag spline df = 4,2,lag_df4__tp__lag,24
tp,lag,3,3.38588953,0.72,0.36459968,0.990274875569096,lag_df4,Lag spline df = 4,2,lag_df4__tp__lag,24
tp,lag,3,3.666177392,0.73,0.36459968,0.990127740349381,lag_df4,Lag spline df = 4,2,lag_df4__tp__lag,24
tp,lag,3,3.999596834,0.74,0.36459968,0.99001093512238,lag_df4,Lag spline df = 4,2,lag_df4__tp__lag,24
tp,lag,3,4.3253093955,0.75,0.36459968,0.989928681240613,lag_df4,Lag spline df = 4,2,lag_df4__tp__lag,24
tp,lag,3,4.670634866,0.76,0.36459968,0.98984809667291,lag_df4,Lag spline df = 4,2,lag_df4__tp__lag,24
tp,lag,3,5.040788651,0.77,0.36459968,0.989763219690157,lag_df4,Lag spline df = 4,2,lag_df4__tp__lag,24
tp,lag,3,5.41499078612,0.78,0.36459968,0.989678991361882,lag_df4,Lag spline df = 4,2,lag_df4__tp__lag,24
tp,lag,3,5.802989006,0.79,0.36459968,0.98959332955624,lag_df4,Lag spline df = 4,2,lag_df4__tp__lag,24
tp,lag,3,6.2034678456,0.8,0.36459968,0.989506694757279,lag_df4,Lag spline df = 4,2,lag_df4__tp__lag,24
tp,lag,3,6.67254185686002,0.81,0.36459968,0.989407519647003,lag_df4,Lag spline df = 4,2,lag_df4__tp__lag,24
tp,lag,3,7.16041809192001,0.82,0.36459968,0.989306995874317,lag_df4,Lag spline df = 4,2,lag_df4__tp__lag,24
tp,lag,3,7.682144642,0.83,0.36459968,0.989202455329691,lag_df4,Lag spline df = 4,2,lag_df4__tp__lag,24
tp,lag,3,8.248898387,0.84,0.36459968,0.989092349758817,lag_df4,Lag spline df = 4,2,lag_df4__tp__lag,24
tp,lag,3,8.867951832,0.85,0.36459968,0.98897618879759,lag_df4,Lag spline df = 4,2,lag_df4__tp__lag,24
tp,lag,3,9.562715888,0.86,0.36459968,0.988850913696155,lag_df4,Lag spline df = 4,2,lag_df4__tp__lag,24
tp,lag,3,10.31671762,0.87,0.36459968,0.988721035746183,lag_df4,Lag spline df = 4,2,lag_df4__tp__lag,24
tp,lag,3,11.14078164,0.88,0.36459968,0.988586305145555,lag_df4,Lag spline df = 4,2,lag_df4__tp__lag,24
tp,lag,3,12.10832298,0.89,0.36459968,0.988437704693162,lag_df4,Lag spline df = 4,2,lag_df4__tp__lag,24
tp,lag,3,13.17867935,0.9,0.36459968,0.988285335707105,lag_df4,Lag spline df = 4,2,lag_df4__tp__lag,24
tp,lag,3,14.39255774,0.91,0.36459968,0.988127757420312,lag_df4,Lag spline df = 4,2,lag_df4__tp__lag,24
tp,lag,3,15.78173935,0.92,0.36459968,0.987967184683604,lag_df4,Lag spline df = 4,2,lag_df4__tp__lag,24
tp,lag,3,17.5191752902001,0.93,0.36459968,0.987795890094083,lag_df4,Lag spline df = 4,2,lag_df4__tp__lag,24
tp,lag,3,19.66069043,0.94,0.36459968,0.987629631935814,lag_df4,Lag spline df = 4,2,lag_df4__tp__lag,24
tp,lag,3,22.2094345690001,0.95,0.36459968,0.987495846625877,lag_df4,Lag spline df = 4,2,lag_df4__tp__lag,24
tp,lag,3,25.21609043,0.96,0.36459968,0.987426770607526,lag_df4,Lag spline df = 4,2,lag_df4__tp__lag,24
tp,lag,3,29.38915193,0.97,0.36459968,0.987488315220794,lag_df4,Lag spline df = 4,2,lag_df4__tp__lag,24
tp,lag,3,35.3470122808,0.98,0.36459968,0.987888667052836,lag_df4,Lag spline df = 4,2,lag_df4__tp__lag,24
tp,lag,3,44.8505195504,0.99,0.36459968,0.989271961246733,lag_df4,Lag spline df = 4,2,lag_df4__tp__lag,24
PM25,lag,3,10.1000001505017,0.01,42.0000006258488,0.982722532646023,lag_df4,Lag spline df = 4,2,lag_df4__PM25__lag,25
PM25,lag,3,11.7000001743436,0.02,42.0000006258488,0.984501086259787,lag_df4,Lag spline df = 4,2,lag_df4__PM25__lag,25
PM25,lag,3,12.8000001907349,0.03,42.0000006258488,0.985692855861032,lag_df4,Lag spline df = 4,2,lag_df4__PM25__lag,25
PM25,lag,3,13.800000205636,0.04,42.0000006258488,0.986751240184484,lag_df4,Lag spline df = 4,2,lag_df4__PM25__lag,25
PM25,lag,3,14.600000217557,0.05,42.0000006258488,0.987579084896166,lag_df4,Lag spline df = 4,2,lag_df4__PM25__lag,25
PM25,lag,3,15.4000002294779,0.06,42.0000006258488,0.98838881128954,lag_df4,Lag spline df = 4,2,lag_df4__PM25__lag,25
PM25,lag,3,16.2000002413988,0.07,42.0000006258488,0.989179168698483,lag_df4,Lag spline df = 4,2,lag_df4__PM25__lag,25
PM25,lag,3,17.0000002533197,0.08,42.0000006258488,0.989948903697995,lag_df4,Lag spline df = 4,2,lag_df4__PM25__lag,25
PM25,lag,3,17.7000002637506,0.09,42.0000006258488,0.990604517727114,lag_df4,Lag spline df = 4,2,lag_df4__PM25__lag,25
PM25,lag,3,18.4000002741814,0.1,42.0000006258488,0.991242538382319,lag_df4,Lag spline df = 4,2,lag_df4__PM25__lag,25
PM25,lag,3,19.1000002846122,0.11,42.0000006258488,0.991862121690082,lag_df4,Lag spline df = 4,2,lag_df4__PM25__lag,25
PM25,lag,3,19.7000002935529,0.12,42.0000006258488,0.992377877975273,lag_df4,Lag spline df = 4,2,lag_df4__PM25__lag,25
PM25,lag,3,20.3000003024936,0.13,42.0000006258488,0.992878935014665,lag_df4,Lag spline df = 4,2,lag_df4__PM25__lag,25
PM25,lag,3,21.0000003129244,0.14,42.0000006258488,0.993444212209324,lag_df4,Lag spline df = 4,2,lag_df4__PM25__lag,25
PM25,lag,3,21.500000320375,0.15,42.0000006258488,0.993834818917688,lag_df4,Lag spline df = 4,2,lag_df4__PM25__lag,25
PM25,lag,3,22.1000003293157,0.16,42.0000006258488,0.994288578860808,lag_df4,Lag spline df = 4,2,lag_df4__PM25__lag,25
PM25,lag,3,22.7000003382564,0.17,42.0000006258488,0.994725505882832,lag_df4,Lag spline df = 4,2,lag_df4__PM25__lag,25
PM25,lag,3,23.3000003471971,0.18,42.0000006258488,0.995145066199944,lag_df4,Lag spline df = 4,2,lag_df4__PM25__lag,25
PM25,lag,3,23.9000003561378,0.19,42.0000006258488,0.995546726057834,lag_df4,Lag spline df = 4,2,lag_df4__PM25__lag,25
PM25,lag,3,24.4000003635883,0.2,42.0000006258488,0.995867383649044,lag_df4,Lag spline df = 4,2,lag_df4__PM25__lag,25
PM25,lag,3,25.000000372529,0.21,42.0000006258488,0.996234840190991,lag_df4,Lag spline df = 4,2,lag_df4__PM25__lag,25
PM25,lag,3,25.5000003799796,0.22,42.0000006258488,0.996526248146852,lag_df4,Lag spline df = 4,2,lag_df4__PM25__lag,25
PM25,lag,3,26.1000003889203,0.23,42.0000006258488,0.99685770943419,lag_df4,Lag spline df = 4,2,lag_df4__PM25__lag,25
PM25,lag,3,26.6000003963709,0.24,42.0000006258488,0.997118375485144,lag_df4,Lag spline df = 4,2,lag_df4__PM25__lag,25
PM25,lag,3,27.2000004053116,0.25,42.0000006258488,0.997412052309163,lag_df4,Lag spline df = 4,2,lag_df4__PM25__lag,25
PM25,lag,3,27.7000004127622,0.26,42.0000006258488,0.997640618367354,lag_df4,Lag spline df = 4,2,lag_df4__PM25__lag,25
PM25,lag,3,28.3000004217029,0.27,42.0000006258488,0.997895993703738,lag_df4,Lag spline df = 4,2,lag_df4__PM25__lag,25
PM25,lag,3,28.8000004291534,0.28,42.0000006258488,0.998093619734221,lag_df4,Lag spline df = 4,2,lag_df4__PM25__lag,25
PM25,lag,3,29.4000004380941,0.29,42.0000006258488,0.99831327080139,lag_df4,Lag spline df = 4,2,lag_df4__PM25__lag,25
PM25,lag,3,29.9000004455447,0.3,42.0000006258488,0.998482298839694,lag_df4,Lag spline df = 4,2,lag_df4__PM25__lag,25
PM25,lag,3,30.5000004544854,0.31,42.0000006258488,0.998669041856749,lag_df4,Lag spline df = 4,2,lag_df4__PM25__lag,25
PM25,lag,3,31.000000461936,0.32,42.0000006258488,0.998811823204619,lag_df4,Lag spline df = 4,2,lag_df4__PM25__lag,25
PM25,lag,3,31.6000004708767,0.33,42.0000006258488,0.99896848463463,lag_df4,Lag spline df = 4,2,lag_df4__PM25__lag,25
PM25,lag,3,32.1000004783273,0.34,42.0000006258488,0.999087378430036,lag_df4,Lag spline df = 4,2,lag_df4__PM25__lag,25
PM25,lag,3,32.700000487268,0.35,42.0000006258488,0.999216793336404,lag_df4,Lag spline df = 4,2,lag_df4__PM25__lag,25
PM25,lag,3,33.3000004962087,0.36,42.0000006258488,0.999332544043328,lag_df4,Lag spline df = 4,2,lag_df4__PM25__lag,25
PM25,lag,3,33.9000005051494,0.37,42.0000006258488,0.999435477156354,lag_df4,Lag spline df = 4,2,lag_df4__PM25__lag,25
PM25,lag,3,34.5000005140901,0.38,42.0000006258488,0.999526440147509,lag_df4,Lag spline df = 4,2,lag_df4__PM25__lag,25
PM25,lag,3,35.1000005230308,0.39,42.0000006258488,0.999606281249971,lag_df4,Lag spline df = 4,2,lag_df4__PM25__lag,25
PM25,lag,3,35.7000005319715,0.4,42.0000006258488,0.999675849359893,lag_df4,Lag spline df = 4,2,lag_df4__PM25__lag,25
PM25,lag,3,36.3000005409122,0.41,42.0000006258488,0.999735993945427,lag_df4,Lag spline df = 4,2,lag_df4__PM25__lag,25
PM25,lag,3,36.9000005498528,0.42,42.0000006258488,0.999787564962924,lag_df4,Lag spline df = 4,2,lag_df4__PM25__lag,25
PM25,lag,3,37.5000005587935,0.43,42.0000006258488,0.999831412780367,lag_df4,Lag spline df = 4,2,lag_df4__PM25__lag,25
PM25,lag,3,38.1000005677342,0.44,42.0000006258488,0.999868388108001,lag_df4,Lag spline df = 4,2,lag_df4__PM25__lag,25
PM25,lag,3,38.7000005766749,0.45,42.0000006258488,0.999899341936212,lag_df4,Lag spline df = 4,2,lag_df4__PM25__lag,25
PM25,lag,3,39.4000005871058,0.46,42.0000006258488,0.999928979850818,lag_df4,Lag spline df = 4,2,lag_df4__PM25__lag,25
PM25,lag,3,40.0000005960464,0.47,42.0000006258488,0.999949807474062,lag_df4,Lag spline df = 4,2,lag_df4__PM25__lag,25
PM25,lag,3,40.7000006064773,0.48,42.0000006258488,0.999969963195163,lag_df4,Lag spline df = 4,2,lag_df4__PM25__lag,25
PM25,lag,3,41.300000615418,0.49,42.0000006258488,0.99998466212071,lag_df4,Lag spline df = 4,2,lag_df4__PM25__lag,25
PM25,lag,3,42.0000006258488,0.5,42.0000006258488,1,lag_df4,Lag spline df = 4,2,lag_df4__PM25__lag,25
PM25,lag,3,42.7000006362796,0.51,42.0000006258488,1.00001445269701,lag_df4,Lag spline df = 4,2,lag_df4__PM25__lag,25
PM25,lag,3,43.4000006467104,0.52,42.0000006258488,1.00002825675632,lag_df4,Lag spline df = 4,2,lag_df4__PM25__lag,25
PM25,lag,3,44.1000006571412,0.53,42.0000006258488,1.00004142550536,lag_df4,Lag spline df = 4,2,lag_df4__PM25__lag,25
PM25,lag,3,44.800000667572,0.54,42.0000006258488,1.00005397227353,lag_df4,Lag spline df = 4,2,lag_df4__PM25__lag,25
PM25,lag,3,45.5000006780028,0.55,42.0000006258488,1.00006591039207,lag_df4,Lag spline df = 4,2,lag_df4__PM25__lag,25
PM25,lag,3,46.3000006899238,0.56,42.0000006258488,1.00007882577447,lag_df4,Lag spline df = 4,2,lag_df4__PM25__lag,25
PM25,lag,3,47.0000007003546,0.57,42.0000006258488,1.00008950454276,lag_df4,Lag spline df = 4,2,lag_df4__PM25__lag,25
PM25,lag,3,47.8000007122755,0.58,42.0000006258488,1.00010101565931,lag_df4,Lag spline df = 4,2,lag_df4__PM25__lag,25
PM25,lag,3,48.6000007241964,0.59,42.0000006258488,1.0001118064536,lag_df4,Lag spline df = 4,2,lag_df4__PM25__lag,25
PM25,lag,3,49.4000007361174,0.6,42.0000006258488,1.00012189683805,lag_df4,Lag spline df = 4,2,lag_df4__PM25__lag,25
PM25,lag,3,50.2000007480383,0.61,42.0000006258488,1.0001313067274,lag_df4,Lag spline df = 4,2,lag_df4__PM25__lag,25
PM25,lag,3,51.0000007599592,0.62,42.0000006258488,1.00014005603856,lag_df4,Lag spline df = 4,2,lag_df4__PM25__lag,25
PM25,lag,3,51.9000007733703,0.63,42.0000006258488,1.00014913421772,lag_df4,Lag spline df = 4,2,lag_df4__PM25__lag,25
PM25,lag,3,52.8000007867813,0.64,42.0000006258488,1.00015742992657,lag_df4,Lag spline df = 4,2,lag_df4__PM25__lag,25
PM25,lag,3,53.7000008001924,0.65,42.0000006258488,1.00016497153195,lag_df4,Lag spline df = 4,2,lag_df4__PM25__lag,25
PM25,lag,3,54.6000008136034,0.66,42.0000006258488,1.00017178740328,lag_df4,Lag spline df = 4,2,lag_df4__PM25__lag,25
PM25,lag,3,55.5000008270144,0.67,42.0000006258488,1.00017790591241,lag_df4,Lag spline df = 4,2,lag_df4__PM25__lag,25
PM25,lag,3,56.5000008419156,0.68,42.0000006258488,1.00018392087271,lag_df4,Lag spline df = 4,2,lag_df4__PM25__lag,25
PM25,lag,3,57.5000008568168,0.69,42.0000006258488,1.00018914884646,lag_df4,Lag spline df = 4,2,lag_df4__PM25__lag,25
PM25,lag,3,58.600000873208,0.7,42.0000006258488,1.00019403710812,lag_df4,Lag spline df = 4,2,lag_df4__PM25__lag,25
PM25,lag,3,59.6000008881092,0.71,42.0000006258488,1.0001977391219,lag_df4,Lag spline df = 4,2,lag_df4__PM25__lag,25
PM25,lag,3,60.7000009045005,0.72,42.0000006258488,1.00020104325509,lag_df4,Lag spline df = 4,2,lag_df4__PM25__lag,25
PM25,lag,3,61.9000009223819,0.73,42.0000006258488,1.00020378915793,lag_df4,Lag spline df = 4,2,lag_df4__PM25__lag,25
PM25,lag,3,63.0000009387732,0.74,42.0000006258488,1.00020557500119,lag_df4,Lag spline df = 4,2,lag_df4__PM25__lag,25
PM25,lag,3,64.2000009566545,0.75,42.0000006258488,1.00020678817302,lag_df4,Lag spline df = 4,2,lag_df4__PM25__lag,25
PM25,lag,3,65.4000009745359,0.76,42.0000006258488,1.00020728898145,lag_df4,Lag spline df = 4,2,lag_df4__PM25__lag,25
PM25,lag,3,66.7000009939075,0.77,42.0000006258488,1.00020704270142,lag_df4,Lag spline df = 4,2,lag_df4__PM25__lag,25
PM25,lag,3,68.1000010147691,0.78,42.0000006258488,1.00020586353596,lag_df4,Lag spline df = 4,2,lag_df4__PM25__lag,25
PM25,lag,3,69.6000010371208,0.79,42.0000006258488,1.00020355275291,lag_df4,Lag spline df = 4,2,lag_df4__PM25__lag,25
PM25,lag,3,71.1000010594726,0.8,42.0000006258488,1.00020016319608,lag_df4,Lag spline df = 4,2,lag_df4__PM25__lag,25
PM25,lag,3,72.7000010833144,0.81,42.0000006258488,1.00019536408007,lag_df4,Lag spline df = 4,2,lag_df4__PM25__lag,25
PM25,lag,3,74.4000011086464,0.82,42.0000006258488,1.00018893277159,lag_df4,Lag spline df = 4,2,lag_df4__PM25__lag,25
PM25,lag,3,76.2000011354685,0.83,42.0000006258488,1.0001806347437,lag_df4,Lag spline df = 4,2,lag_df4__PM25__lag,25
PM25,lag,3,78.1000011637807,0.84,42.0000006258488,1.00017022394558,lag_df4,Lag spline df = 4,2,lag_df4__PM25__lag,25
PM25,lag,3,80.2000011950731,0.85,42.0000006258488,1.00015675530463,lag_df4,Lag spline df = 4,2,lag_df4__PM25__lag,25
PM25,lag,3,82.3000012263656,0.86,42.0000006258488,1.00014123952119,lag_df4,Lag spline df = 4,2,lag_df4__PM25__lag,25
PM25,lag,3,84.6000012606382,0.87,42.0000006258488,1.00012191298546,lag_df4,Lag spline df = 4,2,lag_df4__PM25__lag,25
PM25,lag,3,87.1000012978911,0.88,42.0000006258488,1.00009815933645,lag_df4,Lag spline df = 4,2,lag_df4__PM25__lag,25
PM25,lag,3,89.8000013381243,0.89,42.0000006258488,1.00006931730507,lag_df4,Lag spline df = 4,2,lag_df4__PM25__lag,25
PM25,lag,3,92.6000013798475,0.9,42.0000006258488,1.0000359398509,lag_df4,Lag spline df = 4,2,lag_df4__PM25__lag,25
PM25,lag,3,95.9000014290214,0.91,42.0000006258488,0.999992112774589,lag_df4,Lag spline df = 4,2,lag_df4__PM25__lag,25
PM25,lag,3,99.8000014871359,0.92,42.0000006258488,0.999934122641981,lag_df4,Lag spline df = 4,2,lag_df4__PM25__lag,25
PM25,lag,3,103.60000154376,0.93,42.0000006258488,0.999871242507515,lag_df4,Lag spline df = 4,2,lag_df4__PM25__lag,25
PM25,lag,3,108.300001613796,0.94,42.0000006258488,0.999784883020627,lag_df4,Lag spline df = 4,2,lag_df4__PM25__lag,25
PM25,lag,3,114.200001701713,0.95,42.0000006258488,0.999663250711388,lag_df4,Lag spline df = 4,2,lag_df4__PM25__lag,25
PM25,lag,3,121.300001807511,0.96,42.0000006258488,0.999497760505917,lag_df4,Lag spline df = 4,2,lag_df4__PM25__lag,25
PM25,lag,3,130.200001940131,0.97,42.0000006258488,0.999261577277569,lag_df4,Lag spline df = 4,2,lag_df4__PM25__lag,25
PM25,lag,3,142.300002120435,0.98,42.0000006258488,0.998890935800927,lag_df4,Lag spline df = 4,2,lag_df4__PM25__lag,25
PM25,lag,3,162.200002416968,0.99,42.0000006258488,0.998163587024312,lag_df4,Lag spline df = 4,2,lag_df4__PM25__lag,25
PM10,lag,3,17.6000002622604,0.01,68.6000010222197,0.97679516286267,lag_df4,Lag spline df = 4,2,lag_df4__PM10__lag,26
PM10,lag,3,20.3000003024936,0.02,68.6000010222197,0.978514589706523,lag_df4,Lag spline df = 4,2,lag_df4__PM10__lag,26
PM10,lag,3,22.3000003322959,0.03,68.6000010222197,0.979772132337167,lag_df4,Lag spline df = 4,2,lag_df4__PM10__lag,26
PM10,lag,3,23.8000003546476,0.04,68.6000010222197,0.980704905755188,lag_df4,Lag spline df = 4,2,lag_df4__PM10__lag,26
PM10,lag,3,25.2000003755093,0.05,68.6000010222197,0.981566612484341,lag_df4,Lag spline df = 4,2,lag_df4__PM10__lag,26
PM10,lag,3,26.5000003948808,0.06,68.6000010222197,0.982358456723171,lag_df4,Lag spline df = 4,2,lag_df4__PM10__lag,26
PM10,lag,3,27.8000004142523,0.07,68.6000010222197,0.98314171418171,lag_df4,Lag spline df = 4,2,lag_df4__PM10__lag,26
PM10,lag,3,28.9000004306436,0.08,68.6000010222197,0.983797341608465,lag_df4,Lag spline df = 4,2,lag_df4__PM10__lag,26
PM10,lag,3,30.100000448525,0.09,68.6000010222197,0.984504688241405,lag_df4,Lag spline df = 4,2,lag_df4__PM10__lag,26
PM10,lag,3,31.2000004649162,0.1,68.6000010222197,0.985145489546533,lag_df4,Lag spline df = 4,2,lag_df4__PM10__lag,26
PM10,lag,3,32.2000004798174,0.11,68.6000010222197,0.985721426613807,lag_df4,Lag spline df = 4,2,lag_df4__PM10__lag,26
PM10,lag,3,33.2000004947186,0.12,68.6000010222197,0.986290798624826,lag_df4,Lag spline df = 4,2,lag_df4__PM10__lag,26
PM10,lag,3,34.2000005096197,0.13,68.6000010222197,0.986853343611057,lag_df4,Lag spline df = 4,2,lag_df4__PM10__lag,26
PM10,lag,3,35.1000005230308,0.14,68.6000010222197,0.987353580126788,lag_df4,Lag spline df = 4,2,lag_df4__PM10__lag,26
PM10,lag,3,36.1000005379319,0.15,68.6000010222197,0.987902430508728,lag_df4,Lag spline df = 4,2,lag_df4__PM10__lag,26
PM10,lag,3,37.000000551343,0.16,68.6000010222197,0.988389914669063,lag_df4,Lag spline df = 4,2,lag_df4__PM10__lag,26
PM10,lag,3,38.0000005662441,0.17,68.6000010222197,0.988924120411266,lag_df4,Lag spline df = 4,2,lag_df4__PM10__lag,26
PM10,lag,3,38.9000005796552,0.18,68.6000010222197,0.989397996016051,lag_df4,Lag spline df = 4,2,lag_df4__PM10__lag,26
PM10,lag,3,39.8000005930662,0.19,68.6000010222197,0.98986512599288,lag_df4,Lag spline df = 4,2,lag_df4__PM10__lag,26
PM10,lag,3,40.8000006079674,0.2,68.6000010222197,0.990376013245461,lag_df4,Lag spline df = 4,2,lag_df4__PM10__lag,26
PM10,lag,3,41.6000006198883,0.21,68.6000010222197,0.990778377629833,lag_df4,Lag spline df = 4,2,lag_df4__PM10__lag,26
PM10,lag,3,42.5000006332994,0.22,68.6000010222197,0.991224113094539,lag_df4,Lag spline df = 4,2,lag_df4__PM10__lag,26
PM10,lag,3,43.4000006467104,0.23,68.6000010222197,0.99166233056755,lag_df4,Lag spline df = 4,2,lag_df4__PM10__lag,26
PM10,lag,3,44.3000006601214,0.24,68.6000010222197,0.992092836533779,lag_df4,Lag spline df = 4,2,lag_df4__PM10__lag,26
PM10,lag,3,45.3000006750226,0.25,68.6000010222197,0.992561896592125,lag_df4,Lag spline df = 4,2,lag_df4__PM10__lag,26
PM10,lag,3,46.1000006869435,0.26,68.6000010222197,0.992929935460295,lag_df4,Lag spline df = 4,2,lag_df4__PM10__lag,26
PM10,lag,3,47.0000007003546,0.27,68.6000010222197,0.993336112368616,lag_df4,Lag spline df = 4,2,lag_df4__PM10__lag,26
PM10,lag,3,47.9000007137656,0.28,68.6000010222197,0.993733742122308,lag_df4,Lag spline df = 4,2,lag_df4__PM10__lag,26
PM10,lag,3,48.8000007271767,0.29,68.6000010222197,0.994122598646405,lag_df4,Lag spline df = 4,2,lag_df4__PM10__lag,26
PM10,lag,3,49.7000007405877,0.3,68.6000010222197,0.994502455757045,lag_df4,Lag spline df = 4,2,lag_df4__PM10__lag,26
PM10,lag,3,50.6000007539988,0.31,68.6000010222197,0.994873087181223,lag_df4,Lag spline df = 4,2,lag_df4__PM10__lag,26
PM10,lag,3,51.5000007674098,0.32,68.6000010222197,0.995234266577055,lag_df4,Lag spline df = 4,2,lag_df4__PM10__lag,26
PM10,lag,3,52.4000007808208,0.33,68.6000010222197,0.995585767554535,lag_df4,Lag spline df = 4,2,lag_df4__PM10__lag,26
PM10,lag,3,53.3000007942319,0.34,68.6000010222197,0.995927363696798,lag_df4,Lag spline df = 4,2,lag_df4__PM10__lag,26
PM10,lag,3,54.2000008076429,0.35,68.6000010222197,0.996258828581879,lag_df4,Lag spline df = 4,2,lag_df4__PM10__lag,26
PM10,lag,3,55.100000821054,0.36,68.6000010222197,0.99657993580498,lag_df4,Lag spline df = 4,2,lag_df4__PM10__lag,26
PM10,lag,3,56.1000008359551,0.37,68.6000010222197,0.996924298412637,lag_df4,Lag spline df = 4,2,lag_df4__PM10__lag,26
PM10,lag,3,57.0000008493662,0.38,68.6000010222197,0.997222796167013,lag_df4,Lag spline df = 4,2,lag_df4__PM10__lag,26
PM10,lag,3,57.9000008627772,0.39,68.6000010222197,0.997510232249504,lag_df4,Lag spline df = 4,2,lag_df4__PM10__lag,26
PM10,lag,3,58.9000008776784,0.4,68.6000010222197,0.997816357125279,lag_df4,Lag spline df = 4,2,lag_df4__PM10__lag,26
PM10,lag,3,59.8000008910894,0.41,68.6000010222197,0.99807969849139,lag_df4,Lag spline df = 4,2,lag_df4__PM10__lag,26
PM10,lag,3,60.7000009045005,0.42,68.6000010222197,0.998331275281565,lag_df4,Lag spline df = 4,2,lag_df4__PM10__lag,26
PM10,lag,3,61.7000009194016,0.43,68.6000010222197,0.998596732734758,lag_df4,Lag spline df = 4,2,lag_df4__PM10__lag,26
PM10,lag,3,62.6000009328127,0.44,68.6000010222197,0.998822732689161,lag_df4,Lag spline df = 4,2,lag_df4__PM10__lag,26
PM10,lag,3,63.6000009477139,0.45,68.6000010222197,0.999059213819195,lag_df4,Lag spline df = 4,2,lag_df4__PM10__lag,26
PM10,lag,3,64.600000962615,0.46,68.6000010222197,0.999279996960105,lag_df4,Lag spline df = 4,2,lag_df4__PM10__lag,26
PM10,lag,3,65.6000009775162,0.47,68.6000010222197,0.999484774228624,lag_df4,Lag spline df = 4,2,lag_df4__PM10__lag,26
PM10,lag,3,66.6000009924173,0.48,68.6000010222197,0.999673238257389,lag_df4,Lag spline df = 4,2,lag_df4__PM10__lag,26
PM10,lag,3,67.6000010073185,0.49,68.6000010222197,0.999845082243842,lag_df4,Lag spline df = 4,2,lag_df4__PM10__lag,26
PM10,lag,3,68.6000010222197,0.5,68.6000010222197,1,lag_df4,Lag spline df = 4,2,lag_df4__PM10__lag,26
PM10,lag,3,69.7000010386109,0.51,68.6000010222197,1.0001506845833,lag_df4,Lag spline df = 4,2,lag_df4__PM10__lag,26
PM10,lag,3,70.8000010550022,0.52,68.6000010222197,1.00028125011891,lag_df4,Lag spline df = 4,2,lag_df4__PM10__lag,26
PM10,lag,3,71.9000010713935,0.53,68.6000010222197,1.00039242953539,lag_df4,Lag spline df = 4,2,lag_df4__PM10__lag,26
PM10,lag,3,73.0000010877848,0.54,68.6000010222197,1.00048495724701,lag_df4,Lag spline df = 4,2,lag_df4__PM10__lag,26
PM10,lag,3,74.100001104176,0.55,68.6000010222197,1.00055956901352,lag_df4,Lag spline df = 4,2,lag_df4__PM10__lag,26
PM10,lag,3,75.3000011220574,0.56,68.6000010222197,1.00062139661764,lag_df4,Lag spline df = 4,2,lag_df4__PM10__lag,26
PM10,lag,3,76.4000011384487,0.57,68.6000010222197,1.00066093048797,lag_df4,Lag spline df = 4,2,lag_df4__PM10__lag,26
PM10,lag,3,77.6000011563301,0.58,68.6000010222197,1.0006862526134,lag_df4,Lag spline df = 4,2,lag_df4__PM10__lag,26
PM10,lag,3,78.8000011742115,0.59,68.6000010222197,1.00069392883596,lag_df4,Lag spline df = 4,2,lag_df4__PM10__lag,26
PM10,lag,3,80.0000011920929,0.6,68.6000010222197,1.00068492080794,lag_df4,Lag spline df = 4,2,lag_df4__PM10__lag,26
PM10,lag,3,81.3000012114644,0.61,68.6000010222197,1.00065745072288,lag_df4,Lag spline df = 4,2,lag_df4__PM10__lag,26
PM10,lag,3,82.5000012293458,0.62,68.6000010222197,1.00061677593637,lag_df4,Lag spline df = 4,2,lag_df4__PM10__lag,26
PM10,lag,3,83.8000012487173,0.63,68.6000010222197,1.0005572652775,lag_df4,Lag spline df = 4,2,lag_df4__PM10__lag,26
PM10,lag,3,85.2000012695789,0.64,68.6000010222197,1.00047658251328,lag_df4,Lag spline df = 4,2,lag_df4__PM10__lag,26
PM10,lag,3,86.5000012889504,0.65,68.6000010222197,1.00038755970369,lag_df4,Lag spline df = 4,2,lag_df4__PM10__lag,26
PM10,lag,3,87.800001308322,0.66,68.6000010222197,1.00028621387556,lag_df4,Lag spline df = 4,2,lag_df4__PM10__lag,26
PM10,lag,3,89.3000013306737,0.67,68.6000010222197,1.00015556568995,lag_df4,Lag spline df = 4,2,lag_df4__PM10__lag,26
PM10,lag,3,90.7000013515353,0.68,68.6000010222197,1.0000219597996,lag_df4,Lag spline df = 4,2,lag_df4__PM10__lag,26
PM10,lag,3,92.3000013753772,0.69,68.6000010222197,0.999857481732997,lag_df4,Lag spline df = 4,2,lag_df4__PM10__lag,26
PM10,lag,3,93.8000013977289,0.7,68.6000010222197,0.999693811250576,lag_df4,Lag spline df = 4,2,lag_df4__PM10__lag,26
PM10,lag,3,95.4000014215708,0.71,68.6000010222197,0.99951129142125,lag_df4,Lag spline df = 4,2,lag_df4__PM10__lag,26
PM10,lag,3,97.1000014469028,0.72,68.6000010222197,0.9993108860451,lag_df4,Lag spline df = 4,2,lag_df4__PM10__lag,26
PM10,lag,3,98.8000014722347,0.73,68.6000010222197,0.999106487690919,lag_df4,Lag spline df = 4,2,lag_df4__PM10__lag,26
PM10,lag,3,100.500001497567,0.74,68.6000010222197,0.998900829243149,lag_df4,Lag spline df = 4,2,lag_df4__PM10__lag,26
PM10,lag,3,102.200001522899,0.75,68.6000010222197,0.998696641356743,lag_df4,Lag spline df = 4,2,lag_df4__PM10__lag,26
PM10,lag,3,103.900001548231,0.76,68.6000010222197,0.998496195327013,lag_df4,Lag spline df = 4,2,lag_df4__PM10__lag,26
PM10,lag,3,105.800001576543,0.77,68.6000010222197,0.99827711701356,lag_df4,Lag spline df = 4,2,lag_df4__PM10__lag,26
PM10,lag,3,107.900001607835,0.78,68.6000010222197,0.998041030424561,lag_df4,Lag spline df = 4,2,lag_df4__PM10__lag,26
PM10,lag,3,110.000001639128,0.79,68.6000010222197,0.997811270138453,lag_df4,Lag spline df = 4,2,lag_df4__PM10__lag,26
PM10,lag,3,112.20000167191,0.8,68.6000010222197,0.997577321844205,lag_df4,Lag spline df = 4,2,lag_df4__PM10__lag,26
PM10,lag,3,114.300001703203,0.81,68.6000010222197,0.997360422794341,lag_df4,Lag spline df = 4,2,lag_df4__PM10__lag,26
PM10,lag,3,116.600001737475,0.82,68.6000010222197,0.997130020905769,lag_df4,Lag spline df = 4,2,lag_df4__PM10__lag,26
PM10,lag,3,119.100001774728,0.83,68.6000010222197,0.996888023677245,lag_df4,Lag spline df = 4,2,lag_df4__PM10__lag,26
PM10,lag,3,121.700001813471,0.84,68.6000010222197,0.996645620869328,lag_df4,Lag spline df = 4,2,lag_df4__PM10__lag,26
PM10,lag,3,124.400001853704,0.85,68.6000010222197,0.996403845370718,lag_df4,Lag spline df = 4,2,lag_df4__PM10__lag,26
PM10,lag,3,127.200001895428,0.86,68.6000010222197,0.996163758978958,lag_df4,Lag spline df = 4,2,lag_df4__PM10__lag,26
PM10,lag,3,130.100001938641,0.87,68.6000010222197,0.995926451268119,lag_df4,Lag spline df = 4,2,lag_df4__PM10__lag,26
PM10,lag,3,133.300001986325,0.88,68.6000010222197,0.995677912297941,lag_df4,Lag spline df = 4,2,lag_df4__PM10__lag,26
PM10,lag,3,136.700002036989,0.89,68.6000010222197,0.995429041187523,lag_df4,Lag spline df = 4,2,lag_df4__PM10__lag,26
PM10,lag,3,140.300002090633,0.9,68.6000010222197,0.995182471943435,lag_df4,Lag spline df = 4,2,lag_df4__PM10__lag,26
PM10,lag,3,144.100002147257,0.91,68.6000010222197,0.994940956406995,lag_df4,Lag spline df = 4,2,lag_df4__PM10__lag,26
PM10,lag,3,148.500002212822,0.92,68.6000010222197,0.994685155022511,lag_df4,Lag spline df = 4,2,lag_df4__PM10__lag,26
PM10,lag,3,153.600002288818,0.93,68.6000010222197,0.99442036430794,lag_df4,Lag spline df = 4,2,lag_df4__PM10__lag,26
PM10,lag,3,159.100002370775,0.94,68.6000010222197,0.994172530165412,lag_df4,Lag spline df = 4,2,lag_df4__PM10__lag,26
PM10,lag,3,165.500002466142,0.95,68.6000010222197,0.993932795564535,lag_df4,Lag spline df = 4,2,lag_df4__PM10__lag,26
PM10,lag,3,173.200002580881,0.96,68.6000010222197,0.993712705161146,lag_df4,Lag spline df = 4,2,lag_df4__PM10__lag,26
PM10,lag,3,183.500002734363,0.97,68.6000010222197,0.993532863046621,lag_df4,Lag spline df = 4,2,lag_df4__PM10__lag,26
PM10,lag,3,197.600002944469,0.98,68.6000010222197,0.993494132639505,lag_df4,Lag spline df = 4,2,lag_df4__PM10__lag,26
PM10,lag,3,222.600003316998,0.99,68.6000010222197,0.99399297209549,lag_df4,Lag spline df = 4,2,lag_df4__PM10__lag,26
O3,lag,3,15.3000002279878,0.01,85.1000012680888,0.986814937662559,lag_df4,Lag spline df = 4,2,lag_df4__O3__lag,27
O3,lag,3,20.1000002995133,0.02,85.1000012680888,0.989014510623883,lag_df4,Lag spline df = 4,2,lag_df4__O3__lag,27
O3,lag,3,23.4000003486872,0.03,85.1000012680888,0.990466583198329,lag_df4,Lag spline df = 4,2,lag_df4__O3__lag,27
O3,lag,3,26.1000003889203,0.04,85.1000012680888,0.991609679363742,lag_df4,Lag spline df = 4,2,lag_df4__O3__lag,27
O3,lag,3,28.5000004246831,0.05,85.1000012680888,0.992586763415612,lag_df4,Lag spline df = 4,2,lag_df4__O3__lag,27
O3,lag,3,30.7000004574656,0.06,85.1000012680888,0.993446552139642,lag_df4,Lag spline df = 4,2,lag_df4__O3__lag,27
O3,lag,3,32.700000487268,0.07,85.1000012680888,0.994195676023225,lag_df4,Lag spline df = 4,2,lag_df4__O3__lag,27
O3,lag,3,34.5000005140901,0.08,85.1000012680888,0.994841398698097,lag_df4,Lag spline df = 4,2,lag_df4__O3__lag,27
O3,lag,3,36.3000005409122,0.09,85.1000012680888,0.995458340911768,lag_df4,Lag spline df = 4,2,lag_df4__O3__lag,27
O3,lag,3,37.900000564754,0.1,85.1000012680888,0.995981174987136,lag_df4,Lag spline df = 4,2,lag_df4__O3__lag,27
O3,lag,3,39.5000005885959,0.11,85.1000012680888,0.996478687827122,lag_df4,Lag spline df = 4,2,lag_df4__O3__lag,27
O3,lag,3,41.0000006109476,0.12,85.1000012680888,0.996921028303838,lag_df4,Lag spline df = 4,2,lag_df4__O3__lag,27
O3,lag,3,42.4000006318092,0.13,85.1000012680888,0.997311952844192,lag_df4,Lag spline df = 4,2,lag_df4__O3__lag,27
O3,lag,3,43.900000654161,0.14,85.1000012680888,0.997706361070884,lag_df4,Lag spline df = 4,2,lag_df4__O3__lag,27
O3,lag,3,45.3000006750226,0.15,85.1000012680888,0.998050801961202,lag_df4,Lag spline df = 4,2,lag_df4__O3__lag,27
O3,lag,3,46.7000006958842,0.16,85.1000012680888,0.998371552692799,lag_df4,Lag spline df = 4,2,lag_df4__O3__lag,27
O3,lag,3,48.0000007152557,0.17,85.1000012680888,0.998647469637807,lag_df4,Lag spline df = 4,2,lag_df4__O3__lag,27
O3,lag,3,49.4000007361174,0.18,85.1000012680888,0.998920236993145,lag_df4,Lag spline df = 4,2,lag_df4__O3__lag,27
O3,lag,3,50.800000756979,0.19,85.1000012680888,0.999166935735322,lag_df4,Lag spline df = 4,2,lag_df4__O3__lag,27
O3,lag,3,52.1000007763505,0.2,85.1000012680888,0.999371963040819,lag_df4,Lag spline df = 4,2,lag_df4__O3__lag,27
O3,lag,3,53.400000795722,0.21,85.1000012680888,0.999553166924021,lag_df4,Lag spline df = 4,2,lag_df4__O3__lag,27
O3,lag,3,54.7000008150935,0.22,85.1000012680888,0.999709901153755,lag_df4,Lag spline df = 4,2,lag_df4__O3__lag,27
O3,lag,3,55.9000008329749,0.23,85.1000012680888,0.999832302565521,lag_df4,Lag spline df = 4,2,lag_df4__O3__lag,27
O3,lag,3,57.2000008523464,0.24,85.1000012680888,0.999940168606572,lag_df4,Lag spline df = 4,2,lag_df4__O3__lag,27
O3,lag,3,58.4000008702278,0.25,85.1000012680888,1.00001636408458,lag_df4,Lag spline df = 4,2,lag_df4__O3__lag,27
O3,lag,3,59.6000008881092,0.26,85.1000012680888,1.00007007055065,lag_df4,Lag spline df = 4,2,lag_df4__O3__lag,27
O3,lag,3,60.8000009059906,0.27,85.1000012680888,1.00010311936689,lag_df4,Lag spline df = 4,2,lag_df4__O3__lag,27
O3,lag,3,61.9000009223819,0.28,85.1000012680888,1.00011723095887,lag_df4,Lag spline df = 4,2,lag_df4__O3__lag,27
O3,lag,3,63.1000009402633,0.29,85.1000012680888,1.00011711477282,lag_df4,Lag spline df = 4,2,lag_df4__O3__lag,27
O3,lag,3,64.2000009566545,0.3,85.1000012680888,1.00010469977587,lag_df4,Lag spline df = 4,2,lag_df4__O3__lag,27
O3,lag,3,65.3000009730458,0.31,85.1000012680888,1.00008233841108,lag_df4,Lag spline df = 4,2,lag_df4__O3__lag,27
O3,lag,3,66.4000009894371,0.32,85.1000012680888,1.00005180410138,lag_df4,Lag spline df = 4,2,lag_df4__O3__lag,27
O3,lag,3,67.5000010058284,0.33,85.1000012680888,1.00001487028569,lag_df4,Lag spline df = 4,2,lag_df4__O3__lag,27
O3,lag,3,68.6000010222197,0.34,85.1000012680888,0.999973310289762,lag_df4,Lag spline df = 4,2,lag_df4__O3__lag,27
O3,lag,3,69.6000010371208,0.35,85.1000012680888,0.999933006053926,lag_df4,Lag spline df = 4,2,lag_df4__O3__lag,27
O3,lag,3,70.7000010535121,0.36,85.1000012680888,0.999887537717505,lag_df4,Lag spline df = 4,2,lag_df4__O3__lag,27
O3,lag,3,71.7000010684133,0.37,85.1000012680888,0.999846617195649,lag_df4,Lag spline df = 4,2,lag_df4__O3__lag,27
O3,lag,3,72.8000010848045,0.38,85.1000012680888,0.999803700815384,lag_df4,Lag spline df = 4,2,lag_df4__O3__lag,27
O3,lag,3,73.8000010997057,0.39,85.1000012680888,0.999768036023686,lag_df4,Lag spline df = 4,2,lag_df4__O3__lag,27
O3,lag,3,74.8000011146069,0.4,85.1000012680888,0.999736937310567,lag_df4,Lag spline df = 4,2,lag_df4__O3__lag,27
O3,lag,3,75.9000011309981,0.41,85.1000012680888,0.999709591116323,lag_df4,Lag spline df = 4,2,lag_df4__O3__lag,27
O3,lag,3,76.9000011458993,0.42,85.1000012680888,0.999692413585254,lag_df4,Lag spline df = 4,2,lag_df4__O3__lag,27
O3,lag,3,78.0000011622906,0.43,85.1000012680888,0.999683609040363,lag_df4,Lag spline df = 4,2,lag_df4__O3__lag,27
O3,lag,3,79.0000011771917,0.44,85.1000012680888,0.999686222661211,lag_df4,Lag spline df = 4,2,lag_df4__O3__lag,27
O3,lag,3,80.0000011920929,0.45,85.1000012680888,0.999700324312177,lag_df4,Lag spline df = 4,2,lag_df4__O3__lag,27
O3,lag,3,81.0000012069941,0.46,85.1000012680888,0.999727245945095,lag_df4,Lag spline df = 4,2,lag_df4__O3__lag,27
O3,lag,3,82.0000012218952,0.47,85.1000012680888,0.999768320116051,lag_df4,Lag spline df = 4,2,lag_df4__O3__lag,27
O3,lag,3,83.0000012367964,0.48,85.1000012680888,0.999824880165075,lag_df4,Lag spline df = 4,2,lag_df4__O3__lag,27
O3,lag,3,84.1000012531877,0.49,85.1000012680888,0.999906574955349,lag_df4,Lag spline df = 4,2,lag_df4__O3__lag,27
O3,lag,3,85.1000012680888,0.5,85.1000012680888,1,lag_df4,Lag spline df = 4,2,lag_df4__O3__lag,27
O3,lag,3,86.10000128299,0.51,85.1000012680888,1.00011267439167,lag_df4,Lag spline df = 4,2,lag_df4__O3__lag,27
O3,lag,3,87.1000012978911,0.52,85.1000012680888,1.0002440510314,lag_df4,Lag spline df = 4,2,lag_df4__O3__lag,27
O3,lag,3,88.2000013142824,0.53,85.1000012680888,1.00040906421509,lag_df4,Lag spline df = 4,2,lag_df4__O3__lag,27
O3,lag,3,89.2000013291836,0.54,85.1000012680888,1.0005767099981,lag_df4,Lag spline df = 4,2,lag_df4__O3__lag,27
O3,lag,3,90.3000013455749,0.55,85.1000012680888,1.00077938062443,lag_df4,Lag spline df = 4,2,lag_df4__O3__lag,27
O3,lag,3,91.4000013619661,0.56,85.1000012680888,1.00099999013144,lag_df4,Lag spline df = 4,2,lag_df4__O3__lag,27
O3,lag,3,92.5000013783574,0.57,85.1000012680888,1.00123731029757,lag_df4,Lag spline df = 4,2,lag_df4__O3__lag,27
O3,lag,3,93.5000013932586,0.58,85.1000012680888,1.00146652313328,lag_df4,Lag spline df = 4,2,lag_df4__O3__lag,27
O3,lag,3,94.70000141114,0.59,85.1000012680888,1.0017571680431,lag_df4,Lag spline df = 4,2,lag_df4__O3__lag,27
O3,lag,3,95.8000014275312,0.6,85.1000012680888,1.00203724692121,lag_df4,Lag spline df = 4,2,lag_df4__O3__lag,27
O3,lag,3,96.9000014439225,0.61,85.1000012680888,1.00232911870439,lag_df4,Lag spline df = 4,2,lag_df4__O3__lag,27
O3,lag,3,98.0000014603138,0.62,85.1000012680888,1.00263155185844,lag_df4,Lag spline df = 4,2,lag_df4__O3__lag,27
O3,lag,3,99.2000014781952,0.63,85.1000012680888,1.00297207564444,lag_df4,Lag spline df = 4,2,lag_df4__O3__lag,27
O3,lag,3,100.400001496077,0.64,85.1000012680888,1.00332209927198,lag_df4,Lag spline df = 4,2,lag_df4__O3__lag,27
O3,lag,3,101.600001513958,0.65,85.1000012680888,1.00368001873432,lag_df4,Lag spline df = 4,2,lag_df4__O3__lag,27
O3,lag,3,102.800001531839,0.66,85.1000012680888,1.00404422793697,lag_df4,Lag spline df = 4,2,lag_df4__O3__lag,27
O3,lag,3,104.000001549721,0.67,85.1000012680888,1.00441311858394,lag_df4,Lag spline df = 4,2,lag_df4__O3__lag,27
O3,lag,3,105.300001569092,0.68,85.1000012680888,1.00481616495423,lag_df4,Lag spline df = 4,2,lag_df4__O3__lag,27
O3,lag,3,106.500001586974,0.69,85.1000012680888,1.00518963299399,lag_df4,Lag spline df = 4,2,lag_df4__O3__lag,27
O3,lag,3,107.800001606345,0.7,85.1000012680888,1.00559384301891,lag_df4,Lag spline df = 4,2,lag_df4__O3__lag,27
O3,lag,3,109.200001627207,0.71,85.1000012680888,1.00602640297655,lag_df4,Lag spline df = 4,2,lag_df4__O3__lag,27
O3,lag,3,110.600001648068,0.72,85.1000012680888,1.00645360578572,lag_df4,Lag spline df = 4,2,lag_df4__O3__lag,27
O3,lag,3,112.10000167042,0.73,85.1000012680888,1.00690244940759,lag_df4,Lag spline df = 4,2,lag_df4__O3__lag,27
O3,lag,3,113.500001691282,0.74,85.1000012680888,1.00731034995662,lag_df4,Lag spline df = 4,2,lag_df4__O3__lag,27
O3,lag,3,115.000001713634,0.75,85.1000012680888,1.00773257240284,lag_df4,Lag spline df = 4,2,lag_df4__O3__lag,27
O3,lag,3,116.600001737475,0.76,85.1000012680888,1.00816320701845,lag_df4,Lag spline df = 4,2,lag_df4__O3__lag,27
O3,lag,3,118.200001761317,0.77,85.1000012680888,1.00857299119147,lag_df4,Lag spline df = 4,2,lag_df4__O3__lag,27
O3,lag,3,119.800001785159,0.78,85.1000012680888,1.00896205543725,lag_df4,Lag spline df = 4,2,lag_df4__O3__lag,27
O3,lag,3,121.400001809001,0.79,85.1000012680888,1.00933053179526,lag_df4,Lag spline df = 4,2,lag_df4__O3__lag,27
O3,lag,3,123.100001834333,0.8,85.1000012680888,1.00969962910033,lag_df4,Lag spline df = 4,2,lag_df4__O3__lag,27
O3,lag,3,124.900001861155,0.81,85.1000012680888,1.01006544963285,lag_df4,Lag spline df = 4,2,lag_df4__O3__lag,27
O3,lag,3,126.700001887977,0.82,85.1000012680888,1.01040575877344,lag_df4,Lag spline df = 4,2,lag_df4__O3__lag,27
O3,lag,3,128.700001917779,0.83,85.1000012680888,1.01075419865616,lag_df4,Lag spline df = 4,2,lag_df4__O3__lag,27
O3,lag,3,130.600001946092,0.84,85.1000012680888,1.01105651751335,lag_df4,Lag spline df = 4,2,lag_df4__O3__lag,27
O3,lag,3,132.700001977384,0.85,85.1000012680888,1.0113584161846,lag_df4,Lag spline df = 4,2,lag_df4__O3__lag,27
O3,lag,3,134.900002010167,0.86,85.1000012680888,1.0116387205194,lag_df4,Lag spline df = 4,2,lag_df4__O3__lag,27
O3,lag,3,137.200002044439,0.87,85.1000012680888,1.01189281381216,lag_df4,Lag spline df = 4,2,lag_df4__O3__lag,27
O3,lag,3,139.600002080202,0.88,85.1000012680888,1.01211596639077,lag_df4,Lag spline df = 4,2,lag_df4__O3__lag,27
O3,lag,3,142.100002117455,0.89,85.1000012680888,1.01230335000423,lag_df4,Lag spline df = 4,2,lag_df4__O3__lag,27
O3,lag,3,144.700002156198,0.9,85.1000012680888,1.01245005307161,lag_df4,Lag spline df = 4,2,lag_df4__O3__lag,27
O3,lag,3,147.300002194941,0.91,85.1000012680888,1.01254827813121,lag_df4,Lag spline df = 4,2,lag_df4__O3__lag,27
O3,lag,3,150.400002241135,0.92,85.1000012680888,1.01260294983102,lag_df4,Lag spline df = 4,2,lag_df4__O3__lag,27
O3,lag,3,153.700002290308,0.93,85.1000012680888,1.01258771491222,lag_df4,Lag spline df = 4,2,lag_df4__O3__lag,27
O3,lag,3,157.500002346933,0.94,85.1000012680888,1.01247812215807,lag_df4,Lag spline df = 4,2,lag_df4__O3__lag,27
O3,lag,3,161.800002411008,0.95,85.1000012680888,1.01223784826095,lag_df4,Lag spline df = 4,2,lag_df4__O3__lag,27
O3,lag,3,167.100002489984,0.96,85.1000012680888,1.01177633493124,lag_df4,Lag spline df = 4,2,lag_df4__O3__lag,27
O3,lag,3,173.600002586842,0.97,85.1000012680888,1.01096926829894,lag_df4,Lag spline df = 4,2,lag_df4__O3__lag,27
O3,lag,3,182.100002713501,0.98,85.1000012680888,1.0095306419596,lag_df4,Lag spline df = 4,2,lag_df4__O3__lag,27
O3,lag,3,195.100002907217,0.99,85.1000012680888,1.00654404226214,lag_df4,Lag spline df = 4,2,lag_df4__O3__lag,27
t2m,mavg,4,1.02780312247944,0.01,17.9187098645455,0.984991088901667,lag_df4,Lag spline df = 4,2,lag_df4__t2m__mavg,28
t2m,mavg,4,2.256389928148,0.02,17.9187098645455,0.992427512683978,lag_df4,Lag spline df = 4,2,lag_df4__t2m__mavg,28
t2m,mavg,4,3.025459089908,0.03,17.9187098645455,0.996650784186456,lag_df4,Lag spline df = 4,2,lag_df4__t2m__mavg,28
t2m,mavg,4,3.5995212600303,0.04,17.9187098645455,0.999566538493075,lag_df4,Lag spline df = 4,2,lag_df4__t2m__mavg,28
t2m,mavg,4,4.108091291,0.05,17.9187098645455,1.0019703926199,lag_df4,Lag spline df = 4,2,lag_df4__t2m__mavg,28
t2m,mavg,4,4.56037066121333,0.06,17.9187098645455,1.0039599984932,lag_df4,Lag spline df = 4,2,lag_df4__t2m__mavg,28
t2m,mavg,4,4.978082747132,0.07,17.9187098645455,1.00566861570342,lag_df4,Lag spline df = 4,2,lag_df4__t2m__mavg,28
t2m,mavg,4,5.35026113278667,0.08,17.9187098645455,1.00708305002021,lag_df4,Lag spline df = 4,2,lag_df4__t2m__mavg,28
t2m,mavg,4,5.67984748846667,0.09,17.9187098645455,1.00824813619181,lag_df4,Lag spline df = 4,2,lag_df4__t2m__mavg,28
t2m,mavg,4,6.00510403978,0.1,17.9187098645455,1.00931520346946,lag_df4,Lag spline df = 4,2,lag_df4__t2m__mavg,28
t2m,mavg,4,6.305856534193,0.11,17.9187098645455,1.01022700565401,lag_df4,Lag spline df = 4,2,lag_df4__t2m__mavg,28
t2m,mavg,4,6.58533164133333,0.12,17.9187098645455,1.01100838353964,lag_df4,Lag spline df = 4,2,lag_df4__t2m__mavg,28
t2m,mavg,4,6.85139651821,0.13,17.9187098645455,1.01169207958747,lag_df4,Lag spline df = 4,2,lag_df4__t2m__mavg,28
t2m,mavg,4,7.11128190270133,0.14,17.9187098645455,1.01230216149372,lag_df4,Lag spline df = 4,2,lag_df4__t2m__mavg,28
t2m,mavg,4,7.3583983742,0.15,17.9187098645455,1.01282842615527,lag_df4,Lag spline df = 4,2,lag_df4__t2m__mavg,28
t2m,mavg,4,7.597306188,0.16,17.9187098645455,1.0132864916838,lag_df4,Lag spline df = 4,2,lag_df4__t2m__mavg,28
t2m,mavg,4,7.83223957202333,0.17,17.9187098645455,1.01368756119987,lag_df4,Lag spline df = 4,2,lag_df4__t2m__mavg,28
t2m,mavg,4,8.061473306125,0.18,17.9187098645455,1.01403101129425,lag_df4,Lag spline df = 4,2,lag_df4__t2m__mavg,28
t2m,mavg,4,8.301369133445,0.19,17.9187098645455,1.01433905383311,lag_df4,Lag spline df = 4,2,lag_df4__t2m__mavg,28
t2m,mavg,4,8.5507616037,0.2,17.9187098645455,1.01460277951902,lag_df4,Lag spline df = 4,2,lag_df4__t2m__mavg,28
t2m,mavg,4,8.806381281796,0.21,17.9187098645455,1.01481243850594,lag_df4,Lag spline df = 4,2,lag_df4__t2m__mavg,28
t2m,mavg,4,9.08911478672,0.22,17.9187098645455,1.01497175199522,lag_df4,Lag spline df = 4,2,lag_df4__t2m__mavg,28
t2m,mavg,4,9.377041753,0.23,17.9187098645455,1.01505444241195,lag_df4,Lag spline df = 4,2,lag_df4__t2m__mavg,28
t2m,mavg,4,9.67666718204,0.24,17.9187098645455,1.01505393017781,lag_df4,Lag spline df = 4,2,lag_df4__t2m__mavg,28
t2m,mavg,4,9.99084572280556,0.25,17.9187098645455,1.01495708515548,lag_df4,Lag spline df = 4,2,lag_df4__t2m__mavg,28
t2m,mavg,4,10.311765969946,0.26,17.9187098645455,1.01475641901179,lag_df4,Lag spline df = 4,2,lag_df4__t2m__mavg,28
t2m,mavg,4,10.6243917145428,0.27,17.9187098645455,1.01446832158457,lag_df4,Lag spline df = 4,2,lag_df4__t2m__mavg,28
t2m,mavg,4,10.9298641039133,0.28,17.9187098645455,1.01410589394109,lag_df4,Lag spline df = 4,2,lag_df4__t2m__mavg,28
t2m,mavg,4,11.24359466278,0.29,17.9187098645455,1.01365794498671,lag_df4,Lag spline df = 4,2,lag_df4__t2m__mavg,28
t2m,mavg,4,11.5694871546222,0.3,17.9187098645455,1.0131195840655,lag_df4,Lag spline df = 4,2,lag_df4__t2m__mavg,28
t2m,mavg,4,11.9021914831667,0.31,17.9187098645455,1.01250205818853,lag_df4,Lag spline df = 4,2,lag_df4__t2m__mavg,28
t2m,mavg,4,12.2558814684843,0.32,17.9187098645455,1.01178056638932,lag_df4,Lag spline df = 4,2,lag_df4__t2m__mavg,28
t2m,mavg,4,12.6127319528575,0.33,17.9187098645455,1.01099571739644,lag_df4,Lag spline df = 4,2,lag_df4__t2m__mavg,28
t2m,mavg,4,12.97256917356,0.34,17.9187098645455,1.0101578648921,lag_df4,Lag spline df = 4,2,lag_df4__t2m__mavg,28
t2m,mavg,4,13.324886575,0.35,17.9187098645455,1.00930344019528,lag_df4,Lag spline df = 4,2,lag_df4__t2m__mavg,28
t2m,mavg,4,13.6628008534933,0.36,17.9187098645455,1.00846236469506,lag_df4,Lag spline df = 4,2,lag_df4__t2m__mavg,28
t2m,mavg,4,13.9863297578,0.37,17.9187098645455,1.00764621369528,lag_df4,Lag spline df = 4,2,lag_df4__t2m__mavg,28
t2m,mavg,4,14.2977158679,0.38,17.9187098645455,1.00685852408057,lag_df4,Lag spline df = 4,2,lag_df4__t2m__mavg,28
t2m,mavg,4,14.6241718488,0.39,17.9187098645455,1.00603860427545,lag_df4,Lag spline df = 4,2,lag_df4__t2m__mavg,28
t2m,mavg,4,14.954160498,0.4,17.9187098645455,1.00522447654186,lag_df4,Lag spline df = 4,2,lag_df4__t2m__mavg,28
t2m,mavg,4,15.30019531,0.41,17.9187098645455,1.00439611519736,lag_df4,Lag spline df = 4,2,lag_df4__t2m__mavg,28
t2m,mavg,4,15.6514823113,0.42,17.9187098645455,1.00359191349343,lag_df4,Lag spline df = 4,2,lag_df4__t2m__mavg,28
t2m,mavg,4,15.9936218401317,0.43,17.9187098645455,1.00285417977259,lag_df4,Lag spline df = 4,2,lag_df4__t2m__mavg,28
t2m,mavg,4,16.3183284798133,0.44,17.9187098645455,1.00220445969224,lag_df4,Lag spline df = 4,2,lag_df4__t2m__mavg,28
t2m,mavg,4,16.626975884,0.45,17.9187098645455,1.00164005723195,lag_df4,Lag spline df = 4,2,lag_df4__t2m__mavg,28
t2m,mavg,4,16.910367102,0.46,17.9187098645455,1.00117365680841,lag_df4,Lag spline df = 4,2,lag_df4__t2m__mavg,28
t2m,mavg,4,17.175739065,0.47,17.9187098645455,1.0007868945728,lag_df4,Lag spline df = 4,2,lag_df4__t2m__mavg,28
t2m,mavg,4,17.43494230648,0.48,17.9187098645455,1.00046019571726,lag_df4,Lag spline df = 4,2,lag_df4__t2m__mavg,28
t2m,mavg,4,17.6793349596,0.49,17.9187098645455,1.0002021884064,lag_df4,Lag spline df = 4,2,lag_df4__t2m__mavg,28
t2m,mavg,4,17.9187098645455,0.5,17.9187098645455,1,lag_df4,Lag spline df = 4,2,lag_df4__t2m__mavg,28
t2m,mavg,4,18.1663592523143,0.51,17.9187098645455,0.999845146015886,lag_df4,Lag spline df = 4,2,lag_df4__t2m__mavg,28
t2m,mavg,4,18.4202017814286,0.52,17.9187098645455,0.999737931881602,lag_df4,Lag spline df = 4,2,lag_df4__t2m__mavg,28
t2m,mavg,4,18.68691451536,0.53,17.9187098645455,0.999672835456395,lag_df4,Lag spline df = 4,2,lag_df4__t2m__mavg,28
t2m,mavg,4,18.95812611312,0.54,17.9187098645455,0.999647276159176,lag_df4,Lag spline df = 4,2,lag_df4__t2m__mavg,28
t2m,mavg,4,19.2215712731091,0.55,17.9187098645455,0.999652565861475,lag_df4,Lag spline df = 4,2,lag_df4__t2m__mavg,28
t2m,mavg,4,19.4811930166857,0.56,17.9187098645455,0.999678108533624,lag_df4,Lag spline df = 4,2,lag_df4__t2m__mavg,28
t2m,mavg,4,19.72834310625,0.57,17.9187098645455,0.999713388046219,lag_df4,Lag spline df = 4,2,lag_df4__t2m__mavg,28
t2m,mavg,4,19.972399897503,0.58,17.9187098645455,0.999751454476665,lag_df4,Lag spline df = 4,2,lag_df4__t2m__mavg,28
t2m,mavg,4,20.2098802904,0.59,17.9187098645455,0.999784847591042,lag_df4,Lag spline df = 4,2,lag_df4__t2m__mavg,28
t2m,mavg,4,20.44764450055,0.6,17.9187098645455,0.999808113935961,lag_df4,Lag spline df = 4,2,lag_df4__t2m__mavg,28
t2m,mavg,4,20.6856039021867,0.61,17.9187098645455,0.999814694963402,lag_df4,Lag spline df = 4,2,lag_df4__t2m__mavg,28
t2m,mavg,4,20.9214748150222,0.62,17.9187098645455,0.999798305119585,lag_df4,Lag spline df = 4,2,lag_df4__t2m__mavg,28
t2m,mavg,4,21.15137547195,0.63,17.9187098645455,0.999754294217199,lag_df4,Lag spline df = 4,2,lag_df4__t2m__mavg,28
t2m,mavg,4,21.37818918768,0.64,17.9187098645455,0.999677964617769,lag_df4,Lag spline df = 4,2,lag_df4__t2m__mavg,28
t2m,mavg,4,21.60779915,0.65,17.9187098645455,0.999561601893316,lag_df4,Lag spline df = 4,2,lag_df4__t2m__mavg,28
t2m,mavg,4,21.83763818304,0.66,17.9187098645455,0.99939989784809,lag_df4,Lag spline df = 4,2,lag_df4__t2m__mavg,28
t2m,mavg,4,22.0627521283333,0.67,17.9187098645455,0.999192020287433,lag_df4,Lag spline df = 4,2,lag_df4__t2m__mavg,28
t2m,mavg,4,22.2919050466286,0.68,17.9187098645455,0.998924390455248,lag_df4,Lag spline df = 4,2,lag_df4__t2m__mavg,28
t2m,mavg,4,22.5153224188357,0.69,17.9187098645455,0.9986035604358,lag_df4,Lag spline df = 4,2,lag_df4__t2m__mavg,28
t2m,mavg,4,22.7352023355556,0.7,17.9187098645455,0.998224840002486,lag_df4,Lag spline df = 4,2,lag_df4__t2m__mavg,28
t2m,mavg,4,22.9514675885714,0.71,17.9187098645455,0.997786466359325,lag_df4,Lag spline df = 4,2,lag_df4__t2m__mavg,28
t2m,mavg,4,23.1648568796436,0.72,17.9187098645455,0.997285175340929,lag_df4,Lag spline df = 4,2,lag_df4__t2m__mavg,28
t2m,mavg,4,23.3807190752444,0.73,17.9187098645455,0.996703888267466,lag_df4,Lag spline df = 4,2,lag_df4__t2m__mavg,28
t2m,mavg,4,23.5974854265818,0.74,17.9187098645455,0.996040341394716,lag_df4,Lag spline df = 4,2,lag_df4__t2m__mavg,28
t2m,mavg,4,23.8194539806667,0.75,17.9187098645455,0.995273019337491,lag_df4,Lag spline df = 4,2,lag_df4__t2m__mavg,28
t2m,mavg,4,24.0393968385333,0.76,17.9187098645455,0.994421222117904,lag_df4,Lag spline df = 4,2,lag_df4__t2m__mavg,28
t2m,mavg,4,24.26452301436,0.77,17.9187098645455,0.993455896184264,lag_df4,Lag spline df = 4,2,lag_df4__t2m__mavg,28
t2m,mavg,4,24.4983428388889,0.78,17.9187098645455,0.992355456197783,lag_df4,Lag spline df = 4,2,lag_df4__t2m__mavg,28
t2m,mavg,4,24.7219085558333,0.79,17.9187098645455,0.991212225790149,lag_df4,Lag spline df = 4,2,lag_df4__t2m__mavg,28
t2m,mavg,4,24.9408743528889,0.8,17.9187098645455,0.990008297919175,lag_df4,Lag spline df = 4,2,lag_df4__t2m__mavg,28
t2m,mavg,4,25.165013827981,0.81,17.9187098645455,0.988691698594464,lag_df4,Lag spline df = 4,2,lag_df4__t2m__mavg,28
t2m,mavg,4,25.3910733297818,0.82,17.9187098645455,0.987279682944583,lag_df4,Lag spline df = 4,2,lag_df4__t2m__mavg,28
t2m,mavg,4,25.61824506125,0.83,17.9187098645455,0.985777830800084,lag_df4,Lag spline df = 4,2,lag_df4__t2m__mavg,28
t2m,mavg,4,25.8453134664364,0.84,17.9187098645455,0.984195881378326,lag_df4,Lag spline df = 4,2,lag_df4__t2m__mavg,28
t2m,mavg,4,26.0763395075714,0.85,17.9187098645455,0.982505813733243,lag_df4,Lag spline df = 4,2,lag_df4__t2m__mavg,28
t2m,mavg,4,26.3187202802909,0.86,17.9187098645455,0.980647951788059,lag_df4,Lag spline df = 4,2,lag_df4__t2m__mavg,28
t2m,mavg,4,26.5671863141722,0.87,17.9187098645455,0.978656244722394,lag_df4,Lag spline df = 4,2,lag_df4__t2m__mavg,28
t2m,mavg,4,26.8253266588889,0.88,17.9187098645455,0.976496663435553,lag_df4,Lag spline df = 4,2,lag_df4__t2m__mavg,28
t2m,mavg,4,27.0916821564546,0.89,17.9187098645455,0.974175373060196,lag_df4,Lag spline df = 4,2,lag_df4__t2m__mavg,28
t2m,mavg,4,27.3677640146,0.9,17.9187098645455,0.971673538289269,lag_df4,Lag spline df = 4,2,lag_df4__t2m__mavg,28
t2m,mavg,4,27.6562653472333,0.91,17.9187098645455,0.968959377352027,lag_df4,Lag spline df = 4,2,lag_df4__t2m__mavg,28
t2m,mavg,4,27.98116021386,0.92,17.9187098645455,0.965786489831609,lag_df4,Lag spline df = 4,2,lag_df4__t2m__mavg,28
t2m,mavg,4,28.3356987118,0.93,17.9187098645455,0.962191004245528,lag_df4,Lag spline df = 4,2,lag_df4__t2m__mavg,28
t2m,mavg,4,28.7114150291556,0.94,17.9187098645455,0.958238444489367,lag_df4,Lag spline df = 4,2,lag_df4__t2m__mavg,28
t2m,mavg,4,29.10363162425,0.95,17.9187098645455,0.953966873967862,lag_df4,Lag spline df = 4,2,lag_df4__t2m__mavg,28
t2m,mavg,4,29.52757361944,0.96,17.9187098645455,0.949195779308286,lag_df4,Lag spline df = 4,2,lag_df4__t2m__mavg,28
t2m,mavg,4,30.0152930952,0.97,17.9187098645455,0.943527173695185,lag_df4,Lag spline df = 4,2,lag_df4__t2m__mavg,28
t2m,mavg,4,30.606166406,0.98,17.9187098645455,0.936431577430115,lag_df4,Lag spline df = 4,2,lag_df4__t2m__mavg,28
t2m,mavg,4,31.35193866715,0.99,17.9187098645455,0.927174245872192,lag_df4,Lag spline df = 4,2,lag_df4__t2m__mavg,28
rh,mavg,4,47.9113061521333,0.01,76.166598945,1.03791507031998,lag_df4,Lag spline df = 4,2,lag_df4__rh__mavg,29
rh,mavg,4,51.8289353607372,0.02,76.166598945,1.02518670864329,lag_df4,Lag spline df = 4,2,lag_df4__rh__mavg,29
rh,mavg,4,54.3226252166667,0.03,76.166598945,1.01821647999638,lag_df4,Lag spline df = 4,2,lag_df4__rh__mavg,29
rh,mavg,4,56.1251473576,0.04,76.166598945,1.01375643803686,lag_df4,Lag spline df = 4,2,lag_df4__rh__mavg,29
rh,mavg,4,57.4634195875,0.05,76.166598945,1.0107703773835,lag_df4,Lag spline df = 4,2,lag_df4__rh__mavg,29
rh,mavg,4,58.5655488030845,0.06,76.166598945,1.00852495593587,lag_df4,Lag spline df = 4,2,lag_df4__rh__mavg,29
rh,mavg,4,59.50236515671,0.07,76.166598945,1.00677134646608,lag_df4,Lag spline df = 4,2,lag_df4__rh__mavg,29
rh,mavg,4,60.3423170055143,0.08,76.166598945,1.0053223492217,lag_df4,Lag spline df = 4,2,lag_df4__rh__mavg,29
rh,mavg,4,61.10679806,0.09,76.166598945,1.00410648415939,lag_df4,Lag spline df = 4,2,lag_df4__rh__mavg,29
rh,mavg,4,61.7946768236667,0.1,76.166598945,1.00309749332573,lag_df4,Lag spline df = 4,2,lag_df4__rh__mavg,29
rh,mavg,4,62.43267738812,0.11,76.166598945,1.00223461032692,lag_df4,Lag spline df = 4,2,lag_df4__rh__mavg,29
rh,mavg,4,63.0405358144333,0.12,76.166598945,1.00147858732775,lag_df4,Lag spline df = 4,2,lag_df4__rh__mavg,29
rh,mavg,4,63.60860254314,0.13,76.166598945,1.00083101604908,lag_df4,Lag spline df = 4,2,lag_df4__rh__mavg,29
rh,mavg,4,64.14546059424,0.14,76.166598945,1.0002719404381,lag_df4,Lag spline df = 4,2,lag_df4__rh__mavg,29
rh,mavg,4,64.654945188,0.15,76.166598945,0.999789411517566,lag_df4,Lag spline df = 4,2,lag_df4__rh__mavg,29
rh,mavg,4,65.148653509,0.16,76.166598945,0.999366890053443,lag_df4,Lag spline df = 4,2,lag_df4__rh__mavg,29
rh,mavg,4,65.6402881014286,0.17,76.166598945,0.9989906375211,lag_df4,Lag spline df = 4,2,lag_df4__rh__mavg,29
rh,mavg,4,66.11288641336,0.18,76.166598945,0.99867119528234,lag_df4,Lag spline df = 4,2,lag_df4__rh__mavg,29
rh,mavg,4,66.57951539,0.19,76.166598945,0.998396783900149,lag_df4,Lag spline df = 4,2,lag_df4__rh__mavg,29
rh,mavg,4,67.023168635,0.2,76.166598945,0.998173993412282,lag_df4,Lag spline df = 4,2,lag_df4__rh__mavg,29
rh,mavg,4,67.4542677525,0.21,76.166598945,0.997993398601399,lag_df4,Lag spline df = 4,2,lag_df4__rh__mavg,29
rh,mavg,4,67.8709934233333,0.22,76.166598945,0.997852730801754,lag_df4,Lag spline df = 4,2,lag_df4__rh__mavg,29
rh,mavg,4,68.2699789666667,0.23,76.166598945,0.997749535192923,lag_df4,Lag spline df = 4,2,lag_df4__rh__mavg,29
rh,mavg,4,68.6616852572,0.24,76.166598945,0.997678418014691,lag_df4,Lag spline df = 4,2,lag_df4__rh__mavg,29
rh,mavg,4,69.0278560573296,0.25,76.166598945,0.997639196158394,lag_df4,Lag spline df = 4,2,lag_df4__rh__mavg,29
rh,mavg,4,69.40068475032,0.26,76.166598945,0.997626180295079,lag_df4,Lag spline df = 4,2,lag_df4__rh__mavg,29
rh,mavg,4,69.7597039301067,0.27,76.166598945,0.997637906205128,lag_df4,Lag spline df = 4,2,lag_df4__rh__mavg,29
rh,mavg,4,70.10922018025,0.28,76.166598945,0.997670584683366,lag_df4,Lag spline df = 4,2,lag_df4__rh__mavg,29
rh,mavg,4,70.448463821,0.29,76.166598945,0.997720901039238,lag_df4,Lag spline df = 4,2,lag_df4__rh__mavg,29
rh,mavg,4,70.7803022218182,0.3,76.166598945,0.997786486476758,lag_df4,Lag spline df = 4,2,lag_df4__rh__mavg,29
rh,mavg,4,71.1037979416,0.31,76.166598945,0.997864745190493,lag_df4,Lag spline df = 4,2,lag_df4__rh__mavg,29
rh,mavg,4,71.4146012025714,0.32,76.166598945,0.997952114557086,lag_df4,Lag spline df = 4,2,lag_df4__rh__mavg,29
rh,mavg,4,71.72720643165,0.33,76.166598945,0.99805093003967,lag_df4,Lag spline df = 4,2,lag_df4__rh__mavg,29
rh,mavg,4,72.0343914692,0.34,76.166598945,0.99815766170747,lag_df4,Lag spline df = 4,2,lag_df4__rh__mavg,29
rh,mavg,4,72.3355201951,0.35,76.166598945,0.998270546513078,lag_df4,Lag spline df = 4,2,lag_df4__rh__mavg,29
rh,mavg,4,72.6281061931636,0.36,76.166598945,0.998387124643659,lag_df4,Lag spline df = 4,2,lag_df4__rh__mavg,29
rh,mavg,4,72.9180867054833,0.37,76.166598945,0.998508478629955,lag_df4,Lag spline df = 4,2,lag_df4__rh__mavg,29
rh,mavg,4,73.2000332289,0.38,76.166598945,0.998631186842829,lag_df4,Lag spline df = 4,2,lag_df4__rh__mavg,29
rh,mavg,4,73.4688955212,0.39,76.166598945,0.998751787409299,lag_df4,Lag spline df = 4,2,lag_df4__rh__mavg,29
rh,mavg,4,73.7331587234318,0.4,76.166598945,0.998873050337174,lag_df4,Lag spline df = 4,2,lag_df4__rh__mavg,29
rh,mavg,4,74.0002303267891,0.41,76.166598945,0.998997667361301,lag_df4,Lag spline df = 4,2,lag_df4__rh__mavg,29
rh,mavg,4,74.2640394919333,0.42,76.166598945,0.99912213370146,lag_df4,Lag spline df = 4,2,lag_df4__rh__mavg,29
rh,mavg,4,74.5177337198,0.43,76.166598945,0.999242496427793,lag_df4,Lag spline df = 4,2,lag_df4__rh__mavg,29
rh,mavg,4,74.7654804766,0.44,76.166598945,0.999360100325899,lag_df4,Lag spline df = 4,2,lag_df4__rh__mavg,29
rh,mavg,4,75.0104587241667,0.45,76.166598945,0.999475910838669,lag_df4,Lag spline df = 4,2,lag_df4__rh__mavg,29
rh,mavg,4,75.24823056,0.46,76.166598945,0.999587355866766,lag_df4,Lag spline df = 4,2,lag_df4__rh__mavg,29
rh,mavg,4,75.486539765,0.47,76.166598945,0.999697614100318,lag_df4,Lag spline df = 4,2,lag_df4__rh__mavg,29
rh,mavg,4,75.7140597942,0.48,76.166598945,0.99980108877738,lag_df4,Lag spline df = 4,2,lag_df4__rh__mavg,29
rh,mavg,4,75.9425018,0.49,76.166598945,0.999902787446699,lag_df4,Lag spline df = 4,2,lag_df4__rh__mavg,29
rh,mavg,4,76.166598945,0.5,76.166598945,1,lag_df4,Lag spline df = 4,2,lag_df4__rh__mavg,29
rh,mavg,4,76.38912282325,0.51,76.166598945,1.00009369375332,lag_df4,Lag spline df = 4,2,lag_df4__rh__mavg,29
rh,mavg,4,76.6071863461,0.52,76.166598945,1.00018271005223,lag_df4,Lag spline df = 4,2,lag_df4__rh__mavg,29
rh,mavg,4,76.830478883,0.53,76.166598945,1.00027099856311,lag_df4,Lag spline df = 4,2,lag_df4__rh__mavg,29
rh,mavg,4,77.0463221572,0.54,76.166598945,1.00035359754877,lag_df4,Lag spline df = 4,2,lag_df4__rh__mavg,29
rh,mavg,4,77.2587424713556,0.55,76.166598945,1.00043226127815,lag_df4,Lag spline df = 4,2,lag_df4__rh__mavg,29
rh,mavg,4,77.475275582,0.56,76.166598945,1.00050977607159,lag_df4,Lag spline df = 4,2,lag_df4__rh__mavg,29
rh,mavg,4,77.6919475617,0.57,76.166598945,1.00058464900406,lag_df4,Lag spline df = 4,2,lag_df4__rh__mavg,29
rh,mavg,4,77.91451340008,0.58,76.166598945,1.00065876447891,lag_df4,Lag spline df = 4,2,lag_df4__rh__mavg,29
rh,mavg,4,78.13095937,0.59,76.166598945,1.0007281350292,lag_df4,Lag spline df = 4,2,lag_df4__rh__mavg,29
rh,mavg,4,78.3503686648,0.6,76.166598945,1.00079574005465,lag_df4,Lag spline df = 4,2,lag_df4__rh__mavg,29
rh,mavg,4,78.56541275372,0.61,76.166598945,1.00085935613517,lag_df4,Lag spline df = 4,2,lag_df4__rh__mavg,29
rh,mavg,4,78.7835985625,0.62,76.166598945,1.00092123553739,lag_df4,Lag spline df = 4,2,lag_df4__rh__mavg,29
rh,mavg,4,78.9966250779,0.63,76.166598945,1.00097906939432,lag_df4,Lag spline df = 4,2,lag_df4__rh__mavg,29
rh,mavg,4,79.216640095,0.64,76.166598945,1.0010361311916,lag_df4,Lag spline df = 4,2,lag_df4__rh__mavg,29
rh,mavg,4,79.4301071518333,0.65,76.166598945,1.00108891092114,lag_df4,Lag spline df = 4,2,lag_df4__rh__mavg,29
rh,mavg,4,79.6410848670333,0.66,76.166598945,1.00113858312671,lag_df4,Lag spline df = 4,2,lag_df4__rh__mavg,29
rh,mavg,4,79.8512010497667,0.67,76.166598945,1.00118559844418,lag_df4,Lag spline df = 4,2,lag_df4__rh__mavg,29
rh,mavg,4,80.0667470602818,0.68,76.166598945,1.00123129251977,lag_df4,Lag spline df = 4,2,lag_df4__rh__mavg,29
rh,mavg,4,80.2836192893403,0.69,76.166598945,1.00127468428172,lag_df4,Lag spline df = 4,2,lag_df4__rh__mavg,29
rh,mavg,4,80.4984939968572,0.7,76.166598945,1.00131512953619,lag_df4,Lag spline df = 4,2,lag_df4__rh__mavg,29
rh,mavg,4,80.7161699571091,0.71,76.166598945,1.00135352624557,lag_df4,Lag spline df = 4,2,lag_df4__rh__mavg,29
rh,mavg,4,80.9405275196,0.72,76.166598945,1.00139039810938,lag_df4,Lag spline df = 4,2,lag_df4__rh__mavg,29
rh,mavg,4,81.170741396875,0.73,76.166598945,1.00142539017691,lag_df4,Lag spline df = 4,2,lag_df4__rh__mavg,29
rh,mavg,4,81.4091170714286,0.74,76.166598945,1.00145860056619,lag_df4,Lag spline df = 4,2,lag_df4__rh__mavg,29
rh,mavg,4,81.6463065916667,0.75,76.166598945,1.0014886055897,lag_df4,Lag spline df = 4,2,lag_df4__rh__mavg,29
rh,mavg,4,81.8882694085143,0.76,76.166598945,1.00151610716752,lag_df4,Lag spline df = 4,2,lag_df4__rh__mavg,29
rh,mavg,4,82.1409157466917,0.77,76.166598945,1.0015415145375,lag_df4,Lag spline df = 4,2,lag_df4__rh__mavg,29
rh,mavg,4,82.399651325,0.78,76.166598945,1.00156408107655,lag_df4,Lag spline df = 4,2,lag_df4__rh__mavg,29
rh,mavg,4,82.66585142856,0.79,76.166598945,1.00158370616445,lag_df4,Lag spline df = 4,2,lag_df4__rh__mavg,29
rh,mavg,4,82.9395703748572,0.8,76.166598945,1.00160014539444,lag_df4,Lag spline df = 4,2,lag_df4__rh__mavg,29
rh,mavg,4,83.2127388826571,0.81,76.166598945,1.00161283174813,lag_df4,Lag spline df = 4,2,lag_df4__rh__mavg,29
rh,mavg,4,83.4958086685714,0.82,76.166598945,1.00162212305827,lag_df4,Lag spline df = 4,2,lag_df4__rh__mavg,29
rh,mavg,4,83.7784599084914,0.83,76.166598945,1.00162755330269,lag_df4,Lag spline df = 4,2,lag_df4__rh__mavg,29
rh,mavg,4,84.07278656856,0.84,76.166598945,1.00162919539603,lag_df4,Lag spline df = 4,2,lag_df4__rh__mavg,29
rh,mavg,4,84.3706055315758,0.85,76.166598945,1.00162676787128,lag_df4,Lag spline df = 4,2,lag_df4__rh__mavg,29
rh,mavg,4,84.6865195375,0.86,76.166598945,1.00161978589898,lag_df4,Lag spline df = 4,2,lag_df4__rh__mavg,29
rh,mavg,4,85.0149985028786,0.87,76.166598945,1.00160781565137,lag_df4,Lag spline df = 4,2,lag_df4__rh__mavg,29
rh,mavg,4,85.35592591625,0.88,76.166598945,1.00159042634623,lag_df4,Lag spline df = 4,2,lag_df4__rh__mavg,29
rh,mavg,4,85.71409598425,0.89,76.166598945,1.00156683953617,lag_df4,Lag spline df = 4,2,lag_df4__rh__mavg,29
rh,mavg,4,86.0921176384,0.9,76.166598945,1.00153618624461,lag_df4,Lag spline df = 4,2,lag_df4__rh__mavg,29
rh,mavg,4,86.490493427775,0.91,76.166598945,1.00149765906851,lag_df4,Lag spline df = 4,2,lag_df4__rh__mavg,29
rh,mavg,4,86.9216783975,0.92,76.166598945,1.00144898012185,lag_df4,Lag spline df = 4,2,lag_df4__rh__mavg,29
rh,mavg,4,87.3998533681,0.93,76.166598945,1.00138680006431,lag_df4,Lag spline df = 4,2,lag_df4__rh__mavg,29
rh,mavg,4,87.9177604333333,0.94,76.166598945,1.00131010226042,lag_df4,Lag spline df = 4,2,lag_df4__rh__mavg,29
rh,mavg,4,88.491527711,0.95,76.166598945,1.00121427587777,lag_df4,Lag spline df = 4,2,lag_df4__rh__mavg,29
rh,mavg,4,89.1438995766667,0.96,76.166598945,1.00109216422311,lag_df4,Lag spline df = 4,2,lag_df4__rh__mavg,29
rh,mavg,4,89.92292729,0.97,76.166598945,1.000929135562,lag_df4,Lag spline df = 4,2,lag_df4__rh__mavg,29
rh,mavg,4,90.9308004652,0.98,76.166598945,1.00069264678866,lag_df4,Lag spline df = 4,2,lag_df4__rh__mavg,29
rh,mavg,4,92.5559880265333,0.99,76.166598945,1.00025795174865,lag_df4,Lag spline df = 4,2,lag_df4__rh__mavg,29
ssr,mavg,4,1.944673,0.01,12.787697,0.976589309434219,lag_df4,Lag spline df = 4,2,lag_df4__ssr__mavg,30
ssr,mavg,4,2.6523456,0.02,12.787697,0.978203350305099,lag_df4,Lag spline df = 4,2,lag_df4__ssr__mavg,30
ssr,mavg,4,3.189328,0.03,12.787697,0.979426291266779,lag_df4,Lag spline df = 4,2,lag_df4__ssr__mavg,30
ssr,mavg,4,3.61973228832,0.04,12.787697,0.980404804133661,lag_df4,Lag spline df = 4,2,lag_df4__ssr__mavg,30
ssr,mavg,4,4.02205824,0.05,12.787697,0.98131772342472,lag_df4,Lag spline df = 4,2,lag_df4__ssr__mavg,30
ssr,mavg,4,4.38614026666667,0.06,12.787697,0.982142115927722,lag_df4,Lag spline df = 4,2,lag_df4__ssr__mavg,30
ssr,mavg,4,4.71550509090909,0.07,12.787697,0.982886255057417,lag_df4,Lag spline df = 4,2,lag_df4__ssr__mavg,30
ssr,mavg,4,5.02689664,0.08,12.787697,0.983588180501527,lag_df4,Lag spline df = 4,2,lag_df4__ssr__mavg,30
ssr,mavg,4,5.31854136,0.09,12.787697,0.984244037273121,lag_df4,Lag spline df = 4,2,lag_df4__ssr__mavg,30
ssr,mavg,4,5.590286,0.1,12.787697,0.98485367276366,lag_df4,Lag spline df = 4,2,lag_df4__ssr__mavg,30
ssr,mavg,4,5.85069116533333,0.11,12.787697,0.985436440824804,lag_df4,Lag spline df = 4,2,lag_df4__ssr__mavg,30
ssr,mavg,4,6.100882,0.12,12.787697,0.985994947126537,lag_df4,Lag spline df = 4,2,lag_df4__ssr__mavg,30
ssr,mavg,4,6.34631533333333,0.13,12.787697,0.986541417939035,lag_df4,Lag spline df = 4,2,lag_df4__ssr__mavg,30
ssr,mavg,4,6.580677856,0.14,12.787697,0.98706185972041,lag_df4,Lag spline df = 4,2,lag_df4__ssr__mavg,30
ssr,mavg,4,6.80805926666667,0.15,12.787697,0.987565446542093,lag_df4,Lag spline df = 4,2,lag_df4__ssr__mavg,30
ssr,mavg,4,7.02449127272727,0.16,12.787697,0.98804348974998,lag_df4,Lag spline df = 4,2,lag_df4__ssr__mavg,30
ssr,mavg,4,7.23230030729333,0.17,12.787697,0.988501249613583,lag_df4,Lag spline df = 4,2,lag_df4__ssr__mavg,30
ssr,mavg,4,7.43513077818182,0.18,12.787697,0.988946828173909,lag_df4,Lag spline df = 4,2,lag_df4__ssr__mavg,30
ssr,mavg,4,7.64223791428571,0.19,12.787697,0.989400517860699,lag_df4,Lag spline df = 4,2,lag_df4__ssr__mavg,30
ssr,mavg,4,7.8380788952381,0.2,12.787697,0.989828292720264,lag_df4,Lag spline df = 4,2,lag_df4__ssr__mavg,30
ssr,mavg,4,8.03816607428571,0.21,12.787697,0.990264060739294,lag_df4,Lag spline df = 4,2,lag_df4__ssr__mavg,30
ssr,mavg,4,8.23024508,0.22,12.787697,0.990681130157745,lag_df4,Lag spline df = 4,2,lag_df4__ssr__mavg,30
ssr,mavg,4,8.42263443,0.23,12.787697,0.991097600459595,lag_df4,Lag spline df = 4,2,lag_df4__ssr__mavg,30
ssr,mavg,4,8.61453718857143,0.24,12.787697,0.991511710832214,lag_df4,Lag spline df = 4,2,lag_df4__ssr__mavg,30
ssr,mavg,4,8.7989433,0.25,12.787697,0.991908379802971,lag_df4,Lag spline df = 4,2,lag_df4__ssr__mavg,30
ssr,mavg,4,8.98352706505051,0.26,12.787697,0.992304144478235,lag_df4,Lag spline df = 4,2,lag_df4__ssr__mavg,30
ssr,mavg,4,9.16066517974667,0.27,12.787697,0.992682648944598,lag_df4,Lag spline df = 4,2,lag_df4__ssr__mavg,30
ssr,mavg,4,9.33826191824727,0.28,12.787697,0.993060764820223,lag_df4,Lag spline df = 4,2,lag_df4__ssr__mavg,30
ssr,mavg,4,9.50963934,0.29,12.787697,0.993424252719812,lag_df4,Lag spline df = 4,2,lag_df4__ssr__mavg,30
ssr,mavg,4,9.67503075555555,0.3,12.787697,0.993773673336585,lag_df4,Lag spline df = 4,2,lag_df4__ssr__mavg,30
ssr,mavg,4,9.83952432,0.31,12.787697,0.994119785520764,lag_df4,Lag spline df = 4,2,lag_df4__ssr__mavg,30
ssr,mavg,4,10.0036404228571,0.32,12.787697,0.994463626296709,lag_df4,Lag spline df = 4,2,lag_df4__ssr__mavg,30
ssr,mavg,4,10.16343928,0.33,12.787697,0.994796933588752,lag_df4,Lag spline df = 4,2,lag_df4__ssr__mavg,30
ssr,mavg,4,10.322014380832,0.34,12.787697,0.99512616852826,lag_df4,Lag spline df = 4,2,lag_df4__ssr__mavg,30
ssr,mavg,4,10.48074885,0.35,12.787697,0.995454150772311,lag_df4,Lag spline df = 4,2,lag_df4__ssr__mavg,30
ssr,mavg,4,10.640083392,0.36,12.787697,0.995781711822271,lag_df4,Lag spline df = 4,2,lag_df4__ssr__mavg,30
ssr,mavg,4,10.794844,0.37,12.787697,0.996098212000082,lag_df4,Lag spline df = 4,2,lag_df4__ssr__mavg,30
ssr,mavg,4,10.95158032,0.38,12.787697,0.996417023087936,lag_df4,Lag spline df = 4,2,lag_df4__ssr__mavg,30
ssr,mavg,4,11.1067491885714,0.39,12.787697,0.996730867800544,lag_df4,Lag spline df = 4,2,lag_df4__ssr__mavg,30
ssr,mavg,4,11.26097152,0.4,12.787697,0.997040982424235,lag_df4,Lag spline df = 4,2,lag_df4__ssr__mavg,30
ssr,mavg,4,11.41750094,0.41,12.787697,0.997353821436933,lag_df4,Lag spline df = 4,2,lag_df4__ssr__mavg,30
ssr,mavg,4,11.575937763504,0.42,12.787697,0.997668442122588,lag_df4,Lag spline df = 4,2,lag_df4__ssr__mavg,30
ssr,mavg,4,11.7291736536364,0.43,12.787697,0.997970728468462,lag_df4,Lag spline df = 4,2,lag_df4__ssr__mavg,30
ssr,mavg,4,11.8854656133333,0.44,12.787697,0.998276947108073,lag_df4,Lag spline df = 4,2,lag_df4__ssr__mavg,30
ssr,mavg,4,12.03982874,0.45,12.787697,0.998577245635025,lag_df4,Lag spline df = 4,2,lag_df4__ssr__mavg,30
ssr,mavg,4,12.19248176,0.46,12.787697,0.998872063318668,lag_df4,Lag spline df = 4,2,lag_df4__ssr__mavg,30
ssr,mavg,4,12.3422409527273,0.47,12.787697,0.999159152040127,lag_df4,Lag spline df = 4,2,lag_df4__ssr__mavg,30
ssr,mavg,4,12.489190576,0.48,12.787697,0.999438738824983,lag_df4,Lag spline df = 4,2,lag_df4__ssr__mavg,30
ssr,mavg,4,12.63607092,0.49,12.787697,0.999716044951786,lag_df4,Lag spline df = 4,2,lag_df4__ssr__mavg,30
ssr,mavg,4,12.787697,0.5,12.787697,1,lag_df4,Lag spline df = 4,2,lag_df4__ssr__mavg,30
ssr,mavg,4,12.9388510666667,0.51,12.787697,1.00028060067996,lag_df4,Lag spline df = 4,2,lag_df4__ssr__mavg,30
ssr,mavg,4,13.0909324,0.52,12.787697,1.00055999314268,lag_df4,Lag spline df = 4,2,lag_df4__ssr__mavg,30
ssr,mavg,4,13.2422424783875,0.53,12.787697,1.00083453819436,lag_df4,Lag spline df = 4,2,lag_df4__ssr__mavg,30
ssr,mavg,4,13.39640408,0.54,12.787697,1.00111020644933,lag_df4,Lag spline df = 4,2,lag_df4__ssr__mavg,30
ssr,mavg,4,13.54846681,0.55,12.787697,1.00137758992777,lag_df4,Lag spline df = 4,2,lag_df4__ssr__mavg,30
ssr,mavg,4,13.6976573333333,0.56,12.787697,1.00163504314861,lag_df4,Lag spline df = 4,2,lag_df4__ssr__mavg,30
ssr,mavg,4,13.8487551007792,0.57,12.787697,1.00189035341442,lag_df4,Lag spline df = 4,2,lag_df4__ssr__mavg,30
ssr,mavg,4,13.9949158933333,0.58,12.787697,1.00213163769049,lag_df4,Lag spline df = 4,2,lag_df4__ssr__mavg,30
ssr,mavg,4,14.14779,0.59,12.787697,1.00237751385533,lag_df4,Lag spline df = 4,2,lag_df4__ssr__mavg,30
ssr,mavg,4,14.316496,0.6,12.787697,1.00264052126058,lag_df4,Lag spline df = 4,2,lag_df4__ssr__mavg,30
ssr,mavg,4,14.4890822,0.61,12.787697,1.002899809148,lag_df4,Lag spline df = 4,2,lag_df4__ssr__mavg,30
ssr,mavg,4,14.6566642819048,0.62,12.787697,1.00314140444217,lag_df4,Lag spline df = 4,2,lag_df4__ssr__mavg,30
ssr,mavg,4,14.82728228,0.63,12.787697,1.00337634515185,lag_df4,Lag spline df = 4,2,lag_df4__ssr__mavg,30
ssr,mavg,4,15.00565864,0.64,12.787697,1.00360926865177,lag_df4,Lag spline df = 4,2,lag_df4__ssr__mavg,30
ssr,mavg,4,15.1854037704545,0.65,12.787697,1.00383000049566,lag_df4,Lag spline df = 4,2,lag_df4__ssr__mavg,30
ssr,mavg,4,15.3629884336,0.66,12.787697,1.00403345326091,lag_df4,Lag spline df = 4,2,lag_df4__ssr__mavg,30
ssr,mavg,4,15.5513,0.67,12.787697,1.00423237903098,lag_df4,Lag spline df = 4,2,lag_df4__ssr__mavg,30
ssr,mavg,4,15.7395738707071,0.68,12.787697,1.00441298344629,lag_df4,Lag spline df = 4,2,lag_df4__ssr__mavg,30
ssr,mavg,4,15.92467629114,0.69,12.787697,1.00457175987345,lag_df4,Lag spline df = 4,2,lag_df4__ssr__mavg,30
ssr,mavg,4,16.1136532,0.7,12.787697,1.00471365658048,lag_df4,Lag spline df = 4,2,lag_df4__ssr__mavg,30
ssr,mavg,4,16.3027011428571,0.71,12.787697,1.00483418305389,lag_df4,Lag spline df = 4,2,lag_df4__ssr__mavg,30
ssr,mavg,4,16.49189872,0.72,12.787697,1.00493234443115,lag_df4,Lag spline df = 4,2,lag_df4__ssr__mavg,30
ssr,mavg,4,16.6861851418182,0.73,12.787697,1.00500870444786,lag_df4,Lag spline df = 4,2,lag_df4__ssr__mavg,30
ssr,mavg,4,16.8843102351515,0.74,12.787697,1.00505994883182,lag_df4,Lag spline df = 4,2,lag_df4__ssr__mavg,30
ssr,mavg,4,17.083352,0.75,12.787697,1.00508320284223,lag_df4,Lag spline df = 4,2,lag_df4__ssr__mavg,30
ssr,mavg,4,17.2934395985455,0.76,12.787697,1.00507608617994,lag_df4,Lag spline df = 4,2,lag_df4__ssr__mavg,30
ssr,mavg,4,17.5053112727273,0.77,12.787697,1.00503621796349,lag_df4,Lag spline df = 4,2,lag_df4__ssr__mavg,30
ssr,mavg,4,17.718464032,0.78,12.787697,1.00496354073709,lag_df4,Lag spline df = 4,2,lag_df4__ssr__mavg,30
ssr,mavg,4,17.93608008,0.79,12.787697,1.00485623163827,lag_df4,Lag spline df = 4,2,lag_df4__ssr__mavg,30
ssr,mavg,4,18.1623068,0.8,12.787697,1.00470986024834,lag_df4,Lag spline df = 4,2,lag_df4__ssr__mavg,30
ssr,mavg,4,18.3938196708571,0.81,12.787697,1.00452403034842,lag_df4,Lag spline df = 4,2,lag_df4__ssr__mavg,30
ssr,mavg,4,18.6314207393714,0.82,12.787697,1.00429617779127,lag_df4,Lag spline df = 4,2,lag_df4__ssr__mavg,30
ssr,mavg,4,18.8744522539,0.83,12.787697,1.00402502967899,lag_df4,Lag spline df = 4,2,lag_df4__ssr__mavg,30
ssr,mavg,4,19.1208155,0.84,12.787697,1.00371172790515,lag_df4,Lag spline df = 4,2,lag_df4__ssr__mavg,30
ssr,mavg,4,19.369656415,0.85,12.787697,1.00335690552745,lag_df4,Lag spline df = 4,2,lag_df4__ssr__mavg,30
ssr,mavg,4,19.632897344,0.86,12.787697,1.00294060762568,lag_df4,Lag spline df = 4,2,lag_df4__ssr__mavg,30
ssr,mavg,4,19.9049417937778,0.87,12.787697,1.00246731370044,lag_df4,Lag spline df = 4,2,lag_df4__ssr__mavg,30
ssr,mavg,4,20.1880339266667,0.88,12.787697,1.00192961893085,lag_df4,Lag spline df = 4,2,lag_df4__ssr__mavg,30
ssr,mavg,4,20.4975559782857,0.89,12.787697,1.00129060404214,lag_df4,Lag spline df = 4,2,lag_df4__ssr__mavg,30
ssr,mavg,4,20.8251022857143,0.9,12.787697,1.00055818042221,lag_df4,Lag spline df = 4,2,lag_df4__ssr__mavg,30
ssr,mavg,4,21.16694192,0.91,12.787697,0.999734459001642,lag_df4,Lag spline df = 4,2,lag_df4__ssr__mavg,30
ssr,mavg,4,21.543307392,0.92,12.787697,0.998760339301281,lag_df4,Lag spline df = 4,2,lag_df4__ssr__mavg,30
ssr,mavg,4,21.939771024,0.93,12.787697,0.997661523190741,lag_df4,Lag spline df = 4,2,lag_df4__ssr__mavg,30
ssr,mavg,4,22.3746434533333,0.94,12.787697,0.996374974040084,lag_df4,Lag spline df = 4,2,lag_df4__ssr__mavg,30
ssr,mavg,4,22.8378663971429,0.95,12.787697,0.994916532682441,lag_df4,Lag spline df = 4,2,lag_df4__ssr__mavg,30
ssr,mavg,4,23.3259882036364,0.96,12.787697,0.993288032297953,lag_df4,Lag spline df = 4,2,lag_df4__ssr__mavg,30
ssr,mavg,4,23.8906393965714,0.97,12.787697,0.991296062683236,lag_df4,Lag spline df = 4,2,lag_df4__ssr__mavg,30
ssr,mavg,4,24.5702555,0.98,12.787697,0.988759571864072,lag_df4,Lag spline df = 4,2,lag_df4__ssr__mavg,30
ssr,mavg,4,25.5998314666667,0.99,12.787697,0.984668229402957,lag_df4,Lag spline df = 4,2,lag_df4__ssr__mavg,30
uv,mavg,4,0.348939914625,0.01,1.76445038733333,1.03658684644738,lag_df4,Lag spline df = 4,2,lag_df4__uv__mavg,31
uv,mavg,4,0.429339396054857,0.02,1.76445038733333,1.03229974543476,lag_df4,Lag spline df = 4,2,lag_df4__uv__mavg,31
uv,mavg,4,0.4854468878,0.03,1.76445038733333,1.02940520769623,lag_df4,Lag spline df = 4,2,lag_df4__uv__mavg,31
uv,mavg,4,0.531460198256,0.04,1.76445038733333,1.02709825277694,lag_df4,Lag spline df = 4,2,lag_df4__uv__mavg,31
uv,mavg,4,0.570290150280909,0.05,1.76445038733333,1.02520214876149,lag_df4,Lag spline df = 4,2,lag_df4__uv__mavg,31
uv,mavg,4,0.608565775333333,0.06,1.76445038733333,1.02338151966738,lag_df4,Lag spline df = 4,2,lag_df4__uv__mavg,31
uv,mavg,4,0.64579285185,0.07,1.76445038733333,1.02165949492197,lag_df4,Lag spline df = 4,2,lag_df4__uv__mavg,31
uv,mavg,4,0.681987515212857,0.08,1.76445038733333,1.02003371322182,lag_df4,Lag spline df = 4,2,lag_df4__uv__mavg,31
uv,mavg,4,0.71707240557,0.09,1.76445038733333,1.0185056065912,lag_df4,Lag spline df = 4,2,lag_df4__uv__mavg,31
uv,mavg,4,0.753016215709091,0.1,1.76445038733333,1.0169911244449,lag_df4,Lag spline df = 4,2,lag_df4__uv__mavg,31
uv,mavg,4,0.789314563566667,0.11,1.76445038733333,1.01551638644522,lag_df4,Lag spline df = 4,2,lag_df4__uv__mavg,31
uv,mavg,4,0.825111005444444,0.12,1.76445038733333,1.0141180937218,lag_df4,Lag spline df = 4,2,lag_df4__uv__mavg,31
uv,mavg,4,0.860076582076,0.13,1.76445038733333,1.01280811825201,lag_df4,Lag spline df = 4,2,lag_df4__uv__mavg,31
uv,mavg,4,0.8951870418,0.14,1.76445038733333,1.01155034709334,lag_df4,Lag spline df = 4,2,lag_df4__uv__mavg,31
uv,mavg,4,0.92993914865,0.15,1.76445038733333,1.01036431698656,lag_df4,Lag spline df = 4,2,lag_df4__uv__mavg,31
uv,mavg,4,0.963910693706667,0.16,1.76445038733333,1.00926350435983,lag_df4,Lag spline df = 4,2,lag_df4__uv__mavg,31
uv,mavg,4,0.997829398578909,0.17,1.76445038733333,1.00822407041848,lag_df4,Lag spline df = 4,2,lag_df4__uv__mavg,31
uv,mavg,4,1.03049554549091,0.18,1.76445038733333,1.007281128443,lag_df4,Lag spline df = 4,2,lag_df4__uv__mavg,31
uv,mavg,4,1.06210939533143,0.19,1.76445038733333,1.00642444967458,lag_df4,Lag spline df = 4,2,lag_df4__uv__mavg,31
uv,mavg,4,1.09264629635,0.2,1.76445038733333,1.00565059437398,lag_df4,Lag spline df = 4,2,lag_df4__uv__mavg,31
uv,mavg,4,1.12195891197,0.21,1.76445038733333,1.00495863894038,lag_df4,Lag spline df = 4,2,lag_df4__uv__mavg,31
uv,mavg,4,1.15037510146786,0.22,1.76445038733333,1.00433658455188,lag_df4,Lag spline df = 4,2,lag_df4__uv__mavg,31
uv,mavg,4,1.17856443613,0.23,1.76445038733333,1.00376801682913,lag_df4,Lag spline df = 4,2,lag_df4__uv__mavg,31
uv,mavg,4,1.20530174134667,0.24,1.76445038733333,1.00327438763757,lag_df4,Lag spline df = 4,2,lag_df4__uv__mavg,31
uv,mavg,4,1.23200291971429,0.25,1.76445038733333,1.00282673135849,lag_df4,Lag spline df = 4,2,lag_df4__uv__mavg,31
uv,mavg,4,1.25758901867,0.26,1.76445038733333,1.00244057973484,lag_df4,Lag spline df = 4,2,lag_df4__uv__mavg,31
uv,mavg,4,1.282364763396,0.27,1.76445038733333,1.00210484694454,lag_df4,Lag spline df = 4,2,lag_df4__uv__mavg,31
uv,mavg,4,1.30654421604,0.28,1.76445038733333,1.00181133470889,lag_df4,Lag spline df = 4,2,lag_df4__uv__mavg,31
uv,mavg,4,1.3309235534,0.29,1.76445038733333,1.00154749119798,lag_df4,Lag spline df = 4,2,lag_df4__uv__mavg,31
uv,mavg,4,1.35380810756444,0.3,1.76445038733333,1.00132732992957,lag_df4,Lag spline df = 4,2,lag_df4__uv__mavg,31
uv,mavg,4,1.3760796083675,0.31,1.76445038733333,1.00113699872215,lag_df4,Lag spline df = 4,2,lag_df4__uv__mavg,31
uv,mavg,4,1.39867697989333,0.32,1.76445038733333,1.00096640040439,lag_df4,Lag spline df = 4,2,lag_df4__uv__mavg,31
uv,mavg,4,1.42051298490667,0.33,1.76445038733333,1.00082158346347,lag_df4,Lag spline df = 4,2,lag_df4__uv__mavg,31
uv,mavg,4,1.44233979499048,0.34,1.76445038733333,1.00069502974507,lag_df4,Lag spline df = 4,2,lag_df4__uv__mavg,31
uv,mavg,4,1.46383086697403,0.35,1.76445038733333,1.00058678780945,lag_df4,Lag spline df = 4,2,lag_df4__uv__mavg,31
uv,mavg,4,1.485152064384,0.36,1.76445038733333,1.00049407219787,lag_df4,Lag spline df = 4,2,lag_df4__uv__mavg,31
uv,mavg,4,1.50586764633222,0.37,1.76445038733333,1.00041669736337,lag_df4,Lag spline df = 4,2,lag_df4__uv__mavg,31
uv,mavg,4,1.526465190626,0.38,1.76445038733333,1.00035094017777,lag_df4,Lag spline df = 4,2,lag_df4__uv__mavg,31
uv,mavg,4,1.54649524190691,0.39,1.76445038733333,1.00029652195284,lag_df4,Lag spline df = 4,2,lag_df4__uv__mavg,31
uv,mavg,4,1.56666881683333,0.4,1.76445038733333,1.00025006262206,lag_df4,Lag spline df = 4,2,lag_df4__uv__mavg,31
uv,mavg,4,1.58704123712,0.41,1.76445038733333,1.00021048532197,lag_df4,Lag spline df = 4,2,lag_df4__uv__mavg,31
uv,mavg,4,1.606860504844,0.42,1.76445038733333,1.0001779436636,lag_df4,Lag spline df = 4,2,lag_df4__uv__mavg,31
uv,mavg,4,1.6269823500725,0.43,1.76445038733333,1.00014979352686,lag_df4,Lag spline df = 4,2,lag_df4__uv__mavg,31
uv,mavg,4,1.6468283248,0.44,1.76445038733333,1.00012575248089,lag_df4,Lag spline df = 4,2,lag_df4__uv__mavg,31
uv,mavg,4,1.66686548877,0.45,1.76445038733333,1.00010411736609,lag_df4,Lag spline df = 4,2,lag_df4__uv__mavg,31
uv,mavg,4,1.68652428634,0.46,1.76445038733333,1.00008438752041,lag_df4,Lag spline df = 4,2,lag_df4__uv__mavg,31
uv,mavg,4,1.70586345254286,0.47,1.76445038733333,1.00006539127825,lag_df4,Lag spline df = 4,2,lag_df4__uv__mavg,31
uv,mavg,4,1.72568964166667,0.48,1.76445038733333,1.0000452813006,lag_df4,Lag spline df = 4,2,lag_df4__uv__mavg,31
uv,mavg,4,1.74493691477622,0.49,1.76445038733333,1.00002412344215,lag_df4,Lag spline df = 4,2,lag_df4__uv__mavg,31
uv,mavg,4,1.76445038733333,0.5,1.76445038733333,1,lag_df4,Lag spline df = 4,2,lag_df4__uv__mavg,31
uv,mavg,4,1.784299932875,0.51,1.76445038733333,0.999971812382374,lag_df4,Lag spline df = 4,2,lag_df4__uv__mavg,31
uv,mavg,4,1.80388643063,0.52,1.76445038733333,0.999940187966758,lag_df4,Lag spline df = 4,2,lag_df4__uv__mavg,31
uv,mavg,4,1.8229605780103,0.53,1.76445038733333,0.999905719220358,lag_df4,Lag spline df = 4,2,lag_df4__uv__mavg,31
uv,mavg,4,1.84287854172343,0.54,1.76445038733333,0.999865823092732,lag_df4,Lag spline df = 4,2,lag_df4__uv__mavg,31
uv,mavg,4,1.86241789998143,0.55,1.76445038733333,0.999822775979955,lag_df4,Lag spline df = 4,2,lag_df4__uv__mavg,31
uv,mavg,4,1.88203713654667,0.56,1.76445038733333,0.999775621813751,lag_df4,Lag spline df = 4,2,lag_df4__uv__mavg,31
uv,mavg,4,1.90138614414545,0.57,1.76445038733333,0.999725224626661,lag_df4,Lag spline df = 4,2,lag_df4__uv__mavg,31
uv,mavg,4,1.921404196132,0.58,1.76445038733333,0.9996689802867,lag_df4,Lag spline df = 4,2,lag_df4__uv__mavg,31
uv,mavg,4,1.94150384552,0.59,1.76445038733333,0.999608269535448,lag_df4,Lag spline df = 4,2,lag_df4__uv__mavg,31
uv,mavg,4,1.961998434875,0.6,1.76445038733333,0.999541954986081,lag_df4,Lag spline df = 4,2,lag_df4__uv__mavg,31
uv,mavg,4,1.98221717749067,0.61,1.76445038733333,0.999472129902526,lag_df4,Lag spline df = 4,2,lag_df4__uv__mavg,31
uv,mavg,4,2.00237060346095,0.62,1.76445038733333,0.999398139970003,lag_df4,Lag spline df = 4,2,lag_df4__uv__mavg,31
uv,mavg,4,2.02306657566429,0.63,1.76445038733333,0.999317556380531,lag_df4,Lag spline df = 4,2,lag_df4__uv__mavg,31
uv,mavg,4,2.04410015614857,0.64,1.76445038733333,0.999230838746317,lag_df4,Lag spline df = 4,2,lag_df4__uv__mavg,31
uv,mavg,4,2.06535697559524,0.65,1.76445038733333,0.9991382210499,lag_df4,Lag spline df = 4,2,lag_df4__uv__mavg,31
uv,mavg,4,2.08687942271273,0.66,1.76445038733333,0.999039300676011,lag_df4,Lag spline df = 4,2,lag_df4__uv__mavg,31
uv,mavg,4,2.10905725368,0.67,1.76445038733333,0.998931903674512,lag_df4,Lag spline df = 4,2,lag_df4__uv__mavg,31
uv,mavg,4,2.13112084417576,0.68,1.76445038733333,0.998819507252012,lag_df4,Lag spline df = 4,2,lag_df4__uv__mavg,31
uv,mavg,4,2.15384876642914,0.69,1.76445038733333,0.998697883642228,lag_df4,Lag spline df = 4,2,lag_df4__uv__mavg,31
uv,mavg,4,2.17717991177778,0.7,1.76445038733333,0.998566808548712,lag_df4,Lag spline df = 4,2,lag_df4__uv__mavg,31
uv,mavg,4,2.20100500802,0.71,1.76445038733333,0.998426392222685,lag_df4,Lag spline df = 4,2,lag_df4__uv__mavg,31
uv,mavg,4,2.22499112551564,0.72,1.76445038733333,0.998278262746142,lag_df4,Lag spline df = 4,2,lag_df4__uv__mavg,31
uv,mavg,4,2.24943836022,0.73,1.76445038733333,0.99812023710188,lag_df4,Lag spline df = 4,2,lag_df4__uv__mavg,31
uv,mavg,4,2.27497951767792,0.74,1.76445038733333,0.997947469018873,lag_df4,Lag spline df = 4,2,lag_df4__uv__mavg,31
uv,mavg,4,2.30112956863333,0.75,1.76445038733333,0.99776238317109,lag_df4,Lag spline df = 4,2,lag_df4__uv__mavg,31
uv,mavg,4,2.3278282834,0.76,1.76445038733333,0.99756479403978,lag_df4,Lag spline df = 4,2,lag_df4__uv__mavg,31
uv,mavg,4,2.355320164288,0.77,1.76445038733333,0.997352256665171,lag_df4,Lag spline df = 4,2,lag_df4__uv__mavg,31
uv,mavg,4,2.38318826700364,0.78,1.76445038733333,0.997127457161705,lag_df4,Lag spline df = 4,2,lag_df4__uv__mavg,31
uv,mavg,4,2.4125659399175,0.79,1.76445038733333,0.996880338196344,lag_df4,Lag spline df = 4,2,lag_df4__uv__mavg,31
uv,mavg,4,2.44331356744722,0.8,1.76445038733333,0.996610607681921,lag_df4,Lag spline df = 4,2,lag_df4__uv__mavg,31
uv,mavg,4,2.4753730504,0.81,1.76445038733333,0.996317363180363,lag_df4,Lag spline df = 4,2,lag_df4__uv__mavg,31
uv,mavg,4,2.50921984259333,0.82,1.76445038733333,0.995994552163105,lag_df4,Lag spline df = 4,2,lag_df4__uv__mavg,31
uv,mavg,4,2.54473633550667,0.83,1.76445038733333,0.995641314716461,lag_df4,Lag spline df = 4,2,lag_df4__uv__mavg,31
uv,mavg,4,2.58137415002,0.84,1.76445038733333,0.995261471553213,lag_df4,Lag spline df = 4,2,lag_df4__uv__mavg,31
uv,mavg,4,2.62044221986,0.85,1.76445038733333,0.994839270886915,lag_df4,Lag spline df = 4,2,lag_df4__uv__mavg,31
uv,mavg,4,2.661516193,0.86,1.76445038733333,0.994376442652155,lag_df4,Lag spline df = 4,2,lag_df4__uv__mavg,31
uv,mavg,4,2.70610418765714,0.87,1.76445038733333,0.993852216453318,lag_df4,Lag spline df = 4,2,lag_df4__uv__mavg,31
uv,mavg,4,2.75275760735,0.88,1.76445038733333,0.993279631964111,lag_df4,Lag spline df = 4,2,lag_df4__uv__mavg,31
uv,mavg,4,2.80398904628556,0.89,1.76445038733333,0.992622782008307,lag_df4,Lag spline df = 4,2,lag_df4__uv__mavg,31
uv,mavg,4,2.8600263364,0.9,1.76445038733333,0.991871027336932,lag_df4,Lag spline df = 4,2,lag_df4__uv__mavg,31
uv,mavg,4,2.92110398281,0.91,1.76445038733333,0.991012526177336,lag_df4,Lag spline df = 4,2,lag_df4__uv__mavg,31
uv,mavg,4,2.98988345813455,0.92,1.76445038733333,0.989997582596148,lag_df4,Lag spline df = 4,2,lag_df4__uv__mavg,31
uv,mavg,4,3.06508101454679,0.93,1.76445038733333,0.988830422043507,lag_df4,Lag spline df = 4,2,lag_df4__uv__mavg,31
uv,mavg,4,3.15407605128571,0.94,1.76445038733333,0.98737288370074,lag_df4,Lag spline df = 4,2,lag_df4__uv__mavg,31
uv,mavg,4,3.25683188008334,0.95,1.76445038733333,0.985589360821773,lag_df4,Lag spline df = 4,2,lag_df4__uv__mavg,31
uv,mavg,4,3.38348148444,0.96,1.76445038733333,0.98324659411787,lag_df4,Lag spline df = 4,2,lag_df4__uv__mavg,31
uv,mavg,4,3.5457266406325,0.97,1.76445038733333,0.980019905633169,lag_df4,Lag spline df = 4,2,lag_df4__uv__mavg,31
uv,mavg,4,3.769745567625,0.98,1.76445038733333,0.975167127610096,lag_df4,Lag spline df = 4,2,lag_df4__uv__mavg,31
uv,mavg,4,4.142572226,0.99,1.76445038733333,0.966140187641314,lag_df4,Lag spline df = 4,2,lag_df4__uv__mavg,31
sp,mavg,4,88.1613038845,0.01,100.31247644,0.86925123619071,lag_df4,Lag spline df = 4,2,lag_df4__sp__mavg,32
sp,mavg,4,90.57908648016,0.02,100.31247644,0.852632798537724,lag_df4,Lag spline df = 4,2,lag_df4__sp__mavg,32
sp,mavg,4,91.917696045,0.03,100.31247644,0.849690284493382,lag_df4,Lag spline df = 4,2,lag_df4__sp__mavg,32
sp,mavg,4,92.3407861325,0.04,100.31247644,0.849863203864139,lag_df4,Lag spline df = 4,2,lag_df4__sp__mavg,32
sp,mavg,4,92.8723250197,0.05,100.31247644,0.850902253145883,lag_df4,Lag spline df = 4,2,lag_df4__sp__mavg,32
sp,mavg,4,93.3687400733333,0.06,100.31247644,0.852747422692876,lag_df4,Lag spline df = 4,2,lag_df4__sp__mavg,32
sp,mavg,4,94.07326531942,0.07,100.31247644,0.856918460806731,lag_df4,Lag spline df = 4,2,lag_df4__sp__mavg,32
sp,mavg,4,95.2781422743334,0.08,100.31247644,0.868697059155496,lag_df4,Lag spline df = 4,2,lag_df4__sp__mavg,32
sp,mavg,4,96.07637375996,0.09,100.31247644,0.880103058815085,lag_df4,Lag spline df = 4,2,lag_df4__sp__mavg,32
sp,mavg,4,96.7121348044444,0.1,100.31247644,0.891479715605417,lag_df4,Lag spline df = 4,2,lag_df4__sp__mavg,32
sp,mavg,4,97.16185685698,0.11,100.31247644,0.900858629656421,lag_df4,Lag spline df = 4,2,lag_df4__sp__mavg,32
sp,mavg,4,97.4627044096667,0.12,100.31247644,0.907787692578088,lag_df4,Lag spline df = 4,2,lag_df4__sp__mavg,32
sp,mavg,4,97.7153785386364,0.13,100.31247644,0.914031796893353,lag_df4,Lag spline df = 4,2,lag_df4__sp__mavg,32
sp,mavg,4,97.9241315616909,0.14,100.31247644,0.91949341796365,lag_df4,Lag spline df = 4,2,lag_df4__sp__mavg,32
sp,mavg,4,98.1093613837143,0.15,100.31247644,0.924576147899034,lag_df4,Lag spline df = 4,2,lag_df4__sp__mavg,32
sp,mavg,4,98.2706770928,0.16,100.31247644,0.929188712956052,lag_df4,Lag spline df = 4,2,lag_df4__sp__mavg,32
sp,mavg,4,98.4205721796,0.17,100.31247644,0.93363370547208,lag_df4,Lag spline df = 4,2,lag_df4__sp__mavg,32
sp,mavg,4,98.5726812128178,0.18,100.31247644,0.938304457152734,lag_df4,Lag spline df = 4,2,lag_df4__sp__mavg,32
sp,mavg,4,98.7167426709933,0.19,100.31247644,0.94288007527965,lag_df4,Lag spline df = 4,2,lag_df4__sp__mavg,32
sp,mavg,4,98.8502103618182,0.2,100.31247644,0.947253979500656,lag_df4,Lag spline df = 4,2,lag_df4__sp__mavg,32
sp,mavg,4,98.9695666606714,0.21,100.31247644,0.951277402659709,lag_df4,Lag spline df = 4,2,lag_df4__sp__mavg,32
sp,mavg,4,99.0817438334,0.22,100.31247644,0.955156966081315,lag_df4,Lag spline df = 4,2,lag_df4__sp__mavg,32
sp,mavg,4,99.18259704875,0.23,100.31247644,0.95872745251891,lag_df4,Lag spline df = 4,2,lag_df4__sp__mavg,32
sp,mavg,4,99.2673595045714,0.24,100.31247644,0.961789652212209,lag_df4,Lag spline df = 4,2,lag_df4__sp__mavg,32
sp,mavg,4,99.3349413991667,0.25,100.31247644,0.964271853769026,lag_df4,Lag spline df = 4,2,lag_df4__sp__mavg,32
sp,mavg,4,99.39329169783,0.26,100.31247644,0.966443424393243,lag_df4,Lag spline df = 4,2,lag_df4__sp__mavg,32
sp,mavg,4,99.44717584182,0.27,100.31247644,0.968468398608174,lag_df4,Lag spline df = 4,2,lag_df4__sp__mavg,32
sp,mavg,4,99.4966213548,0.28,100.31247644,0.970339469998564,lag_df4,Lag spline df = 4,2,lag_df4__sp__mavg,32
sp,mavg,4,99.5420306569,0.29,100.31247644,0.972065813511559,lag_df4,Lag spline df = 4,2,lag_df4__sp__mavg,32
sp,mavg,4,99.584064594,0.3,100.31247644,0.973668395998794,lag_df4,Lag spline df = 4,2,lag_df4__sp__mavg,32
sp,mavg,4,99.62427209475,0.31,100.31247644,0.975203529329587,lag_df4,Lag spline df = 4,2,lag_df4__sp__mavg,32
sp,mavg,4,99.662907795,0.32,100.31247644,0.976678979694745,lag_df4,Lag spline df = 4,2,lag_df4__sp__mavg,32
sp,mavg,4,99.69996436,0.33,100.31247644,0.978092931244928,lag_df4,Lag spline df = 4,2,lag_df4__sp__mavg,32
sp,mavg,4,99.7377361666667,0.34,100.31247644,0.979531486315026,lag_df4,Lag spline df = 4,2,lag_df4__sp__mavg,32
sp,mavg,4,99.7742436925,0.35,100.31247644,0.980917906025936,lag_df4,Lag spline df = 4,2,lag_df4__sp__mavg,32
sp,mavg,4,99.810066116,0.36,100.31247644,0.9822731647741,lag_df4,Lag spline df = 4,2,lag_df4__sp__mavg,32
sp,mavg,4,99.8458769306227,0.37,100.31247644,0.983621585900429,lag_df4,Lag spline df = 4,2,lag_df4__sp__mavg,32
sp,mavg,4,99.8806218346489,0.38,100.31247644,0.984922522131902,lag_df4,Lag spline df = 4,2,lag_df4__sp__mavg,32
sp,mavg,4,99.9146267801061,0.39,100.31247644,0.98618758094605,lag_df4,Lag spline df = 4,2,lag_df4__sp__mavg,32
sp,mavg,4,99.9487847656667,0.4,100.31247644,0.987449049358721,lag_df4,Lag spline df = 4,2,lag_df4__sp__mavg,32
sp,mavg,4,99.983124582,0.41,100.31247644,0.98870669544954,lag_df4,Lag spline df = 4,2,lag_df4__sp__mavg,32
sp,mavg,4,100.0179118284,0.42,100.31247644,0.989968756498978,lag_df4,Lag spline df = 4,2,lag_df4__sp__mavg,32
sp,mavg,4,100.05231735,0.43,100.31247644,0.991203922436084,lag_df4,Lag spline df = 4,2,lag_df4__sp__mavg,32
sp,mavg,4,100.08815740589,0.44,100.31247644,0.992475503659106,lag_df4,Lag spline df = 4,2,lag_df4__sp__mavg,32
sp,mavg,4,100.1246505236,0.45,100.31247644,0.993753060907549,lag_df4,Lag spline df = 4,2,lag_df4__sp__mavg,32
sp,mavg,4,100.160572542382,0.46,100.31247644,0.994992297691285,lag_df4,Lag spline df = 4,2,lag_df4__sp__mavg,32
sp,mavg,4,100.19735974038,0.47,100.31247644,0.996241096010836,lag_df4,Lag spline df = 4,2,lag_df4__sp__mavg,32
sp,mavg,4,100.235001153834,0.48,100.31247644,0.997496114165104,lag_df4,Lag spline df = 4,2,lag_df4__sp__mavg,32
sp,mavg,4,100.273007922727,0.49,100.31247644,0.998738331625604,lag_df4,Lag spline df = 4,2,lag_df4__sp__mavg,32
sp,mavg,4,100.31247644,0.5,100.31247644,1,lag_df4,Lag spline df = 4,2,lag_df4__sp__mavg,32
sp,mavg,4,100.352271426,0.51,100.31247644,1.00124146920518,lag_df4,Lag spline df = 4,2,lag_df4__sp__mavg,32
sp,mavg,4,100.392076850267,0.52,100.31247644,1.00245277145737,lag_df4,Lag spline df = 4,2,lag_df4__sp__mavg,32
sp,mavg,4,100.432300034914,0.53,100.31247644,1.00364653976987,lag_df4,Lag spline df = 4,2,lag_df4__sp__mavg,32
sp,mavg,4,100.472945344667,0.54,100.31247644,1.00482271081368,lag_df4,Lag spline df = 4,2,lag_df4__sp__mavg,32
sp,mavg,4,100.513187134375,0.55,100.31247644,1.00595813342593,lag_df4,Lag spline df = 4,2,lag_df4__sp__mavg,32
sp,mavg,4,100.55409178,0.56,100.31247644,1.00708340095984,lag_df4,Lag spline df = 4,2,lag_df4__sp__mavg,32
sp,mavg,4,100.5954553096,0.57,100.31247644,1.00819252642905,lag_df4,Lag spline df = 4,2,lag_df4__sp__mavg,32
sp,mavg,4,100.637923867,0.58,100.31247644,1.00930206588433,lag_df4,Lag spline df = 4,2,lag_df4__sp__mavg,32
sp,mavg,4,100.681565279,0.59,100.31247644,1.01041236442009,lag_df4,Lag spline df = 4,2,lag_df4__sp__mavg,32
sp,mavg,4,100.72555446,0.6,100.31247644,1.01150186583739,lag_df4,Lag spline df = 4,2,lag_df4__sp__mavg,32
sp,mavg,4,100.76940525,0.61,100.31247644,1.01255934309815,lag_df4,Lag spline df = 4,2,lag_df4__sp__mavg,32
sp,mavg,4,100.81434735,0.62,100.31247644,1.01361459212273,lag_df4,Lag spline df = 4,2,lag_df4__sp__mavg,32
sp,mavg,4,100.861250522714,0.63,100.31247644,1.01468627250113,lag_df4,Lag spline df = 4,2,lag_df4__sp__mavg,32
sp,mavg,4,100.907991277714,0.64,100.31247644,1.01572540512287,lag_df4,Lag spline df = 4,2,lag_df4__sp__mavg,32
sp,mavg,4,100.953955174,0.65,100.31247644,1.01672043102459,lag_df4,Lag spline df = 4,2,lag_df4__sp__mavg,32
sp,mavg,4,100.998953376,0.66,100.31247644,1.0176699528253,lag_df4,Lag spline df = 4,2,lag_df4__sp__mavg,32
sp,mavg,4,101.044167771429,0.67,100.31247644,1.01860069207157,lag_df4,Lag spline df = 4,2,lag_df4__sp__mavg,32
sp,mavg,4,101.0875601422,0.68,100.31247644,1.01947300649951,lag_df4,Lag spline df = 4,2,lag_df4__sp__mavg,32
sp,mavg,4,101.132357538333,0.69,100.31247644,1.0203531923557,lag_df4,Lag spline df = 4,2,lag_df4__sp__mavg,32
sp,mavg,4,101.175931684,0.7,100.31247644,1.02119056905973,lag_df4,Lag spline df = 4,2,lag_df4__sp__mavg,32
sp,mavg,4,101.21973586,0.71,100.31247644,1.02201479013709,lag_df4,Lag spline df = 4,2,lag_df4__sp__mavg,32
sp,mavg,4,101.261633545455,0.72,100.31247644,1.02278765000314,lag_df4,Lag spline df = 4,2,lag_df4__sp__mavg,32
sp,mavg,4,101.303701327222,0.73,100.31247644,1.02354938729867,lag_df4,Lag spline df = 4,2,lag_df4__sp__mavg,32
sp,mavg,4,101.343882408667,0.74,100.31247644,1.02426450993361,lag_df4,Lag spline df = 4,2,lag_df4__sp__mavg,32
sp,mavg,4,101.383752875,0.75,100.31247644,1.02496292842557,lag_df4,Lag spline df = 4,2,lag_df4__sp__mavg,32
sp,mavg,4,101.4223084125,0.76,100.31247644,1.02562840413772,lag_df4,Lag spline df = 4,2,lag_df4__sp__mavg,32
sp,mavg,4,101.46078850175,0.77,100.31247644,1.02628309834394,lag_df4,Lag spline df = 4,2,lag_df4__sp__mavg,32
sp,mavg,4,101.5000685152,0.78,100.31247644,1.02694176395068,lag_df4,Lag spline df = 4,2,lag_df4__sp__mavg,32
sp,mavg,4,101.539681617,0.79,100.31247644,1.02759628697655,lag_df4,Lag spline df = 4,2,lag_df4__sp__mavg,32
sp,mavg,4,101.57914274,0.8,100.31247644,1.02823872134371,lag_df4,Lag spline df = 4,2,lag_df4__sp__mavg,32
sp,mavg,4,101.61813145,0.81,100.31247644,1.02886420958316,lag_df4,Lag spline df = 4,2,lag_df4__sp__mavg,32
sp,mavg,4,101.6564830125,0.82,100.31247644,1.02947062922942,lag_df4,Lag spline df = 4,2,lag_df4__sp__mavg,32
sp,mavg,4,101.695753307889,0.83,100.31247644,1.03008261623748,lag_df4,Lag spline df = 4,2,lag_df4__sp__mavg,32
sp,mavg,4,101.73558803,0.84,100.31247644,1.03069427524385,lag_df4,Lag spline df = 4,2,lag_df4__sp__mavg,32
sp,mavg,4,101.774658719048,0.85,100.31247644,1.03128541276295,lag_df4,Lag spline df = 4,2,lag_df4__sp__mavg,32
sp,mavg,4,101.817225236364,0.86,100.31247644,1.03191969312553,lag_df4,Lag spline df = 4,2,lag_df4__sp__mavg,32
sp,mavg,4,101.861140097917,0.87,100.31247644,1.03256359094738,lag_df4,Lag spline df = 4,2,lag_df4__sp__mavg,32
sp,mavg,4,101.9060232068,0.88,100.31247644,1.0332108926956,lag_df4,Lag spline df = 4,2,lag_df4__sp__mavg,32
sp,mavg,4,101.951981433333,0.89,100.31247644,1.03386260864192,lag_df4,Lag spline df = 4,2,lag_df4__sp__mavg,32
sp,mavg,4,102.0014206375,0.9,100.31247644,1.03455141101187,lag_df4,Lag spline df = 4,2,lag_df4__sp__mavg,32
sp,mavg,4,102.053943448143,0.91,100.31247644,1.03526954103134,lag_df4,Lag spline df = 4,2,lag_df4__sp__mavg,32
sp,mavg,4,102.109737577778,0.92,100.31247644,1.0360173816535,lag_df4,Lag spline df = 4,2,lag_df4__sp__mavg,32
sp,mavg,4,102.170757633333,0.93,100.31247644,1.03681802518757,lag_df4,Lag spline df = 4,2,lag_df4__sp__mavg,32
sp,mavg,4,102.2371949595,0.94,100.31247644,1.03766987020417,lag_df4,Lag spline df = 4,2,lag_df4__sp__mavg,32
sp,mavg,4,102.309492509,0.95,100.31247644,1.03857409441392,lag_df4,Lag spline df = 4,2,lag_df4__sp__mavg,32
sp,mavg,4,102.390053542857,0.96,100.31247644,1.03955479332456,lag_df4,Lag spline df = 4,2,lag_df4__sp__mavg,32
sp,mavg,4,102.4833797,0.97,100.31247644,1.04065705431133,lag_df4,Lag spline df = 4,2,lag_df4__sp__mavg,32
sp,mavg,4,102.60412104,0.98,100.31247644,1.04203226919277,lag_df4,Lag spline df = 4,2,lag_df4__sp__mavg,32
sp,mavg,4,102.783485304667,0.99,100.31247644,1.04397782712619,lag_df4,Lag spline df = 4,2,lag_df4__sp__mavg,32
tp,mavg,4,0.000217557,0.01,2.31395059311111,1.00281491194187,lag_df4,Lag spline df = 4,2,lag_df4__tp__mavg,33
tp,mavg,4,0.000512003852,0.02,2.31395059311111,1.00281623408087,lag_df4,Lag spline df = 4,2,lag_df4__tp__mavg,33
tp,mavg,4,0.0007751064,0.03,2.31395059311111,1.0028174154768,lag_df4,Lag spline df = 4,2,lag_df4__tp__mavg,33
tp,mavg,4,0.000858307,0.04,2.31395059311111,1.00281778906826,lag_df4,Lag spline df = 4,2,lag_df4__tp__mavg,33
tp,mavg,4,0.0010584123,0.05,2.31395059311111,1.00281868759097,lag_df4,Lag spline df = 4,2,lag_df4__tp__mavg,33
tp,mavg,4,0.00128491696,0.06,2.31395059311111,1.00281970465318,lag_df4,Lag spline df = 4,2,lag_df4__tp__mavg,33
tp,mavg,4,0.0015765054,0.07,2.31395059311111,1.002821013957,lag_df4,Lag spline df = 4,2,lag_df4__tp__mavg,33
tp,mavg,4,0.00210184234,0.08,2.31395059311111,1.00282337284533,lag_df4,Lag spline df = 4,2,lag_df4__tp__mavg,33
tp,mavg,4,0.00351071356,0.09,2.31395059311111,1.00282969896731,lag_df4,Lag spline df = 4,2,lag_df4__tp__mavg,33
tp,mavg,4,0.00705059659999997,0.1,2.31395059311111,1.00284559311792,lag_df4,Lag spline df = 4,2,lag_df4__tp__mavg,33
tp,mavg,4,0.013236521895,0.11,2.31395059311111,1.00287336332621,lag_df4,Lag spline df = 4,2,lag_df4__tp__mavg,33
tp,mavg,4,0.021755292644,0.12,2.31395059311111,1.00291158795377,lag_df4,Lag spline df = 4,2,lag_df4__tp__mavg,33
tp,mavg,4,0.032575447245,0.13,2.31395059311111,1.00296008871076,lag_df4,Lag spline df = 4,2,lag_df4__tp__mavg,33
tp,mavg,4,0.0463079369257143,0.14,2.31395059311111,1.00302152122656,lag_df4,Lag spline df = 4,2,lag_df4__tp__mavg,33
tp,mavg,4,0.0631568364045455,0.15,2.31395059311111,1.00309662847949,lag_df4,Lag spline df = 4,2,lag_df4__tp__mavg,33
tp,mavg,4,0.08240270592,0.16,2.31395059311111,1.00318193279805,lag_df4,Lag spline df = 4,2,lag_df4__tp__mavg,33
tp,mavg,4,0.104799963734,0.17,2.31395059311111,1.00328034749274,lag_df4,Lag spline df = 4,2,lag_df4__tp__mavg,33
tp,mavg,4,0.13002237566,0.18,2.31395059311111,1.0033897732429,lag_df4,Lag spline df = 4,2,lag_df4__tp__mavg,33
tp,mavg,4,0.158342719,0.19,2.31395059311111,1.0035104401727,lag_df4,Lag spline df = 4,2,lag_df4__tp__mavg,33
tp,mavg,4,0.189671592,0.2,2.31395059311111,1.00364062608701,lag_df4,Lag spline df = 4,2,lag_df4__tp__mavg,33
tp,mavg,4,0.223834164407333,0.21,2.31395059311111,1.00377785600816,lag_df4,Lag spline df = 4,2,lag_df4__tp__mavg,33
tp,mavg,4,0.2602457999,0.22,2.31395059311111,1.00391771168415,lag_df4,Lag spline df = 4,2,lag_df4__tp__mavg,33
tp,mavg,4,0.300448420176191,0.23,2.31395059311111,1.00406317662112,lag_df4,Lag spline df = 4,2,lag_df4__tp__mavg,33
tp,mavg,4,0.34436585054,0.24,2.31395059311111,1.0042096874538,lag_df4,Lag spline df = 4,2,lag_df4__tp__mavg,33
tp,mavg,4,0.393592221166667,0.25,2.31395059311111,1.00435624709288,lag_df4,Lag spline df = 4,2,lag_df4__tp__mavg,33
tp,mavg,4,0.447764931556,0.26,2.31395059311111,1.00449361782992,lag_df4,Lag spline df = 4,2,lag_df4__tp__mavg,33
tp,mavg,4,0.503937402656364,0.27,2.31395059311111,1.00460981854291,lag_df4,Lag spline df = 4,2,lag_df4__tp__mavg,33
tp,mavg,4,0.5629918304,0.28,2.31395059311111,1.00470421990972,lag_df4,Lag spline df = 4,2,lag_df4__tp__mavg,33
tp,mavg,4,0.6221112311725,0.29,2.31395059311111,1.00477133154232,lag_df4,Lag spline df = 4,2,lag_df4__tp__mavg,33
tp,mavg,4,0.684642581333333,0.3,2.31395059311111,1.0048137435493,lag_df4,Lag spline df = 4,2,lag_df4__tp__mavg,33
tp,mavg,4,0.748956280990476,0.31,2.31395059311111,1.00482810950715,lag_df4,Lag spline df = 4,2,lag_df4__tp__mavg,33
tp,mavg,4,0.815105222222222,0.32,2.31395059311111,1.00481346321102,lag_df4,Lag spline df = 4,2,lag_df4__tp__mavg,33
tp,mavg,4,0.883574784,0.33,2.31395059311111,1.00476856103121,lag_df4,Lag spline df = 4,2,lag_df4__tp__mavg,33
tp,mavg,4,0.9552872478,0.34,2.31395059311111,1.00469099989488,lag_df4,Lag spline df = 4,2,lag_df4__tp__mavg,33
tp,mavg,4,1.0283741012,0.35,2.31395059311111,1.00458188612166,lag_df4,Lag spline df = 4,2,lag_df4__tp__mavg,33
tp,mavg,4,1.10415429732935,0.36,2.31395059311111,1.00443899258591,lag_df4,Lag spline df = 4,2,lag_df4__tp__mavg,33
tp,mavg,4,1.17889035706,0.37,2.31395059311111,1.00427071132275,lag_df4,Lag spline df = 4,2,lag_df4__tp__mavg,33
tp,mavg,4,1.25760424428762,0.38,2.31395059311111,1.00406665077654,lag_df4,Lag spline df = 4,2,lag_df4__tp__mavg,33
tp,mavg,4,1.33826296911833,0.39,2.31395059311111,1.00383177599105,lag_df4,Lag spline df = 4,2,lag_df4__tp__mavg,33
tp,mavg,4,1.41885863562,0.4,2.31395059311111,1.00357390247061,lag_df4,Lag spline df = 4,2,lag_df4__tp__mavg,33
tp,mavg,4,1.50006672242,0.41,2.31395059311111,1.00329356597603,lag_df4,Lag spline df = 4,2,lag_df4__tp__mavg,33
tp,mavg,4,1.5841189945,0.42,2.31395059311111,1.00298487987769,lag_df4,Lag spline df = 4,2,lag_df4__tp__mavg,33
tp,mavg,4,1.66883971794,0.43,2.31395059311111,1.00265795073742,lag_df4,Lag spline df = 4,2,lag_df4__tp__mavg,33
tp,mavg,4,1.75636131155,0.44,2.31395059311111,1.00230711784171,lag_df4,Lag spline df = 4,2,lag_df4__tp__mavg,33
tp,mavg,4,1.84589471165417,0.45,2.31395059311111,1.00193825793955,lag_df4,Lag spline df = 4,2,lag_df4__tp__mavg,33
tp,mavg,4,1.93624221971429,0.46,2.31395059311111,1.0015598131027,lag_df4,Lag spline df = 4,2,lag_df4__tp__mavg,33
tp,mavg,4,2.0268376125975,0.47,2.31395059311111,1.00117810246929,lag_df4,Lag spline df = 4,2,lag_df4__tp__mavg,33
tp,mavg,4,2.12111857899467,0.48,2.31395059311111,1.00078287813219,lag_df4,Lag spline df = 4,2,lag_df4__tp__mavg,33
tp,mavg,4,2.215417732463,0.49,2.31395059311111,1.00039416253632,lag_df4,Lag spline df = 4,2,lag_df4__tp__mavg,33
tp,mavg,4,2.31395059311111,0.5,2.31395059311111,1,lag_df4,Lag spline df = 4,2,lag_df4__tp__mavg,33
tp,mavg,4,2.415106572976,0.51,2.31395059311111,0.999612480488576,lag_df4,Lag spline df = 4,2,lag_df4__tp__mavg,33
tp,mavg,4,2.51736278881029,0.52,2.31395059311111,0.999238866389625,lag_df4,Lag spline df = 4,2,lag_df4__tp__mavg,33
tp,mavg,4,2.625065128755,0.53,2.31395059311111,0.998864461030833,lag_df4,Lag spline df = 4,2,lag_df4__tp__mavg,33
tp,mavg,4,2.732443163375,0.54,2.31395059311111,0.998510082414941,lag_df4,Lag spline df = 4,2,lag_df4__tp__mavg,33
tp,mavg,4,2.84548426760179,0.55,2.31395059311111,0.9981567199925,lag_df4,Lag spline df = 4,2,lag_df4__tp__mavg,33
tp,mavg,4,2.96027255957527,0.56,2.31395059311111,0.997817847992992,lag_df4,Lag spline df = 4,2,lag_df4__tp__mavg,33
tp,mavg,4,3.07913805306667,0.57,2.31395059311111,0.997487327632589,lag_df4,Lag spline df = 4,2,lag_df4__tp__mavg,33
tp,mavg,4,3.201547234168,0.58,2.31395059311111,0.99716776227372,lag_df4,Lag spline df = 4,2,lag_df4__tp__mavg,33
tp,mavg,4,3.324673573,0.59,2.31395059311111,0.996866713744194,lag_df4,Lag spline df = 4,2,lag_df4__tp__mavg,33
tp,mavg,4,3.45315715766667,0.6,2.31395059311111,0.996573371656966,lag_df4,Lag spline df = 4,2,lag_df4__tp__mavg,33
tp,mavg,4,3.58487019850182,0.61,2.31395059311111,0.996293631215627,lag_df4,Lag spline df = 4,2,lag_df4__tp__mavg,33
tp,mavg,4,3.71991554341939,0.62,2.31395059311111,0.996027692259123,lag_df4,Lag spline df = 4,2,lag_df4__tp__mavg,33
tp,mavg,4,3.8580750568,0.63,2.31395059311111,0.995776245089856,lag_df4,Lag spline df = 4,2,lag_df4__tp__mavg,33
tp,mavg,4,3.99790607483333,0.64,2.31395059311111,0.995541682704614,lag_df4,Lag spline df = 4,2,lag_df4__tp__mavg,33
tp,mavg,4,4.14701170296111,0.65,2.31395059311111,0.995312146153918,lag_df4,Lag spline df = 4,2,lag_df4__tp__mavg,33
tp,mavg,4,4.2930047386,0.66,2.31395059311111,0.995106458580618,lag_df4,Lag spline df = 4,2,lag_df4__tp__mavg,33
tp,mavg,4,4.450359574224,0.67,2.31395059311111,0.994904121612628,lag_df4,Lag spline df = 4,2,lag_df4__tp__mavg,33
tp,mavg,4,4.60841947505667,0.68,2.31395059311111,0.994719228059857,lag_df4,Lag spline df = 4,2,lag_df4__tp__mavg,33
tp,mavg,4,4.775454524658,0.69,2.31395059311111,0.994541697794774,lag_df4,Lag spline df = 4,2,lag_df4__tp__mavg,33
tp,mavg,4,4.94840887518,0.7,2.31395059311111,0.994374846036974,lag_df4,Lag spline df = 4,2,lag_df4__tp__mavg,33
tp,mavg,4,5.12807220749333,0.71,2.31395059311111,0.994217140301257,lag_df4,Lag spline df = 4,2,lag_df4__tp__mavg,33
tp,mavg,4,5.311421839228,0.72,2.31395059311111,0.994069722850459,lag_df4,Lag spline df = 4,2,lag_df4__tp__mavg,33
tp,mavg,4,5.505586077694,0.73,2.31395059311111,0.993925204280088,lag_df4,Lag spline df = 4,2,lag_df4__tp__mavg,33
tp,mavg,4,5.713799688,0.74,2.31395059311111,0.99377951845452,lag_df4,Lag spline df = 4,2,lag_df4__tp__mavg,33
tp,mavg,4,5.92966563758333,0.75,2.31395059311111,0.993634062476738,lag_df4,Lag spline df = 4,2,lag_df4__tp__mavg,33
tp,mavg,4,6.15211775848,0.76,2.31395059311111,0.993485919960338,lag_df4,Lag spline df = 4,2,lag_df4__tp__mavg,33
tp,mavg,4,6.38476112901111,0.77,2.31395059311111,0.993331983585847,lag_df4,Lag spline df = 4,2,lag_df4__tp__mavg,33
tp,mavg,4,6.63157367480667,0.78,2.31395059311111,0.993169779927553,lag_df4,Lag spline df = 4,2,lag_df4__tp__mavg,33
tp,mavg,4,6.8898921874,0.79,2.31395059311111,0.993001234697433,lag_df4,Lag spline df = 4,2,lag_df4__tp__mavg,33
tp,mavg,4,7.15736196381137,0.8,2.31395059311111,0.992828031326077,lag_df4,Lag spline df = 4,2,lag_df4__tp__mavg,33
tp,mavg,4,7.445676627,0.81,2.31395059311111,0.992642822818366,lag_df4,Lag spline df = 4,2,lag_df4__tp__mavg,33
tp,mavg,4,7.75448043947637,0.82,2.31395059311111,0.992446167543459,lag_df4,Lag spline df = 4,2,lag_df4__tp__mavg,33
tp,mavg,4,8.065685842434,0.83,2.31395059311111,0.992249774109413,lag_df4,Lag spline df = 4,2,lag_df4__tp__mavg,33
tp,mavg,4,8.409590382118,0.84,2.31395059311111,0.992034832347968,lag_df4,Lag spline df = 4,2,lag_df4__tp__mavg,33
tp,mavg,4,8.77583980659999,0.85,2.31395059311111,0.991808329320535,lag_df4,Lag spline df = 4,2,lag_df4__tp__mavg,33
tp,mavg,4,9.17054728213818,0.86,2.31395059311111,0.991566996778523,lag_df4,Lag spline df = 4,2,lag_df4__tp__mavg,33
tp,mavg,4,9.6001431355,0.87,2.31395059311111,0.991307590390071,lag_df4,Lag spline df = 4,2,lag_df4__tp__mavg,33
tp,mavg,4,10.0665660996,0.88,2.31395059311111,0.991029780518489,lag_df4,Lag spline df = 4,2,lag_df4__tp__mavg,33
tp,mavg,4,10.5905330269045,0.89,2.31395059311111,0.990722442967284,lag_df4,Lag spline df = 4,2,lag_df4__tp__mavg,33
tp,mavg,4,11.1666750593636,0.9,2.31395059311111,0.990390279892527,lag_df4,Lag spline df = 4,2,lag_df4__tp__mavg,33
tp,mavg,4,11.8284629161636,0.91,2.31395059311111,0.990016180527545,lag_df4,Lag spline df = 4,2,lag_df4__tp__mavg,33
tp,mavg,4,12.5588736841246,0.92,2.31395059311111,0.989612487636806,lag_df4,Lag spline df = 4,2,lag_df4__tp__mavg,33
tp,mavg,4,13.427695763938,0.93,2.31395059311111,0.989144804549996,lag_df4,Lag spline df = 4,2,lag_df4__tp__mavg,33
tp,mavg,4,14.4376751854,0.94,2.31395059311111,0.988618127406609,lag_df4,Lag spline df = 4,2,lag_df4__tp__mavg,33
tp,mavg,4,15.6445536415818,0.95,2.31395059311111,0.988012575332299,lag_df4,Lag spline df = 4,2,lag_df4__tp__mavg,33
tp,mavg,4,17.209105950712,0.96,2.31395059311111,0.987265835717514,lag_df4,Lag spline df = 4,2,lag_df4__tp__mavg,33
tp,mavg,4,19.326521119865,0.97,2.31395059311111,0.986323353813536,lag_df4,Lag spline df = 4,2,lag_df4__tp__mavg,33
tp,mavg,4,22.665116924,0.98,2.31395059311111,0.984994235973651,lag_df4,Lag spline df = 4,2,lag_df4__tp__mavg,33
tp,mavg,4,29.225760368045,0.99,2.31395059311111,0.982928546143064,lag_df4,Lag spline df = 4,2,lag_df4__tp__mavg,33
PM25,mavg,4,11.8000001758337,0.01,43.10000064224,0.931494389396267,lag_df4,Lag spline df = 4,2,lag_df4__PM25__mavg,34
PM25,mavg,4,13.3000001981854,0.02,43.10000064224,0.935996677211356,lag_df4,Lag spline df = 4,2,lag_df4__PM25__mavg,34
PM25,mavg,4,14.5333335498969,0.03,43.10000064224,0.939659687621895,lag_df4,Lag spline df = 4,2,lag_df4__PM25__mavg,34
PM25,mavg,4,15.6500002332032,0.04,43.10000064224,0.942940397873399,lag_df4,Lag spline df = 4,2,lag_df4__PM25__mavg,34
PM25,mavg,4,16.6166669142743,0.05,43.10000064224,0.945749230851501,lag_df4,Lag spline df = 4,2,lag_df4__PM25__mavg,34
PM25,mavg,4,17.4800002604723,0.06,43.10000064224,0.948230730088893,lag_df4,Lag spline df = 4,2,lag_df4__PM25__mavg,34
PM25,mavg,4,18.2750002723187,0.07,43.10000064224,0.950491258875205,lag_df4,Lag spline df = 4,2,lag_df4__PM25__mavg,34
PM25,mavg,4,19.0333336169521,0.08,43.10000064224,0.952623959454543,lag_df4,Lag spline df = 4,2,lag_df4__PM25__mavg,34
PM25,mavg,4,19.7500002942979,0.09,43.10000064224,0.954616947046836,lag_df4,Lag spline df = 4,2,lag_df4__PM25__mavg,34
PM25,mavg,4,20.4250003043562,0.1,43.10000064224,0.956472870851389,lag_df4,Lag spline df = 4,2,lag_df4__PM25__mavg,34
PM25,mavg,4,21.0666669805845,0.11,43.10000064224,0.95821708317024,lag_df4,Lag spline df = 4,2,lag_df4__PM25__mavg,34
PM25,mavg,4,21.6900003232062,0.12,43.10000064224,0.95989184192038,lag_df4,Lag spline df = 4,2,lag_df4__PM25__mavg,34
PM25,mavg,4,22.3000003322959,0.13,43.10000064224,0.961511228129116,lag_df4,Lag spline df = 4,2,lag_df4__PM25__mavg,34
PM25,mavg,4,22.9000003412366,0.14,43.10000064224,0.963084415606113,lag_df4,Lag spline df = 4,2,lag_df4__PM25__mavg,34
PM25,mavg,4,23.4833336832623,0.15,43.10000064224,0.964594484065659,lag_df4,Lag spline df = 4,2,lag_df4__PM25__mavg,34
PM25,mavg,4,24.0545458129861,0.16,43.10000064224,0.966053931647551,lag_df4,Lag spline df = 4,2,lag_df4__PM25__mavg,34
PM25,mavg,4,24.6200003668666,0.17,43.10000064224,0.967479253493882,lag_df4,Lag spline df = 4,2,lag_df4__PM25__mavg,34
PM25,mavg,4,25.2000003755093,0.18,43.10000064224,0.968920486580388,lag_df4,Lag spline df = 4,2,lag_df4__PM25__mavg,34
PM25,mavg,4,25.7777781618966,0.19,43.10000064224,0.970334607793567,lag_df4,Lag spline df = 4,2,lag_df4__PM25__mavg,34
PM25,mavg,4,26.3500003926456,0.2,43.10000064224,0.971713205575154,lag_df4,Lag spline df = 4,2,lag_df4__PM25__mavg,34
PM25,mavg,4,26.9142861153398,0.21,43.10000064224,0.973050648696757,lag_df4,Lag spline df = 4,2,lag_df4__PM25__mavg,34
PM25,mavg,4,27.5000004097819,0.22,43.10000064224,0.974415034334896,lag_df4,Lag spline df = 4,2,lag_df4__PM25__mavg,34
PM25,mavg,4,28.0500004179776,0.23,43.10000064224,0.975673465400854,lag_df4,Lag spline df = 4,2,lag_df4__PM25__mavg,34
PM25,mavg,4,28.6000004261732,0.24,43.10000064224,0.976909230105261,lag_df4,Lag spline df = 4,2,lag_df4__PM25__mavg,34
PM25,mavg,4,29.1727277074348,0.25,43.10000064224,0.978171311876449,lag_df4,Lag spline df = 4,2,lag_df4__PM25__mavg,34
PM25,mavg,4,29.7181822610172,0.26,43.10000064224,0.97934924379116,lag_df4,Lag spline df = 4,2,lag_df4__PM25__mavg,34
PM25,mavg,4,30.2666671176751,0.27,43.10000064224,0.980509678076968,lag_df4,Lag spline df = 4,2,lag_df4__PM25__mavg,34
PM25,mavg,4,30.8000004589558,0.28,43.10000064224,0.98161462598821,lag_df4,Lag spline df = 4,2,lag_df4__PM25__mavg,34
PM25,mavg,4,31.3300004668534,0.29,43.10000064224,0.982689481193595,lag_df4,Lag spline df = 4,2,lag_df4__PM25__mavg,34
PM25,mavg,4,31.8714290463499,0.3,43.10000064224,0.983763339127903,lag_df4,Lag spline df = 4,2,lag_df4__PM25__mavg,34
PM25,mavg,4,32.4000004827976,0.31,43.10000064224,0.984787828972215,lag_df4,Lag spline df = 4,2,lag_df4__PM25__mavg,34
PM25,mavg,4,32.942857633744,0.32,43.10000064224,0.985815154037885,lag_df4,Lag spline df = 4,2,lag_df4__PM25__mavg,34
PM25,mavg,4,33.4888893879122,0.33,43.10000064224,0.986822765215611,lag_df4,Lag spline df = 4,2,lag_df4__PM25__mavg,34
PM25,mavg,4,34.0100005067885,0.34,43.10000064224,0.987760039491292,lag_df4,Lag spline df = 4,2,lag_df4__PM25__mavg,34
PM25,mavg,4,34.5500005148351,0.35,43.10000064224,0.988705897618457,lag_df4,Lag spline df = 4,2,lag_df4__PM25__mavg,34
PM25,mavg,4,35.0800005227327,0.36,43.10000064224,0.989608818716568,lag_df4,Lag spline df = 4,2,lag_df4__PM25__mavg,34
PM25,mavg,4,35.6142862449799,0.37,43.10000064224,0.990493256417927,lag_df4,Lag spline df = 4,2,lag_df4__PM25__mavg,34
PM25,mavg,4,36.150000538677,0.38,43.10000064224,0.991353771365852,lag_df4,Lag spline df = 4,2,lag_df4__PM25__mavg,34
PM25,mavg,4,36.6875005466864,0.39,43.10000064224,0.992190403160673,lag_df4,Lag spline df = 4,2,lag_df4__PM25__mavg,34
PM25,mavg,4,37.2222227768766,0.4,43.10000064224,0.99299582857263,lag_df4,Lag spline df = 4,2,lag_df4__PM25__mavg,34
PM25,mavg,4,37.7750005628914,0.41,43.10000064224,0.993799953748732,lag_df4,Lag spline df = 4,2,lag_df4__PM25__mavg,34
PM25,mavg,4,38.3333339045445,0.42,43.10000064224,0.99458243054017,lag_df4,Lag spline df = 4,2,lag_df4__PM25__mavg,34
PM25,mavg,4,38.9000005796552,0.43,43.10000064224,0.995345699398278,lag_df4,Lag spline df = 4,2,lag_df4__PM25__mavg,34
PM25,mavg,4,39.4500005878509,0.44,43.10000064224,0.996056441983433,lag_df4,Lag spline df = 4,2,lag_df4__PM25__mavg,34
PM25,mavg,4,40.0400005966425,0.45,43.10000064224,0.996785580241944,lag_df4,Lag spline df = 4,2,lag_df4__PM25__mavg,34
PM25,mavg,4,40.6166672719022,0.46,43.10000064224,0.997464581656097,lag_df4,Lag spline df = 4,2,lag_df4__PM25__mavg,34
PM25,mavg,4,41.2166672808428,0.47,43.10000064224,0.998135354551678,lag_df4,Lag spline df = 4,2,lag_df4__PM25__mavg,34
PM25,mavg,4,41.8285720518657,0.48,43.10000064224,0.998781532737944,lag_df4,Lag spline df = 4,2,lag_df4__PM25__mavg,34
PM25,mavg,4,42.4571434898036,0.49,43.10000064224,0.999405025373183,lag_df4,Lag spline df = 4,2,lag_df4__PM25__mavg,34
PM25,mavg,4,43.10000064224,0.5,43.10000064224,1,lag_df4,Lag spline df = 4,2,lag_df4__PM25__mavg,34
PM25,mavg,4,43.7333339850108,0.51,43.10000064224,1.00054376628171,lag_df4,Lag spline df = 4,2,lag_df4__PM25__mavg,34
PM25,mavg,4,44.3833339946965,0.52,43.10000064224,1.00105906281084,lag_df4,Lag spline df = 4,2,lag_df4__PM25__mavg,34
PM25,mavg,4,45.0400006711483,0.53,43.10000064224,1.00153695940735,lag_df4,Lag spline df = 4,2,lag_df4__PM25__mavg,34
PM25,mavg,4,45.7000006809831,0.54,43.10000064224,1.00197541425868,lag_df4,Lag spline df = 4,2,lag_df4__PM25__mavg,34
PM25,mavg,4,46.4000006914139,0.55,43.10000064224,1.00239611502699,lag_df4,Lag spline df = 4,2,lag_df4__PM25__mavg,34
PM25,mavg,4,47.1000007018447,0.56,43.10000064224,1.00277281246259,lag_df4,Lag spline df = 4,2,lag_df4__PM25__mavg,34
PM25,mavg,4,47.8400007128716,0.57,43.10000064224,1.00312503640034,lag_df4,Lag spline df = 4,2,lag_df4__PM25__mavg,34
PM25,mavg,4,48.5750007238239,0.58,43.10000064224,1.00343000154903,lag_df4,Lag spline df = 4,2,lag_df4__PM25__mavg,34
PM25,mavg,4,49.3400007352233,0.59,43.10000064224,1.00370201390121,lag_df4,Lag spline df = 4,2,lag_df4__PM25__mavg,34
PM25,mavg,4,50.1000007465482,0.6,43.10000064224,1.00392854375629,lag_df4,Lag spline df = 4,2,lag_df4__PM25__mavg,34
PM25,mavg,4,50.9125007586554,0.61,43.10000064224,1.00412500419207,lag_df4,Lag spline df = 4,2,lag_df4__PM25__mavg,34
PM25,mavg,4,51.7375007709488,0.62,43.10000064224,1.00427882498669,lag_df4,Lag spline df = 4,2,lag_df4__PM25__mavg,34
PM25,mavg,4,52.5888896725244,0.63,43.10000064224,1.00439226986125,lag_df4,Lag spline df = 4,2,lag_df4__PM25__mavg,34
PM25,mavg,4,53.4545462510803,0.64,43.10000064224,1.00446358494465,lag_df4,Lag spline df = 4,2,lag_df4__PM25__mavg,34
PM25,mavg,4,54.3363644460386,0.65,43.10000064224,1.00449392020507,lag_df4,Lag spline df = 4,2,lag_df4__PM25__mavg,34
PM25,mavg,4,55.2500008232892,0.66,43.10000064224,1.00448395188955,lag_df4,Lag spline df = 4,2,lag_df4__PM25__mavg,34
PM25,mavg,4,56.1833341705303,0.67,43.10000064224,1.0044341962953,lag_df4,Lag spline df = 4,2,lag_df4__PM25__mavg,34
PM25,mavg,4,57.1166675177713,0.68,43.10000064224,1.00434849910161,lag_df4,Lag spline df = 4,2,lag_df4__PM25__mavg,34
PM25,mavg,4,58.0666675319274,0.69,43.10000064224,1.00422858083307,lag_df4,Lag spline df = 4,2,lag_df4__PM25__mavg,34
PM25,mavg,4,59.0666675468286,0.7,43.10000064224,1.00407143066722,lag_df4,Lag spline df = 4,2,lag_df4__PM25__mavg,34
PM25,mavg,4,60.0600008949637,0.71,43.10000064224,1.00388881259891,lag_df4,Lag spline df = 4,2,lag_df4__PM25__mavg,34
PM25,mavg,4,61.0833342435459,0.72,43.10000064224,1.00367825607853,lag_df4,Lag spline df = 4,2,lag_df4__PM25__mavg,34
PM25,mavg,4,62.1333342591922,0.73,43.10000064224,1.00344414628445,lag_df4,Lag spline df = 4,2,lag_df4__PM25__mavg,34
PM25,mavg,4,63.2250009421259,0.74,43.10000064224,1.0031875326405,lag_df4,Lag spline df = 4,2,lag_df4__PM25__mavg,34
PM25,mavg,4,64.3600009590388,0.75,43.10000064224,1.00291336878093,lag_df4,Lag spline df = 4,2,lag_df4__PM25__mavg,34
PM25,mavg,4,65.5454555221579,0.76,43.10000064224,1.0026254477402,lag_df4,Lag spline df = 4,2,lag_df4__PM25__mavg,34
PM25,mavg,4,66.7571438519018,0.77,43.10000064224,1.00233084511038,lag_df4,Lag spline df = 4,2,lag_df4__PM25__mavg,34
PM25,mavg,4,68.000001013279,0.78,43.10000064224,1.00202834099834,lag_df4,Lag spline df = 4,2,lag_df4__PM25__mavg,34
PM25,mavg,4,69.3100010327995,0.79,43.10000064224,1.00170914290972,lag_df4,Lag spline df = 4,2,lag_df4__PM25__mavg,34
PM25,mavg,4,70.6375010525808,0.8,43.10000064224,1.00138531519829,lag_df4,Lag spline df = 4,2,lag_df4__PM25__mavg,34
PM25,mavg,4,72.0666677405437,0.81,43.10000064224,1.00103627911395,lag_df4,Lag spline df = 4,2,lag_df4__PM25__mavg,34
PM25,mavg,4,73.5750010963529,0.82,43.10000064224,1.00066745369095,lag_df4,Lag spline df = 4,2,lag_df4__PM25__mavg,34
PM25,mavg,4,75.1666677867373,0.83,43.10000064224,1.00027774907966,lag_df4,Lag spline df = 4,2,lag_df4__PM25__mavg,34
PM25,mavg,4,76.8818193274465,0.84,43.10000064224,0.999857238814611,lag_df4,Lag spline df = 4,2,lag_df4__PM25__mavg,34
PM25,mavg,4,78.6625011721626,0.85,43.10000064224,0.999420041406803,lag_df4,Lag spline df = 4,2,lag_df4__PM25__mavg,34
PM25,mavg,4,80.6000012010336,0.86,43.10000064224,0.998943631139977,lag_df4,Lag spline df = 4,2,lag_df4__PM25__mavg,34
PM25,mavg,4,82.6096557764342,0.87,43.10000064224,0.998448705808517,lag_df4,Lag spline df = 4,2,lag_df4__PM25__mavg,34
PM25,mavg,4,84.7816012633445,0.88,43.10000064224,0.997912938696812,lag_df4,Lag spline df = 4,2,lag_df4__PM25__mavg,34
PM25,mavg,4,87.1800012990832,0.89,43.10000064224,0.99732027073986,lag_df4,Lag spline df = 4,2,lag_df4__PM25__mavg,34
PM25,mavg,4,89.7777791155709,0.9,43.10000064224,0.996677122173161,lag_df4,Lag spline df = 4,2,lag_df4__PM25__mavg,34
PM25,mavg,4,92.624056935762,0.91,43.10000064224,0.995971027995912,lag_df4,Lag spline df = 4,2,lag_df4__PM25__mavg,34
PM25,mavg,4,95.8777792064681,0.92,43.10000064224,0.995162068859834,lag_df4,Lag spline df = 4,2,lag_df4__PM25__mavg,34
PM25,mavg,4,99.4555570375588,0.93,43.10000064224,0.994270387477425,lag_df4,Lag spline df = 4,2,lag_df4__PM25__mavg,34
PM25,mavg,4,103.425001541153,0.94,43.10000064224,0.993278517185399,lag_df4,Lag spline df = 4,2,lag_df4__PM25__mavg,34
PM25,mavg,4,107.990304639484,0.95,43.10000064224,0.992134501868665,lag_df4,Lag spline df = 4,2,lag_df4__PM25__mavg,34
PM25,mavg,4,113.471430262284,0.96,43.10000064224,0.990756546757634,lag_df4,Lag spline df = 4,2,lag_df4__PM25__mavg,34
PM25,mavg,4,120.150001790374,0.97,43.10000064224,0.989071269099689,lag_df4,Lag spline df = 4,2,lag_df4__PM25__mavg,34
PM25,mavg,4,128.73333525161,0.98,43.10000064224,0.986895741896415,lag_df4,Lag spline df = 4,2,lag_df4__PM25__mavg,34
PM25,mavg,4,142.812502128072,0.99,43.10000064224,0.983305700082999,lag_df4,Lag spline df = 4,2,lag_df4__PM25__mavg,34
PM10,mavg,4,21.4500003196299,0.01,70.7666677211722,0.92077948467595,lag_df4,Lag spline df = 4,2,lag_df4__PM10__mavg,35
PM10,mavg,4,23.8100003547966,0.02,70.7666677211722,0.927174534034415,lag_df4,Lag spline df = 4,2,lag_df4__PM10__mavg,35
PM10,mavg,4,25.5800003811717,0.03,70.7666677211722,0.931889094788366,lag_df4,Lag spline df = 4,2,lag_df4__PM10__mavg,35
PM10,mavg,4,27.125000404194,0.04,70.7666677211722,0.935937648410215,lag_df4,Lag spline df = 4,2,lag_df4__PM10__mavg,35
PM10,mavg,4,28.5666670923432,0.05,70.7666677211722,0.93965259538129,lag_df4,Lag spline df = 4,2,lag_df4__PM10__mavg,35
PM10,mavg,4,29.8600004449487,0.06,70.7666677211722,0.942928638384126,lag_df4,Lag spline df = 4,2,lag_df4__PM10__mavg,35
PM10,mavg,4,31.050000462681,0.07,70.7666677211722,0.945891673996968,lag_df4,Lag spline df = 4,2,lag_df4__PM10__mavg,35
PM10,mavg,4,32.1750004794449,0.08,70.7666677211722,0.94864448521836,lag_df4,Lag spline df = 4,2,lag_df4__PM10__mavg,35
PM10,mavg,4,33.2666671623786,0.09,70.7666677211722,0.951267950792877,lag_df4,Lag spline df = 4,2,lag_df4__PM10__mavg,35
PM10,mavg,4,34.3000005111098,0.1,70.7666677211722,0.953705406515242,lag_df4,Lag spline df = 4,2,lag_df4__PM10__mavg,35
PM10,mavg,4,35.316667192926,0.11,70.7666677211722,0.956057776401225,lag_df4,Lag spline df = 4,2,lag_df4__PM10__mavg,35
PM10,mavg,4,36.3333338747422,0.12,70.7666677211722,0.958362528932256,lag_df4,Lag spline df = 4,2,lag_df4__PM10__mavg,35
PM10,mavg,4,37.3500005565584,0.13,70.7666677211722,0.960617447831497,lag_df4,Lag spline df = 4,2,lag_df4__PM10__mavg,35
PM10,mavg,4,38.3400005713105,0.14,70.7666677211722,0.962763210719695,lag_df4,Lag spline df = 4,2,lag_df4__PM10__mavg,35
PM10,mavg,4,39.3100005857646,0.15,70.7666677211722,0.964815758420231,lag_df4,Lag spline df = 4,2,lag_df4__PM10__mavg,35
PM10,mavg,4,40.2555561554101,0.16,70.7666677211722,0.96676720214369,lag_df4,Lag spline df = 4,2,lag_df4__PM10__mavg,35
PM10,mavg,4,41.2000006139278,0.17,70.7666677211722,0.968665869689107,lag_df4,Lag spline df = 4,2,lag_df4__PM10__mavg,35
PM10,mavg,4,42.1000006273389,0.18,70.7666677211722,0.970426585365301,lag_df4,Lag spline df = 4,2,lag_df4__PM10__mavg,35
PM10,mavg,4,43.0000006407499,0.19,70.7666677211722,0.972138277979047,lag_df4,Lag spline df = 4,2,lag_df4__PM10__mavg,35
PM10,mavg,4,43.8636370172555,0.2,70.7666677211722,0.973733265392167,lag_df4,Lag spline df = 4,2,lag_df4__PM10__mavg,35
PM10,mavg,4,44.7500006668269,0.21,70.7666677211722,0.975320332246392,lag_df4,Lag spline df = 4,2,lag_df4__PM10__mavg,35
PM10,mavg,4,45.600000679493,0.22,70.7666677211722,0.97679343805494,lag_df4,Lag spline df = 4,2,lag_df4__PM10__mavg,35
PM10,mavg,4,46.4333340252439,0.23,70.7666677211722,0.978189936658761,lag_df4,Lag spline df = 4,2,lag_df4__PM10__mavg,35
PM10,mavg,4,47.2500007040799,0.24,70.7666677211722,0.979511455800892,lag_df4,Lag spline df = 4,2,lag_df4__PM10__mavg,35
PM10,mavg,4,48.1000007167459,0.25,70.7666677211722,0.980836182171399,lag_df4,Lag spline df = 4,2,lag_df4__PM10__mavg,35
PM10,mavg,4,48.9400007292628,0.26,70.7666677211722,0.982093586615619,lag_df4,Lag spline df = 4,2,lag_df4__PM10__mavg,35
PM10,mavg,4,49.7800007417798,0.27,70.7666677211722,0.983300154024584,lag_df4,Lag spline df = 4,2,lag_df4__PM10__mavg,35
PM10,mavg,4,50.6166674209137,0.28,70.7666677211722,0.984452373114554,lag_df4,Lag spline df = 4,2,lag_df4__PM10__mavg,35
PM10,mavg,4,51.4666674335798,0.29,70.7666677211722,0.985573317158886,lag_df4,Lag spline df = 4,2,lag_df4__PM10__mavg,35
PM10,mavg,4,52.3166674462458,0.3,70.7666677211722,0.986645270240937,lag_df4,Lag spline df = 4,2,lag_df4__PM10__mavg,35
PM10,mavg,4,53.2000007927418,0.31,70.7666677211722,0.9877084846311,lag_df4,Lag spline df = 4,2,lag_df4__PM10__mavg,35
PM10,mavg,4,54.0714293771557,0.32,70.7666677211722,0.988707814640498,lag_df4,Lag spline df = 4,2,lag_df4__PM10__mavg,35
PM10,mavg,4,54.9400008186698,0.33,70.7666677211722,0.989656053884091,lag_df4,Lag spline df = 4,2,lag_df4__PM10__mavg,35
PM10,mavg,4,55.8454553776167,0.34,70.7666677211722,0.990594999693823,lag_df4,Lag spline df = 4,2,lag_df4__PM10__mavg,35
PM10,mavg,4,56.7500008456409,0.35,70.7666677211722,0.991483802174395,lag_df4,Lag spline df = 4,2,lag_df4__PM10__mavg,35
PM10,mavg,4,57.683334192882,0.36,70.7666677211722,0.992350765688921,lag_df4,Lag spline df = 4,2,lag_df4__PM10__mavg,35
PM10,mavg,4,58.600000873208,0.37,70.7666677211722,0.993154117295522,lag_df4,Lag spline df = 4,2,lag_df4__PM10__mavg,35
PM10,mavg,4,59.5000008866191,0.38,70.7666677211722,0.993897841873879,lag_df4,Lag spline df = 4,2,lag_df4__PM10__mavg,35
PM10,mavg,4,60.4000009000301,0.39,70.7666677211722,0.994598323503388,lag_df4,Lag spline df = 4,2,lag_df4__PM10__mavg,35
PM10,mavg,4,61.3166675803561,0.4,70.7666677211722,0.995268738563968,lag_df4,Lag spline df = 4,2,lag_df4__PM10__mavg,35
PM10,mavg,4,62.2500009275973,0.41,70.7666677211722,0.995908211340859,lag_df4,Lag spline df = 4,2,lag_df4__PM10__mavg,35
PM10,mavg,4,63.1775564969746,0.42,70.7666677211722,0.996502126068191,lag_df4,Lag spline df = 4,2,lag_df4__PM10__mavg,35
PM10,mavg,4,64.0909100459381,0.43,70.7666677211722,0.997047909893654,lag_df4,Lag spline df = 4,2,lag_df4__PM10__mavg,35
PM10,mavg,4,65.0181827870282,0.44,70.7666677211722,0.997563897919438,lag_df4,Lag spline df = 4,2,lag_df4__PM10__mavg,35
PM10,mavg,4,65.9636373465711,0.45,70.7666677211722,0.998052052577134,lag_df4,Lag spline df = 4,2,lag_df4__PM10__mavg,35
PM10,mavg,4,66.9000009968877,0.46,70.7666677211722,0.998499345720844,lag_df4,Lag spline df = 4,2,lag_df4__PM10__mavg,35
PM10,mavg,4,67.8727282841097,0.47,70.7666677211722,0.998927614380121,lag_df4,Lag spline df = 4,2,lag_df4__PM10__mavg,35
PM10,mavg,4,68.8250010255723,0.48,70.7666677211722,0.999312661236868,lag_df4,Lag spline df = 4,2,lag_df4__PM10__mavg,35
PM10,mavg,4,69.8000010401011,0.49,70.7666677211722,0.999673607334402,lag_df4,Lag spline df = 4,2,lag_df4__PM10__mavg,35
PM10,mavg,4,70.7666677211722,0.5,70.7666677211722,1,lag_df4,Lag spline df = 4,2,lag_df4__PM10__mavg,35
PM10,mavg,4,71.7636374329979,0.51,70.7666677211722,1.0003055342353,lag_df4,Lag spline df = 4,2,lag_df4__PM10__mavg,35
PM10,mavg,4,72.7700010843575,0.52,70.7666677211722,1.00058307884447,lag_df4,Lag spline df = 4,2,lag_df4__PM10__mavg,35
PM10,mavg,4,73.8000010997057,0.53,70.7666677211722,1.00083608494344,lag_df4,Lag spline df = 4,2,lag_df4__PM10__mavg,35
PM10,mavg,4,74.8000011146068,0.54,70.7666677211722,1.00105269166899,lag_df4,Lag spline df = 4,2,lag_df4__PM10__mavg,35
PM10,mavg,4,75.816667796423,0.55,70.7666677211722,1.00124463374015,lag_df4,Lag spline df = 4,2,lag_df4__PM10__mavg,35
PM10,mavg,4,76.8700011454523,0.56,70.7666677211722,1.001414552972,lag_df4,Lag spline df = 4,2,lag_df4__PM10__mavg,35
PM10,mavg,4,77.9125011609867,0.57,70.7666677211722,1.00155486456389,lag_df4,Lag spline df = 4,2,lag_df4__PM10__mavg,35
PM10,mavg,4,79.0000011771918,0.58,70.7666677211722,1.0016729412726,lag_df4,Lag spline df = 4,2,lag_df4__PM10__mavg,35
PM10,mavg,4,80.100001193583,0.59,70.7666677211722,1.00176430133819,lag_df4,Lag spline df = 4,2,lag_df4__PM10__mavg,35
PM10,mavg,4,81.1833345430593,0.6,70.7666677211722,1.00182799345526,lag_df4,Lag spline df = 4,2,lag_df4__PM10__mavg,35
PM10,mavg,4,82.2777790038122,0.61,70.7666677211722,1.00186718063273,lag_df4,Lag spline df = 4,2,lag_df4__PM10__mavg,35
PM10,mavg,4,83.4000012427569,0.62,70.7666677211722,1.00188250224558,lag_df4,Lag spline df = 4,2,lag_df4__PM10__mavg,35
PM10,mavg,4,84.5500012598932,0.63,70.7666677211722,1.00187358855871,lag_df4,Lag spline df = 4,2,lag_df4__PM10__mavg,35
PM10,mavg,4,85.7000012770295,0.64,70.7666677211722,1.00184130406832,lag_df4,Lag spline df = 4,2,lag_df4__PM10__mavg,35
PM10,mavg,4,86.9000012949109,0.65,70.7666677211722,1.00178438474644,lag_df4,Lag spline df = 4,2,lag_df4__PM10__mavg,35
PM10,mavg,4,88.1428584562881,0.66,70.7666677211722,1.00170228571315,lag_df4,Lag spline df = 4,2,lag_df4__PM10__mavg,35
PM10,mavg,4,89.427274059843,0.67,70.7666677211722,1.00159476335367,lag_df4,Lag spline df = 4,2,lag_df4__PM10__mavg,35
PM10,mavg,4,90.7500013522804,0.68,70.7666677211722,1.00146221275815,lag_df4,Lag spline df = 4,2,lag_df4__PM10__mavg,35
PM10,mavg,4,92.1090922816233,0.69,70.7666677211722,1.00130542872655,lag_df4,Lag spline df = 4,2,lag_df4__PM10__mavg,35
PM10,mavg,4,93.5125013934448,0.7,70.7666677211722,1.00112434165837,lag_df4,Lag spline df = 4,2,lag_df4__PM10__mavg,35
PM10,mavg,4,94.9888903043336,0.71,70.7666677211722,1.00091587489629,lag_df4,Lag spline df = 4,2,lag_df4__PM10__mavg,35
PM10,mavg,4,96.500001437962,0.72,70.7666677211722,1.00068682157385,lag_df4,Lag spline df = 4,2,lag_df4__PM10__mavg,35
PM10,mavg,4,98.0666681279739,0.73,70.7666677211722,1.00043634745429,lag_df4,Lag spline df = 4,2,lag_df4__PM10__mavg,35
PM10,mavg,4,99.6666681518158,0.74,70.7666677211722,1.00017093055386,lag_df4,Lag spline df = 4,2,lag_df4__PM10__mavg,35
PM10,mavg,4,101.300001509488,0.75,70.7666677211722,0.999894287206665,lag_df4,Lag spline df = 4,2,lag_df4__PM10__mavg,35
PM10,mavg,4,102.950001534075,0.76,70.7666677211722,0.999612720546448,lag_df4,Lag spline df = 4,2,lag_df4__PM10__mavg,35
PM10,mavg,4,104.700001560152,0.77,70.7666677211722,0.999312611167486,lag_df4,Lag spline df = 4,2,lag_df4__PM10__mavg,35
PM10,mavg,4,106.466668253144,0.78,70.7666677211722,0.999008107069723,lag_df4,Lag spline df = 4,2,lag_df4__PM10__mavg,35
PM10,mavg,4,108.310001613945,0.79,70.7666677211722,0.998688750454105,lag_df4,Lag spline df = 4,2,lag_df4__PM10__mavg,35
PM10,mavg,4,110.22500164248,0.8,70.7666677211722,0.998355214258453,lag_df4,Lag spline df = 4,2,lag_df4__PM10__mavg,35
PM10,mavg,4,112.233516823925,0.81,70.7666677211722,0.998003469388436,lag_df4,Lag spline df = 4,2,lag_df4__PM10__mavg,35
PM10,mavg,4,114.266668369372,0.82,70.7666677211722,0.997645417191768,lag_df4,Lag spline df = 4,2,lag_df4__PM10__mavg,35
PM10,mavg,4,116.400001734495,0.83,70.7666677211722,0.99726757832229,lag_df4,Lag spline df = 4,2,lag_df4__PM10__mavg,35
PM10,mavg,4,118.633335101108,0.84,70.7666677211722,0.996869689222431,lag_df4,Lag spline df = 4,2,lag_df4__PM10__mavg,35
PM10,mavg,4,121.000001803041,0.85,70.7666677211722,0.996445449991205,lag_df4,Lag spline df = 4,2,lag_df4__PM10__mavg,35
PM10,mavg,4,123.48065638546,0.86,70.7666677211722,0.995997928984096,lag_df4,Lag spline df = 4,2,lag_df4__PM10__mavg,35
PM10,mavg,4,126.063638242131,0.87,70.7666677211722,0.995528869674141,lag_df4,Lag spline df = 4,2,lag_df4__PM10__mavg,35
PM10,mavg,4,128.771430490272,0.88,70.7666677211722,0.995033797443449,lag_df4,Lag spline df = 4,2,lag_df4__PM10__mavg,35
PM10,mavg,4,131.633335294823,0.89,70.7666677211722,0.994506851098327,lag_df4,Lag spline df = 4,2,lag_df4__PM10__mavg,35
PM10,mavg,4,134.700002007186,0.9,70.7666677211722,0.993938019270001,lag_df4,Lag spline df = 4,2,lag_df4__PM10__mavg,35
PM10,mavg,4,138.050002057105,0.91,70.7666677211722,0.993311727987052,lag_df4,Lag spline df = 4,2,lag_df4__PM10__mavg,35
PM10,mavg,4,141.700002111495,0.92,70.7666677211722,0.992623576159879,lag_df4,Lag spline df = 4,2,lag_df4__PM10__mavg,35
PM10,mavg,4,145.79000217244,0.93,70.7666677211722,0.991845388517684,lag_df4,Lag spline df = 4,2,lag_df4__PM10__mavg,35
PM10,mavg,4,150.35000224039,0.94,70.7666677211722,0.990969056391124,lag_df4,Lag spline df = 4,2,lag_df4__PM10__mavg,35
PM10,mavg,4,155.733335653941,0.95,70.7666677211722,0.989922823737072,lag_df4,Lag spline df = 4,2,lag_df4__PM10__mavg,35
PM10,mavg,4,162.012502414174,0.96,70.7666677211722,0.988686769490374,lag_df4,Lag spline df = 4,2,lag_df4__PM10__mavg,35
PM10,mavg,4,169.800002530217,0.97,70.7666677211722,0.987130735792605,lag_df4,Lag spline df = 4,2,lag_df4__PM10__mavg,35
PM10,mavg,4,180.50000268966,0.98,70.7666677211722,0.984952135098387,lag_df4,Lag spline df = 4,2,lag_df4__PM10__mavg,35
PM10,mavg,4,198.164936286221,0.99,70.7666677211722,0.981256355781808,lag_df4,Lag spline df = 4,2,lag_df4__PM10__mavg,35
O3,mavg,4,23.1804730726887,0.01,87.7750013079494,0.962943198725595,lag_df4,Lag spline df = 4,2,lag_df4__O3__mavg,36
O3,mavg,4,27.3000004068017,0.02,87.7750013079494,0.964097014709156,lag_df4,Lag spline df = 4,2,lag_df4__O3__mavg,36
O3,mavg,4,30.2285718790123,0.03,87.7750013079494,0.964997048165259,lag_df4,Lag spline df = 4,2,lag_df4__O3__mavg,36
O3,mavg,4,32.5750004854053,0.04,87.7750013079494,0.965772496992314,lag_df4,Lag spline df = 4,2,lag_df4__O3__mavg,36
O3,mavg,4,34.7310005175322,0.05,87.7750013079494,0.966531660993988,lag_df4,Lag spline df = 4,2,lag_df4__O3__mavg,36
O3,mavg,4,36.6000005453825,0.06,87.7750013079494,0.967228618113526,lag_df4,Lag spline df = 4,2,lag_df4__O3__mavg,36
O3,mavg,4,38.3500005714595,0.07,87.7750013079494,0.967915977967903,lag_df4,Lag spline df = 4,2,lag_df4__O3__mavg,36
O3,mavg,4,39.9701148813154,0.08,87.7750013079494,0.968583931733799,lag_df4,Lag spline df = 4,2,lag_df4__O3__mavg,36
O3,mavg,4,41.5000006183982,0.09,87.7750013079494,0.969243935037123,lag_df4,Lag spline df = 4,2,lag_df4__O3__mavg,36
O3,mavg,4,43.0000006407499,0.1,87.7750013079494,0.969919843911191,lag_df4,Lag spline df = 4,2,lag_df4__O3__mavg,36
O3,mavg,4,44.4166673285266,0.11,87.7750013079494,0.970585444752728,lag_df4,Lag spline df = 4,2,lag_df4__O3__mavg,36
O3,mavg,4,45.7875006822869,0.12,87.7750013079494,0.971255655154148,lag_df4,Lag spline df = 4,2,lag_df4__O3__mavg,36
O3,mavg,4,47.1000007018447,0.13,87.7750013079494,0.971922283232943,lag_df4,Lag spline df = 4,2,lag_df4__O3__mavg,36
O3,mavg,4,48.3666673873862,0.14,87.7750013079494,0.972589520147523,lag_df4,Lag spline df = 4,2,lag_df4__O3__mavg,36
O3,mavg,4,49.609091648324,0.15,87.7750013079494,0.973267482275469,lag_df4,Lag spline df = 4,2,lag_df4__O3__mavg,36
O3,mavg,4,50.833334090809,0.16,87.7750013079494,0.973958949953794,lag_df4,Lag spline df = 4,2,lag_df4__O3__mavg,36
O3,mavg,4,52.0400007754564,0.17,87.7750013079494,0.974663887241892,lag_df4,Lag spline df = 4,2,lag_df4__O3__mavg,36
O3,mavg,4,53.2159055548836,0.18,87.7750013079494,0.975373804235865,lag_df4,Lag spline df = 4,2,lag_df4__O3__mavg,36
O3,mavg,4,54.4000008106232,0.19,87.7750013079494,0.976112156845117,lag_df4,Lag spline df = 4,2,lag_df4__O3__mavg,36
O3,mavg,4,55.5909099192782,0.2,87.7750013079494,0.976879141591247,lag_df4,Lag spline df = 4,2,lag_df4__O3__mavg,36
O3,mavg,4,56.7500008456409,0.21,87.7750013079494,0.977649701558276,lag_df4,Lag spline df = 4,2,lag_df4__O3__mavg,36
O3,mavg,4,57.9333341966073,0.22,87.7750013079494,0.978461468078762,lag_df4,Lag spline df = 4,2,lag_df4__O3__mavg,36
O3,mavg,4,59.1000008806586,0.23,87.7750013079494,0.979287210110734,lag_df4,Lag spline df = 4,2,lag_df4__O3__mavg,36
O3,mavg,4,60.250000897795,0.24,87.7750013079494,0.980126423775854,lag_df4,Lag spline df = 4,2,lag_df4__O3__mavg,36
O3,mavg,4,61.4100009150803,0.25,87.7750013079494,0.980998929850747,lag_df4,Lag spline df = 4,2,lag_df4__O3__mavg,36
O3,mavg,4,62.6000009328127,0.26,87.7750013079494,0.981920914009153,lag_df4,Lag spline df = 4,2,lag_df4__O3__mavg,36
O3,mavg,4,63.7833819028275,0.27,87.7750013079494,0.982861325804676,lag_df4,Lag spline df = 4,2,lag_df4__O3__mavg,36
O3,mavg,4,64.9333343009154,0.28,87.7750013079494,0.983793600530829,lag_df4,Lag spline df = 4,2,lag_df4__O3__mavg,36
O3,mavg,4,66.1000009849668,0.29,87.7750013079494,0.984753894164971,lag_df4,Lag spline df = 4,2,lag_df4__O3__mavg,36
O3,mavg,4,67.2428581448538,0.3,87.7750013079494,0.985704753700464,lag_df4,Lag spline df = 4,2,lag_df4__O3__mavg,36
O3,mavg,4,68.3833343523244,0.31,87.7750013079494,0.986659742687685,lag_df4,Lag spline df = 4,2,lag_df4__O3__mavg,36
O3,mavg,4,69.5333343694607,0.32,87.7750013079494,0.98762492886589,lag_df4,Lag spline df = 4,2,lag_df4__O3__mavg,36
O3,mavg,4,70.6666677196821,0.33,87.7750013079494,0.988574417015742,lag_df4,Lag spline df = 4,2,lag_df4__O3__mavg,36
O3,mavg,4,71.7500010691584,0.34,87.7750013079494,0.989476863318147,lag_df4,Lag spline df = 4,2,lag_df4__O3__mavg,36
O3,mavg,4,72.8250010851771,0.35,87.7750013079494,0.990364008038135,lag_df4,Lag spline df = 4,2,lag_df4__O3__mavg,36
O3,mavg,4,73.9000011011958,0.36,87.7750013079494,0.991239505059092,lag_df4,Lag spline df = 4,2,lag_df4__O3__mavg,36
O3,mavg,4,74.940001116693,0.37,87.7750013079494,0.992072284400711,lag_df4,Lag spline df = 4,2,lag_df4__O3__mavg,36
O3,mavg,4,76.0000011324882,0.38,87.7750013079494,0.992903534108094,lag_df4,Lag spline df = 4,2,lag_df4__O3__mavg,36
O3,mavg,4,77.0125011475757,0.39,87.7750013079494,0.99367806559483,lag_df4,Lag spline df = 4,2,lag_df4__O3__mavg,36
O3,mavg,4,78.0500011630357,0.4,87.7750013079494,0.994449012876428,lag_df4,Lag spline df = 4,2,lag_df4__O3__mavg,36
O3,mavg,4,79.0500011779368,0.41,87.7750013079494,0.995167537841392,lag_df4,Lag spline df = 4,2,lag_df4__O3__mavg,36
O3,mavg,4,80.0666678597529,0.42,87.7750013079494,0.995870497061807,lag_df4,Lag spline df = 4,2,lag_df4__O3__mavg,36
O3,mavg,4,81.0500012077391,0.43,87.7750013079494,0.996521318274739,lag_df4,Lag spline df = 4,2,lag_df4__O3__mavg,36
O3,mavg,4,82.0666678895552,0.44,87.7750013079494,0.997161342175187,lag_df4,Lag spline df = 4,2,lag_df4__O3__mavg,36
O3,mavg,4,83.0100012369454,0.45,87.7750013079494,0.997722849037875,lag_df4,Lag spline df = 4,2,lag_df4__O3__mavg,36
O3,mavg,4,83.9888901404209,0.46,87.7750013079494,0.998270081400408,lag_df4,Lag spline df = 4,2,lag_df4__O3__mavg,36
O3,mavg,4,84.9428584086044,0.47,87.7750013079494,0.998766241529114,lag_df4,Lag spline df = 4,2,lag_df4__O3__mavg,36
O3,mavg,4,85.9000012800097,0.48,87.7750013079494,0.999224801269303,lag_df4,Lag spline df = 4,2,lag_df4__O3__mavg,36
O3,mavg,4,86.8200012937188,0.49,87.7750013079494,0.999626282954699,lag_df4,Lag spline df = 4,2,lag_df4__O3__mavg,36
O3,mavg,4,87.7750013079494,0.5,87.7750013079494,1,lag_df4,Lag spline df = 4,2,lag_df4__O3__mavg,36
O3,mavg,4,88.700001321733,0.51,87.7750013079494,1.00031862900221,lag_df4,Lag spline df = 4,2,lag_df4__O3__mavg,36
O3,mavg,4,89.6166680020591,0.52,87.7750013079494,1.0005934313726,lag_df4,Lag spline df = 4,2,lag_df4__O3__mavg,36
O3,mavg,4,90.5500013493002,0.53,87.7750013079494,1.00083318616482,lag_df4,Lag spline df = 4,2,lag_df4__O3__mavg,36
O3,mavg,4,91.4857156489577,0.54,87.7750013079494,1.00103487636268,lag_df4,Lag spline df = 4,2,lag_df4__O3__mavg,36
O3,mavg,4,92.4000013768673,0.55,87.7750013079494,1.00119636803211,lag_df4,Lag spline df = 4,2,lag_df4__O3__mavg,36
O3,mavg,4,93.3333347241085,0.56,87.7750013079494,1.0013268166043,lag_df4,Lag spline df = 4,2,lag_df4__O3__mavg,36
O3,mavg,4,94.2500014044344,0.57,87.7750013079494,1.00142292675845,lag_df4,Lag spline df = 4,2,lag_df4__O3__mavg,36
O3,mavg,4,95.1500014178454,0.58,87.7750013079494,1.0014881854239,lag_df4,Lag spline df = 4,2,lag_df4__O3__mavg,36
O3,mavg,4,96.0666680981716,0.59,87.7750013079494,1.0015267912172,lag_df4,Lag spline df = 4,2,lag_df4__O3__mavg,36
O3,mavg,4,96.9500014446677,0.6,87.7750013079494,1.00153907412281,lag_df4,Lag spline df = 4,2,lag_df4__O3__mavg,36
O3,mavg,4,97.8777792362704,0.61,87.7750013079494,1.00152743962143,lag_df4,Lag spline df = 4,2,lag_df4__O3__mavg,36
O3,mavg,4,98.8000014722346,0.62,87.7750013079494,1.00149279474865,lag_df4,Lag spline df = 4,2,lag_df4__O3__mavg,36
O3,mavg,4,99.7000014856458,0.63,87.7750013079494,1.0014385722137,lag_df4,Lag spline df = 4,2,lag_df4__O3__mavg,36
O3,mavg,4,100.633334832887,0.64,87.7750013079494,1.00136289872219,lag_df4,Lag spline df = 4,2,lag_df4__O3__mavg,36
O3,mavg,4,101.577501513623,0.65,87.7750013079494,1.00126814222366,lag_df4,Lag spline df = 4,2,lag_df4__O3__mavg,36
O3,mavg,4,102.514668194254,0.66,87.7750013079494,1.00115793489462,lag_df4,Lag spline df = 4,2,lag_df4__O3__mavg,36
O3,mavg,4,103.50000154227,0.67,87.7750013079494,1.00102684545486,lag_df4,Lag spline df = 4,2,lag_df4__O3__mavg,36
O3,mavg,4,104.450001556426,0.68,87.7750013079494,1.00088776496192,lag_df4,Lag spline df = 4,2,lag_df4__O3__mavg,36
O3,mavg,4,105.437501571141,0.69,87.7750013079494,1.00073218685352,lag_df4,Lag spline df = 4,2,lag_df4__O3__mavg,36
O3,mavg,4,106.422223808037,0.7,87.7750013079494,1.00056810473171,lag_df4,Lag spline df = 4,2,lag_df4__O3__mavg,36
O3,mavg,4,107.433334934215,0.71,87.7750013079494,1.00039270048775,lag_df4,Lag spline df = 4,2,lag_df4__O3__mavg,36
O3,mavg,4,108.477779394223,0.72,87.7750013079494,1.00020671012271,lag_df4,Lag spline df = 4,2,lag_df4__O3__mavg,36
O3,mavg,4,109.52500163205,0.73,87.7750013079494,1.00001799184589,lag_df4,Lag spline df = 4,2,lag_df4__O3__mavg,36
O3,mavg,4,110.600001648068,0.74,87.7750013079494,0.99982477536804,lag_df4,Lag spline df = 4,2,lag_df4__O3__mavg,36
O3,mavg,4,111.675001664087,0.75,87.7750013079494,0.999634969280183,lag_df4,Lag spline df = 4,2,lag_df4__O3__mavg,36
O3,mavg,4,112.800001680851,0.76,87.7750013079494,0.999442596522975,lag_df4,Lag spline df = 4,2,lag_df4__O3__mavg,36
O3,mavg,4,113.950001697988,0.77,87.7750013079494,0.999253066529818,lag_df4,Lag spline df = 4,2,lag_df4__O3__mavg,36
O3,mavg,4,115.150001715869,0.78,87.7750013079494,0.999062916241444,lag_df4,Lag spline df = 4,2,lag_df4__O3__mavg,36
O3,mavg,4,116.400001734495,0.79,87.7750013079494,0.998873060290214,lag_df4,Lag spline df = 4,2,lag_df4__O3__mavg,36
O3,mavg,4,117.675001753494,0.8,87.7750013079494,0.998687982412872,lag_df4,Lag spline df = 4,2,lag_df4__O3__mavg,36
O3,mavg,4,118.988957328629,0.81,87.7750013079494,0.998506242489283,lag_df4,Lag spline df = 4,2,lag_df4__O3__mavg,36
O3,mavg,4,120.33333512644,0.82,87.7750013079494,0.998329668954592,lag_df4,Lag spline df = 4,2,lag_df4__O3__mavg,36
O3,mavg,4,121.744446258578,0.83,87.7750013079494,0.998154447604392,lag_df4,Lag spline df = 4,2,lag_df4__O3__mavg,36
O3,mavg,4,123.216668502738,0.84,87.7750013079494,0.997982590170894,lag_df4,Lag spline df = 4,2,lag_df4__O3__mavg,36
O3,mavg,4,124.800001859665,0.85,87.7750013079494,0.997810133602419,lag_df4,Lag spline df = 4,2,lag_df4__O3__mavg,36
O3,mavg,4,126.450001884252,0.86,87.7750013079494,0.997643929395075,lag_df4,Lag spline df = 4,2,lag_df4__O3__mavg,36
O3,mavg,4,128.200001910329,0.87,87.7750013079494,0.997482572611285,lag_df4,Lag spline df = 4,2,lag_df4__O3__mavg,36
O3,mavg,4,130.050001937896,0.88,87.7750013079494,0.997328518952658,lag_df4,Lag spline df = 4,2,lag_df4__O3__mavg,36
O3,mavg,4,132.022224189507,0.89,87.7750013079494,0.997182778138958,lag_df4,Lag spline df = 4,2,lag_df4__O3__mavg,36
O3,mavg,4,134.100001998246,0.9,87.7750013079494,0.997049628970143,lag_df4,Lag spline df = 4,2,lag_df4__O3__mavg,36
O3,mavg,4,136.333335364858,0.91,87.7750013079494,0.996929540990865,lag_df4,Lag spline df = 4,2,lag_df4__O3__mavg,36
O3,mavg,4,138.850002069026,0.92,87.7750013079494,0.996822405866784,lag_df4,Lag spline df = 4,2,lag_df4__O3__mavg,36
O3,mavg,4,141.557144966509,0.93,87.7750013079494,0.996739987371262,lag_df4,Lag spline df = 4,2,lag_df4__O3__mavg,36
O3,mavg,4,144.800002157688,0.94,87.7750013079494,0.996685244908418,lag_df4,Lag spline df = 4,2,lag_df4__O3__mavg,36
O3,mavg,4,148.642859357808,0.95,87.7750013079494,0.996681147893811,lag_df4,Lag spline df = 4,2,lag_df4__O3__mavg,36
O3,mavg,4,153.350002285093,0.96,87.7750013079494,0.996763660361256,lag_df4,Lag spline df = 4,2,lag_df4__O3__mavg,36
O3,mavg,4,159.300002373755,0.97,87.7750013079494,0.997001459992573,lag_df4,Lag spline df = 4,2,lag_df4__O3__mavg,36
O3,mavg,4,167.4500024952,0.98,87.7750013079494,0.997558858576538,lag_df4,Lag spline df = 4,2,lag_df4__O3__mavg,36
O3,mavg,4,180.228236451844,0.99,87.7750013079494,0.998938179898606,lag_df4,Lag spline df = 4,2,lag_df4__O3__mavg,36
t2m,lag,3,0.171520487,0.01,17.83579852,0.991413501780172,knots_p33_p66,Exposure knots = P33/P66,3,knots_p33_p66__t2m__lag,37
t2m,lag,3,1.615605291,0.02,17.83579852,0.992730960583589,knots_p33_p66,Exposure knots = P33/P66,3,knots_p33_p66__t2m__lag,37
t2m,lag,3,2.48329172732,0.03,17.83579852,0.993487545383786,knots_p33_p66,Exposure knots = P33/P66,3,knots_p33_p66__t2m__lag,37
t2m,lag,3,3.1816965228,0.04,17.83579852,0.994075914270399,knots_p33_p66,Exposure knots = P33/P66,3,knots_p33_p66__t2m__lag,37
t2m,lag,3,3.720964686,0.05,17.83579852,0.994516994746893,knots_p33_p66,Exposure knots = P33/P66,3,knots_p33_p66__t2m__lag,37
t2m,lag,3,4.2180250294,0.06,17.83579852,0.994912933775901,knots_p33_p66,Exposure knots = P33/P66,3,knots_p33_p66__t2m__lag,37
t2m,lag,3,4.659152603,0.07,17.83579852,0.995255505218785,knots_p33_p66,Exposure knots = P33/P66,3,knots_p33_p66__t2m__lag,37
t2m,lag,3,5.05215164148,0.08,17.83579852,0.995553518148723,knots_p33_p66,Exposure knots = P33/P66,3,knots_p33_p66__t2m__lag,37
t2m,lag,3,5.410470581,0.09,17.83579852,0.995819185829589,knots_p33_p66,Exposure knots = P33/P66,3,knots_p33_p66__t2m__lag,37
t2m,lag,3,5.7758229574,0.1,17.83579852,0.996083992808356,knots_p33_p66,Exposure knots = P33/P66,3,knots_p33_p66__t2m__lag,37
t2m,lag,3,6.081271108,0.11,17.83579852,0.996300575521788,knots_p33_p66,Exposure knots = P33/P66,3,knots_p33_p66__t2m__lag,37
t2m,lag,3,6.3815017704,0.12,17.83579852,0.996509111942832,knots_p33_p66,Exposure knots = P33/P66,3,knots_p33_p66__t2m__lag,37
t2m,lag,3,6.669326401,0.13,17.83579852,0.996704915456795,knots_p33_p66,Exposure knots = P33/P66,3,knots_p33_p66__t2m__lag,37
t2m,lag,3,6.987252808,0.14,17.83579852,0.996916433040926,knots_p33_p66,Exposure knots = P33/P66,3,knots_p33_p66__t2m__lag,37
t2m,lag,3,7.3000606538,0.15,17.83579852,0.997119580993409,knots_p33_p66,Exposure knots = P33/P66,3,knots_p33_p66__t2m__lag,37
t2m,lag,3,7.56251696276,0.16,17.83579852,0.997286167736468,knots_p33_p66,Exposure knots = P33/P66,3,knots_p33_p66__t2m__lag,37
t2m,lag,3,7.833937581,0.17,17.83579852,0.997454681759257,knots_p33_p66,Exposure knots = P33/P66,3,knots_p33_p66__t2m__lag,37
t2m,lag,3,8.106818136,0.18,17.83579852,0.997620190127215,knots_p33_p66,Exposure knots = P33/P66,3,knots_p33_p66__t2m__lag,37
t2m,lag,3,8.38318438184,0.19,17.83579852,0.997783757013943,knots_p33_p66,Exposure knots = P33/P66,3,knots_p33_p66__t2m__lag,37
t2m,lag,3,8.6330629984,0.2,17.83579852,0.997928085307622,knots_p33_p66,Exposure knots = P33/P66,3,knots_p33_p66__t2m__lag,37
t2m,lag,3,8.865783946,0.21,17.83579852,0.99805942182474,knots_p33_p66,Exposure knots = P33/P66,3,knots_p33_p66__t2m__lag,37
t2m,lag,3,9.143575923,0.22,17.83579852,0.998212253254044,knots_p33_p66,Exposure knots = P33/P66,3,knots_p33_p66__t2m__lag,37
t2m,lag,3,9.428089396,0.23,17.83579852,0.998364278008122,knots_p33_p66,Exposure knots = P33/P66,3,knots_p33_p66__t2m__lag,37
t2m,lag,3,9.722367223,0.24,17.83579852,0.99851665701244,knots_p33_p66,Exposure knots = P33/P66,3,knots_p33_p66__t2m__lag,37
t2m,lag,3,10.057553545,0.25,17.83579852,0.998684105560408,knots_p33_p66,Exposure knots = P33/P66,3,knots_p33_p66__t2m__lag,37
t2m,lag,3,10.38189977,0.26,17.83579852,0.998839846616491,knots_p33_p66,Exposure knots = P33/P66,3,knots_p33_p66__t2m__lag,37
t2m,lag,3,10.68682251,0.27,17.83579852,0.998980531926622,knots_p33_p66,Exposure knots = P33/P66,3,knots_p33_p66__t2m__lag,37
t2m,lag,3,11.02585754,0.28,17.83579852,0.99913033977031,knots_p33_p66,Exposure knots = P33/P66,3,knots_p33_p66__t2m__lag,37
t2m,lag,3,11.35078138,0.29,17.83579852,0.999267278383554,knots_p33_p66,Exposure knots = P33/P66,3,knots_p33_p66__t2m__lag,37
t2m,lag,3,11.66022148,0.3,17.83579852,0.999391567270109,knots_p33_p66,Exposure knots = P33/P66,3,knots_p33_p66__t2m__lag,37
t2m,lag,3,11.9703645724,0.31,17.83579852,0.999510060082869,knots_p33_p66,Exposure knots = P33/P66,3,knots_p33_p66__t2m__lag,37
t2m,lag,3,12.32470729,0.32,17.83579852,0.999637886455695,knots_p33_p66,Exposure knots = P33/P66,3,knots_p33_p66__t2m__lag,37
t2m,lag,3,12.66232389,0.33,17.83579852,0.999752077332274,knots_p33_p66,Exposure knots = P33/P66,3,knots_p33_p66__t2m__lag,37
t2m,lag,3,12.97044896,0.34,17.83579852,0.999849622794841,knots_p33_p66,Exposure knots = P33/P66,3,knots_p33_p66__t2m__lag,37
t2m,lag,3,13.30313962,0.35,17.83579852,0.999947087631715,knots_p33_p66,Exposure knots = P33/P66,3,knots_p33_p66__t2m__lag,37
t2m,lag,3,13.6292352,0.36,17.83579852,1.00003386072381,knots_p33_p66,Exposure knots = P33/P66,3,knots_p33_p66__t2m__lag,37
t2m,lag,3,13.93721161,0.37,17.83579852,1.00010708453849,knots_p33_p66,Exposure knots = P33/P66,3,knots_p33_p66__t2m__lag,37
t2m,lag,3,14.26317304,0.38,17.83579852,1.00017454475848,knots_p33_p66,Exposure knots = P33/P66,3,knots_p33_p66__t2m__lag,37
t2m,lag,3,14.5669377286,0.39,17.83579852,1.00022739032744,knots_p33_p66,Exposure knots = P33/P66,3,knots_p33_p66__t2m__lag,37
t2m,lag,3,14.8802213,0.4,17.83579852,1.00027102634685,knots_p33_p66,Exposure knots = P33/P66,3,knots_p33_p66__t2m__lag,37
t2m,lag,3,15.19645844,0.41,17.83579852,1.00030313139348,knots_p33_p66,Exposure knots = P33/P66,3,knots_p33_p66__t2m__lag,37
t2m,lag,3,15.54407463,0.42,17.83579852,1.00032366569551,knots_p33_p66,Exposure knots = P33/P66,3,knots_p33_p66__t2m__lag,37
t2m,lag,3,15.84765269,0.43,17.83579852,1.00032818331468,knots_p33_p66,Exposure knots = P33/P66,3,knots_p33_p66__t2m__lag,37
t2m,lag,3,16.1596010552,0.44,17.83579852,1.00031904741472,knots_p33_p66,Exposure knots = P33/P66,3,knots_p33_p66__t2m__lag,37
t2m,lag,3,16.46532084,0.45,17.83579852,1.00029584094995,knots_p33_p66,Exposure knots = P33/P66,3,knots_p33_p66__t2m__lag,37
t2m,lag,3,16.75265083,0.46,17.83579852,1.0002605460563,knots_p33_p66,Exposure knots = P33/P66,3,knots_p33_p66__t2m__lag,37
t2m,lag,3,17.0439054208,0.47,17.83579852,1.00021083289206,knots_p33_p66,Exposure knots = P33/P66,3,knots_p33_p66__t2m__lag,37
t2m,lag,3,17.33199272,0.48,17.83579852,1.00014727493541,knots_p33_p66,Exposure knots = P33/P66,3,knots_p33_p66__t2m__lag,37
t2m,lag,3,17.57365125,0.49,17.83579852,1.00008250322832,knots_p33_p66,Exposure knots = P33/P66,3,knots_p33_p66__t2m__lag,37
t2m,lag,3,17.83579852,0.5,17.83579852,1,knots_p33_p66,Exposure knots = P33/P66,3,knots_p33_p66__t2m__lag,37
t2m,lag,3,18.0836000592,0.51,17.83579852,0.99990991938286,knots_p33_p66,Exposure knots = P33/P66,3,knots_p33_p66__t2m__lag,37
t2m,lag,3,18.33761431,0.52,17.83579852,0.999804992392358,knots_p33_p66,Exposure knots = P33/P66,3,knots_p33_p66__t2m__lag,37
t2m,lag,3,18.6043138132,0.53,17.83579852,0.99968068425009,knots_p33_p66,Exposure knots = P33/P66,3,knots_p33_p66__t2m__lag,37
t2m,lag,3,18.87619425,0.54,17.83579852,0.999538587379019,knots_p33_p66,Exposure knots = P33/P66,3,knots_p33_p66__t2m__lag,37
t2m,lag,3,19.13589058,0.55,17.83579852,0.999387925355761,knots_p33_p66,Exposure knots = P33/P66,3,knots_p33_p66__t2m__lag,37
t2m,lag,3,19.3937394724,0.56,17.83579852,0.999223480723567,knots_p33_p66,Exposure knots = P33/P66,3,knots_p33_p66__t2m__lag,37
t2m,lag,3,19.64496129,0.57,17.83579852,0.999048636865215,knots_p33_p66,Exposure knots = P33/P66,3,knots_p33_p66__t2m__lag,37
t2m,lag,3,19.8929643,0.58,17.83579852,0.998861503195488,knots_p33_p66,Exposure knots = P33/P66,3,knots_p33_p66__t2m__lag,37
t2m,lag,3,20.129951592,0.59,17.83579852,0.998668858759574,knots_p33_p66,Exposure knots = P33/P66,3,knots_p33_p66__t2m__lag,37
t2m,lag,3,20.389811068,0.6,17.83579852,0.998441715671435,knots_p33_p66,Exposure knots = P33/P66,3,knots_p33_p66__t2m__lag,37
t2m,lag,3,20.64833094,0.61,17.83579852,0.998198836151845,knots_p33_p66,Exposure knots = P33/P66,3,knots_p33_p66__t2m__lag,37
t2m,lag,3,20.89387347,0.62,17.83579852,0.997952163555149,knots_p33_p66,Exposure knots = P33/P66,3,knots_p33_p66__t2m__lag,37
t2m,lag,3,21.1376181778,0.63,17.83579852,0.997691545881084,knots_p33_p66,Exposure knots = P33/P66,3,knots_p33_p66__t2m__lag,37
t2m,lag,3,21.3790987664,0.64,17.83579852,0.99741754067098,knots_p33_p66,Exposure knots = P33/P66,3,knots_p33_p66__t2m__lag,37
t2m,lag,3,21.625402068,0.65,17.83579852,0.997121513355306,knots_p33_p66,Exposure knots = P33/P66,3,knots_p33_p66__t2m__lag,37
t2m,lag,3,21.8401717924,0.66,17.83579852,0.99684947613546,knots_p33_p66,Exposure knots = P33/P66,3,knots_p33_p66__t2m__lag,37
t2m,lag,3,22.0677920504,0.67,17.83579852,0.996546837407609,knots_p33_p66,Exposure knots = P33/P66,3,knots_p33_p66__t2m__lag,37
t2m,lag,3,22.28912506,0.68,17.83579852,0.996238579365418,knots_p33_p66,Exposure knots = P33/P66,3,knots_p33_p66__t2m__lag,37
t2m,lag,3,22.51290347,0.69,17.83579852,0.995913140527044,knots_p33_p66,Exposure knots = P33/P66,3,knots_p33_p66__t2m__lag,37
t2m,lag,3,22.74694341,0.7,17.83579852,0.995558218403912,knots_p33_p66,Exposure knots = P33/P66,3,knots_p33_p66__t2m__lag,37
t2m,lag,3,22.97915802,0.71,17.83579852,0.99519161678968,knots_p33_p66,Exposure knots = P33/P66,3,knots_p33_p66__t2m__lag,37
t2m,lag,3,23.20549159,0.72,17.83579852,0.994820706002657,knots_p33_p66,Exposure knots = P33/P66,3,knots_p33_p66__t2m__lag,37
t2m,lag,3,23.4273199982,0.73,17.83579852,0.994444397273322,knots_p33_p66,Exposure knots = P33/P66,3,knots_p33_p66__t2m__lag,37
t2m,lag,3,23.64659081,0.74,17.83579852,0.994060222398612,knots_p33_p66,Exposure knots = P33/P66,3,knots_p33_p66__t2m__lag,37
t2m,lag,3,23.86227665,0.75,17.83579852,0.993670709761803,knots_p33_p66,Exposure knots = P33/P66,3,knots_p33_p66__t2m__lag,37
t2m,lag,3,24.0890626028,0.76,17.83579852,0.993248959695539,knots_p33_p66,Exposure knots = P33/P66,3,knots_p33_p66__t2m__lag,37
t2m,lag,3,24.3162289182,0.77,17.83579852,0.992814219466918,knots_p33_p66,Exposure knots = P33/P66,3,knots_p33_p66__t2m__lag,37
t2m,lag,3,24.54637744,0.78,17.83579852,0.992361492287429,knots_p33_p66,Exposure knots = P33/P66,3,knots_p33_p66__t2m__lag,37
t2m,lag,3,24.7704179374,0.79,17.83579852,0.991909155117532,knots_p33_p66,Exposure knots = P33/P66,3,knots_p33_p66__t2m__lag,37
t2m,lag,3,25.017581176,0.8,17.83579852,0.991397118794159,knots_p33_p66,Exposure knots = P33/P66,3,knots_p33_p66__t2m__lag,37
t2m,lag,3,25.2549756966,0.81,17.83579852,0.990892755912042,knots_p33_p66,Exposure knots = P33/P66,3,knots_p33_p66__t2m__lag,37
t2m,lag,3,25.48267708,0.82,17.83579852,0.990397688518934,knots_p33_p66,Exposure knots = P33/P66,3,knots_p33_p66__t2m__lag,37
t2m,lag,3,25.7169372564,0.83,17.83579852,0.989877084994182,knots_p33_p66,Exposure knots = P33/P66,3,knots_p33_p66__t2m__lag,37
t2m,lag,3,25.9618354812,0.84,17.83579852,0.989320908404225,knots_p33_p66,Exposure knots = P33/P66,3,knots_p33_p66__t2m__lag,37
t2m,lag,3,26.234111978,0.85,17.83579852,0.988688612336031,knots_p33_p66,Exposure knots = P33/P66,3,knots_p33_p66__t2m__lag,37
t2m,lag,3,26.501706392,0.86,17.83579852,0.988053288466793,knots_p33_p66,Exposure knots = P33/P66,3,knots_p33_p66__t2m__lag,37
t2m,lag,3,26.76898028,0.87,17.83579852,0.987405379633717,knots_p33_p66,Exposure knots = P33/P66,3,knots_p33_p66__t2m__lag,37
t2m,lag,3,27.05423508,0.88,17.83579852,0.98669962673745,knots_p33_p66,Exposure knots = P33/P66,3,knots_p33_p66__t2m__lag,37
t2m,lag,3,27.35409826,0.89,17.83579852,0.985942390765921,knots_p33_p66,Exposure knots = P33/P66,3,knots_p33_p66__t2m__lag,37
t2m,lag,3,27.66810379,0.9,17.83579852,0.985133201169923,knots_p33_p66,Exposure knots = P33/P66,3,knots_p33_p66__t2m__lag,37
t2m,lag,3,28.01429774,0.91,17.83579852,0.984222580205642,knots_p33_p66,Exposure knots = P33/P66,3,knots_p33_p66__t2m__lag,37
t2m,lag,3,28.37498754,0.92,17.83579852,0.983254128830991,knots_p33_p66,Exposure knots = P33/P66,3,knots_p33_p66__t2m__lag,37
t2m,lag,3,28.74946111,0.93,17.83579852,0.98222844211975,knots_p33_p66,Exposure knots = P33/P66,3,knots_p33_p66__t2m__lag,37
t2m,lag,3,29.11824125,0.94,17.83579852,0.98119927257363,knots_p33_p66,Exposure knots = P33/P66,3,knots_p33_p66__t2m__lag,37
t2m,lag,3,29.501305709,0.95,17.83579852,0.980111327565472,knots_p33_p66,Exposure knots = P33/P66,3,knots_p33_p66__t2m__lag,37
t2m,lag,3,29.9078923556,0.96,17.83579852,0.978936790215456,knots_p33_p66,Exposure knots = P33/P66,3,knots_p33_p66__t2m__lag,37
t2m,lag,3,30.36365407,0.97,17.83579852,0.977597674244683,knots_p33_p66,Exposure knots = P33/P66,3,knots_p33_p66__t2m__lag,37
t2m,lag,3,30.92796351,0.98,17.83579852,0.975909474685209,knots_p33_p66,Exposure knots = P33/P66,3,knots_p33_p66__t2m__lag,37
t2m,lag,3,31.69631284,0.99,17.83579852,0.973563529497629,knots_p33_p66,Exposure knots = P33/P66,3,knots_p33_p66__t2m__lag,37
rh,lag,3,43.4228235,0.01,75.82061299,1.00696649113929,knots_p33_p66,Exposure knots = P33/P66,3,knots_p33_p66__rh__lag,38
rh,lag,3,47.16705672,0.02,75.82061299,1.00585613616377,knots_p33_p66,Exposure knots = P33/P66,3,knots_p33_p66__rh__lag,38
rh,lag,3,49.4726937878,0.03,75.82061299,1.00520574613129,knots_p33_p66,Exposure knots = P33/P66,3,knots_p33_p66__rh__lag,38
rh,lag,3,51.44309564,0.04,75.82061299,1.0046717369295,knots_p33_p66,Exposure knots = P33/P66,3,knots_p33_p66__rh__lag,38
rh,lag,3,53.09781287,0.05,75.82061299,1.00423969350054,knots_p33_p66,Exposure knots = P33/P66,3,knots_p33_p66__rh__lag,38
rh,lag,3,54.41444232,0.06,75.82061299,1.00390710394122,knots_p33_p66,Exposure knots = P33/P66,3,knots_p33_p66__rh__lag,38
rh,lag,3,55.65418882,0.07,75.82061299,1.00360332156922,knots_p33_p66,Exposure knots = P33/P66,3,knots_p33_p66__rh__lag,38
rh,lag,3,56.70115055,0.08,75.82061299,1.00335408141986,knots_p33_p66,Exposure knots = P33/P66,3,knots_p33_p66__rh__lag,38
rh,lag,3,57.6210074762,0.09,75.82061299,1.00314076172474,knots_p33_p66,Exposure knots = P33/P66,3,knots_p33_p66__rh__lag,38
rh,lag,3,58.46959508,0.1,75.82061299,1.00294877024483,knots_p33_p66,Exposure knots = P33/P66,3,knots_p33_p66__rh__lag,38
rh,lag,3,59.2549475852,0.11,75.82061299,1.00277527120836,knots_p33_p66,Exposure knots = P33/P66,3,knots_p33_p66__rh__lag,38
rh,lag,3,60.00926765,0.12,75.82061299,1.00261248445091,knots_p33_p66,Exposure knots = P33/P66,3,knots_p33_p66__rh__lag,38
rh,lag,3,60.67693483,0.13,75.82061299,1.00247160222551,knots_p33_p66,Exposure knots = P33/P66,3,knots_p33_p66__rh__lag,38
rh,lag,3,61.28794591,0.14,75.82061299,1.00234535084134,knots_p33_p66,Exposure knots = P33/P66,3,knots_p33_p66__rh__lag,38
rh,lag,3,61.870226994,0.15,75.82061299,1.00222744762129,knots_p33_p66,Exposure knots = P33/P66,3,knots_p33_p66__rh__lag,38
rh,lag,3,62.4452779016,0.16,75.82061299,1.0021133474576,knots_p33_p66,Exposure knots = P33/P66,3,knots_p33_p66__rh__lag,38
rh,lag,3,63.02605888,0.17,75.82061299,1.00200049840668,knots_p33_p66,Exposure knots = P33/P66,3,knots_p33_p66__rh__lag,38
rh,lag,3,63.59003994,0.18,75.82061299,1.00189323781973,knots_p33_p66,Exposure knots = P33/P66,3,knots_p33_p66__rh__lag,38
rh,lag,3,64.11654005,0.19,75.82061299,1.00179519600272,knots_p33_p66,Exposure knots = P33/P66,3,knots_p33_p66__rh__lag,38
rh,lag,3,64.60864866,0.2,75.82061299,1.00170540306928,knots_p33_p66,Exposure knots = P33/P66,3,knots_p33_p66__rh__lag,38
rh,lag,3,65.111275075,0.21,75.82061299,1.0016155497207,knots_p33_p66,Exposure knots = P33/P66,3,knots_p33_p66__rh__lag,38
rh,lag,3,65.5816892668,0.22,75.82061299,1.0015331730825,knots_p33_p66,Exposure knots = P33/P66,3,knots_p33_p66__rh__lag,38
rh,lag,3,66.05530232,0.23,75.82061299,1.00145193054453,knots_p33_p66,Exposure knots = P33/P66,3,knots_p33_p66__rh__lag,38
rh,lag,3,66.5126062844,0.24,75.82061299,1.00137511356166,knots_p33_p66,Exposure knots = P33/P66,3,knots_p33_p66__rh__lag,38
rh,lag,3,66.953352465,0.25,75.82061299,1.00130260491564,knots_p33_p66,Exposure knots = P33/P66,3,knots_p33_p66__rh__lag,38
rh,lag,3,67.3694363,0.26,75.82061299,1.00123554050664,knots_p33_p66,Exposure knots = P33/P66,3,knots_p33_p66__rh__lag,38
rh,lag,3,67.7838261904,0.27,75.82061299,1.00117009874713,knots_p33_p66,Exposure knots = P33/P66,3,knots_p33_p66__rh__lag,38
rh,lag,3,68.18887691,0.28,75.82061299,1.00110744366603,knots_p33_p66,Exposure knots = P33/P66,3,knots_p33_p66__rh__lag,38
rh,lag,3,68.5887089386,0.29,75.82061299,1.00104687743196,knots_p33_p66,Exposure knots = P33/P66,3,knots_p33_p66__rh__lag,38
rh,lag,3,68.95311897,0.3,75.82061299,1.00099279402044,knots_p33_p66,Exposure knots = P33/P66,3,knots_p33_p66__rh__lag,38
rh,lag,3,69.31045294,0.31,75.82061299,1.00094080246341,knots_p33_p66,Exposure knots = P33/P66,3,knots_p33_p66__rh__lag,38
rh,lag,3,69.70011859,0.32,75.82061299,1.00088529036526,knots_p33_p66,Exposure knots = P33/P66,3,knots_p33_p66__rh__lag,38
rh,lag,3,70.06180019,0.33,75.82061299,1.00083487740916,knots_p33_p66,Exposure knots = P33/P66,3,knots_p33_p66__rh__lag,38
rh,lag,3,70.42066879,0.34,75.82061299,1.00078587814354,knots_p33_p66,Exposure knots = P33/P66,3,knots_p33_p66__rh__lag,38
rh,lag,3,70.78281209,0.35,75.82061299,1.0007372457639,knots_p33_p66,Exposure knots = P33/P66,3,knots_p33_p66__rh__lag,38
rh,lag,3,71.1363608956,0.36,75.82061299,1.00069030363668,knots_p33_p66,Exposure knots = P33/P66,3,knots_p33_p66__rh__lag,38
rh,lag,3,71.47014621,0.37,75.82061299,1.00064624790335,knots_p33_p66,Exposure knots = P33/P66,3,knots_p33_p66__rh__lag,38
rh,lag,3,71.8307198432,0.38,75.82061299,1.00059869891432,knots_p33_p66,Exposure knots = P33/P66,3,knots_p33_p66__rh__lag,38
rh,lag,3,72.17282934,0.39,75.82061299,1.00055339412571,knots_p33_p66,Exposure knots = P33/P66,3,knots_p33_p66__rh__lag,38
rh,lag,3,72.50688091,0.4,75.82061299,1.00050875977478,knots_p33_p66,Exposure knots = P33/P66,3,knots_p33_p66__rh__lag,38
rh,lag,3,72.8381635066,0.41,75.82061299,1.00046390212213,knots_p33_p66,Exposure knots = P33/P66,3,knots_p33_p66__rh__lag,38
rh,lag,3,73.17061484,0.42,75.82061299,1.00041808785343,knots_p33_p66,Exposure knots = P33/P66,3,knots_p33_p66__rh__lag,38
rh,lag,3,73.51419903,0.43,75.82061299,1.00036968180744,knots_p33_p66,Exposure knots = P33/P66,3,knots_p33_p66__rh__lag,38
rh,lag,3,73.852937464,0.44,75.82061299,1.00032068840933,knots_p33_p66,Exposure knots = P33/P66,3,knots_p33_p66__rh__lag,38
rh,lag,3,74.188871332,0.45,75.82061299,1.00027064109269,knots_p33_p66,Exposure knots = P33/P66,3,knots_p33_p66__rh__lag,38
rh,lag,3,74.54153616,0.46,75.82061299,1.00021630588283,knots_p33_p66,Exposure knots = P33/P66,3,knots_p33_p66__rh__lag,38
rh,lag,3,74.85438637,0.47,75.82061299,1.0001663722972,knots_p33_p66,Exposure knots = P33/P66,3,knots_p33_p66__rh__lag,38
rh,lag,3,75.1753298692,0.48,75.82061299,1.00011326816691,knots_p33_p66,Exposure knots = P33/P66,3,knots_p33_p66__rh__lag,38
rh,lag,3,75.500348,0.49,75.82061299,1.00005736406959,knots_p33_p66,Exposure knots = P33/P66,3,knots_p33_p66__rh__lag,38
rh,lag,3,75.82061299,0.5,75.82061299,1,knots_p33_p66,Exposure knots = P33/P66,3,knots_p33_p66__rh__lag,38
rh,lag,3,76.14059548,0.51,75.82061299,0.999940245568714,knots_p33_p66,Exposure knots = P33/P66,3,knots_p33_p66__rh__lag,38
rh,lag,3,76.46669664,0.52,75.82061299,0.999876649652035,knots_p33_p66,Exposure knots = P33/P66,3,knots_p33_p66__rh__lag,38
rh,lag,3,76.81173388,0.53,75.82061299,0.999806182042025,knots_p33_p66,Exposure knots = P33/P66,3,knots_p33_p66__rh__lag,38
rh,lag,3,77.14257872,0.54,75.82061299,0.99973533604352,knots_p33_p66,Exposure knots = P33/P66,3,knots_p33_p66__rh__lag,38
rh,lag,3,77.484255264,0.55,75.82061299,0.999658586912322,knots_p33_p66,Exposure knots = P33/P66,3,knots_p33_p66__rh__lag,38
rh,lag,3,77.80220115,0.56,75.82061299,0.999583705420375,knots_p33_p66,Exposure knots = P33/P66,3,knots_p33_p66__rh__lag,38
rh,lag,3,78.15767183,0.57,75.82061299,0.999495809154171,knots_p33_p66,Exposure knots = P33/P66,3,knots_p33_p66__rh__lag,38
rh,lag,3,78.49049909,0.58,75.82061299,0.999409301551228,knots_p33_p66,Exposure knots = P33/P66,3,knots_p33_p66__rh__lag,38
rh,lag,3,78.8196280118,0.59,75.82061299,0.999319546417846,knots_p33_p66,Exposure knots = P33/P66,3,knots_p33_p66__rh__lag,38
rh,lag,3,79.13859891,0.6,75.82061299,0.999228380856861,knots_p33_p66,Exposure knots = P33/P66,3,knots_p33_p66__rh__lag,38
rh,lag,3,79.4470599598,0.61,75.82061299,0.999136134566318,knots_p33_p66,Exposure knots = P33/P66,3,knots_p33_p66__rh__lag,38
rh,lag,3,79.7674131904,0.62,75.82061299,0.999035904610093,knots_p33_p66,Exposure knots = P33/P66,3,knots_p33_p66__rh__lag,38
rh,lag,3,80.0983589022,0.63,75.82061299,0.998927432914217,knots_p33_p66,Exposure knots = P33/P66,3,knots_p33_p66__rh__lag,38
rh,lag,3,80.4097504,0.64,75.82061299,0.998820620555744,knots_p33_p66,Exposure knots = P33/P66,3,knots_p33_p66__rh__lag,38
rh,lag,3,80.72734213,0.65,75.82061299,0.99870676150819,knots_p33_p66,Exposure knots = P33/P66,3,knots_p33_p66__rh__lag,38
rh,lag,3,81.0487758924,0.66,75.82061299,0.998586286869072,knots_p33_p66,Exposure knots = P33/P66,3,knots_p33_p66__rh__lag,38
rh,lag,3,81.35610517,0.67,75.82061299,0.998466043769023,knots_p33_p66,Exposure knots = P33/P66,3,knots_p33_p66__rh__lag,38
rh,lag,3,81.66269209,0.68,75.82061299,0.998341210131733,knots_p33_p66,Exposure knots = P33/P66,3,knots_p33_p66__rh__lag,38
rh,lag,3,81.98018683,0.69,75.82061299,0.998206887086162,knots_p33_p66,Exposure knots = P33/P66,3,knots_p33_p66__rh__lag,38
rh,lag,3,82.32716489,0.7,75.82061299,0.998054326176018,knots_p33_p66,Exposure knots = P33/P66,3,knots_p33_p66__rh__lag,38
rh,lag,3,82.65947967,0.71,75.82061299,0.997902678800963,knots_p33_p66,Exposure knots = P33/P66,3,knots_p33_p66__rh__lag,38
rh,lag,3,83.01487976,0.72,75.82061299,0.99773462911462,knots_p33_p66,Exposure knots = P33/P66,3,knots_p33_p66__rh__lag,38
rh,lag,3,83.37899773,0.73,75.82061299,0.997556302593045,knots_p33_p66,Exposure knots = P33/P66,3,knots_p33_p66__rh__lag,38
rh,lag,3,83.72964759,0.74,75.82061299,0.997378815609017,knots_p33_p66,Exposure knots = P33/P66,3,knots_p33_p66__rh__lag,38
rh,lag,3,84.06996044,0.75,75.82061299,0.997201281699614,knots_p33_p66,Exposure knots = P33/P66,3,knots_p33_p66__rh__lag,38
rh,lag,3,84.4145746204,0.76,75.82061299,0.99701632442171,knots_p33_p66,Exposure knots = P33/P66,3,knots_p33_p66__rh__lag,38
rh,lag,3,84.76808338,0.77,75.82061299,0.996821303382135,knots_p33_p66,Exposure knots = P33/P66,3,knots_p33_p66__rh__lag,38
rh,lag,3,85.1130211204,0.78,75.82061299,0.996625969720375,knots_p33_p66,Exposure knots = P33/P66,3,knots_p33_p66__rh__lag,38
rh,lag,3,85.47381418,0.79,75.82061299,0.996416461763772,knots_p33_p66,Exposure knots = P33/P66,3,knots_p33_p66__rh__lag,38
rh,lag,3,85.82826512,0.8,75.82061299,0.996205595085434,knots_p33_p66,Exposure knots = P33/P66,3,knots_p33_p66__rh__lag,38
rh,lag,3,86.2180264,0.81,75.82061299,0.995968110535023,knots_p33_p66,Exposure knots = P33/P66,3,knots_p33_p66__rh__lag,38
rh,lag,3,86.57384488,0.82,75.82061299,0.995746318294565,knots_p33_p66,Exposure knots = P33/P66,3,knots_p33_p66__rh__lag,38
rh,lag,3,86.95452808,0.83,75.82061299,0.995503908650791,knots_p33_p66,Exposure knots = P33/P66,3,knots_p33_p66__rh__lag,38
rh,lag,3,87.3420797804,0.84,75.82061299,0.995251853613617,knots_p33_p66,Exposure knots = P33/P66,3,knots_p33_p66__rh__lag,38
rh,lag,3,87.736073976,0.85,75.82061299,0.994990331241115,knots_p33_p66,Exposure knots = P33/P66,3,knots_p33_p66__rh__lag,38
rh,lag,3,88.15172848,0.86,75.82061299,0.99470886057732,knots_p33_p66,Exposure knots = P33/P66,3,knots_p33_p66__rh__lag,38
rh,lag,3,88.56902152,0.87,75.82061299,0.994420734856472,knots_p33_p66,Exposure knots = P33/P66,3,knots_p33_p66__rh__lag,38
rh,lag,3,88.94708535,0.88,75.82061299,0.994155075723067,knots_p33_p66,Exposure knots = P33/P66,3,knots_p33_p66__rh__lag,38
rh,lag,3,89.3613981988,0.89,75.82061299,0.993859094883699,knots_p33_p66,Exposure knots = P33/P66,3,knots_p33_p66__rh__lag,38
rh,lag,3,89.80406458,0.9,75.82061299,0.993537482273728,knots_p33_p66,Exposure knots = P33/P66,3,knots_p33_p66__rh__lag,38
rh,lag,3,90.25429907,0.91,75.82061299,0.993204929532858,knots_p33_p66,Exposure knots = P33/P66,3,knots_p33_p66__rh__lag,38
rh,lag,3,90.725424216,0.92,75.82061299,0.992851358820125,knots_p33_p66,Exposure knots = P33/P66,3,knots_p33_p66__rh__lag,38
rh,lag,3,91.2275955756,0.93,75.82061299,0.9924685348346,knots_p33_p66,Exposure knots = P33/P66,3,knots_p33_p66__rh__lag,38
rh,lag,3,91.7586939664,0.94,75.82061299,0.992057374648562,knots_p33_p66,Exposure knots = P33/P66,3,knots_p33_p66__rh__lag,38
rh,lag,3,92.35549152,0.95,75.82061299,0.991588175767875,knots_p33_p66,Exposure knots = P33/P66,3,knots_p33_p66__rh__lag,38
rh,lag,3,92.96334213,0.96,75.82061299,0.991103095300726,knots_p33_p66,Exposure knots = P33/P66,3,knots_p33_p66__rh__lag,38
rh,lag,3,93.63484213,0.97,75.82061299,0.990559562079012,knots_p33_p66,Exposure knots = P33/P66,3,knots_p33_p66__rh__lag,38
rh,lag,3,94.36034237,0.98,75.82061299,0.98996426332096,knots_p33_p66,Exposure knots = P33/P66,3,knots_p33_p66__rh__lag,38
rh,lag,3,95.41868598,0.99,75.82061299,0.98908307841687,knots_p33_p66,Exposure knots = P33/P66,3,knots_p33_p66__rh__lag,38
ssr,lag,3,1.047656,0.01,12.951992,0.972948431894436,knots_p33_p66,Exposure knots = P33/P66,3,knots_p33_p66__ssr__lag,39
ssr,lag,3,1.288044,0.02,12.951992,0.974417009243556,knots_p33_p66,Exposure knots = P33/P66,3,knots_p33_p66__ssr__lag,39
ssr,lag,3,1.476156,0.03,12.951992,0.97556252265224,knots_p33_p66,Exposure knots = P33/P66,3,knots_p33_p66__ssr__lag,39
ssr,lag,3,1.68580608,0.04,12.951992,0.976833968757483,knots_p33_p66,Exposure knots = P33/P66,3,knots_p33_p66__ssr__lag,39
ssr,lag,3,1.8897614,0.05,12.951992,0.978064254836303,knots_p33_p66,Exposure knots = P33/P66,3,knots_p33_p66__ssr__lag,39
ssr,lag,3,2.099136,0.06,12.951992,0.979319006746452,knots_p33_p66,Exposure knots = P33/P66,3,knots_p33_p66__ssr__lag,39
ssr,lag,3,2.315168699,0.07,12.951992,0.980603385631193,knots_p33_p66,Exposure knots = P33/P66,3,knots_p33_p66__ssr__lag,39
ssr,lag,3,2.525196,0.08,12.951992,0.981840535074793,knots_p33_p66,Exposure knots = P33/P66,3,knots_p33_p66__ssr__lag,39
ssr,lag,3,2.74445,0.09,12.951992,0.983118277583544,knots_p33_p66,Exposure knots = P33/P66,3,knots_p33_p66__ssr__lag,39
ssr,lag,3,2.981596,0.1,12.951992,0.984482521681517,knots_p33_p66,Exposure knots = P33/P66,3,knots_p33_p66__ssr__lag,39
ssr,lag,3,3.22228,0.11,12.951992,0.985846063906186,knots_p33_p66,Exposure knots = P33/P66,3,knots_p33_p66__ssr__lag,39
ssr,lag,3,3.45249824,0.12,12.951992,0.98712837398019,knots_p33_p66,Exposure knots = P33/P66,3,knots_p33_p66__ssr__lag,39
ssr,lag,3,3.690868,0.13,12.951992,0.988431312022946,knots_p33_p66,Exposure knots = P33/P66,3,knots_p33_p66__ssr__lag,39
ssr,lag,3,3.91851392,0.14,12.951992,0.989650070458803,knots_p33_p66,Exposure knots = P33/P66,3,knots_p33_p66__ssr__lag,39
ssr,lag,3,4.174388,0.15,12.951992,0.990987677539163,knots_p33_p66,Exposure knots = P33/P66,3,knots_p33_p66__ssr__lag,39
ssr,lag,3,4.42248992,0.16,12.951992,0.992249498223899,knots_p33_p66,Exposure knots = P33/P66,3,knots_p33_p66__ssr__lag,39
ssr,lag,3,4.662908,0.17,12.951992,0.993436785462938,knots_p33_p66,Exposure knots = P33/P66,3,knots_p33_p66__ssr__lag,39
ssr,lag,3,4.926204,0.18,12.951992,0.994694236552116,knots_p33_p66,Exposure knots = P33/P66,3,knots_p33_p66__ssr__lag,39
ssr,lag,3,5.19858016,0.19,12.951992,0.995944781307424,knots_p33_p66,Exposure knots = P33/P66,3,knots_p33_p66__ssr__lag,39
ssr,lag,3,5.473332651,0.2,12.951992,0.99715102575346,knots_p33_p66,Exposure knots = P33/P66,3,knots_p33_p66__ssr__lag,39
ssr,lag,3,5.74092264,0.21,12.951992,0.998269201857661,knots_p33_p66,Exposure knots = P33/P66,3,knots_p33_p66__ssr__lag,39
ssr,lag,3,6.02008464,0.22,12.951992,0.99937265412415,knots_p33_p66,Exposure knots = P33/P66,3,knots_p33_p66__ssr__lag,39
ssr,lag,3,6.27951428000001,0.23,12.951992,1.00033719157257,knots_p33_p66,Exposure knots = P33/P66,3,knots_p33_p66__ssr__lag,39
ssr,lag,3,6.56322,0.24,12.951992,1.00132123594011,knots_p33_p66,Exposure knots = P33/P66,3,knots_p33_p66__ssr__lag,39
ssr,lag,3,6.851668,0.25,12.951992,1.0022420897775,knots_p33_p66,Exposure knots = P33/P66,3,knots_p33_p66__ssr__lag,39
ssr,lag,3,7.15414,0.26,12.951992,1.00311706770236,knots_p33_p66,Exposure knots = P33/P66,3,knots_p33_p66__ssr__lag,39
ssr,lag,3,7.44332408,0.27,12.951992,1.00386260803757,knots_p33_p66,Exposure knots = P33/P66,3,knots_p33_p66__ssr__lag,39
ssr,lag,3,7.755374,0.28,12.951992,1.00456256986395,knots_p33_p66,Exposure knots = P33/P66,3,knots_p33_p66__ssr__lag,39
ssr,lag,3,8.03380496,0.29,12.951992,1.00509148999604,knots_p33_p66,Exposure knots = P33/P66,3,knots_p33_p66__ssr__lag,39
ssr,lag,3,8.32465709,0.3,12.951992,1.00554364648407,knots_p33_p66,Exposure knots = P33/P66,3,knots_p33_p66__ssr__lag,39
ssr,lag,3,8.613628,0.31,12.951992,1.00588735529056,knots_p33_p66,Exposure knots = P33/P66,3,knots_p33_p66__ssr__lag,39
ssr,lag,3,8.890476,0.32,12.951992,1.00611431312088,knots_p33_p66,Exposure knots = P33/P66,3,knots_p33_p66__ssr__lag,39
ssr,lag,3,9.14347496,0.33,12.951992,1.00623116343688,knots_p33_p66,Exposure knots = P33/P66,3,knots_p33_p66__ssr__lag,39
ssr,lag,3,9.416752,0.34,12.951992,1.00625867326802,knots_p33_p66,Exposure knots = P33/P66,3,knots_p33_p66__ssr__lag,39
ssr,lag,3,9.6743248,0.35,12.951992,1.00619483435402,knots_p33_p66,Exposure knots = P33/P66,3,knots_p33_p66__ssr__lag,39
ssr,lag,3,9.92902,0.36,12.951992,1.0060511882259,knots_p33_p66,Exposure knots = P33/P66,3,knots_p33_p66__ssr__lag,39
ssr,lag,3,10.19218696,0.37,12.951992,1.00582397282846,knots_p33_p66,Exposure knots = P33/P66,3,knots_p33_p66__ssr__lag,39
ssr,lag,3,10.450388,0.38,12.951992,1.00552848652185,knots_p33_p66,Exposure knots = P33/P66,3,knots_p33_p66__ssr__lag,39
ssr,lag,3,10.698172,0.39,12.951992,1.00518221818074,knots_p33_p66,Exposure knots = P33/P66,3,knots_p33_p66__ssr__lag,39
ssr,lag,3,10.950416,0.4,12.951992,1.00477147571481,knots_p33_p66,Exposure knots = P33/P66,3,knots_p33_p66__ssr__lag,39
ssr,lag,3,11.19210364,0.41,12.951992,1.00432728205879,knots_p33_p66,Exposure knots = P33/P66,3,knots_p33_p66__ssr__lag,39
ssr,lag,3,11.43579168,0.42,12.951992,1.00383365417348,knots_p33_p66,Exposure knots = P33/P66,3,knots_p33_p66__ssr__lag,39
ssr,lag,3,11.6591764,0.43,12.951992,1.00334453310473,knots_p33_p66,Exposure knots = P33/P66,3,knots_p33_p66__ssr__lag,39
ssr,lag,3,11.876588,0.44,12.951992,1.00283817190442,knots_p33_p66,Exposure knots = P33/P66,3,knots_p33_p66__ssr__lag,39
ssr,lag,3,12.095456,0.45,12.951992,1.00230139171314,knots_p33_p66,Exposure knots = P33/P66,3,knots_p33_p66__ssr__lag,39
ssr,lag,3,12.28402688,0.46,12.951992,1.0018195918451,knots_p33_p66,Exposure knots = P33/P66,3,knots_p33_p66__ssr__lag,39
ssr,lag,3,12.459274,0.47,12.951992,1.00135766974475,knots_p33_p66,Exposure knots = P33/P66,3,knots_p33_p66__ssr__lag,39
ssr,lag,3,12.624008,0.48,12.951992,1.00091250510195,knots_p33_p66,Exposure knots = P33/P66,3,knots_p33_p66__ssr__lag,39
ssr,lag,3,12.7923739538,0.49,12.951992,1.00044798930247,knots_p33_p66,Exposure knots = P33/P66,3,knots_p33_p66__ssr__lag,39
ssr,lag,3,12.951992,0.5,12.951992,1,knots_p33_p66,Exposure knots = P33/P66,3,knots_p33_p66__ssr__lag,39
ssr,lag,3,13.111232,0.51,12.951992,0.999546930692293,knots_p33_p66,Exposure knots = P33/P66,3,knots_p33_p66__ssr__lag,39
ssr,lag,3,13.279904,0.52,12.951992,0.999061683493832,knots_p33_p66,Exposure knots = P33/P66,3,knots_p33_p66__ssr__lag,39
ssr,lag,3,13.44872956,0.53,12.951992,0.998571903195962,knots_p33_p66,Exposure knots = P33/P66,3,knots_p33_p66__ssr__lag,39
ssr,lag,3,13.615078,0.54,12.951992,0.998086704409297,knots_p33_p66,Exposure knots = P33/P66,3,knots_p33_p66__ssr__lag,39
ssr,lag,3,13.7742668,0.55,12.951992,0.99762124059372,knots_p33_p66,Exposure knots = P33/P66,3,knots_p33_p66__ssr__lag,39
ssr,lag,3,13.92626144,0.56,12.951992,0.997176884815268,knots_p33_p66,Exposure knots = P33/P66,3,knots_p33_p66__ssr__lag,39
ssr,lag,3,14.085936,0.57,12.951992,0.99671131319479,knots_p33_p66,Exposure knots = P33/P66,3,knots_p33_p66__ssr__lag,39
ssr,lag,3,14.266164,0.58,12.951992,0.996188823760662,knots_p33_p66,Exposure knots = P33/P66,3,knots_p33_p66__ssr__lag,39
ssr,lag,3,14.462852,0.59,12.951992,0.995624221519986,knots_p33_p66,Exposure knots = P33/P66,3,knots_p33_p66__ssr__lag,39
ssr,lag,3,14.661116,0.6,12.951992,0.995063232577616,knots_p33_p66,Exposure knots = P33/P66,3,knots_p33_p66__ssr__lag,39
ssr,lag,3,14.86275552,0.61,12.951992,0.994503434525528,knots_p33_p66,Exposure knots = P33/P66,3,knots_p33_p66__ssr__lag,39
ssr,lag,3,15.102828,0.62,12.951992,0.993854389365942,knots_p33_p66,Exposure knots = P33/P66,3,knots_p33_p66__ssr__lag,39
ssr,lag,3,15.319168,0.63,12.951992,0.993288932677525,knots_p33_p66,Exposure knots = P33/P66,3,knots_p33_p66__ssr__lag,39
ssr,lag,3,15.571802,0.64,12.951992,0.992656021978341,knots_p33_p66,Exposure knots = P33/P66,3,knots_p33_p66__ssr__lag,39
ssr,lag,3,15.810170492,0.65,12.951992,0.992089957513796,knots_p33_p66,Exposure knots = P33/P66,3,knots_p33_p66__ssr__lag,39
ssr,lag,3,16.09252,0.66,12.951992,0.991464053949526,knots_p33_p66,Exposure knots = P33/P66,3,knots_p33_p66__ssr__lag,39
ssr,lag,3,16.36621968,0.67,12.951992,0.990908193451529,knots_p33_p66,Exposure knots = P33/P66,3,knots_p33_p66__ssr__lag,39
ssr,lag,3,16.616656,0.68,12.951992,0.990443612271627,knots_p33_p66,Exposure knots = P33/P66,3,knots_p33_p66__ssr__lag,39
ssr,lag,3,16.885948,0.69,12.951992,0.989990048966852,knots_p33_p66,Exposure knots = P33/P66,3,knots_p33_p66__ssr__lag,39
ssr,lag,3,17.17008,0.7,12.951992,0.989562092639158,knots_p33_p66,Exposure knots = P33/P66,3,knots_p33_p66__ssr__lag,39
ssr,lag,3,17.469936,0.71,12.951992,0.989165542671478,knots_p33_p66,Exposure knots = P33/P66,3,knots_p33_p66__ssr__lag,39
ssr,lag,3,17.77971664,0.72,12.951992,0.988813867190921,knots_p33_p66,Exposure knots = P33/P66,3,knots_p33_p66__ssr__lag,39
ssr,lag,3,18.09634716,0.73,12.951992,0.98851380332113,knots_p33_p66,Exposure knots = P33/P66,3,knots_p33_p66__ssr__lag,39
ssr,lag,3,18.40144784,0.74,12.951992,0.98828000845243,knots_p33_p66,Exposure knots = P33/P66,3,knots_p33_p66__ssr__lag,39
ssr,lag,3,18.723212,0.75,12.951992,0.988090735998237,knots_p33_p66,Exposure knots = P33/P66,3,knots_p33_p66__ssr__lag,39
ssr,lag,3,19.03405856,0.76,12.951992,0.987962243963411,knots_p33_p66,Exposure knots = P33/P66,3,knots_p33_p66__ssr__lag,39
ssr,lag,3,19.330412,0.77,12.951992,0.987888137215188,knots_p33_p66,Exposure knots = P33/P66,3,knots_p33_p66__ssr__lag,39
ssr,lag,3,19.640488,0.78,12.951992,0.987859787664065,knots_p33_p66,Exposure knots = P33/P66,3,knots_p33_p66__ssr__lag,39
ssr,lag,3,19.93006138,0.79,12.951992,0.987877495188294,knots_p33_p66,Exposure knots = P33/P66,3,knots_p33_p66__ssr__lag,39
ssr,lag,3,20.242004,0.8,12.951992,0.987942957783834,knots_p33_p66,Exposure knots = P33/P66,3,knots_p33_p66__ssr__lag,39
ssr,lag,3,20.557156,0.81,12.951992,0.988056520992889,knots_p33_p66,Exposure knots = P33/P66,3,knots_p33_p66__ssr__lag,39
ssr,lag,3,20.86391825,0.82,12.951992,0.988211443549102,knots_p33_p66,Exposure knots = P33/P66,3,knots_p33_p66__ssr__lag,39
ssr,lag,3,21.146182,0.83,12.951992,0.98839149478322,knots_p33_p66,Exposure knots = P33/P66,3,knots_p33_p66__ssr__lag,39
ssr,lag,3,21.44854315,0.84,12.951992,0.988623006667229,knots_p33_p66,Exposure knots = P33/P66,3,knots_p33_p66__ssr__lag,39
ssr,lag,3,21.7668114,0.85,12.951992,0.988908488629205,knots_p33_p66,Exposure knots = P33/P66,3,knots_p33_p66__ssr__lag,39
ssr,lag,3,22.0917784,0.86,12.951992,0.989242668577455,knots_p33_p66,Exposure knots = P33/P66,3,knots_p33_p66__ssr__lag,39
ssr,lag,3,22.409172,0.87,12.951992,0.989609180634422,knots_p33_p66,Exposure knots = P33/P66,3,knots_p33_p66__ssr__lag,39
ssr,lag,3,22.73361,0.88,12.951992,0.990023247068621,knots_p33_p66,Exposure knots = P33/P66,3,knots_p33_p66__ssr__lag,39
ssr,lag,3,23.06091188,0.89,12.951992,0.990479753554699,knots_p33_p66,Exposure knots = P33/P66,3,knots_p33_p66__ssr__lag,39
ssr,lag,3,23.396028,0.9,12.951992,0.990985830323994,knots_p33_p66,Exposure knots = P33/P66,3,knots_p33_p66__ssr__lag,39
ssr,lag,3,23.76181932,0.91,12.951992,0.991580862402889,knots_p33_p66,Exposure knots = P33/P66,3,knots_p33_p66__ssr__lag,39
ssr,lag,3,24.15172,0.92,12.951992,0.992261628030833,knots_p33_p66,Exposure knots = P33/P66,3,knots_p33_p66__ssr__lag,39
ssr,lag,3,24.53726724,0.93,12.951992,0.992979359656218,knots_p33_p66,Exposure knots = P33/P66,3,knots_p33_p66__ssr__lag,39
ssr,lag,3,24.93179,0.94,12.951992,0.993756898267153,knots_p33_p66,Exposure knots = P33/P66,3,knots_p33_p66__ssr__lag,39
ssr,lag,3,25.34258,0.95,12.951992,0.994609781179579,knots_p33_p66,Exposure knots = P33/P66,3,knots_p33_p66__ssr__lag,39
ssr,lag,3,25.7937344000001,0.96,12.951992,0.995593568619257,knots_p33_p66,Exposure knots = P33/P66,3,knots_p33_p66__ssr__lag,39
ssr,lag,3,26.314284,0.97,12.951992,0.996784521205621,knots_p33_p66,Exposure knots = P33/P66,3,knots_p33_p66__ssr__lag,39
ssr,lag,3,26.920192,0.98,12.951992,0.998237737705387,knots_p33_p66,Exposure knots = P33/P66,3,knots_p33_p66__ssr__lag,39
ssr,lag,3,27.695812,0.99,12.951992,1.00018721754371,knots_p33_p66,Exposure knots = P33/P66,3,knots_p33_p66__ssr__lag,39
uv,lag,3,0.1518779888,0.01,1.602408672,0.988082875348805,knots_p33_p66,Exposure knots = P33/P66,3,knots_p33_p66__uv__lag,40
uv,lag,3,0.213804738,0.02,1.602408672,0.989299121275348,knots_p33_p66,Exposure knots = P33/P66,3,knots_p33_p66__uv__lag,40
uv,lag,3,0.262914309,0.03,1.602408672,0.990249409791039,knots_p33_p66,Exposure knots = P33/P66,3,knots_p33_p66__uv__lag,40
uv,lag,3,0.30814718764,0.04,1.602408672,0.991110532248769,knots_p33_p66,Exposure knots = P33/P66,3,knots_p33_p66__uv__lag,40
uv,lag,3,0.347773233,0.05,1.602408672,0.991851718897915,knots_p33_p66,Exposure knots = P33/P66,3,knots_p33_p66__uv__lag,40
uv,lag,3,0.382616959,0.06,1.602408672,0.992491857894757,knots_p33_p66,Exposure knots = P33/P66,3,knots_p33_p66__uv__lag,40
uv,lag,3,0.417750824,0.07,1.602408672,0.993125109503319,knots_p33_p66,Exposure knots = P33/P66,3,knots_p33_p66__uv__lag,40
uv,lag,3,0.450670075,0.08,1.602408672,0.993706257773073,knots_p33_p66,Exposure knots = P33/P66,3,knots_p33_p66__uv__lag,40
uv,lag,3,0.482908917,0.09,1.602408672,0.994263001155716,knots_p33_p66,Exposure knots = P33/P66,3,knots_p33_p66__uv__lag,40
uv,lag,3,0.513952899,0.1,1.602408672,0.994786652071343,knots_p33_p66,Exposure knots = P33/P66,3,knots_p33_p66__uv__lag,40
uv,lag,3,0.54419106,0.11,1.602408672,0.995284162470664,knots_p33_p66,Exposure knots = P33/P66,3,knots_p33_p66__uv__lag,40
uv,lag,3,0.5740503698,0.12,1.602408672,0.995762535339352,knots_p33_p66,Exposure knots = P33/P66,3,knots_p33_p66__uv__lag,40
uv,lag,3,0.603616304,0.13,1.602408672,0.996222847203955,knots_p33_p66,Exposure knots = P33/P66,3,knots_p33_p66__uv__lag,40
uv,lag,3,0.63170350208,0.14,1.602408672,0.996647168463432,knots_p33_p66,Exposure knots = P33/P66,3,knots_p33_p66__uv__lag,40
uv,lag,3,0.657707503,0.15,1.602408672,0.997028210116354,knots_p33_p66,Exposure knots = P33/P66,3,knots_p33_p66__uv__lag,40
uv,lag,3,0.685873397,0.16,1.602408672,0.997427541721378,knots_p33_p66,Exposure knots = P33/P66,3,knots_p33_p66__uv__lag,40
uv,lag,3,0.71194736766,0.17,1.602408672,0.997784279082564,knots_p33_p66,Exposure knots = P33/P66,3,knots_p33_p66__uv__lag,40
uv,lag,3,0.73830296868,0.18,1.602408672,0.998131715581062,knots_p33_p66,Exposure knots = P33/P66,3,knots_p33_p66__uv__lag,40
uv,lag,3,0.764170156,0.19,1.602408672,0.998459364428814,knots_p33_p66,Exposure knots = P33/P66,3,knots_p33_p66__uv__lag,40
uv,lag,3,0.7905876288,0.2,1.602408672,0.99877983130396,knots_p33_p66,Exposure knots = P33/P66,3,knots_p33_p66__uv__lag,40
uv,lag,3,0.817221379,0.21,1.602408672,0.999087928130668,knots_p33_p66,Exposure knots = P33/P66,3,knots_p33_p66__uv__lag,40
uv,lag,3,0.841981484,0.22,1.602408672,0.999360388825856,knots_p33_p66,Exposure knots = P33/P66,3,knots_p33_p66__uv__lag,40
uv,lag,3,0.8693569,0.23,1.602408672,0.999645448459848,knots_p33_p66,Exposure knots = P33/P66,3,knots_p33_p66__uv__lag,40
uv,lag,3,0.89504576,0.24,1.602408672,0.999897001371418,knots_p33_p66,Exposure knots = P33/P66,3,knots_p33_p66__uv__lag,40
uv,lag,3,0.920997436,0.25,1.602408672,1.00013496240378,knots_p33_p66,Exposure knots = P33/P66,3,knots_p33_p66__uv__lag,40
uv,lag,3,0.948425089,0.26,1.602408672,1.00036826200255,knots_p33_p66,Exposure knots = P33/P66,3,knots_p33_p66__uv__lag,40
uv,lag,3,0.97531769462,0.27,1.602408672,1.00057831411348,knots_p33_p66,Exposure knots = P33/P66,3,knots_p33_p66__uv__lag,40
uv,lag,3,1.00075964028,0.28,1.602408672,1.00075950417491,knots_p33_p66,Exposure knots = P33/P66,3,knots_p33_p66__uv__lag,40
uv,lag,3,1.027963029,0.29,1.602408672,1.00093385744706,knots_p33_p66,Exposure knots = P33/P66,3,knots_p33_p66__uv__lag,40
uv,lag,3,1.054094025,0.3,1.602408672,1.00108197134695,knots_p33_p66,Exposure knots = P33/P66,3,knots_p33_p66__uv__lag,40
uv,lag,3,1.080290471,0.31,1.602408672,1.00121090721943,knots_p33_p66,Exposure knots = P33/P66,3,knots_p33_p66__uv__lag,40
uv,lag,3,1.1057988152,0.32,1.602408672,1.00131717649343,knots_p33_p66,Exposure knots = P33/P66,3,knots_p33_p66__uv__lag,40
uv,lag,3,1.13224090036,0.33,1.602408672,1.00140676387147,knots_p33_p66,Exposure knots = P33/P66,3,knots_p33_p66__uv__lag,40
uv,lag,3,1.159713484,0.34,1.602408672,1.0014773327494,knots_p33_p66,Exposure knots = P33/P66,3,knots_p33_p66__uv__lag,40
uv,lag,3,1.186434233,0.35,1.602408672,1.00152442000409,knots_p33_p66,Exposure knots = P33/P66,3,knots_p33_p66__uv__lag,40
uv,lag,3,1.21446051816,0.36,1.602408672,1.0015516733267,knots_p33_p66,Exposure knots = P33/P66,3,knots_p33_p66__uv__lag,40
uv,lag,3,1.2417229905,0.37,1.602408672,1.00155712666463,knots_p33_p66,Exposure knots = P33/P66,3,knots_p33_p66__uv__lag,40
uv,lag,3,1.269612176,0.38,1.602408672,1.00154193005226,knots_p33_p66,Exposure knots = P33/P66,3,knots_p33_p66__uv__lag,40
uv,lag,3,1.296485212,0.39,1.602408672,1.00150808363764,knots_p33_p66,Exposure knots = P33/P66,3,knots_p33_p66__uv__lag,40
uv,lag,3,1.323729708,0.4,1.602408672,1.0014552053215,knots_p33_p66,Exposure knots = P33/P66,3,knots_p33_p66__uv__lag,40
uv,lag,3,1.35032709,0.41,1.602408672,1.00138619900151,knots_p33_p66,Exposure knots = P33/P66,3,knots_p33_p66__uv__lag,40
uv,lag,3,1.378114201,0.42,1.602408672,1.00129645246324,knots_p33_p66,Exposure knots = P33/P66,3,knots_p33_p66__uv__lag,40
uv,lag,3,1.404594531,0.43,1.602408672,1.0011947911817,knots_p33_p66,Exposure knots = P33/P66,3,knots_p33_p66__uv__lag,40
uv,lag,3,1.432058604,0.44,1.602408672,1.00107339766013,knots_p33_p66,Exposure knots = P33/P66,3,knots_p33_p66__uv__lag,40
uv,lag,3,1.459899783,0.45,1.602408672,1.00093446196868,knots_p33_p66,Exposure knots = P33/P66,3,knots_p33_p66__uv__lag,40
uv,lag,3,1.48896145052,0.46,1.602408672,1.00077316976607,knots_p33_p66,Exposure knots = P33/P66,3,knots_p33_p66__uv__lag,40
uv,lag,3,1.51623422688,0.47,1.602408672,1.00060742077401,knots_p33_p66,Exposure knots = P33/P66,3,knots_p33_p66__uv__lag,40
uv,lag,3,1.544309304,0.48,1.602408672,1.00042298441584,knots_p33_p66,Exposure knots = P33/P66,3,knots_p33_p66__uv__lag,40
uv,lag,3,1.573581019,0.49,1.602408672,1.0002165655001,knots_p33_p66,Exposure knots = P33/P66,3,knots_p33_p66__uv__lag,40
uv,lag,3,1.602408672,0.5,1.602408672,1,knots_p33_p66,Exposure knots = P33/P66,3,knots_p33_p66__uv__lag,40
uv,lag,3,1.63209122322,0.51,1.602408672,0.999764100803057,knots_p33_p66,Exposure knots = P33/P66,3,knots_p33_p66__uv__lag,40
uv,lag,3,1.661968693,0.52,1.602408672,0.99951430721898,knots_p33_p66,Exposure knots = P33/P66,3,knots_p33_p66__uv__lag,40
uv,lag,3,1.690811357,0.53,1.602408672,0.999262256714062,knots_p33_p66,Exposure knots = P33/P66,3,knots_p33_p66__uv__lag,40
uv,lag,3,1.72027896676,0.54,1.602408672,0.998994528650196,knots_p33_p66,Exposure knots = P33/P66,3,knots_p33_p66__uv__lag,40
uv,lag,3,1.7503909666,0.55,1.602408672,0.998711169140932,knots_p33_p66,Exposure knots = P33/P66,3,knots_p33_p66__uv__lag,40
uv,lag,3,1.782223756,0.56,1.602408672,0.998401881451748,knots_p33_p66,Exposure knots = P33/P66,3,knots_p33_p66__uv__lag,40
uv,lag,3,1.813248393,0.57,1.602408672,0.99809183349525,knots_p33_p66,Exposure knots = P33/P66,3,knots_p33_p66__uv__lag,40
uv,lag,3,1.845118643,0.58,1.602408672,0.997765545082308,knots_p33_p66,Exposure knots = P33/P66,3,knots_p33_p66__uv__lag,40
uv,lag,3,1.877945658,0.59,1.602408672,0.997422344142202,knots_p33_p66,Exposure knots = P33/P66,3,knots_p33_p66__uv__lag,40
uv,lag,3,1.910097827,0.6,1.602408672,0.997080327085528,knots_p33_p66,Exposure knots = P33/P66,3,knots_p33_p66__uv__lag,40
uv,lag,3,1.941854488,0.61,1.602408672,0.996737908205678,knots_p33_p66,Exposure knots = P33/P66,3,knots_p33_p66__uv__lag,40
uv,lag,3,1.977327533,0.62,1.602408672,0.996351320982722,knots_p33_p66,Exposure knots = P33/P66,3,knots_p33_p66__uv__lag,40
uv,lag,3,2.010165944,0.63,1.602408672,0.995990841507631,knots_p33_p66,Exposure knots = P33/P66,3,knots_p33_p66__uv__lag,40
uv,lag,3,2.043144463,0.64,1.602408672,0.995627524584739,knots_p33_p66,Exposure knots = P33/P66,3,knots_p33_p66__uv__lag,40
uv,lag,3,2.079535988,0.65,1.602408672,0.995226526605309,knots_p33_p66,Exposure knots = P33/P66,3,knots_p33_p66__uv__lag,40
uv,lag,3,2.114840752,0.66,1.602408672,0.994838889467905,knots_p33_p66,Exposure knots = P33/P66,3,knots_p33_p66__uv__lag,40
uv,lag,3,2.149753728,0.67,1.602408672,0.994458103150419,knots_p33_p66,Exposure knots = P33/P66,3,knots_p33_p66__uv__lag,40
uv,lag,3,2.187356823,0.68,1.602408672,0.994051063280986,knots_p33_p66,Exposure knots = P33/P66,3,knots_p33_p66__uv__lag,40
uv,lag,3,2.2258354235,0.69,1.602408672,0.993637839339298,knots_p33_p66,Exposure knots = P33/P66,3,knots_p33_p66__uv__lag,40
uv,lag,3,2.265475525,0.7,1.602408672,0.99321560198299,knots_p33_p66,Exposure knots = P33/P66,3,knots_p33_p66__uv__lag,40
uv,lag,3,2.305442102,0.71,1.602408672,0.992793417817251,knots_p33_p66,Exposure knots = P33/P66,3,knots_p33_p66__uv__lag,40
uv,lag,3,2.346769631,0.72,1.602408672,0.992360559562055,knots_p33_p66,Exposure knots = P33/P66,3,knots_p33_p66__uv__lag,40
uv,lag,3,2.38905849504,0.73,1.602408672,0.991921500991807,knots_p33_p66,Exposure knots = P33/P66,3,knots_p33_p66__uv__lag,40
uv,lag,3,2.431274461,0.74,1.602408672,0.991487073516248,knots_p33_p66,Exposure knots = P33/P66,3,knots_p33_p66__uv__lag,40
uv,lag,3,2.475798824,0.75,1.602408672,0.991033053690268,knots_p33_p66,Exposure knots = P33/P66,3,knots_p33_p66__uv__lag,40
uv,lag,3,2.52086474804,0.76,1.602408672,0.990577829194113,knots_p33_p66,Exposure knots = P33/P66,3,knots_p33_p66__uv__lag,40
uv,lag,3,2.570087707,0.77,1.602408672,0.990085535742096,knots_p33_p66,Exposure knots = P33/P66,3,knots_p33_p66__uv__lag,40
uv,lag,3,2.61903858,0.78,1.602408672,0.989601017062076,knots_p33_p66,Exposure knots = P33/P66,3,knots_p33_p66__uv__lag,40
uv,lag,3,2.67040879194,0.79,1.602408672,0.98909792247054,knots_p33_p66,Exposure knots = P33/P66,3,knots_p33_p66__uv__lag,40
uv,lag,3,2.722770963,0.8,1.602408672,0.988590721859109,knots_p33_p66,Exposure knots = P33/P66,3,knots_p33_p66__uv__lag,40
uv,lag,3,2.778576541,0.81,1.602408672,0.988056340072393,knots_p33_p66,Exposure knots = P33/P66,3,knots_p33_p66__uv__lag,40
uv,lag,3,2.837944678,0.82,1.602408672,0.987494765176015,knots_p33_p66,Exposure knots = P33/P66,3,knots_p33_p66__uv__lag,40
uv,lag,3,2.89833537,0.83,1.602408672,0.98693075966737,knots_p33_p66,Exposure knots = P33/P66,3,knots_p33_p66__uv__lag,40
uv,lag,3,2.956498114,0.84,1.602408672,0.986394390382776,knots_p33_p66,Exposure knots = P33/P66,3,knots_p33_p66__uv__lag,40
uv,lag,3,3.018801719,0.85,1.602408672,0.985827184105676,knots_p33_p66,Exposure knots = P33/P66,3,knots_p33_p66__uv__lag,40
uv,lag,3,3.0860664292,0.86,1.602408672,0.985223246355381,knots_p33_p66,Exposure knots = P33/P66,3,knots_p33_p66__uv__lag,40
uv,lag,3,3.155424306,0.87,1.602408672,0.984609569908684,knots_p33_p66,Exposure knots = P33/P66,3,knots_p33_p66__uv__lag,40
uv,lag,3,3.227892421,0.88,1.602408672,0.983978064778841,knots_p33_p66,Exposure knots = P33/P66,3,knots_p33_p66__uv__lag,40
uv,lag,3,3.31019733728,0.89,1.602408672,0.983272677290923,knots_p33_p66,Exposure knots = P33/P66,3,knots_p33_p66__uv__lag,40
uv,lag,3,3.3960837768,0.9,1.602408672,0.982549809336845,knots_p33_p66,Exposure knots = P33/P66,3,knots_p33_p66__uv__lag,40
uv,lag,3,3.49056723602,0.91,1.602408672,0.981769905857201,knots_p33_p66,Exposure knots = P33/P66,3,knots_p33_p66__uv__lag,40
uv,lag,3,3.59490678488001,0.92,1.602408672,0.980926945291538,knots_p33_p66,Exposure knots = P33/P66,3,knots_p33_p66__uv__lag,40
uv,lag,3,3.709798306,0.93,1.602408672,0.980020484445783,knots_p33_p66,Exposure knots = P33/P66,3,knots_p33_p66__uv__lag,40
uv,lag,3,3.84644909908002,0.94,1.602408672,0.978971309244097,knots_p33_p66,Exposure knots = P33/P66,3,knots_p33_p66__uv__lag,40
uv,lag,3,3.987738325,0.95,1.602408672,0.977918703318806,knots_p33_p66,Exposure knots = P33/P66,3,knots_p33_p66__uv__lag,40
uv,lag,3,4.15814505468002,0.96,1.602408672,0.976691315904379,knots_p33_p66,Exposure knots = P33/P66,3,knots_p33_p66__uv__lag,40
uv,lag,3,4.370001285,0.97,1.602408672,0.975227193018432,knots_p33_p66,Exposure knots = P33/P66,3,knots_p33_p66__uv__lag,40
uv,lag,3,4.679744518,0.98,1.602408672,0.973203509713515,knots_p33_p66,Exposure knots = P33/P66,3,knots_p33_p66__uv__lag,40
uv,lag,3,5.15570762076,0.99,1.602408672,0.970343462021495,knots_p33_p66,Exposure knots = P33/P66,3,knots_p33_p66__uv__lag,40
sp,lag,3,88.1985280156,0.01,100.3137165,0.96297365987749,knots_p33_p66,Exposure knots = P33/P66,3,knots_p33_p66__sp__lag,41
sp,lag,3,90.57672201,0.02,100.3137165,0.967816523113035,knots_p33_p66,Exposure knots = P33/P66,3,knots_p33_p66__sp__lag,41
sp,lag,3,91.89576937,0.03,100.3137165,0.970857306075027,knots_p33_p66,Exposure knots = P33/P66,3,knots_p33_p66__sp__lag,41
sp,lag,3,92.32905404,0.04,100.3137165,0.971922990485111,knots_p33_p66,Exposure knots = P33/P66,3,knots_p33_p66__sp__lag,41
sp,lag,3,92.86901139,0.05,100.3137165,0.973301830857176,knots_p33_p66,Exposure knots = P33/P66,3,knots_p33_p66__sp__lag,41
sp,lag,3,93.3860835,0.06,100.3137165,0.974678148220959,knots_p33_p66,Exposure knots = P33/P66,3,knots_p33_p66__sp__lag,41
sp,lag,3,94.10395768,0.07,100.3137165,0.976685676633762,knots_p33_p66,Exposure knots = P33/P66,3,knots_p33_p66__sp__lag,41
sp,lag,3,95.2656756448,0.08,100.3137165,0.98019294395063,knots_p33_p66,Exposure knots = P33/P66,3,knots_p33_p66__sp__lag,41
sp,lag,3,96.07557926,0.09,100.3137165,0.982844039783019,knots_p33_p66,Exposure knots = P33/P66,3,knots_p33_p66__sp__lag,41
sp,lag,3,96.705284734,0.1,100.3137165,0.98503165144253,knots_p33_p66,Exposure knots = P33/P66,3,knots_p33_p66__sp__lag,41
sp,lag,3,97.143047316,0.11,100.3137165,0.986621157259489,knots_p33_p66,Exposure knots = P33/P66,3,knots_p33_p66__sp__lag,41
sp,lag,3,97.4507535684,0.12,100.3137165,0.98777345827181,knots_p33_p66,Exposure knots = P33/P66,3,knots_p33_p66__sp__lag,41
sp,lag,3,97.70139893,0.13,100.3137165,0.988734026921936,knots_p33_p66,Exposure knots = P33/P66,3,knots_p33_p66__sp__lag,41
sp,lag,3,97.9139523764,0.14,100.3137165,0.989564372743347,knots_p33_p66,Exposure knots = P33/P66,3,knots_p33_p66__sp__lag,41
sp,lag,3,98.09685075,0.15,100.3137165,0.990290644977408,knots_p33_p66,Exposure knots = P33/P66,3,knots_p33_p66__sp__lag,41
sp,lag,3,98.2660660552,0.16,100.3137165,0.990972425666516,knots_p33_p66,Exposure knots = P33/P66,3,knots_p33_p66__sp__lag,41
sp,lag,3,98.4178326698,0.17,100.3137165,0.991592056100726,knots_p33_p66,Exposure knots = P33/P66,3,knots_p33_p66__sp__lag,41
sp,lag,3,98.56568229,0.18,100.3137165,0.992203195934133,knots_p33_p66,Exposure knots = P33/P66,3,knots_p33_p66__sp__lag,41
sp,lag,3,98.70787207,0.19,100.3137165,0.992798002847309,knots_p33_p66,Exposure knots = P33/P66,3,knots_p33_p66__sp__lag,41
sp,lag,3,98.83829014,0.2,100.3137165,0.99334971913405,knots_p33_p66,Exposure knots = P33/P66,3,knots_p33_p66__sp__lag,41
sp,lag,3,98.9557528588,0.21,100.3137165,0.993851717555838,knots_p33_p66,Exposure knots = P33/P66,3,knots_p33_p66__sp__lag,41
sp,lag,3,99.06310449,0.22,100.3137165,0.994314758992215,knots_p33_p66,Exposure knots = P33/P66,3,knots_p33_p66__sp__lag,41
sp,lag,3,99.1576556,0.23,100.3137165,0.994725979707199,knots_p33_p66,Exposure knots = P33/P66,3,knots_p33_p66__sp__lag,41
sp,lag,3,99.23788216,0.24,100.3137165,0.995077408949281,knots_p33_p66,Exposure knots = P33/P66,3,knots_p33_p66__sp__lag,41
sp,lag,3,99.30591748,0.25,100.3137165,0.995377250411017,knots_p33_p66,Exposure knots = P33/P66,3,knots_p33_p66__sp__lag,41
sp,lag,3,99.3670635336,0.26,100.3137165,0.995648158793738,knots_p33_p66,Exposure knots = P33/P66,3,knots_p33_p66__sp__lag,41
sp,lag,3,99.42058447,0.27,100.3137165,0.995886399125514,knots_p33_p66,Exposure knots = P33/P66,3,knots_p33_p66__sp__lag,41
sp,lag,3,99.47264437,0.28,100.3137165,0.996119138654287,knots_p33_p66,Exposure knots = P33/P66,3,knots_p33_p66__sp__lag,41
sp,lag,3,99.5197988916,0.29,100.3137165,0.996330804825673,knots_p33_p66,Exposure knots = P33/P66,3,knots_p33_p66__sp__lag,41
sp,lag,3,99.56238086,0.3,100.3137165,0.996522647921996,knots_p33_p66,Exposure knots = P33/P66,3,knots_p33_p66__sp__lag,41
sp,lag,3,99.6039056,0.31,100.3137165,0.996710371668116,knots_p33_p66,Exposure knots = P33/P66,3,knots_p33_p66__sp__lag,41
sp,lag,3,99.6454498244,0.32,100.3137165,0.99689882152224,knots_p33_p66,Exposure knots = P33/P66,3,knots_p33_p66__sp__lag,41
sp,lag,3,99.6836274892,0.33,100.3137165,0.997072564571415,knots_p33_p66,Exposure knots = P33/P66,3,knots_p33_p66__sp__lag,41
sp,lag,3,99.72238688,0.34,100.3137165,0.997249504978454,knots_p33_p66,Exposure knots = P33/P66,3,knots_p33_p66__sp__lag,41
sp,lag,3,99.75967822,0.35,100.3137165,0.997420247123007,knots_p33_p66,Exposure knots = P33/P66,3,knots_p33_p66__sp__lag,41
sp,lag,3,99.7963050796,0.36,100.3137165,0.997588405255272,knots_p33_p66,Exposure knots = P33/P66,3,knots_p33_p66__sp__lag,41
sp,lag,3,99.83223063,0.37,100.3137165,0.997753763933475,knots_p33_p66,Exposure knots = P33/P66,3,knots_p33_p66__sp__lag,41
sp,lag,3,99.86879069,0.38,100.3137165,0.997922449330472,knots_p33_p66,Exposure knots = P33/P66,3,knots_p33_p66__sp__lag,41
sp,lag,3,99.9063923156,0.39,100.3137165,0.998096345353509,knots_p33_p66,Exposure knots = P33/P66,3,knots_p33_p66__sp__lag,41
sp,lag,3,99.94274382,0.4,100.3137165,0.998264828515747,knots_p33_p66,Exposure knots = P33/P66,3,knots_p33_p66__sp__lag,41
sp,lag,3,99.97879248,0.41,100.3137165,0.99843224479637,knots_p33_p66,Exposure knots = P33/P66,3,knots_p33_p66__sp__lag,41
sp,lag,3,100.0134603,0.42,100.3137165,0.998593545259033,knots_p33_p66,Exposure knots = P33/P66,3,knots_p33_p66__sp__lag,41
sp,lag,3,100.049791862,0.43,100.3137165,0.998762878938964,knots_p33_p66,Exposure knots = P33/P66,3,knots_p33_p66__sp__lag,41
sp,lag,3,100.0863729,0.44,100.3137165,0.99893365646226,knots_p33_p66,Exposure knots = P33/P66,3,knots_p33_p66__sp__lag,41
sp,lag,3,100.1234995,0.45,100.3137165,0.999107247159422,knots_p33_p66,Exposure knots = P33/P66,3,knots_p33_p66__sp__lag,41
sp,lag,3,100.15994948,0.46,100.3137165,0.999277913386273,knots_p33_p66,Exposure knots = P33/P66,3,knots_p33_p66__sp__lag,41
sp,lag,3,100.196200662,0.47,100.3137165,0.99944786250034,knots_p33_p66,Exposure knots = P33/P66,3,knots_p33_p66__sp__lag,41
sp,lag,3,100.2354977,0.48,100.3137165,0.999632307096939,knots_p33_p66,Exposure knots = P33/P66,3,knots_p33_p66__sp__lag,41
sp,lag,3,100.274933852,0.49,100.3137165,0.999817604417085,knots_p33_p66,Exposure knots = P33/P66,3,knots_p33_p66__sp__lag,41
sp,lag,3,100.3137165,0.5,100.3137165,1,knots_p33_p66,Exposure knots = P33/P66,3,knots_p33_p66__sp__lag,41
sp,lag,3,100.3550671,0.51,100.3137165,1.00019462788285,knots_p33_p66,Exposure knots = P33/P66,3,knots_p33_p66__sp__lag,41
sp,lag,3,100.3948901,0.52,100.3137165,1.00038218840014,knots_p33_p66,Exposure knots = P33/P66,3,knots_p33_p66__sp__lag,41
sp,lag,3,100.4353122,0.53,100.3137165,1.00057266452278,knots_p33_p66,Exposure knots = P33/P66,3,knots_p33_p66__sp__lag,41
sp,lag,3,100.4779826,0.54,100.3137165,1.00077380543109,knots_p33_p66,Exposure knots = P33/P66,3,knots_p33_p66__sp__lag,41
sp,lag,3,100.5171043,0.55,100.3137165,1.00095825292439,knots_p33_p66,Exposure knots = P33/P66,3,knots_p33_p66__sp__lag,41
sp,lag,3,100.5617174,0.56,100.3137165,1.00116859608028,knots_p33_p66,Exposure knots = P33/P66,3,knots_p33_p66__sp__lag,41
sp,lag,3,100.604385722,0.57,100.3137165,1.00136974027626,knots_p33_p66,Exposure knots = P33/P66,3,knots_p33_p66__sp__lag,41
sp,lag,3,100.6465239,0.58,100.3137165,1.00156832247553,knots_p33_p66,Exposure knots = P33/P66,3,knots_p33_p66__sp__lag,41
sp,lag,3,100.687938366,0.59,100.3137165,1.00176340076679,knots_p33_p66,Exposure knots = P33/P66,3,knots_p33_p66__sp__lag,41
sp,lag,3,100.732583,0.6,100.3137165,1.00197355414838,knots_p33_p66,Exposure knots = P33/P66,3,knots_p33_p66__sp__lag,41
sp,lag,3,100.7748003,0.61,100.3137165,1.00217211255945,knots_p33_p66,Exposure knots = P33/P66,3,knots_p33_p66__sp__lag,41
sp,lag,3,100.8173413,0.62,100.3137165,1.00237199255425,knots_p33_p66,Exposure knots = P33/P66,3,knots_p33_p66__sp__lag,41
sp,lag,3,100.8628771,0.63,100.3137165,1.00258568129775,knots_p33_p66,Exposure knots = P33/P66,3,knots_p33_p66__sp__lag,41
sp,lag,3,100.907009,0.64,100.3137165,1.00279248391076,knots_p33_p66,Exposure knots = P33/P66,3,knots_p33_p66__sp__lag,41
sp,lag,3,100.9518643,0.65,100.3137165,1.00300233571883,knots_p33_p66,Exposure knots = P33/P66,3,knots_p33_p66__sp__lag,41
sp,lag,3,100.9973643,0.66,100.3137165,1.00321481148132,knots_p33_p66,Exposure knots = P33/P66,3,knots_p33_p66__sp__lag,41
sp,lag,3,101.0413011,0.67,100.3137165,1.00341958036009,knots_p33_p66,Exposure knots = P33/P66,3,knots_p33_p66__sp__lag,41
sp,lag,3,101.08582,0.68,100.3137165,1.00362665243745,knots_p33_p66,Exposure knots = P33/P66,3,knots_p33_p66__sp__lag,41
sp,lag,3,101.1307088,0.69,100.3137165,1.00383503369493,knots_p33_p66,Exposure knots = P33/P66,3,knots_p33_p66__sp__lag,41
sp,lag,3,101.16965186,0.7,100.3137165,1.00401548409381,knots_p33_p66,Exposure knots = P33/P66,3,knots_p33_p66__sp__lag,41
sp,lag,3,101.2110648,0.71,100.3137165,1.00420704788845,knots_p33_p66,Exposure knots = P33/P66,3,knots_p33_p66__sp__lag,41
sp,lag,3,101.2503485,0.72,100.3137165,1.00438845128307,knots_p33_p66,Exposure knots = P33/P66,3,knots_p33_p66__sp__lag,41
sp,lag,3,101.290154422,0.73,100.3137165,1.00457196155965,knots_p33_p66,Exposure knots = P33/P66,3,knots_p33_p66__sp__lag,41
sp,lag,3,101.3313296,0.74,100.3137165,1.00476146630651,knots_p33_p66,Exposure knots = P33/P66,3,knots_p33_p66__sp__lag,41
sp,lag,3,101.3740666,0.75,100.3137165,1.00495782237683,knots_p33_p66,Exposure knots = P33/P66,3,knots_p33_p66__sp__lag,41
sp,lag,3,101.414522188,0.76,100.3137165,1.0051433852332,knots_p33_p66,Exposure knots = P33/P66,3,knots_p33_p66__sp__lag,41
sp,lag,3,101.4542759,0.77,100.3137165,1.00532543842679,knots_p33_p66,Exposure knots = P33/P66,3,knots_p33_p66__sp__lag,41
sp,lag,3,101.4951455,0.78,100.3137165,1.0055123065515,knots_p33_p66,Exposure knots = P33/P66,3,knots_p33_p66__sp__lag,41
sp,lag,3,101.5362269,0.79,100.3137165,1.00569984615096,knots_p33_p66,Exposure knots = P33/P66,3,knots_p33_p66__sp__lag,41
sp,lag,3,101.5753158,0.8,100.3137165,1.00587801788045,knots_p33_p66,Exposure knots = P33/P66,3,knots_p33_p66__sp__lag,41
sp,lag,3,101.6150739,0.81,100.3137165,1.00605897224961,knots_p33_p66,Exposure knots = P33/P66,3,knots_p33_p66__sp__lag,41
sp,lag,3,101.6566151,0.82,100.3137165,1.0062477586007,knots_p33_p66,Exposure knots = P33/P66,3,knots_p33_p66__sp__lag,41
sp,lag,3,101.701399862,0.83,100.3137165,1.00645096658227,knots_p33_p66,Exposure knots = P33/P66,3,knots_p33_p66__sp__lag,41
sp,lag,3,101.7477464,0.84,100.3137165,1.00666091918156,knots_p33_p66,Exposure knots = P33/P66,3,knots_p33_p66__sp__lag,41
sp,lag,3,101.7943804,0.85,100.3137165,1.00687183007574,knots_p33_p66,Exposure knots = P33/P66,3,knots_p33_p66__sp__lag,41
sp,lag,3,101.839439416,0.86,100.3137165,1.00707529680896,knots_p33_p66,Exposure knots = P33/P66,3,knots_p33_p66__sp__lag,41
sp,lag,3,101.8879637,0.87,100.3137165,1.00729406584451,knots_p33_p66,Exposure knots = P33/P66,3,knots_p33_p66__sp__lag,41
sp,lag,3,101.9370671,0.88,100.3137165,1.00751508929734,knots_p33_p66,Exposure knots = P33/P66,3,knots_p33_p66__sp__lag,41
sp,lag,3,101.989778192,0.89,100.3137165,1.00775196204804,knots_p33_p66,Exposure knots = P33/P66,3,knots_p33_p66__sp__lag,41
sp,lag,3,102.0468776,0.9,100.3137165,1.00800811157372,knots_p33_p66,Exposure knots = P33/P66,3,knots_p33_p66__sp__lag,41
sp,lag,3,102.1058784,0.91,100.3137165,1.00827232003587,knots_p33_p66,Exposure knots = P33/P66,3,knots_p33_p66__sp__lag,41
sp,lag,3,102.1718674,0.92,100.3137165,1.00856727292393,knots_p33_p66,Exposure knots = P33/P66,3,knots_p33_p66__sp__lag,41
sp,lag,3,102.237494262,0.93,100.3137165,1.00886005163506,knots_p33_p66,Exposure knots = P33/P66,3,knots_p33_p66__sp__lag,41
sp,lag,3,102.3117498,0.94,100.3137165,1.00919068245123,knots_p33_p66,Exposure knots = P33/P66,3,knots_p33_p66__sp__lag,41
sp,lag,3,102.39812249,0.95,100.3137165,1.00957444501906,knots_p33_p66,Exposure knots = P33/P66,3,knots_p33_p66__sp__lag,41
sp,lag,3,102.4840923,0.96,100.3137165,1.00995558402441,knots_p33_p66,Exposure knots = P33/P66,3,knots_p33_p66__sp__lag,41
sp,lag,3,102.5897521,0.97,100.3137165,1.01042294467422,knots_p33_p66,Exposure knots = P33/P66,3,knots_p33_p66__sp__lag,41
sp,lag,3,102.7222959,0.98,100.3137165,1.01100767061763,knots_p33_p66,Exposure knots = P33/P66,3,knots_p33_p66__sp__lag,41
sp,lag,3,102.929151,0.99,100.3137165,1.01191715372291,knots_p33_p66,Exposure knots = P33/P66,3,knots_p33_p66__sp__lag,41
tp,lag,3,0,0.01,0.36459968,1.00401934864094,knots_p33_p66,Exposure knots = P33/P66,3,knots_p33_p66__tp__lag,42
tp,lag,3,0.000423193,0.07,0.36459968,1.00401377489947,knots_p33_p66,Exposure knots = P33/P66,3,knots_p33_p66__tp__lag,42
tp,lag,3,0.000435114,0.08,0.36459968,1.004013617893,knots_p33_p66,Exposure knots = P33/P66,3,knots_p33_p66__tp__lag,42
tp,lag,3,0.000441074,0.1,0.36459968,1.00401353939639,knots_p33_p66,Exposure knots = P33/P66,3,knots_p33_p66__tp__lag,42
tp,lag,3,0.000852346,0.11,0.36459968,1.004008122775,knots_p33_p66,Exposure knots = P33/P66,3,knots_p33_p66__tp__lag,42
tp,lag,3,0.000858307,0.15,0.36459968,1.00400804426731,knots_p33_p66,Exposure knots = P33/P66,3,knots_p33_p66__tp__lag,42
tp,lag,3,0.000864267,0.17,0.36459968,1.00400796577283,knots_p33_p66,Exposure knots = P33/P66,3,knots_p33_p66__tp__lag,42
tp,lag,3,0.001120567,0.18,0.36459968,1.00400459028508,knots_p33_p66,Exposure knots = P33/P66,3,knots_p33_p66__tp__lag,42
tp,lag,3,0.0012815,0.19,0.36459968,1.00400247082985,knots_p33_p66,Exposure knots = P33/P66,3,knots_p33_p66__tp__lag,42
tp,lag,3,0.001292877,0.2,0.36459968,1.00400232099844,knots_p33_p66,Exposure knots = P33/P66,3,knots_p33_p66__tp__lag,42
tp,lag,3,0.001561642,0.21,0.36459968,1.00399878150913,knots_p33_p66,Exposure knots = P33/P66,3,knots_p33_p66__tp__lag,42
tp,lag,3,0.001710626,0.22,0.36459968,1.00399681952366,knots_p33_p66,Exposure knots = P33/P66,3,knots_p33_p66__tp__lag,42
tp,lag,3,0.001716614,0.23,0.36459968,1.00399674066793,knots_p33_p66,Exposure knots = P33/P66,3,knots_p33_p66__tp__lag,42
tp,lag,3,0.001722574,0.24,0.36459968,1.003996662181,knots_p33_p66,Exposure knots = P33/P66,3,knots_p33_p66__tp__lag,42
tp,lag,3,0.001938433,0.25,0.36459968,1.00399381959227,knots_p33_p66,Exposure knots = P33/P66,3,knots_p33_p66__tp__lag,42
tp,lag,3,0.002152141,0.26,0.36459968,1.00399100542644,knots_p33_p66,Exposure knots = P33/P66,3,knots_p33_p66__tp__lag,42
tp,lag,3,0.00257256106,0.27,0.36459968,1.00398546953806,knots_p33_p66,Exposure knots = P33/P66,3,knots_p33_p66__tp__lag,42
tp,lag,3,0.00299031,0.28,0.36459968,1.00397996930075,knots_p33_p66,Exposure knots = P33/P66,3,knots_p33_p66__tp__lag,42
tp,lag,3,0.003486872,0.29,0.36459968,1.00397343210203,knots_p33_p66,Exposure knots = P33/P66,3,knots_p33_p66__tp__lag,42
tp,lag,3,0.004667044,0.3,0.36459968,1.00395789905262,knots_p33_p66,Exposure knots = P33/P66,3,knots_p33_p66__tp__lag,42
tp,lag,3,0.0066787,0.31,0.36459968,1.00393143855143,knots_p33_p66,Exposure knots = P33/P66,3,knots_p33_p66__tp__lag,42
tp,lag,3,0.009432435,0.32,0.36459968,1.00389526310051,knots_p33_p66,Exposure knots = P33/P66,3,knots_p33_p66__tp__lag,42
tp,lag,3,0.012952089,0.33,0.36459968,1.00384913334584,knots_p33_p66,Exposure knots = P33/P66,3,knots_p33_p66__tp__lag,42
tp,lag,3,0.017624205,0.34,0.36459968,1.00378813715159,knots_p33_p66,Exposure knots = P33/P66,3,knots_p33_p66__tp__lag,42
tp,lag,3,0.0234666470000001,0.35,0.36459968,1.00371225847029,knots_p33_p66,Exposure knots = P33/P66,3,knots_p33_p66__tp__lag,42
tp,lag,3,0.030702352,0.36,0.36459968,1.00361889378169,knots_p33_p66,Exposure knots = P33/P66,3,knots_p33_p66__tp__lag,42
tp,lag,3,0.038916577,0.37,0.36459968,1.00351371664533,knots_p33_p66,Exposure knots = P33/P66,3,knots_p33_p66__tp__lag,42
tp,lag,3,0.04948347,0.38,0.36459968,1.00337968206031,knots_p33_p66,Exposure knots = P33/P66,3,knots_p33_p66__tp__lag,42
tp,lag,3,0.062301755,0.39,0.36459968,1.00321899276589,knots_p33_p66,Exposure knots = P33/P66,3,knots_p33_p66__tp__lag,42
tp,lag,3,0.076159835,0.4,0.36459968,1.00304760010729,knots_p33_p66,Exposure knots = P33/P66,3,knots_p33_p66__tp__lag,42
tp,lag,3,0.09191036166,0.41,0.36459968,1.00285572143329,knots_p33_p66,Exposure knots = P33/P66,3,knots_p33_p66__tp__lag,42
tp,lag,3,0.110254299,0.42,0.36459968,1.00263613073781,knots_p33_p66,Exposure knots = P33/P66,3,knots_p33_p66__tp__lag,42
tp,lag,3,0.130459666,0.43,0.36459968,1.0023990451641,knots_p33_p66,Exposure knots = P33/P66,3,knots_p33_p66__tp__lag,42
tp,lag,3,0.15375298556,0.44,0.36459968,1.00213188550273,knots_p33_p66,Exposure knots = P33/P66,3,knots_p33_p66__tp__lag,42
tp,lag,3,0.179868877,0.45,0.36459968,1.0018400981767,knots_p33_p66,Exposure knots = P33/P66,3,knots_p33_p66__tp__lag,42
tp,lag,3,0.209302815,0.46,0.36459968,1.00152091241522,knots_p33_p66,Exposure knots = P33/P66,3,knots_p33_p66__tp__lag,42
tp,lag,3,0.241054415420001,0.47,0.36459968,1.00118790234803,knots_p33_p66,Exposure knots = P33/P66,3,knots_p33_p66__tp__lag,42
tp,lag,3,0.2779603,0.48,0.36459968,1.00081531371051,knots_p33_p66,Exposure knots = P33/P66,3,knots_p33_p66__tp__lag,42
tp,lag,3,0.31866651794,0.49,0.36459968,1.00042203722201,knots_p33_p66,Exposure knots = P33/P66,3,knots_p33_p66__tp__lag,42
tp,lag,3,0.36459968,0.5,0.36459968,1,knots_p33_p66,Exposure knots = P33/P66,3,knots_p33_p66__tp__lag,42
tp,lag,3,0.417685509,0.51,0.36459968,0.999540167203483,knots_p33_p66,Exposure knots = P33/P66,3,knots_p33_p66__tp__lag,42
tp,lag,3,0.478643179,0.52,0.36459968,0.999047886780893,knots_p33_p66,Exposure knots = P33/P66,3,knots_p33_p66__tp__lag,42
tp,lag,3,0.542268157,0.53,0.36459968,0.99857331453157,knots_p33_p66,Exposure knots = P33/P66,3,knots_p33_p66__tp__lag,42
tp,lag,3,0.609913468,0.54,0.36459968,0.998110912893947,knots_p33_p66,Exposure knots = P33/P66,3,knots_p33_p66__tp__lag,42
tp,lag,3,0.6851771473,0.55,0.36459968,0.997645153305589,knots_p33_p66,Exposure knots = P33/P66,3,knots_p33_p66__tp__lag,42
tp,lag,3,0.764811564240001,0.56,0.36459968,0.997205332981911,knots_p33_p66,Exposure knots = P33/P66,3,knots_p33_p66__tp__lag,42
tp,lag,3,0.855423390620001,0.57,0.36459968,0.996767186603412,knots_p33_p66,Exposure knots = P33/P66,3,knots_p33_p66__tp__lag,42
tp,lag,3,0.954385892440001,0.58,0.36459968,0.996359168418729,knots_p33_p66,Exposure knots = P33/P66,3,knots_p33_p66__tp__lag,42
tp,lag,3,1.062899828,0.59,0.36459968,0.995989420943976,knots_p33_p66,Exposure knots = P33/P66,3,knots_p33_p66__tp__lag,42
tp,lag,3,1.176088275,0.6,0.36459968,0.995681979560743,knots_p33_p66,Exposure knots = P33/P66,3,knots_p33_p66__tp__lag,42
tp,lag,3,1.297745109,0.61,0.36459968,0.995430505276732,knots_p33_p66,Exposure knots = P33/P66,3,knots_p33_p66__tp__lag,42
tp,lag,3,1.430130005,0.62,0.36459968,0.995237129175399,knots_p33_p66,Exposure knots = P33/P66,3,knots_p33_p66__tp__lag,42
tp,lag,3,1.572501659,0.63,0.36459968,0.995106646674826,knots_p33_p66,Exposure knots = P33/P66,3,knots_p33_p66__tp__lag,42
tp,lag,3,1.73467301156,0.64,0.36459968,0.995033771210616,knots_p33_p66,Exposure knots = P33/P66,3,knots_p33_p66__tp__lag,42
tp,lag,3,1.9036489086,0.65,0.36459968,0.995016594080736,knots_p33_p66,Exposure knots = P33/P66,3,knots_p33_p66__tp__lag,42
tp,lag,3,2.078577876,0.66,0.36459968,0.995030892291581,knots_p33_p66,Exposure knots = P33/P66,3,knots_p33_p66__tp__lag,42
tp,lag,3,2.261167764,0.67,0.36459968,0.995051751449205,knots_p33_p66,Exposure knots = P33/P66,3,knots_p33_p66__tp__lag,42
tp,lag,3,2.460423112,0.68,0.36459968,0.995074782493552,knots_p33_p66,Exposure knots = P33/P66,3,knots_p33_p66__tp__lag,42
tp,lag,3,2.683871984,0.69,0.36459968,0.995100942492092,knots_p33_p66,Exposure knots = P33/P66,3,knots_p33_p66__tp__lag,42
tp,lag,3,2.903297544,0.7,0.36459968,0.995126973387373,knots_p33_p66,Exposure knots = P33/P66,3,knots_p33_p66__tp__lag,42
tp,lag,3,3.141289228,0.71,0.36459968,0.995155589605528,knots_p33_p66,Exposure knots = P33/P66,3,knots_p33_p66__tp__lag,42
tp,lag,3,3.38588953,0.72,0.36459968,0.995185415242978,knots_p33_p66,Exposure knots = P33/P66,3,knots_p33_p66__tp__lag,42
tp,lag,3,3.666177392,0.73,0.36459968,0.995220109093883,knots_p33_p66,Exposure knots = P33/P66,3,knots_p33_p66__tp__lag,42
tp,lag,3,3.999596834,0.74,0.36459968,0.995262097488541,knots_p33_p66,Exposure knots = P33/P66,3,knots_p33_p66__tp__lag,42
tp,lag,3,4.3253093955,0.75,0.36459968,0.995303867946219,knots_p33_p66,Exposure knots = P33/P66,3,knots_p33_p66__tp__lag,42
tp,lag,3,4.670634866,0.76,0.36459968,0.995348965214536,knots_p33_p66,Exposure knots = P33/P66,3,knots_p33_p66__tp__lag,42
tp,lag,3,5.040788651,0.77,0.36459968,0.995398231557393,knots_p33_p66,Exposure knots = P33/P66,3,knots_p33_p66__tp__lag,42
tp,lag,3,5.41499078612,0.78,0.36459968,0.995449010342733,knots_p33_p66,Exposure knots = P33/P66,3,knots_p33_p66__tp__lag,42
tp,lag,3,5.802989006,0.79,0.36459968,0.99550269387581,knots_p33_p66,Exposure knots = P33/P66,3,knots_p33_p66__tp__lag,42
tp,lag,3,6.2034678456,0.8,0.36459968,0.995559205646145,knots_p33_p66,Exposure knots = P33/P66,3,knots_p33_p66__tp__lag,42
tp,lag,3,6.67254185686002,0.81,0.36459968,0.995626817991296,knots_p33_p66,Exposure knots = P33/P66,3,knots_p33_p66__tp__lag,42
tp,lag,3,7.16041809192001,0.82,0.36459968,0.995698765055183,knots_p33_p66,Exposure knots = P33/P66,3,knots_p33_p66__tp__lag,42
tp,lag,3,7.682144642,0.83,0.36459968,0.99577753440849,knots_p33_p66,Exposure knots = P33/P66,3,knots_p33_p66__tp__lag,42
tp,lag,3,8.248898387,0.84,0.36459968,0.995865242499816,knots_p33_p66,Exposure knots = P33/P66,3,knots_p33_p66__tp__lag,42
tp,lag,3,8.867951832,0.85,0.36459968,0.995963587486487,knots_p33_p66,Exposure knots = P33/P66,3,knots_p33_p66__tp__lag,42
tp,lag,3,9.562715888,0.86,0.36459968,0.996077117124302,knots_p33_p66,Exposure knots = P33/P66,3,knots_p33_p66__tp__lag,42
tp,lag,3,10.31671762,0.87,0.36459968,0.996204097646072,knots_p33_p66,Exposure knots = P33/P66,3,knots_p33_p66__tp__lag,42
tp,lag,3,11.14078164,0.88,0.36459968,0.996347357282202,knots_p33_p66,Exposure knots = P33/P66,3,knots_p33_p66__tp__lag,42
tp,lag,3,12.10832298,0.89,0.36459968,0.996521517862389,knots_p33_p66,Exposure knots = P33/P66,3,knots_p33_p66__tp__lag,42
tp,lag,3,13.17867935,0.9,0.36459968,0.996721663533109,knots_p33_p66,Exposure knots = P33/P66,3,knots_p33_p66__tp__lag,42
tp,lag,3,14.39255774,0.91,0.36459968,0.996958124622466,knots_p33_p66,Exposure knots = P33/P66,3,knots_p33_p66__tp__lag,42
tp,lag,3,15.78173935,0.92,0.36459968,0.997241055113207,knots_p33_p66,Exposure knots = P33/P66,3,knots_p33_p66__tp__lag,42
tp,lag,3,17.5191752902001,0.93,0.36459968,0.99761335113696,knots_p33_p66,Exposure knots = P33/P66,3,knots_p33_p66__tp__lag,42
tp,lag,3,19.66069043,0.94,0.36459968,0.998100296360392,knots_p33_p66,Exposure knots = P33/P66,3,knots_p33_p66__tp__lag,42
tp,lag,3,22.2094345690001,0.95,0.36459968,0.998719998485314,knots_p33_p66,Exposure knots = P33/P66,3,knots_p33_p66__tp__lag,42
tp,lag,3,25.21609043,0.96,0.36459968,0.999506778178945,knots_p33_p66,Exposure knots = P33/P66,3,knots_p33_p66__tp__lag,42
tp,lag,3,29.38915193,0.97,0.36459968,1.00069793866177,knots_p33_p66,Exposure knots = P33/P66,3,knots_p33_p66__tp__lag,42
tp,lag,3,35.3470122808,0.98,0.36459968,1.00259610840727,knots_p33_p66,Exposure knots = P33/P66,3,knots_p33_p66__tp__lag,42
tp,lag,3,44.8505195504,0.99,0.36459968,1.00609711559993,knots_p33_p66,Exposure knots = P33/P66,3,knots_p33_p66__tp__lag,42
PM25,lag,3,10.1000001505017,0.01,42.0000006258488,0.989961734255899,knots_p33_p66,Exposure knots = P33/P66,3,knots_p33_p66__PM25__lag,43
PM25,lag,3,11.7000001743436,0.02,42.0000006258488,0.990850963391978,knots_p33_p66,Exposure knots = P33/P66,3,knots_p33_p66__PM25__lag,43
PM25,lag,3,12.8000001907349,0.03,42.0000006258488,0.991450437097956,knots_p33_p66,Exposure knots = P33/P66,3,knots_p33_p66__PM25__lag,43
PM25,lag,3,13.800000205636,0.04,42.0000006258488,0.991985860897248,knots_p33_p66,Exposure knots = P33/P66,3,knots_p33_p66__PM25__lag,43
PM25,lag,3,14.600000217557,0.05,42.0000006258488,0.992407025872942,knots_p33_p66,Exposure knots = P33/P66,3,knots_p33_p66__PM25__lag,43
PM25,lag,3,15.4000002294779,0.06,42.0000006258488,0.992821315864711,knots_p33_p66,Exposure knots = P33/P66,3,knots_p33_p66__PM25__lag,43
PM25,lag,3,16.2000002413988,0.07,42.0000006258488,0.993228270487898,knots_p33_p66,Exposure knots = P33/P66,3,knots_p33_p66__PM25__lag,43
PM25,lag,3,17.0000002533197,0.08,42.0000006258488,0.993627428773745,knots_p33_p66,Exposure knots = P33/P66,3,knots_p33_p66__PM25__lag,43
PM25,lag,3,17.7000002637506,0.09,42.0000006258488,0.993969934039167,knots_p33_p66,Exposure knots = P33/P66,3,knots_p33_p66__PM25__lag,43
PM25,lag,3,18.4000002741814,0.1,42.0000006258488,0.994305807387268,knots_p33_p66,Exposure knots = P33/P66,3,knots_p33_p66__PM25__lag,43
PM25,lag,3,19.1000002846122,0.11,42.0000006258488,0.994634739033152,knots_p33_p66,Exposure knots = P33/P66,3,knots_p33_p66__PM25__lag,43
PM25,lag,3,19.7000002935529,0.12,42.0000006258488,0.994910920403069,knots_p33_p66,Exposure knots = P33/P66,3,knots_p33_p66__PM25__lag,43
PM25,lag,3,20.3000003024936,0.13,42.0000006258488,0.99518157857638,knots_p33_p66,Exposure knots = P33/P66,3,knots_p33_p66__PM25__lag,43
PM25,lag,3,21.0000003129244,0.14,42.0000006258488,0.995490104909024,knots_p33_p66,Exposure knots = P33/P66,3,knots_p33_p66__PM25__lag,43
PM25,lag,3,21.500000320375,0.15,42.0000006258488,0.995705543208808,knots_p33_p66,Exposure knots = P33/P66,3,knots_p33_p66__PM25__lag,43
PM25,lag,3,22.1000003293157,0.16,42.0000006258488,0.995958458349852,knots_p33_p66,Exposure knots = P33/P66,3,knots_p33_p66__PM25__lag,43
PM25,lag,3,22.7000003382564,0.17,42.0000006258488,0.996205067681115,knots_p33_p66,Exposure knots = P33/P66,3,knots_p33_p66__PM25__lag,43
PM25,lag,3,23.3000003471971,0.18,42.0000006258488,0.996445175340029,knots_p33_p66,Exposure knots = P33/P66,3,knots_p33_p66__PM25__lag,43
PM25,lag,3,23.9000003561378,0.19,42.0000006258488,0.996678585404623,knots_p33_p66,Exposure knots = P33/P66,3,knots_p33_p66__PM25__lag,43
PM25,lag,3,24.4000003635883,0.2,42.0000006258488,0.996867836193364,knots_p33_p66,Exposure knots = P33/P66,3,knots_p33_p66__PM25__lag,43
PM25,lag,3,25.000000372529,0.21,42.0000006258488,0.997088458336662,knots_p33_p66,Exposure knots = P33/P66,3,knots_p33_p66__PM25__lag,43
PM25,lag,3,25.5000003799796,0.22,42.0000006258488,0.997266778020269,knots_p33_p66,Exposure knots = P33/P66,3,knots_p33_p66__PM25__lag,43
PM25,lag,3,26.1000003889203,0.23,42.0000006258488,0.997473953408479,knots_p33_p66,Exposure knots = P33/P66,3,knots_p33_p66__PM25__lag,43
PM25,lag,3,26.6000003963709,0.24,42.0000006258488,0.997640792935923,knots_p33_p66,Exposure knots = P33/P66,3,knots_p33_p66__PM25__lag,43
PM25,lag,3,27.2000004053116,0.25,42.0000006258488,0.997833862721816,knots_p33_p66,Exposure knots = P33/P66,3,knots_p33_p66__PM25__lag,43
PM25,lag,3,27.7000004127622,0.26,42.0000006258488,0.997988673098711,knots_p33_p66,Exposure knots = P33/P66,3,knots_p33_p66__PM25__lag,43
PM25,lag,3,28.3000004217029,0.27,42.0000006258488,0.998166978586463,knots_p33_p66,Exposure knots = P33/P66,3,knots_p33_p66__PM25__lag,43
PM25,lag,3,28.8000004291534,0.28,42.0000006258488,0.998309211015706,knots_p33_p66,Exposure knots = P33/P66,3,knots_p33_p66__PM25__lag,43
PM25,lag,3,29.4000004380941,0.29,42.0000006258488,0.998472093833575,knots_p33_p66,Exposure knots = P33/P66,3,knots_p33_p66__PM25__lag,43
PM25,lag,3,29.9000004455447,0.3,42.0000006258488,0.998601199862494,knots_p33_p66,Exposure knots = P33/P66,3,knots_p33_p66__PM25__lag,43
PM25,lag,3,30.5000004544854,0.31,42.0000006258488,0.998748002143296,knots_p33_p66,Exposure knots = P33/P66,3,knots_p33_p66__PM25__lag,43
PM25,lag,3,31.000000461936,0.32,42.0000006258488,0.998863433817283,knots_p33_p66,Exposure knots = P33/P66,3,knots_p33_p66__PM25__lag,43
PM25,lag,3,31.6000004708767,0.33,42.0000006258488,0.998993498386629,knots_p33_p66,Exposure knots = P33/P66,3,knots_p33_p66__PM25__lag,43
PM25,lag,3,32.1000004783273,0.34,42.0000006258488,0.99909475444599,knots_p33_p66,Exposure knots = P33/P66,3,knots_p33_p66__PM25__lag,43
PM25,lag,3,32.700000487268,0.35,42.0000006258488,0.999207869236271,knots_p33_p66,Exposure knots = P33/P66,3,knots_p33_p66__PM25__lag,43
PM25,lag,3,33.3000004962087,0.36,42.0000006258488,0.999312095505611,knots_p33_p66,Exposure knots = P33/P66,3,knots_p33_p66__PM25__lag,43
PM25,lag,3,33.9000005051494,0.37,42.0000006258488,0.999407716213275,knots_p33_p66,Exposure knots = P33/P66,3,knots_p33_p66__PM25__lag,43
PM25,lag,3,34.5000005140901,0.38,42.0000006258488,0.999495014655204,knots_p33_p66,Exposure knots = P33/P66,3,knots_p33_p66__PM25__lag,43
PM25,lag,3,35.1000005230308,0.39,42.0000006258488,0.99957427443992,knots_p33_p66,Exposure knots = P33/P66,3,knots_p33_p66__PM25__lag,43
PM25,lag,3,35.7000005319715,0.4,42.0000006258488,0.999645779465226,knots_p33_p66,Exposure knots = P33/P66,3,knots_p33_p66__PM25__lag,43
PM25,lag,3,36.3000005409122,0.41,42.0000006258488,0.999709813895701,knots_p33_p66,Exposure knots = P33/P66,3,knots_p33_p66__PM25__lag,43
PM25,lag,3,36.9000005498528,0.42,42.0000006258488,0.999766662140999,knots_p33_p66,Exposure knots = P33/P66,3,knots_p33_p66__PM25__lag,43
PM25,lag,3,37.5000005587935,0.43,42.0000006258488,0.999816608834946,knots_p33_p66,Exposure knots = P33/P66,3,knots_p33_p66__PM25__lag,43
PM25,lag,3,38.1000005677342,0.44,42.0000006258488,0.999859938815445,knots_p33_p66,Exposure knots = P33/P66,3,knots_p33_p66__PM25__lag,43
PM25,lag,3,38.7000005766749,0.45,42.0000006258488,0.999896937105185,knots_p33_p66,Exposure knots = P33/P66,3,knots_p33_p66__PM25__lag,43
PM25,lag,3,39.4000005871058,0.46,42.0000006258488,0.999932479703412,knots_p33_p66,Exposure knots = P33/P66,3,knots_p33_p66__PM25__lag,43
PM25,lag,3,40.0000005960464,0.47,42.0000006258488,0.999956737883859,knots_p33_p66,Exposure knots = P33/P66,3,knots_p33_p66__PM25__lag,43
PM25,lag,3,40.7000006064773,0.48,42.0000006258488,0.999978198625352,knots_p33_p66,Exposure knots = P33/P66,3,knots_p33_p66__PM25__lag,43
PM25,lag,3,41.300000615418,0.49,42.0000006258488,0.999991056889336,knots_p33_p66,Exposure knots = P33/P66,3,knots_p33_p66__PM25__lag,43
PM25,lag,3,42.0000006258488,0.5,42.0000006258488,1,knots_p33_p66,Exposure knots = P33/P66,3,knots_p33_p66__PM25__lag,43
PM25,lag,3,42.7000006362796,0.51,42.0000006258488,1.00000285113572,knots_p33_p66,Exposure knots = P33/P66,3,knots_p33_p66__PM25__lag,43
PM25,lag,3,43.4000006467104,0.52,42.0000006258488,1.00000006426303,knots_p33_p66,Exposure knots = P33/P66,3,knots_p33_p66__PM25__lag,43
PM25,lag,3,44.1000006571412,0.53,42.0000006258488,0.999992093444089,knots_p33_p66,Exposure knots = P33/P66,3,knots_p33_p66__PM25__lag,43
PM25,lag,3,44.800000667572,0.54,42.0000006258488,0.999979392812115,knots_p33_p66,Exposure knots = P33/P66,3,knots_p33_p66__PM25__lag,43
PM25,lag,3,45.5000006780028,0.55,42.0000006258488,0.999962416548874,knots_p33_p66,Exposure knots = P33/P66,3,knots_p33_p66__PM25__lag,43
PM25,lag,3,46.3000006899238,0.56,42.0000006258488,0.999938362298783,knots_p33_p66,Exposure knots = P33/P66,3,knots_p33_p66__PM25__lag,43
PM25,lag,3,47.0000007003546,0.57,42.0000006258488,0.999913753462458,knots_p33_p66,Exposure knots = P33/P66,3,knots_p33_p66__PM25__lag,43
PM25,lag,3,47.8000007122755,0.58,42.0000006258488,0.9998821680891,knots_p33_p66,Exposure knots = P33/P66,3,knots_p33_p66__PM25__lag,43
PM25,lag,3,48.6000007241964,0.59,42.0000006258488,0.999847540712079,knots_p33_p66,Exposure knots = P33/P66,3,knots_p33_p66__PM25__lag,43
PM25,lag,3,49.4000007361174,0.6,42.0000006258488,0.99981054923779,knots_p33_p66,Exposure knots = P33/P66,3,knots_p33_p66__PM25__lag,43
PM25,lag,3,50.2000007480383,0.61,42.0000006258488,0.99977187149278,knots_p33_p66,Exposure knots = P33/P66,3,knots_p33_p66__PM25__lag,43
PM25,lag,3,51.0000007599592,0.62,42.0000006258488,0.999732185210024,knots_p33_p66,Exposure knots = P33/P66,3,knots_p33_p66__PM25__lag,43
PM25,lag,3,51.9000007733703,0.63,42.0000006258488,0.999687176349081,knots_p33_p66,Exposure knots = P33/P66,3,knots_p33_p66__PM25__lag,43
PM25,lag,3,52.8000007867813,0.64,42.0000006258488,0.999642713347088,knots_p33_p66,Exposure knots = P33/P66,3,knots_p33_p66__PM25__lag,43
PM25,lag,3,53.7000008001924,0.65,42.0000006258488,0.999599760699943,knots_p33_p66,Exposure knots = P33/P66,3,knots_p33_p66__PM25__lag,43
PM25,lag,3,54.6000008136034,0.66,42.0000006258488,0.999559282742611,knots_p33_p66,Exposure knots = P33/P66,3,knots_p33_p66__PM25__lag,43
PM25,lag,3,55.5000008270144,0.67,42.0000006258488,0.999522081444964,knots_p33_p66,Exposure knots = P33/P66,3,knots_p33_p66__PM25__lag,43
PM25,lag,3,56.5000008419156,0.68,42.0000006258488,0.999484768717786,knots_p33_p66,Exposure knots = P33/P66,3,knots_p33_p66__PM25__lag,43
PM25,lag,3,57.5000008568168,0.69,42.0000006258488,0.99945167753899,knots_p33_p66,Exposure knots = P33/P66,3,knots_p33_p66__PM25__lag,43
PM25,lag,3,58.600000873208,0.7,42.0000006258488,0.99942013815062,knots_p33_p66,Exposure knots = P33/P66,3,knots_p33_p66__PM25__lag,43
PM25,lag,3,59.6000008881092,0.71,42.0000006258488,0.999395871429468,knots_p33_p66,Exposure knots = P33/P66,3,knots_p33_p66__PM25__lag,43
PM25,lag,3,60.7000009045005,0.72,42.0000006258488,0.99937400870704,knots_p33_p66,Exposure knots = P33/P66,3,knots_p33_p66__PM25__lag,43
PM25,lag,3,61.9000009223819,0.73,42.0000006258488,0.999355911382768,knots_p33_p66,Exposure knots = P33/P66,3,knots_p33_p66__PM25__lag,43
PM25,lag,3,63.0000009387732,0.74,42.0000006258488,0.999344578012725,knots_p33_p66,Exposure knots = P33/P66,3,knots_p33_p66__PM25__lag,43
PM25,lag,3,64.2000009566545,0.75,42.0000006258488,0.999337928243962,knots_p33_p66,Exposure knots = P33/P66,3,knots_p33_p66__PM25__lag,43
PM25,lag,3,65.4000009745359,0.76,42.0000006258488,0.999337220317473,knots_p33_p66,Exposure knots = P33/P66,3,knots_p33_p66__PM25__lag,43
PM25,lag,3,66.7000009939075,0.77,42.0000006258488,0.999343134273296,knots_p33_p66,Exposure knots = P33/P66,3,knots_p33_p66__PM25__lag,43
PM25,lag,3,68.1000010147691,0.78,42.0000006258488,0.999357243855769,knots_p33_p66,Exposure knots = P33/P66,3,knots_p33_p66__PM25__lag,43
PM25,lag,3,69.6000010371208,0.79,42.0000006258488,0.999381232661905,knots_p33_p66,Exposure knots = P33/P66,3,knots_p33_p66__PM25__lag,43
PM25,lag,3,71.1000010594726,0.8,42.0000006258488,0.999414359384589,knots_p33_p66,Exposure knots = P33/P66,3,knots_p33_p66__PM25__lag,43
PM25,lag,3,72.7000010833144,0.81,42.0000006258488,0.999459721457147,knots_p33_p66,Exposure knots = P33/P66,3,knots_p33_p66__PM25__lag,43
PM25,lag,3,74.4000011086464,0.82,42.0000006258488,0.999519206664804,knots_p33_p66,Exposure knots = P33/P66,3,knots_p33_p66__PM25__lag,43
PM25,lag,3,76.2000011354685,0.83,42.0000006258488,0.999594804662037,knots_p33_p66,Exposure knots = P33/P66,3,knots_p33_p66__PM25__lag,43
PM25,lag,3,78.1000011637807,0.84,42.0000006258488,0.999688604209468,knots_p33_p66,Exposure knots = P33/P66,3,knots_p33_p66__PM25__lag,43
PM25,lag,3,80.2000011950731,0.85,42.0000006258488,0.999808913943527,knots_p33_p66,Exposure knots = P33/P66,3,knots_p33_p66__PM25__lag,43
PM25,lag,3,82.3000012263656,0.86,42.0000006258488,0.999946589321739,knots_p33_p66,Exposure knots = P33/P66,3,knots_p33_p66__PM25__lag,43
PM25,lag,3,84.6000012606382,0.87,42.0000006258488,1.00011717724358,knots_p33_p66,Exposure knots = P33/P66,3,knots_p33_p66__PM25__lag,43
PM25,lag,3,87.1000012978911,0.88,42.0000006258488,1.00032592234978,knots_p33_p66,Exposure knots = P33/P66,3,knots_p33_p66__PM25__lag,43
PM25,lag,3,89.8000013381243,0.89,42.0000006258488,1.00057845946305,knots_p33_p66,Exposure knots = P33/P66,3,knots_p33_p66__PM25__lag,43
PM25,lag,3,92.6000013798475,0.9,42.0000006258488,1.00086983930261,knots_p33_p66,Exposure knots = P33/P66,3,knots_p33_p66__PM25__lag,43
PM25,lag,3,95.9000014290214,0.91,42.0000006258488,1.00125147477757,knots_p33_p66,Exposure knots = P33/P66,3,knots_p33_p66__PM25__lag,43
PM25,lag,3,99.8000014871359,0.92,42.0000006258488,1.00175531063574,knots_p33_p66,Exposure knots = P33/P66,3,knots_p33_p66__PM25__lag,43
PM25,lag,3,103.60000154376,0.93,42.0000006258488,1.00230068448909,knots_p33_p66,Exposure knots = P33/P66,3,knots_p33_p66__PM25__lag,43
PM25,lag,3,108.300001613796,0.94,42.0000006258488,1.00304870519285,knots_p33_p66,Exposure knots = P33/P66,3,knots_p33_p66__PM25__lag,43
PM25,lag,3,114.200001701713,0.95,42.0000006258488,1.00410117412135,knots_p33_p66,Exposure knots = P33/P66,3,knots_p33_p66__PM25__lag,43
PM25,lag,3,121.300001807511,0.96,42.0000006258488,1.00553236827485,knots_p33_p66,Exposure knots = P33/P66,3,knots_p33_p66__PM25__lag,43
PM25,lag,3,130.200001940131,0.97,42.0000006258488,1.0075752095197,knots_p33_p66,Exposure knots = P33/P66,3,knots_p33_p66__PM25__lag,43
PM25,lag,3,142.300002120435,0.98,42.0000006258488,1.01078480802832,knots_p33_p66,Exposure knots = P33/P66,3,knots_p33_p66__PM25__lag,43
PM25,lag,3,162.200002416968,0.99,42.0000006258488,1.01710501712137,knots_p33_p66,Exposure knots = P33/P66,3,knots_p33_p66__PM25__lag,43
PM10,lag,3,17.6000002622604,0.01,68.6000010222197,0.98533800814859,knots_p33_p66,Exposure knots = P33/P66,3,knots_p33_p66__PM10__lag,44
PM10,lag,3,20.3000003024936,0.02,68.6000010222197,0.986591652594045,knots_p33_p66,Exposure knots = P33/P66,3,knots_p33_p66__PM10__lag,44
PM10,lag,3,22.3000003322959,0.03,68.6000010222197,0.987503009406634,knots_p33_p66,Exposure knots = P33/P66,3,knots_p33_p66__PM10__lag,44
PM10,lag,3,23.8000003546476,0.04,68.6000010222197,0.988175487094843,knots_p33_p66,Exposure knots = P33/P66,3,knots_p33_p66__PM10__lag,44
PM10,lag,3,25.2000003755093,0.05,68.6000010222197,0.988793740111472,knots_p33_p66,Exposure knots = P33/P66,3,knots_p33_p66__PM10__lag,44
PM10,lag,3,26.5000003948808,0.06,68.6000010222197,0.989359076522311,knots_p33_p66,Exposure knots = P33/P66,3,knots_p33_p66__PM10__lag,44
PM10,lag,3,27.8000004142523,0.07,68.6000010222197,0.989915397771455,knots_p33_p66,Exposure knots = P33/P66,3,knots_p33_p66__PM10__lag,44
PM10,lag,3,28.9000004306436,0.08,68.6000010222197,0.990378667207387,knots_p33_p66,Exposure knots = P33/P66,3,knots_p33_p66__PM10__lag,44
PM10,lag,3,30.100000448525,0.09,68.6000010222197,0.990875818398518,knots_p33_p66,Exposure knots = P33/P66,3,knots_p33_p66__PM10__lag,44
PM10,lag,3,31.2000004649162,0.1,68.6000010222197,0.991323619618515,knots_p33_p66,Exposure knots = P33/P66,3,knots_p33_p66__PM10__lag,44
PM10,lag,3,32.2000004798174,0.11,68.6000010222197,0.991723836101151,knots_p33_p66,Exposure knots = P33/P66,3,knots_p33_p66__PM10__lag,44
PM10,lag,3,33.2000004947186,0.12,68.6000010222197,0.992117234814609,knots_p33_p66,Exposure knots = P33/P66,3,knots_p33_p66__PM10__lag,44
PM10,lag,3,34.2000005096197,0.13,68.6000010222197,0.992503554545983,knots_p33_p66,Exposure knots = P33/P66,3,knots_p33_p66__PM10__lag,44
PM10,lag,3,35.1000005230308,0.14,68.6000010222197,0.992844973683597,knots_p33_p66,Exposure knots = P33/P66,3,knots_p33_p66__PM10__lag,44
PM10,lag,3,36.1000005379319,0.15,68.6000010222197,0.993217122841732,knots_p33_p66,Exposure knots = P33/P66,3,knots_p33_p66__PM10__lag,44
PM10,lag,3,37.000000551343,0.16,68.6000010222197,0.993545363213058,knots_p33_p66,Exposure knots = P33/P66,3,knots_p33_p66__PM10__lag,44
PM10,lag,3,38.0000005662441,0.17,68.6000010222197,0.993902396448418,knots_p33_p66,Exposure knots = P33/P66,3,knots_p33_p66__PM10__lag,44
PM10,lag,3,38.9000005796552,0.18,68.6000010222197,0.994216606651277,knots_p33_p66,Exposure knots = P33/P66,3,knots_p33_p66__PM10__lag,44
PM10,lag,3,39.8000005930662,0.19,68.6000010222197,0.994523873524865,knots_p33_p66,Exposure knots = P33/P66,3,knots_p33_p66__PM10__lag,44
PM10,lag,3,40.8000006079674,0.2,68.6000010222197,0.994856905018459,knots_p33_p66,Exposure knots = P33/P66,3,knots_p33_p66__PM10__lag,44
PM10,lag,3,41.6000006198883,0.21,68.6000010222197,0.995116811826756,knots_p33_p66,Exposure knots = P33/P66,3,knots_p33_p66__PM10__lag,44
PM10,lag,3,42.5000006332994,0.22,68.6000010222197,0.995402100359625,knots_p33_p66,Exposure knots = P33/P66,3,knots_p33_p66__PM10__lag,44
PM10,lag,3,43.4000006467104,0.23,68.6000010222197,0.995679679800069,knots_p33_p66,Exposure knots = P33/P66,3,knots_p33_p66__PM10__lag,44
PM10,lag,3,44.3000006601214,0.24,68.6000010222197,0.995949358596662,knots_p33_p66,Exposure knots = P33/P66,3,knots_p33_p66__PM10__lag,44
PM10,lag,3,45.3000006750226,0.25,68.6000010222197,0.996239502518294,knots_p33_p66,Exposure knots = P33/P66,3,knots_p33_p66__PM10__lag,44
PM10,lag,3,46.1000006869435,0.26,68.6000010222197,0.996464247991347,knots_p33_p66,Exposure knots = P33/P66,3,knots_p33_p66__PM10__lag,44
PM10,lag,3,47.0000007003546,0.27,68.6000010222197,0.996709075471069,knots_p33_p66,Exposure knots = P33/P66,3,knots_p33_p66__PM10__lag,44
PM10,lag,3,47.9000007137656,0.28,68.6000010222197,0.996945236101521,knots_p33_p66,Exposure knots = P33/P66,3,knots_p33_p66__PM10__lag,44
PM10,lag,3,48.8000007271767,0.29,68.6000010222197,0.997172538409726,knots_p33_p66,Exposure knots = P33/P66,3,knots_p33_p66__PM10__lag,44
PM10,lag,3,49.7000007405877,0.3,68.6000010222197,0.997390790986636,knots_p33_p66,Exposure knots = P33/P66,3,knots_p33_p66__PM10__lag,44
PM10,lag,3,50.6000007539988,0.31,68.6000010222197,0.997599802504048,knots_p33_p66,Exposure knots = P33/P66,3,knots_p33_p66__PM10__lag,44
PM10,lag,3,51.5000007674098,0.32,68.6000010222197,0.99779938173187,knots_p33_p66,Exposure knots = P33/P66,3,knots_p33_p66__PM10__lag,44
PM10,lag,3,52.4000007808208,0.33,68.6000010222197,0.99798933755575,knots_p33_p66,Exposure knots = P33/P66,3,knots_p33_p66__PM10__lag,44
PM10,lag,3,53.3000007942319,0.34,68.6000010222197,0.99816955667169,knots_p33_p66,Exposure knots = P33/P66,3,knots_p33_p66__PM10__lag,44
PM10,lag,3,54.2000008076429,0.35,68.6000010222197,0.998340236740376,knots_p33_p66,Exposure knots = P33/P66,3,knots_p33_p66__PM10__lag,44
PM10,lag,3,55.100000821054,0.36,68.6000010222197,0.99850165354116,knots_p33_p66,Exposure knots = P33/P66,3,knots_p33_p66__PM10__lag,44
PM10,lag,3,56.1000008359551,0.37,68.6000010222197,0.998670477194946,knots_p33_p66,Exposure knots = P33/P66,3,knots_p33_p66__PM10__lag,44
PM10,lag,3,57.0000008493662,0.38,68.6000010222197,0.998813245822867,knots_p33_p66,Exposure knots = P33/P66,3,knots_p33_p66__PM10__lag,44
PM10,lag,3,57.9000008627772,0.39,68.6000010222197,0.998947611892971,knots_p33_p66,Exposure knots = P33/P66,3,knots_p33_p66__PM10__lag,44
PM10,lag,3,58.9000008776784,0.4,68.6000010222197,0.999087390140286,knots_p33_p66,Exposure knots = P33/P66,3,knots_p33_p66__PM10__lag,44
PM10,lag,3,59.8000008910894,0.41,68.6000010222197,0.999204929021263,knots_p33_p66,Exposure knots = P33/P66,3,knots_p33_p66__PM10__lag,44
PM10,lag,3,60.7000009045005,0.42,68.6000010222197,0.99931492962117,knots_p33_p66,Exposure knots = P33/P66,3,knots_p33_p66__PM10__lag,44
PM10,lag,3,61.7000009194016,0.43,68.6000010222197,0.999428649996321,knots_p33_p66,Exposure knots = P33/P66,3,knots_p33_p66__PM10__lag,44
PM10,lag,3,62.6000009328127,0.44,68.6000010222197,0.999523651195532,knots_p33_p66,Exposure knots = P33/P66,3,knots_p33_p66__PM10__lag,44
PM10,lag,3,63.6000009477139,0.45,68.6000010222197,0.999621396071728,knots_p33_p66,Exposure knots = P33/P66,3,knots_p33_p66__PM10__lag,44
PM10,lag,3,64.600000962615,0.46,68.6000010222197,0.999711288090506,knots_p33_p66,Exposure knots = P33/P66,3,knots_p33_p66__PM10__lag,44
PM10,lag,3,65.6000009775162,0.47,68.6000010222197,0.999793710655272,knots_p33_p66,Exposure knots = P33/P66,3,knots_p33_p66__PM10__lag,44
PM10,lag,3,66.6000009924173,0.48,68.6000010222197,0.999869047469896,knots_p33_p66,Exposure knots = P33/P66,3,knots_p33_p66__PM10__lag,44
PM10,lag,3,67.6000010073185,0.49,68.6000010222197,0.999937682510714,knots_p33_p66,Exposure knots = P33/P66,3,knots_p33_p66__PM10__lag,44
PM10,lag,3,68.6000010222197,0.5,68.6000010222197,1,knots_p33_p66,Exposure knots = P33/P66,3,knots_p33_p66__PM10__lag,44
PM10,lag,3,69.7000010386109,0.51,68.6000010222197,1.00006171130511,knots_p33_p66,Exposure knots = P33/P66,3,knots_p33_p66__PM10__lag,44
PM10,lag,3,70.8000010550022,0.52,68.6000010222197,1.00011675552127,knots_p33_p66,Exposure knots = P33/P66,3,knots_p33_p66__PM10__lag,44
PM10,lag,3,71.9000010713935,0.53,68.6000010222197,1.00016564486995,knots_p33_p66,Exposure knots = P33/P66,3,knots_p33_p66__PM10__lag,44
PM10,lag,3,73.0000010877848,0.54,68.6000010222197,1.00020889179319,knots_p33_p66,Exposure knots = P33/P66,3,knots_p33_p66__PM10__lag,44
PM10,lag,3,74.100001104176,0.55,68.6000010222197,1.00024700892336,knots_p33_p66,Exposure knots = P33/P66,3,knots_p33_p66__PM10__lag,44
PM10,lag,3,75.3000011220574,0.56,68.6000010222197,1.00028334330631,knots_p33_p66,Exposure knots = P33/P66,3,knots_p33_p66__PM10__lag,44
PM10,lag,3,76.4000011384487,0.57,68.6000010222197,1.00031239171533,knots_p33_p66,Exposure knots = P33/P66,3,knots_p33_p66__PM10__lag,44
PM10,lag,3,77.6000011563301,0.58,68.6000010222197,1.00034005628211,knots_p33_p66,Exposure knots = P33/P66,3,knots_p33_p66__PM10__lag,44
PM10,lag,3,78.8000011742115,0.59,68.6000010222197,1.00036416897065,knots_p33_p66,Exposure knots = P33/P66,3,knots_p33_p66__PM10__lag,44
PM10,lag,3,80.0000011920929,0.6,68.6000010222197,1.00038539610297,knots_p33_p66,Exposure knots = P33/P66,3,knots_p33_p66__PM10__lag,44
PM10,lag,3,81.3000012114644,0.61,68.6000010222197,1.00040590880695,knots_p33_p66,Exposure knots = P33/P66,3,knots_p33_p66__PM10__lag,44
PM10,lag,3,82.5000012293458,0.62,68.6000010222197,1.00042326481579,knots_p33_p66,Exposure knots = P33/P66,3,knots_p33_p66__PM10__lag,44
PM10,lag,3,83.8000012487173,0.63,68.6000010222197,1.0004411507534,knots_p33_p66,Exposure knots = P33/P66,3,knots_p33_p66__PM10__lag,44
PM10,lag,3,85.2000012695789,0.64,68.6000010222197,1.00046029448816,knots_p33_p66,Exposure knots = P33/P66,3,knots_p33_p66__PM10__lag,44
PM10,lag,3,86.5000012889504,0.65,68.6000010222197,1.00047886393796,knots_p33_p66,Exposure knots = P33/P66,3,knots_p33_p66__PM10__lag,44
PM10,lag,3,87.800001308322,0.66,68.6000010222197,1.00049906650684,knots_p33_p66,Exposure knots = P33/P66,3,knots_p33_p66__PM10__lag,44
PM10,lag,3,89.3000013306737,0.67,68.6000010222197,1.00052529532594,knots_p33_p66,Exposure knots = P33/P66,3,knots_p33_p66__PM10__lag,44
PM10,lag,3,90.7000013515353,0.68,68.6000010222197,1.00055274759718,knots_p33_p66,Exposure knots = P33/P66,3,knots_p33_p66__PM10__lag,44
PM10,lag,3,92.3000013753772,0.69,68.6000010222197,1.00058762586303,knots_p33_p66,Exposure knots = P33/P66,3,knots_p33_p66__PM10__lag,44
PM10,lag,3,93.8000013977289,0.7,68.6000010222197,1.00062370980006,knots_p33_p66,Exposure knots = P33/P66,3,knots_p33_p66__PM10__lag,44
PM10,lag,3,95.4000014215708,0.71,68.6000010222197,1.00066580041864,knots_p33_p66,Exposure knots = P33/P66,3,knots_p33_p66__PM10__lag,44
PM10,lag,3,97.1000014469028,0.72,68.6000010222197,1.00071458298601,knots_p33_p66,Exposure knots = P33/P66,3,knots_p33_p66__PM10__lag,44
PM10,lag,3,98.8000014722347,0.73,68.6000010222197,1.00076753737945,knots_p33_p66,Exposure knots = P33/P66,3,knots_p33_p66__PM10__lag,44
PM10,lag,3,100.500001497567,0.74,68.6000010222197,1.00082465086879,knots_p33_p66,Exposure knots = P33/P66,3,knots_p33_p66__PM10__lag,44
PM10,lag,3,102.200001522899,0.75,68.6000010222197,1.00088591077278,knots_p33_p66,Exposure knots = P33/P66,3,knots_p33_p66__PM10__lag,44
PM10,lag,3,103.900001548231,0.76,68.6000010222197,1.00095130445852,knots_p33_p66,Exposure knots = P33/P66,3,knots_p33_p66__PM10__lag,44
PM10,lag,3,105.800001576543,0.77,68.6000010222197,1.00102926792382,knots_p33_p66,Exposure knots = P33/P66,3,knots_p33_p66__PM10__lag,44
PM10,lag,3,107.900001607835,0.78,68.6000010222197,1.00112140628127,knots_p33_p66,Exposure knots = P33/P66,3,knots_p33_p66__PM10__lag,44
PM10,lag,3,110.000001639128,0.79,68.6000010222197,1.00121978848523,knots_p33_p66,Exposure knots = P33/P66,3,knots_p33_p66__PM10__lag,44
PM10,lag,3,112.20000167191,0.8,68.6000010222197,1.00132952695643,knots_p33_p66,Exposure knots = P33/P66,3,knots_p33_p66__PM10__lag,44
PM10,lag,3,114.300001703203,0.81,68.6000010222197,1.00144062122683,knots_p33_p66,Exposure knots = P33/P66,3,knots_p33_p66__PM10__lag,44
PM10,lag,3,116.600001737475,0.82,68.6000010222197,1.00156937769189,knots_p33_p66,Exposure knots = P33/P66,3,knots_p33_p66__PM10__lag,44
PM10,lag,3,119.100001774728,0.83,68.6000010222197,1.00171769334043,knots_p33_p66,Exposure knots = P33/P66,3,knots_p33_p66__PM10__lag,44
PM10,lag,3,121.700001813471,0.84,68.6000010222197,1.00188114212143,knots_p33_p66,Exposure knots = P33/P66,3,knots_p33_p66__PM10__lag,44
PM10,lag,3,124.400001853704,0.85,68.6000010222197,1.00206076053275,knots_p33_p66,Exposure knots = P33/P66,3,knots_p33_p66__PM10__lag,44
PM10,lag,3,127.200001895428,0.86,68.6000010222197,1.00225761638359,knots_p33_p66,Exposure knots = P33/P66,3,knots_p33_p66__PM10__lag,44
PM10,lag,3,130.100001938641,0.87,68.6000010222197,1.00247280789285,knots_p33_p66,Exposure knots = P33/P66,3,knots_p33_p66__PM10__lag,44
PM10,lag,3,133.300001986325,0.88,68.6000010222197,1.0027235403017,knots_p33_p66,Exposure knots = P33/P66,3,knots_p33_p66__PM10__lag,44
PM10,lag,3,136.700002036989,0.89,68.6000010222197,1.00300512397661,knots_p33_p66,Exposure knots = P33/P66,3,knots_p33_p66__PM10__lag,44
PM10,lag,3,140.300002090633,0.9,68.6000010222197,1.00332021628024,knots_p33_p66,Exposure knots = P33/P66,3,knots_p33_p66__PM10__lag,44
PM10,lag,3,144.100002147257,0.91,68.6000010222197,1.00367160147005,knots_p33_p66,Exposure knots = P33/P66,3,knots_p33_p66__PM10__lag,44
PM10,lag,3,148.500002212822,0.92,68.6000010222197,1.00410240672423,knots_p33_p66,Exposure knots = P33/P66,3,knots_p33_p66__PM10__lag,44
PM10,lag,3,153.600002288818,0.93,68.6000010222197,1.0046336424016,knots_p33_p66,Exposure knots = P33/P66,3,knots_p33_p66__PM10__lag,44
PM10,lag,3,159.100002370775,0.94,68.6000010222197,1.00524458139056,knots_p33_p66,Exposure knots = P33/P66,3,knots_p33_p66__PM10__lag,44
PM10,lag,3,165.500002466142,0.95,68.6000010222197,1.00600468469328,knots_p33_p66,Exposure knots = P33/P66,3,knots_p33_p66__PM10__lag,44
PM10,lag,3,173.200002580881,0.96,68.6000010222197,1.0069884999681,knots_p33_p66,Exposure knots = P33/P66,3,knots_p33_p66__PM10__lag,44
PM10,lag,3,183.500002734363,0.97,68.6000010222197,1.00842117713286,knots_p33_p66,Exposure knots = P33/P66,3,knots_p33_p66__PM10__lag,44
PM10,lag,3,197.600002944469,0.98,68.6000010222197,1.01059480376348,knots_p33_p66,Exposure knots = P33/P66,3,knots_p33_p66__PM10__lag,44
PM10,lag,3,222.600003316998,0.99,68.6000010222197,1.01503459144173,knots_p33_p66,Exposure knots = P33/P66,3,knots_p33_p66__PM10__lag,44
O3,lag,3,15.3000002279878,0.01,85.1000012680888,0.992609195740465,knots_p33_p66,Exposure knots = P33/P66,3,knots_p33_p66__O3__lag,45
O3,lag,3,20.1000002995133,0.02,85.1000012680888,0.993342882991689,knots_p33_p66,Exposure knots = P33/P66,3,knots_p33_p66__O3__lag,45
O3,lag,3,23.4000003486872,0.03,85.1000012680888,0.993838634062494,knots_p33_p66,Exposure knots = P33/P66,3,knots_p33_p66__O3__lag,45
O3,lag,3,26.1000003889203,0.04,85.1000012680888,0.994237804904059,knots_p33_p66,Exposure knots = P33/P66,3,knots_p33_p66__O3__lag,45
O3,lag,3,28.5000004246831,0.05,85.1000012680888,0.994587050854639,knots_p33_p66,Exposure knots = P33/P66,3,knots_p33_p66__O3__lag,45
O3,lag,3,30.7000004574656,0.06,85.1000012680888,0.994902079020801,knots_p33_p66,Exposure knots = P33/P66,3,knots_p33_p66__O3__lag,45
O3,lag,3,32.700000487268,0.07,85.1000012680888,0.995183842885163,knots_p33_p66,Exposure knots = P33/P66,3,knots_p33_p66__O3__lag,45
O3,lag,3,34.5000005140901,0.08,85.1000012680888,0.995433381964342,knots_p33_p66,Exposure knots = P33/P66,3,knots_p33_p66__O3__lag,45
O3,lag,3,36.3000005409122,0.09,85.1000012680888,0.99567883613285,knots_p33_p66,Exposure knots = P33/P66,3,knots_p33_p66__O3__lag,45
O3,lag,3,37.900000564754,0.1,85.1000012680888,0.99589339359521,knots_p33_p66,Exposure knots = P33/P66,3,knots_p33_p66__O3__lag,45
O3,lag,3,39.5000005885959,0.11,85.1000012680888,0.996104363881556,knots_p33_p66,Exposure knots = P33/P66,3,knots_p33_p66__O3__lag,45
O3,lag,3,41.0000006109476,0.12,85.1000012680888,0.996298740009093,knots_p33_p66,Exposure knots = P33/P66,3,knots_p33_p66__O3__lag,45
O3,lag,3,42.4000006318092,0.13,85.1000012680888,0.996477055698585,knots_p33_p66,Exposure knots = P33/P66,3,knots_p33_p66__O3__lag,45
O3,lag,3,43.900000654161,0.14,85.1000012680888,0.996664652561236,knots_p33_p66,Exposure knots = P33/P66,3,knots_p33_p66__O3__lag,45
O3,lag,3,45.3000006750226,0.15,85.1000012680888,0.996836397173297,knots_p33_p66,Exposure knots = P33/P66,3,knots_p33_p66__O3__lag,45
O3,lag,3,46.7000006958842,0.16,85.1000012680888,0.997004794962704,knots_p33_p66,Exposure knots = P33/P66,3,knots_p33_p66__O3__lag,45
O3,lag,3,48.0000007152557,0.17,85.1000012680888,0.997158068149525,knots_p33_p66,Exposure knots = P33/P66,3,knots_p33_p66__O3__lag,45
O3,lag,3,49.4000007361174,0.18,85.1000012680888,0.997319690123842,knots_p33_p66,Exposure knots = P33/P66,3,knots_p33_p66__O3__lag,45
O3,lag,3,50.800000756979,0.19,85.1000012680888,0.997477632078646,knots_p33_p66,Exposure knots = P33/P66,3,knots_p33_p66__O3__lag,45
O3,lag,3,52.1000007763505,0.2,85.1000012680888,0.997620897839288,knots_p33_p66,Exposure knots = P33/P66,3,knots_p33_p66__O3__lag,45
O3,lag,3,53.400000795722,0.21,85.1000012680888,0.99776080119554,knots_p33_p66,Exposure knots = P33/P66,3,knots_p33_p66__O3__lag,45
O3,lag,3,54.7000008150935,0.22,85.1000012680888,0.997897250962406,knots_p33_p66,Exposure knots = P33/P66,3,knots_p33_p66__O3__lag,45
O3,lag,3,55.9000008329749,0.23,85.1000012680888,0.998020060407338,knots_p33_p66,Exposure knots = P33/P66,3,knots_p33_p66__O3__lag,45
O3,lag,3,57.2000008523464,0.24,85.1000012680888,0.998149612318758,knots_p33_p66,Exposure knots = P33/P66,3,knots_p33_p66__O3__lag,45
O3,lag,3,58.4000008702278,0.25,85.1000012680888,0.998265898823829,knots_p33_p66,Exposure knots = P33/P66,3,knots_p33_p66__O3__lag,45
O3,lag,3,59.6000008881092,0.26,85.1000012680888,0.998378943708636,knots_p33_p66,Exposure knots = P33/P66,3,knots_p33_p66__O3__lag,45
O3,lag,3,60.8000009059906,0.27,85.1000012680888,0.998488675224695,knots_p33_p66,Exposure knots = P33/P66,3,knots_p33_p66__O3__lag,45
O3,lag,3,61.9000009223819,0.28,85.1000012680888,0.998586290468294,knots_p33_p66,Exposure knots = P33/P66,3,knots_p33_p66__O3__lag,45
O3,lag,3,63.1000009402633,0.29,85.1000012680888,0.9986894708213,knots_p33_p66,Exposure knots = P33/P66,3,knots_p33_p66__O3__lag,45
O3,lag,3,64.2000009566545,0.3,85.1000012680888,0.998780960039882,knots_p33_p66,Exposure knots = P33/P66,3,knots_p33_p66__O3__lag,45
O3,lag,3,65.3000009730458,0.31,85.1000012680888,0.998869434030866,knots_p33_p66,Exposure knots = P33/P66,3,knots_p33_p66__O3__lag,45
O3,lag,3,66.4000009894371,0.32,85.1000012680888,0.998954837552079,knots_p33_p66,Exposure knots = P33/P66,3,knots_p33_p66__O3__lag,45
O3,lag,3,67.5000010058284,0.33,85.1000012680888,0.999037115370713,knots_p33_p66,Exposure knots = P33/P66,3,knots_p33_p66__O3__lag,45
O3,lag,3,68.6000010222197,0.34,85.1000012680888,0.999116240693986,knots_p33_p66,Exposure knots = P33/P66,3,knots_p33_p66__O3__lag,45
O3,lag,3,69.6000010371208,0.35,85.1000012680888,0.999185509589566,knots_p33_p66,Exposure knots = P33/P66,3,knots_p33_p66__O3__lag,45
O3,lag,3,70.7000010535121,0.36,85.1000012680888,0.999258882689184,knots_p33_p66,Exposure knots = P33/P66,3,knots_p33_p66__O3__lag,45
O3,lag,3,71.7000010684133,0.37,85.1000012680888,0.999323113579947,knots_p33_p66,Exposure knots = P33/P66,3,knots_p33_p66__O3__lag,45
O3,lag,3,72.8000010848045,0.38,85.1000012680888,0.999391155397666,knots_p33_p66,Exposure knots = P33/P66,3,knots_p33_p66__O3__lag,45
O3,lag,3,73.8000010997057,0.39,85.1000012680888,0.999450731141036,knots_p33_p66,Exposure knots = P33/P66,3,knots_p33_p66__O3__lag,45
O3,lag,3,74.8000011146069,0.4,85.1000012680888,0.999508224811152,knots_p33_p66,Exposure knots = P33/P66,3,knots_p33_p66__O3__lag,45
O3,lag,3,75.9000011309981,0.41,85.1000012680888,0.999569166801018,knots_p33_p66,Exposure knots = P33/P66,3,knots_p33_p66__O3__lag,45
O3,lag,3,76.9000011458993,0.42,85.1000012680888,0.999622571099774,knots_p33_p66,Exposure knots = P33/P66,3,knots_p33_p66__O3__lag,45
O3,lag,3,78.0000011622906,0.43,85.1000012680888,0.999679225739759,knots_p33_p66,Exposure knots = P33/P66,3,knots_p33_p66__O3__lag,45
O3,lag,3,79.0000011771917,0.44,85.1000012680888,0.999728924294383,knots_p33_p66,Exposure knots = P33/P66,3,knots_p33_p66__O3__lag,45
O3,lag,3,80.0000011920929,0.45,85.1000012680888,0.999776993118582,knots_p33_p66,Exposure knots = P33/P66,3,knots_p33_p66__O3__lag,45
O3,lag,3,81.0000012069941,0.46,85.1000012680888,0.99982351928562,knots_p33_p66,Exposure knots = P33/P66,3,knots_p33_p66__O3__lag,45
O3,lag,3,82.0000012218952,0.47,85.1000012680888,0.99986858989243,knots_p33_p66,Exposure knots = P33/P66,3,knots_p33_p66__O3__lag,45
O3,lag,3,83.0000012367964,0.48,85.1000012680888,0.999912292058307,knots_p33_p66,Exposure knots = P33/P66,3,knots_p33_p66__O3__lag,45
O3,lag,3,84.1000012531877,0.49,85.1000012680888,0.999958887894192,knots_p33_p66,Exposure knots = P33/P66,3,knots_p33_p66__O3__lag,45
O3,lag,3,85.1000012680888,0.5,85.1000012680888,1,knots_p33_p66,Exposure knots = P33/P66,3,knots_p33_p66__O3__lag,45
O3,lag,3,86.10000128299,0.51,85.1000012680888,1.00004001386392,knots_p33_p66,Exposure knots = P33/P66,3,knots_p33_p66__O3__lag,45
O3,lag,3,87.1000012978911,0.52,85.1000012680888,1.00007901668488,knots_p33_p66,Exposure knots = P33/P66,3,knots_p33_p66__O3__lag,45
O3,lag,3,88.2000013142824,0.53,85.1000012680888,1.00012085612585,knots_p33_p66,Exposure knots = P33/P66,3,knots_p33_p66__O3__lag,45
O3,lag,3,89.2000013291836,0.54,85.1000012680888,1.00015801966311,knots_p33_p66,Exposure knots = P33/P66,3,knots_p33_p66__O3__lag,45
O3,lag,3,90.3000013455749,0.55,85.1000012680888,1.00019804749434,knots_p33_p66,Exposure knots = P33/P66,3,knots_p33_p66__O3__lag,45
O3,lag,3,91.4000013619661,0.56,85.1000012680888,1.00023729532046,knots_p33_p66,Exposure knots = P33/P66,3,knots_p33_p66__O3__lag,45
O3,lag,3,92.5000013783574,0.57,85.1000012680888,1.0002758793098,knots_p33_p66,Exposure knots = P33/P66,3,knots_p33_p66__O3__lag,45
O3,lag,3,93.5000013932586,0.58,85.1000012680888,1.0003104773755,knots_p33_p66,Exposure knots = P33/P66,3,knots_p33_p66__O3__lag,45
O3,lag,3,94.70000141114,0.59,85.1000012680888,1.00035152054798,knots_p33_p66,Exposure knots = P33/P66,3,knots_p33_p66__O3__lag,45
O3,lag,3,95.8000014275312,0.6,85.1000012680888,1.00038881022797,knots_p33_p66,Exposure knots = P33/P66,3,knots_p33_p66__O3__lag,45
O3,lag,3,96.9000014439225,0.61,85.1000012680888,1.00042590093249,knots_p33_p66,Exposure knots = P33/P66,3,knots_p33_p66__O3__lag,45
O3,lag,3,98.0000014603138,0.62,85.1000012680888,1.00046290892133,knots_p33_p66,Exposure knots = P33/P66,3,knots_p33_p66__O3__lag,45
O3,lag,3,99.2000014781952,0.63,85.1000012680888,1.00050332356847,knots_p33_p66,Exposure knots = P33/P66,3,knots_p33_p66__O3__lag,45
O3,lag,3,100.400001496077,0.64,85.1000012680888,1.00054392913937,knots_p33_p66,Exposure knots = P33/P66,3,knots_p33_p66__O3__lag,45
O3,lag,3,101.600001513958,0.65,85.1000012680888,1.00058487664127,knots_p33_p66,Exposure knots = P33/P66,3,knots_p33_p66__O3__lag,45
O3,lag,3,102.800001531839,0.66,85.1000012680888,1.00062631710637,knots_p33_p66,Exposure knots = P33/P66,3,knots_p33_p66__O3__lag,45
O3,lag,3,104.000001549721,0.67,85.1000012680888,1.00066837586662,knots_p33_p66,Exposure knots = P33/P66,3,knots_p33_p66__O3__lag,45
O3,lag,3,105.300001569092,0.68,85.1000012680888,1.00071466247963,knots_p33_p66,Exposure knots = P33/P66,3,knots_p33_p66__O3__lag,45
O3,lag,3,106.500001586974,0.69,85.1000012680888,1.00075805241981,knots_p33_p66,Exposure knots = P33/P66,3,knots_p33_p66__O3__lag,45
O3,lag,3,107.800001606345,0.7,85.1000012680888,1.00080577344139,knots_p33_p66,Exposure knots = P33/P66,3,knots_p33_p66__O3__lag,45
O3,lag,3,109.200001627207,0.71,85.1000012680888,1.00085799254773,knots_p33_p66,Exposure knots = P33/P66,3,knots_p33_p66__O3__lag,45
O3,lag,3,110.600001648068,0.72,85.1000012680888,1.00091106445289,knots_p33_p66,Exposure knots = P33/P66,3,knots_p33_p66__O3__lag,45
O3,lag,3,112.10000167042,0.73,85.1000012680888,1.00096886764704,knots_p33_p66,Exposure knots = P33/P66,3,knots_p33_p66__O3__lag,45
O3,lag,3,113.500001691282,0.74,85.1000012680888,1.00102368952552,knots_p33_p66,Exposure knots = P33/P66,3,knots_p33_p66__O3__lag,45
O3,lag,3,115.000001713634,0.75,85.1000012680888,1.00108335574325,knots_p33_p66,Exposure knots = P33/P66,3,knots_p33_p66__O3__lag,45
O3,lag,3,116.600001737475,0.76,85.1000012680888,1.00114805135725,knots_p33_p66,Exposure knots = P33/P66,3,knots_p33_p66__O3__lag,45
O3,lag,3,118.200001761317,0.77,85.1000012680888,1.00121382495024,knots_p33_p66,Exposure knots = P33/P66,3,knots_p33_p66__O3__lag,45
O3,lag,3,119.800001785159,0.78,85.1000012680888,1.00128066876847,knots_p33_p66,Exposure knots = P33/P66,3,knots_p33_p66__O3__lag,45
O3,lag,3,121.400001809001,0.79,85.1000012680888,1.00134857505953,knots_p33_p66,Exposure knots = P33/P66,3,knots_p33_p66__O3__lag,45
O3,lag,3,123.100001834333,0.8,85.1000012680888,1.00142188097864,knots_p33_p66,Exposure knots = P33/P66,3,knots_p33_p66__O3__lag,45
O3,lag,3,124.900001861155,0.81,85.1000012680888,1.00150078648189,knots_p33_p66,Exposure knots = P33/P66,3,knots_p33_p66__O3__lag,45
O3,lag,3,126.700001887977,0.82,85.1000012680888,1.00158100541259,knots_p33_p66,Exposure knots = P33/P66,3,knots_p33_p66__O3__lag,45
O3,lag,3,128.700001917779,0.83,85.1000012680888,1.00167166458016,knots_p33_p66,Exposure knots = P33/P66,3,knots_p33_p66__O3__lag,45
O3,lag,3,130.600001946092,0.84,85.1000012680888,1.0017592663225,knots_p33_p66,Exposure knots = P33/P66,3,knots_p33_p66__O3__lag,45
O3,lag,3,132.700001977384,0.85,85.1000012680888,1.00185774608523,knots_p33_p66,Exposure knots = P33/P66,3,knots_p33_p66__O3__lag,45
O3,lag,3,134.900002010167,0.86,85.1000012680888,1.00196276273172,knots_p33_p66,Exposure knots = P33/P66,3,knots_p33_p66__O3__lag,45
O3,lag,3,137.200002044439,0.87,85.1000012680888,1.00207455250973,knots_p33_p66,Exposure knots = P33/P66,3,knots_p33_p66__O3__lag,45
O3,lag,3,139.600002080202,0.88,85.1000012680888,1.0021933575156,knots_p33_p66,Exposure knots = P33/P66,3,knots_p33_p66__O3__lag,45
O3,lag,3,142.100002117455,0.89,85.1000012680888,1.00231942504237,knots_p33_p66,Exposure knots = P33/P66,3,knots_p33_p66__O3__lag,45
O3,lag,3,144.700002156198,0.9,85.1000012680888,1.00245300689931,knots_p33_p66,Exposure knots = P33/P66,3,knots_p33_p66__O3__lag,45
O3,lag,3,147.300002194941,0.91,85.1000012680888,1.00258907605229,knots_p33_p66,Exposure knots = P33/P66,3,knots_p33_p66__O3__lag,45
O3,lag,3,150.400002241135,0.92,85.1000012680888,1.00275451692508,knots_p33_p66,Exposure knots = P33/P66,3,knots_p33_p66__O3__lag,45
O3,lag,3,153.700002290308,0.93,85.1000012680888,1.00293440177528,knots_p33_p66,Exposure knots = P33/P66,3,knots_p33_p66__O3__lag,45
O3,lag,3,157.500002346933,0.94,85.1000012680888,1.00314627170986,knots_p33_p66,Exposure knots = P33/P66,3,knots_p33_p66__O3__lag,45
O3,lag,3,161.800002411008,0.95,85.1000012680888,1.00339200012273,knots_p33_p66,Exposure knots = P33/P66,3,knots_p33_p66__O3__lag,45
O3,lag,3,167.100002489984,0.96,85.1000012680888,1.00370339669348,knots_p33_p66,Exposure knots = P33/P66,3,knots_p33_p66__O3__lag,45
O3,lag,3,173.600002586842,0.97,85.1000012680888,1.00409775551104,knots_p33_p66,Exposure knots = P33/P66,3,knots_p33_p66__O3__lag,45
O3,lag,3,182.100002713501,0.98,85.1000012680888,1.00463334725008,knots_p33_p66,Exposure knots = P33/P66,3,knots_p33_p66__O3__lag,45
O3,lag,3,195.100002907217,0.99,85.1000012680888,1.0054936227415,knots_p33_p66,Exposure knots = P33/P66,3,knots_p33_p66__O3__lag,45
t2m,mavg,4,1.02780312247944,0.01,17.9187098645455,0.978252975767163,knots_p33_p66,Exposure knots = P33/P66,3,knots_p33_p66__t2m__mavg,46
t2m,mavg,4,2.256389928148,0.02,17.9187098645455,0.981816932405463,knots_p33_p66,Exposure knots = P33/P66,3,knots_p33_p66__t2m__mavg,46
t2m,mavg,4,3.025459089908,0.03,17.9187098645455,0.983944184146084,knots_p33_p66,Exposure knots = P33/P66,3,knots_p33_p66__t2m__mavg,46
t2m,mavg,4,3.5995212600303,0.04,17.9187098645455,0.985475604870559,knots_p33_p66,Exposure knots = P33/P66,3,knots_p33_p66__t2m__mavg,46
t2m,mavg,4,4.108091291,0.05,17.9187098645455,0.986789742128877,knots_p33_p66,Exposure knots = P33/P66,3,knots_p33_p66__t2m__mavg,46
t2m,mavg,4,4.56037066121333,0.06,17.9187098645455,0.987923338036928,knots_p33_p66,Exposure knots = P33/P66,3,knots_p33_p66__t2m__mavg,46
t2m,mavg,4,4.978082747132,0.07,17.9187098645455,0.98893983434977,knots_p33_p66,Exposure knots = P33/P66,3,knots_p33_p66__t2m__mavg,46
t2m,mavg,4,5.35026113278667,0.08,17.9187098645455,0.989820067810649,knots_p33_p66,Exposure knots = P33/P66,3,knots_p33_p66__t2m__mavg,46
t2m,mavg,4,5.67984748846667,0.09,17.9187098645455,0.990578959372455,knots_p33_p66,Exposure knots = P33/P66,3,knots_p33_p66__t2m__mavg,46
t2m,mavg,4,6.00510403978,0.1,17.9187098645455,0.991308414008969,knots_p33_p66,Exposure knots = P33/P66,3,knots_p33_p66__t2m__mavg,46
t2m,mavg,4,6.305856534193,0.11,17.9187098645455,0.991965302304067,knots_p33_p66,Exposure knots = P33/P66,3,knots_p33_p66__t2m__mavg,46
t2m,mavg,4,6.58533164133333,0.12,17.9187098645455,0.992560220565538,knots_p33_p66,Exposure knots = P33/P66,3,knots_p33_p66__t2m__mavg,46
t2m,mavg,4,6.85139651821,0.13,17.9187098645455,0.993112445983125,knots_p33_p66,Exposure knots = P33/P66,3,knots_p33_p66__t2m__mavg,46
t2m,mavg,4,7.11128190270133,0.14,17.9187098645455,0.993638277462162,knots_p33_p66,Exposure knots = P33/P66,3,knots_p33_p66__t2m__mavg,46
t2m,mavg,4,7.3583983742,0.15,17.9187098645455,0.994125619807764,knots_p33_p66,Exposure knots = P33/P66,3,knots_p33_p66__t2m__mavg,46
t2m,mavg,4,7.597306188,0.16,17.9187098645455,0.994584852943068,knots_p33_p66,Exposure knots = P33/P66,3,knots_p33_p66__t2m__mavg,46
t2m,mavg,4,7.83223957202333,0.17,17.9187098645455,0.995024838303931,knots_p33_p66,Exposure knots = P33/P66,3,knots_p33_p66__t2m__mavg,46
t2m,mavg,4,8.061473306125,0.18,17.9187098645455,0.995442886993229,knots_p33_p66,Exposure knots = P33/P66,3,knots_p33_p66__t2m__mavg,46
t2m,mavg,4,8.301369133445,0.19,17.9187098645455,0.995868290879001,knots_p33_p66,Exposure knots = P33/P66,3,knots_p33_p66__t2m__mavg,46
t2m,mavg,4,8.5507616037,0.2,17.9187098645455,0.996297231844743,knots_p33_p66,Exposure knots = P33/P66,3,knots_p33_p66__t2m__mavg,46
t2m,mavg,4,8.806381281796,0.21,17.9187098645455,0.996722595468273,knots_p33_p66,Exposure knots = P33/P66,3,knots_p33_p66__t2m__mavg,46
t2m,mavg,4,9.08911478672,0.22,17.9187098645455,0.997175964370029,knots_p33_p66,Exposure knots = P33/P66,3,knots_p33_p66__t2m__mavg,46
t2m,mavg,4,9.377041753,0.23,17.9187098645455,0.9976188857579,knots_p33_p66,Exposure knots = P33/P66,3,knots_p33_p66__t2m__mavg,46
t2m,mavg,4,9.67666718204,0.24,17.9187098645455,0.998059346660692,knots_p33_p66,Exposure knots = P33/P66,3,knots_p33_p66__t2m__mavg,46
t2m,mavg,4,9.99084572280556,0.25,17.9187098645455,0.998498407906149,knots_p33_p66,Exposure knots = P33/P66,3,knots_p33_p66__t2m__mavg,46
t2m,mavg,4,10.311765969946,0.26,17.9187098645455,0.998922379676753,knots_p33_p66,Exposure knots = P33/P66,3,knots_p33_p66__t2m__mavg,46
t2m,mavg,4,10.6243917145428,0.27,17.9187098645455,0.999311160857771,knots_p33_p66,Exposure knots = P33/P66,3,knots_p33_p66__t2m__mavg,46
t2m,mavg,4,10.9298641039133,0.28,17.9187098645455,0.999667555791976,knots_p33_p66,Exposure knots = P33/P66,3,knots_p33_p66__t2m__mavg,46
t2m,mavg,4,11.24359466278,0.29,17.9187098645455,1.0000090205105,knots_p33_p66,Exposure knots = P33/P66,3,knots_p33_p66__t2m__mavg,46
t2m,mavg,4,11.5694871546222,0.3,17.9187098645455,1.00033693334405,knots_p33_p66,Exposure knots = P33/P66,3,knots_p33_p66__t2m__mavg,46
t2m,mavg,4,11.9021914831667,0.31,17.9187098645455,1.0006430765668,knots_p33_p66,Exposure knots = P33/P66,3,knots_p33_p66__t2m__mavg,46
t2m,mavg,4,12.2558814684843,0.32,17.9187098645455,1.00093628410352,knots_p33_p66,Exposure knots = P33/P66,3,knots_p33_p66__t2m__mavg,46
t2m,mavg,4,12.6127319528575,0.33,17.9187098645455,1.00119786244857,knots_p33_p66,Exposure knots = P33/P66,3,knots_p33_p66__t2m__mavg,46
t2m,mavg,4,12.97256917356,0.34,17.9187098645455,1.00142600025078,knots_p33_p66,Exposure knots = P33/P66,3,knots_p33_p66__t2m__mavg,46
t2m,mavg,4,13.324886575,0.35,17.9187098645455,1.00161316015426,knots_p33_p66,Exposure knots = P33/P66,3,knots_p33_p66__t2m__mavg,46
t2m,mavg,4,13.6628008534933,0.36,17.9187098645455,1.00175742182067,knots_p33_p66,Exposure knots = P33/P66,3,knots_p33_p66__t2m__mavg,46
t2m,mavg,4,13.9863297578,0.37,17.9187098645455,1.00186180077214,knots_p33_p66,Exposure knots = P33/P66,3,knots_p33_p66__t2m__mavg,46
t2m,mavg,4,14.2977158679,0.38,17.9187098645455,1.00192984885261,knots_p33_p66,Exposure knots = P33/P66,3,knots_p33_p66__t2m__mavg,46
t2m,mavg,4,14.6241718488,0.39,17.9187098645455,1.00196576315884,knots_p33_p66,Exposure knots = P33/P66,3,knots_p33_p66__t2m__mavg,46
t2m,mavg,4,14.954160498,0.4,17.9187098645455,1.0019638655903,knots_p33_p66,Exposure knots = P33/P66,3,knots_p33_p66__t2m__mavg,46
t2m,mavg,4,15.30019531,0.41,17.9187098645455,1.00191912236156,knots_p33_p66,Exposure knots = P33/P66,3,knots_p33_p66__t2m__mavg,46
t2m,mavg,4,15.6514823113,0.42,17.9187098645455,1.001827325881,knots_p33_p66,Exposure knots = P33/P66,3,knots_p33_p66__t2m__mavg,46
t2m,mavg,4,15.9936218401317,0.43,17.9187098645455,1.00169143970206,knots_p33_p66,Exposure knots = P33/P66,3,knots_p33_p66__t2m__mavg,46
t2m,mavg,4,16.3183284798133,0.44,17.9187098645455,1.00151866300827,knots_p33_p66,Exposure knots = P33/P66,3,knots_p33_p66__t2m__mavg,46
t2m,mavg,4,16.626975884,0.45,17.9187098645455,1.00131367651354,knots_p33_p66,Exposure knots = P33/P66,3,knots_p33_p66__t2m__mavg,46
t2m,mavg,4,16.910367102,0.46,17.9187098645455,1.00108952232273,knots_p33_p66,Exposure knots = P33/P66,3,knots_p33_p66__t2m__mavg,46
t2m,mavg,4,17.175739065,0.47,17.9187098645455,1.00084764756193,knots_p33_p66,Exposure knots = P33/P66,3,knots_p33_p66__t2m__mavg,46
t2m,mavg,4,17.43494230648,0.48,17.9187098645455,1.00058086155192,knots_p33_p66,Exposure knots = P33/P66,3,knots_p33_p66__t2m__mavg,46
t2m,mavg,4,17.6793349596,0.49,17.9187098645455,1.00030109876377,knots_p33_p66,Exposure knots = P33/P66,3,knots_p33_p66__t2m__mavg,46
t2m,mavg,4,17.9187098645455,0.5,17.9187098645455,1,knots_p33_p66,Exposure knots = P33/P66,3,knots_p33_p66__t2m__mavg,46
t2m,mavg,4,18.1663592523143,0.51,17.9187098645455,0.999659751212084,knots_p33_p66,Exposure knots = P33/P66,3,knots_p33_p66__t2m__mavg,46
t2m,mavg,4,18.4202017814286,0.52,17.9187098645455,0.9992800866901,knots_p33_p66,Exposure knots = P33/P66,3,knots_p33_p66__t2m__mavg,46
t2m,mavg,4,18.68691451536,0.53,17.9187098645455,0.998846822621558,knots_p33_p66,Exposure knots = P33/P66,3,knots_p33_p66__t2m__mavg,46
t2m,mavg,4,18.95812611312,0.54,17.9187098645455,0.998369465474263,knots_p33_p66,Exposure knots = P33/P66,3,knots_p33_p66__t2m__mavg,46
t2m,mavg,4,19.2215712731091,0.55,17.9187098645455,0.997869594359076,knots_p33_p66,Exposure knots = P33/P66,3,knots_p33_p66__t2m__mavg,46
t2m,mavg,4,19.4811930166857,0.56,17.9187098645455,0.997341458110309,knots_p33_p66,Exposure knots = P33/P66,3,knots_p33_p66__t2m__mavg,46
t2m,mavg,4,19.72834310625,0.57,17.9187098645455,0.996805369580625,knots_p33_p66,Exposure knots = P33/P66,3,knots_p33_p66__t2m__mavg,46
t2m,mavg,4,19.972399897503,0.58,17.9187098645455,0.996243575108761,knots_p33_p66,Exposure knots = P33/P66,3,knots_p33_p66__t2m__mavg,46
t2m,mavg,4,20.2098802904,0.59,17.9187098645455,0.995665520020507,knots_p33_p66,Exposure knots = P33/P66,3,knots_p33_p66__t2m__mavg,46
t2m,mavg,4,20.44764450055,0.6,17.9187098645455,0.995055286773329,knots_p33_p66,Exposure knots = P33/P66,3,knots_p33_p66__t2m__mavg,46
t2m,mavg,4,20.6856039021867,0.61,17.9187098645455,0.994412553196761,knots_p33_p66,Exposure knots = P33/P66,3,knots_p33_p66__t2m__mavg,46
t2m,mavg,4,20.9214748150222,0.62,17.9187098645455,0.993743425054209,knots_p33_p66,Exposure knots = P33/P66,3,knots_p33_p66__t2m__mavg,46
t2m,mavg,4,21.15137547195,0.63,17.9187098645455,0.993060123994359,knots_p33_p66,Exposure knots = P33/P66,3,knots_p33_p66__t2m__mavg,46
t2m,mavg,4,21.37818918768,0.64,17.9187098645455,0.992355510884429,knots_p33_p66,Exposure knots = P33/P66,3,knots_p33_p66__t2m__mavg,46
t2m,mavg,4,21.60779915,0.65,17.9187098645455,0.991610979196131,knots_p33_p66,Exposure knots = P33/P66,3,knots_p33_p66__t2m__mavg,46
t2m,mavg,4,21.83763818304,0.66,17.9187098645455,0.990833847193645,knots_p33_p66,Exposure knots = P33/P66,3,knots_p33_p66__t2m__mavg,46
t2m,mavg,4,22.0627521283333,0.67,17.9187098645455,0.990041581553487,knots_p33_p66,Exposure knots = P33/P66,3,knots_p33_p66__t2m__mavg,46
t2m,mavg,4,22.2919050466286,0.68,17.9187098645455,0.989203924466268,knots_p33_p66,Exposure knots = P33/P66,3,knots_p33_p66__t2m__mavg,46
t2m,mavg,4,22.5153224188357,0.69,17.9187098645455,0.988357539634824,knots_p33_p66,Exposure knots = P33/P66,3,knots_p33_p66__t2m__mavg,46
t2m,mavg,4,22.7352023355556,0.7,17.9187098645455,0.987496495541326,knots_p33_p66,Exposure knots = P33/P66,3,knots_p33_p66__t2m__mavg,46
t2m,mavg,4,22.9514675885714,0.71,17.9187098645455,0.986622988956881,knots_p33_p66,Exposure knots = P33/P66,3,knots_p33_p66__t2m__mavg,46
t2m,mavg,4,23.1648568796436,0.72,17.9187098645455,0.985735739932738,knots_p33_p66,Exposure knots = P33/P66,3,knots_p33_p66__t2m__mavg,46
t2m,mavg,4,23.3807190752444,0.73,17.9187098645455,0.984813097102535,knots_p33_p66,Exposure knots = P33/P66,3,knots_p33_p66__t2m__mavg,46
t2m,mavg,4,23.5974854265818,0.74,17.9187098645455,0.983861697990864,knots_p33_p66,Exposure knots = P33/P66,3,knots_p33_p66__t2m__mavg,46
t2m,mavg,4,23.8194539806667,0.75,17.9187098645455,0.982862168380597,knots_p33_p66,Exposure knots = P33/P66,3,knots_p33_p66__t2m__mavg,46
t2m,mavg,4,24.0393968385333,0.76,17.9187098645455,0.981847065657868,knots_p33_p66,Exposure knots = P33/P66,3,knots_p33_p66__t2m__mavg,46
t2m,mavg,4,24.26452301436,0.77,17.9187098645455,0.980783160635091,knots_p33_p66,Exposure knots = P33/P66,3,knots_p33_p66__t2m__mavg,46
t2m,mavg,4,24.4983428388889,0.78,17.9187098645455,0.979652154322612,knots_p33_p66,Exposure knots = P33/P66,3,knots_p33_p66__t2m__mavg,46
t2m,mavg,4,24.7219085558333,0.79,17.9187098645455,0.97854655947431,knots_p33_p66,Exposure knots = P33/P66,3,knots_p33_p66__t2m__mavg,46
t2m,mavg,4,24.9408743528889,0.8,17.9187098645455,0.977441356475773,knots_p33_p66,Exposure knots = P33/P66,3,knots_p33_p66__t2m__mavg,46
t2m,mavg,4,25.165013827981,0.81,17.9187098645455,0.976287696641397,knots_p33_p66,Exposure knots = P33/P66,3,knots_p33_p66__t2m__mavg,46
t2m,mavg,4,25.3910733297818,0.82,17.9187098645455,0.975101844936686,knots_p33_p66,Exposure knots = P33/P66,3,knots_p33_p66__t2m__mavg,46
t2m,mavg,4,25.61824506125,0.83,17.9187098645455,0.973888187928787,knots_p33_p66,Exposure knots = P33/P66,3,knots_p33_p66__t2m__mavg,46
t2m,mavg,4,25.8453134664364,0.84,17.9187098645455,0.972653675128825,knots_p33_p66,Exposure knots = P33/P66,3,knots_p33_p66__t2m__mavg,46
t2m,mavg,4,26.0763395075714,0.85,17.9187098645455,0.971376300793746,knots_p33_p66,Exposure knots = P33/P66,3,knots_p33_p66__t2m__mavg,46
t2m,mavg,4,26.3187202802909,0.86,17.9187098645455,0.970013688649857,knots_p33_p66,Exposure knots = P33/P66,3,knots_p33_p66__t2m__mavg,46
t2m,mavg,4,26.5671863141722,0.87,17.9187098645455,0.968593748835649,knots_p33_p66,Exposure knots = P33/P66,3,knots_p33_p66__t2m__mavg,46
t2m,mavg,4,26.8253266588889,0.88,17.9187098645455,0.967094565342639,knots_p33_p66,Exposure knots = P33/P66,3,knots_p33_p66__t2m__mavg,46
t2m,mavg,4,27.0916821564546,0.89,17.9187098645455,0.965522993882631,knots_p33_p66,Exposure knots = P33/P66,3,knots_p33_p66__t2m__mavg,46
t2m,mavg,4,27.3677640146,0.9,17.9187098645455,0.963868592565055,knots_p33_p66,Exposure knots = P33/P66,3,knots_p33_p66__t2m__mavg,46
t2m,mavg,4,27.6562653472333,0.91,17.9187098645455,0.962113234732801,knots_p33_p66,Exposure knots = P33/P66,3,knots_p33_p66__t2m__mavg,46
t2m,mavg,4,27.98116021386,0.92,17.9187098645455,0.960105463449167,knots_p33_p66,Exposure knots = P33/P66,3,knots_p33_p66__t2m__mavg,46
t2m,mavg,4,28.3356987118,0.93,17.9187098645455,0.957878996469253,knots_p33_p66,Exposure knots = P33/P66,3,knots_p33_p66__t2m__mavg,46
t2m,mavg,4,28.7114150291556,0.94,17.9187098645455,0.955481491111827,knots_p33_p66,Exposure knots = P33/P66,3,knots_p33_p66__t2m__mavg,46
t2m,mavg,4,29.10363162425,0.95,17.9187098645455,0.952939711642877,knots_p33_p66,Exposure knots = P33/P66,3,knots_p33_p66__t2m__mavg,46
t2m,mavg,4,29.52757361944,0.96,17.9187098645455,0.950150917425683,knots_p33_p66,Exposure knots = P33/P66,3,knots_p33_p66__t2m__mavg,46
t2m,mavg,4,30.0152930952,0.97,17.9187098645455,0.946894047329634,knots_p33_p66,Exposure knots = P33/P66,3,knots_p33_p66__t2m__mavg,46
t2m,mavg,4,30.606166406,0.98,17.9187098645455,0.942886446433913,knots_p33_p66,Exposure knots = P33/P66,3,knots_p33_p66__t2m__mavg,46
t2m,mavg,4,31.35193866715,0.99,17.9187098645455,0.937745803828301,knots_p33_p66,Exposure knots = P33/P66,3,knots_p33_p66__t2m__mavg,46
rh,mavg,4,47.9113061521333,0.01,76.166598945,1.02680937408333,knots_p33_p66,Exposure knots = P33/P66,3,knots_p33_p66__rh__mavg,47
rh,mavg,4,51.8289353607372,0.02,76.166598945,1.01968196565062,knots_p33_p66,Exposure knots = P33/P66,3,knots_p33_p66__rh__mavg,47
rh,mavg,4,54.3226252166667,0.03,76.166598945,1.01563887052891,knots_p33_p66,Exposure knots = P33/P66,3,knots_p33_p66__rh__mavg,47
rh,mavg,4,56.1251473576,0.04,76.166598945,1.01297123605303,knots_p33_p66,Exposure knots = P33/P66,3,knots_p33_p66__rh__mavg,47
rh,mavg,4,57.4634195875,0.05,76.166598945,1.01113485249737,knots_p33_p66,Exposure knots = P33/P66,3,knots_p33_p66__rh__mavg,47
rh,mavg,4,58.5655488030845,0.06,76.166598945,1.00971760566817,knots_p33_p66,Exposure knots = P33/P66,3,knots_p33_p66__rh__mavg,47
rh,mavg,4,59.50236515671,0.07,76.166598945,1.0085820857624,knots_p33_p66,Exposure knots = P33/P66,3,knots_p33_p66__rh__mavg,47
rh,mavg,4,60.3423170055143,0.08,76.166598945,1.00761907989228,knots_p33_p66,Exposure knots = P33/P66,3,knots_p33_p66__rh__mavg,47
rh,mavg,4,61.10679806,0.09,76.166598945,1.00678867528121,knots_p33_p66,Exposure knots = P33/P66,3,knots_p33_p66__rh__mavg,47
rh,mavg,4,61.7946768236667,0.1,76.166598945,1.00607958626852,knots_p33_p66,Exposure knots = P33/P66,3,knots_p33_p66__rh__mavg,47
rh,mavg,4,62.43267738812,0.11,76.166598945,1.00545462973557,knots_p33_p66,Exposure knots = P33/P66,3,knots_p33_p66__rh__mavg,47
rh,mavg,4,63.0405358144333,0.12,76.166598945,1.00488886284323,knots_p33_p66,Exposure knots = P33/P66,3,knots_p33_p66__rh__mavg,47
rh,mavg,4,63.60860254314,0.13,76.166598945,1.00438660925177,knots_p33_p66,Exposure knots = P33/P66,3,knots_p33_p66__rh__mavg,47
rh,mavg,4,64.14546059424,0.14,76.166598945,1.00393572243431,knots_p33_p66,Exposure knots = P33/P66,3,knots_p33_p66__rh__mavg,47
rh,mavg,4,64.654945188,0.15,76.166598945,1.00352941406705,knots_p33_p66,Exposure knots = P33/P66,3,knots_p33_p66__rh__mavg,47
rh,mavg,4,65.148653509,0.16,76.166598945,1.00315594309879,knots_p33_p66,Exposure knots = P33/P66,3,knots_p33_p66__rh__mavg,47
rh,mavg,4,65.6402881014286,0.17,76.166598945,1.00280404234707,knots_p33_p66,Exposure knots = P33/P66,3,knots_p33_p66__rh__mavg,47
rh,mavg,4,66.11288641336,0.18,76.166598945,1.00248475716589,knots_p33_p66,Exposure knots = P33/P66,3,knots_p33_p66__rh__mavg,47
rh,mavg,4,66.57951539,0.19,76.166598945,1.00218793427476,knots_p33_p66,Exposure knots = P33/P66,3,knots_p33_p66__rh__mavg,47
rh,mavg,4,67.023168635,0.2,76.166598945,1.00192285656685,knots_p33_p66,Exposure knots = P33/P66,3,knots_p33_p66__rh__mavg,47
rh,mavg,4,67.4542677525,0.21,76.166598945,1.00168141064494,knots_p33_p66,Exposure knots = P33/P66,3,knots_p33_p66__rh__mavg,47
rh,mavg,4,67.8709934233333,0.22,76.166598945,1.00146325022915,knots_p33_p66,Exposure knots = P33/P66,3,knots_p33_p66__rh__mavg,47
rh,mavg,4,68.2699789666667,0.23,76.166598945,1.00126852057135,knots_p33_p66,Exposure knots = P33/P66,3,knots_p33_p66__rh__mavg,47
rh,mavg,4,68.6616852572,0.24,76.166598945,1.00109090455607,knots_p33_p66,Exposure knots = P33/P66,3,knots_p33_p66__rh__mavg,47
rh,mavg,4,69.0278560573296,0.25,76.166598945,1.00093710550109,knots_p33_p66,Exposure knots = P33/P66,3,knots_p33_p66__rh__mavg,47
rh,mavg,4,69.40068475032,0.26,76.166598945,1.00079274538998,knots_p33_p66,Exposure knots = P33/P66,3,knots_p33_p66__rh__mavg,47
rh,mavg,4,69.7597039301067,0.27,76.166598945,1.00066547975274,knots_p33_p66,Exposure knots = P33/P66,3,knots_p33_p66__rh__mavg,47
rh,mavg,4,70.10922018025,0.28,76.166598945,1.00055272876814,knots_p33_p66,Exposure knots = P33/P66,3,knots_p33_p66__rh__mavg,47
rh,mavg,4,70.448463821,0.29,76.166598945,1.00045387600414,knots_p33_p66,Exposure knots = P33/P66,3,knots_p33_p66__rh__mavg,47
rh,mavg,4,70.7803022218182,0.3,76.166598945,1.00036733194979,knots_p33_p66,Exposure knots = P33/P66,3,knots_p33_p66__rh__mavg,47
rh,mavg,4,71.1037979416,0.31,76.166598945,1.00029268613817,knots_p33_p66,Exposure knots = P33/P66,3,knots_p33_p66__rh__mavg,47
rh,mavg,4,71.4146012025714,0.32,76.166598945,1.00023006377237,knots_p33_p66,Exposure knots = P33/P66,3,knots_p33_p66__rh__mavg,47
rh,mavg,4,71.72720643165,0.33,76.166598945,1.00017612080282,knots_p33_p66,Exposure knots = P33/P66,3,knots_p33_p66__rh__mavg,47
rh,mavg,4,72.0343914692,0.34,76.166598945,1.00013185846212,knots_p33_p66,Exposure knots = P33/P66,3,knots_p33_p66__rh__mavg,47
rh,mavg,4,72.3355201951,0.35,76.166598945,1.00009626042717,knots_p33_p66,Exposure knots = P33/P66,3,knots_p33_p66__rh__mavg,47
rh,mavg,4,72.6281061931636,0.36,76.166598945,1.00006835544779,knots_p33_p66,Exposure knots = P33/P66,3,knots_p33_p66__rh__mavg,47
rh,mavg,4,72.9180867054833,0.37,76.166598945,1.00004652524725,knots_p33_p66,Exposure knots = P33/P66,3,knots_p33_p66__rh__mavg,47
rh,mavg,4,73.2000332289,0.38,76.166598945,1.00003023296365,knots_p33_p66,Exposure knots = P33/P66,3,knots_p33_p66__rh__mavg,47
rh,mavg,4,73.4688955212,0.39,76.166598945,1.00001866615031,knots_p33_p66,Exposure knots = P33/P66,3,knots_p33_p66__rh__mavg,47
rh,mavg,4,73.7331587234318,0.4,76.166598945,1.00001055606598,knots_p33_p66,Exposure knots = P33/P66,3,knots_p33_p66__rh__mavg,47
rh,mavg,4,74.0002303267891,0.41,76.166598945,1.00000513068259,knots_p33_p66,Exposure knots = P33/P66,3,knots_p33_p66__rh__mavg,47
rh,mavg,4,74.2640394919333,0.42,76.166598945,1.00000200462965,knots_p33_p66,Exposure knots = P33/P66,3,knots_p33_p66__rh__mavg,47
rh,mavg,4,74.5177337198,0.43,76.166598945,1.00000062777645,knots_p33_p66,Exposure knots = P33/P66,3,knots_p33_p66__rh__mavg,47
rh,mavg,4,74.7654804766,0.44,76.166598945,1.00000039674198,knots_p33_p66,Exposure knots = P33/P66,3,knots_p33_p66__rh__mavg,47
rh,mavg,4,75.0104587241667,0.45,76.166598945,1.00000084441934,knots_p33_p66,Exposure knots = P33/P66,3,knots_p33_p66__rh__mavg,47
rh,mavg,4,75.24823056,0.46,76.166598945,1.00000154420093,knots_p33_p66,Exposure knots = P33/P66,3,knots_p33_p66__rh__mavg,47
rh,mavg,4,75.486539765,0.47,76.166598945,1.00000213928002,knots_p33_p66,Exposure knots = P33/P66,3,knots_p33_p66__rh__mavg,47
rh,mavg,4,75.7140597942,0.48,76.166598945,1.00000227223849,knots_p33_p66,Exposure knots = P33/P66,3,knots_p33_p66__rh__mavg,47
rh,mavg,4,75.9425018,0.49,76.166598945,1.00000165231652,knots_p33_p66,Exposure knots = P33/P66,3,knots_p33_p66__rh__mavg,47
rh,mavg,4,76.166598945,0.5,76.166598945,1,knots_p33_p66,Exposure knots = P33/P66,3,knots_p33_p66__rh__mavg,47
rh,mavg,4,76.38912282325,0.51,76.166598945,0.999997033800622,knots_p33_p66,Exposure knots = P33/P66,3,knots_p33_p66__rh__mavg,47
rh,mavg,4,76.6071863461,0.52,76.166598945,0.999992558058999,knots_p33_p66,Exposure knots = P33/P66,3,knots_p33_p66__rh__mavg,47
rh,mavg,4,76.830478883,0.53,76.166598945,0.999986070894992,knots_p33_p66,Exposure knots = P33/P66,3,knots_p33_p66__rh__mavg,47
rh,mavg,4,77.0463221572,0.54,76.166598945,0.999977688292756,knots_p33_p66,Exposure knots = P33/P66,3,knots_p33_p66__rh__mavg,47
rh,mavg,4,77.2587424713556,0.55,76.166598945,0.999967144793752,knots_p33_p66,Exposure knots = P33/P66,3,knots_p33_p66__rh__mavg,47
rh,mavg,4,77.475275582,0.56,76.166598945,0.999953785468629,knots_p33_p66,Exposure knots = P33/P66,3,knots_p33_p66__rh__mavg,47
rh,mavg,4,77.6919475617,0.57,76.166598945,0.999937505470868,knots_p33_p66,Exposure knots = P33/P66,3,knots_p33_p66__rh__mavg,47
rh,mavg,4,77.91451340008,0.58,76.166598945,0.999917461066922,knots_p33_p66,Exposure knots = P33/P66,3,knots_p33_p66__rh__mavg,47
rh,mavg,4,78.13095937,0.59,76.166598945,0.999894458837604,knots_p33_p66,Exposure knots = P33/P66,3,knots_p33_p66__rh__mavg,47
rh,mavg,4,78.3503686648,0.6,76.166598945,0.999867326910326,knots_p33_p66,Exposure knots = P33/P66,3,knots_p33_p66__rh__mavg,47
rh,mavg,4,78.56541275372,0.61,76.166598945,0.99983673435655,knots_p33_p66,Exposure knots = P33/P66,3,knots_p33_p66__rh__mavg,47
rh,mavg,4,78.7835985625,0.62,76.166598945,0.999801369978073,knots_p33_p66,Exposure knots = P33/P66,3,knots_p33_p66__rh__mavg,47
rh,mavg,4,78.9966250779,0.63,76.166598945,0.999762371999228,knots_p33_p66,Exposure knots = P33/P66,3,knots_p33_p66__rh__mavg,47
rh,mavg,4,79.216640095,0.64,76.166598945,0.999717179762294,knots_p33_p66,Exposure knots = P33/P66,3,knots_p33_p66__rh__mavg,47
rh,mavg,4,79.4301071518333,0.65,76.166598945,0.999668290293928,knots_p33_p66,Exposure knots = P33/P66,3,knots_p33_p66__rh__mavg,47
rh,mavg,4,79.6410848670333,0.66,76.166598945,0.999614832303385,knots_p33_p66,Exposure knots = P33/P66,3,knots_p33_p66__rh__mavg,47
rh,mavg,4,79.8512010497667,0.67,76.166598945,0.999556314574232,knots_p33_p66,Exposure knots = P33/P66,3,knots_p33_p66__rh__mavg,47
rh,mavg,4,80.0667470602818,0.68,76.166598945,0.999490818250541,knots_p33_p66,Exposure knots = P33/P66,3,knots_p33_p66__rh__mavg,47
rh,mavg,4,80.2836192893403,0.69,76.166598945,0.999419393928213,knots_p33_p66,Exposure knots = P33/P66,3,knots_p33_p66__rh__mavg,47
rh,mavg,4,80.4984939968572,0.7,76.166598945,0.999343223998142,knots_p33_p66,Exposure knots = P33/P66,3,knots_p33_p66__rh__mavg,47
rh,mavg,4,80.7161699571091,0.71,76.166598945,0.999260640326017,knots_p33_p66,Exposure knots = P33/P66,3,knots_p33_p66__rh__mavg,47
rh,mavg,4,80.9405275196,0.72,76.166598945,0.999169879697928,knots_p33_p66,Exposure knots = P33/P66,3,knots_p33_p66__rh__mavg,47
rh,mavg,4,81.170741396875,0.73,76.166598945,0.999070869519334,knots_p33_p66,Exposure knots = P33/P66,3,knots_p33_p66__rh__mavg,47
rh,mavg,4,81.4091170714286,0.74,76.166598945,0.998962152866538,knots_p33_p66,Exposure knots = P33/P66,3,knots_p33_p66__rh__mavg,47
rh,mavg,4,81.6463065916667,0.75,76.166598945,0.998847802817248,knots_p33_p66,Exposure knots = P33/P66,3,knots_p33_p66__rh__mavg,47
rh,mavg,4,81.8882694085143,0.76,76.166598945,0.998724892045099,knots_p33_p66,Exposure knots = P33/P66,3,knots_p33_p66__rh__mavg,47
rh,mavg,4,82.1409157466917,0.77,76.166598945,0.998589902932709,knots_p33_p66,Exposure knots = P33/P66,3,knots_p33_p66__rh__mavg,47
rh,mavg,4,82.399651325,0.78,76.166598945,0.998444721631015,knots_p33_p66,Exposure knots = P33/P66,3,knots_p33_p66__rh__mavg,47
rh,mavg,4,82.66585142856,0.79,76.166598945,0.998288137200872,knots_p33_p66,Exposure knots = P33/P66,3,knots_p33_p66__rh__mavg,47
rh,mavg,4,82.9395703748572,0.8,76.166598945,0.998119623190613,knots_p33_p66,Exposure knots = P33/P66,3,knots_p33_p66__rh__mavg,47
rh,mavg,4,83.2127388826571,0.81,76.166598945,0.997943986630888,knots_p33_p66,Exposure knots = P33/P66,3,knots_p33_p66__rh__mavg,47
rh,mavg,4,83.4958086685714,0.82,76.166598945,0.997754256596689,knots_p33_p66,Exposure knots = P33/P66,3,knots_p33_p66__rh__mavg,47
rh,mavg,4,83.7784599084914,0.83,76.166598945,0.997557100067919,knots_p33_p66,Exposure knots = P33/P66,3,knots_p33_p66__rh__mavg,47
rh,mavg,4,84.07278656856,0.84,76.166598945,0.997343767539406,knots_p33_p66,Exposure knots = P33/P66,3,knots_p33_p66__rh__mavg,47
rh,mavg,4,84.3706055315758,0.85,76.166598945,0.997119724343163,knots_p33_p66,Exposure knots = P33/P66,3,knots_p33_p66__rh__mavg,47
rh,mavg,4,84.6865195375,0.86,76.166598945,0.996873260504092,knots_p33_p66,Exposure knots = P33/P66,3,knots_p33_p66__rh__mavg,47
rh,mavg,4,85.0149985028786,0.87,76.166598945,0.996607587139955,knots_p33_p66,Exposure knots = P33/P66,3,knots_p33_p66__rh__mavg,47
rh,mavg,4,85.35592591625,0.88,76.166598945,0.996321939026134,knots_p33_p66,Exposure knots = P33/P66,3,knots_p33_p66__rh__mavg,47
rh,mavg,4,85.71409598425,0.89,76.166598945,0.996011244842632,knots_p33_p66,Exposure knots = P33/P66,3,knots_p33_p66__rh__mavg,47
rh,mavg,4,86.0921176384,0.9,76.166598945,0.995671864639025,knots_p33_p66,Exposure knots = P33/P66,3,knots_p33_p66__rh__mavg,47
rh,mavg,4,86.490493427775,0.91,76.166598945,0.995301835949169,knots_p33_p66,Exposure knots = P33/P66,3,knots_p33_p66__rh__mavg,47
rh,mavg,4,86.9216783975,0.92,76.166598945,0.994887474389806,knots_p33_p66,Exposure knots = P33/P66,3,knots_p33_p66__rh__mavg,47
rh,mavg,4,87.3998533681,0.93,76.166598945,0.994411705472916,knots_p33_p66,Exposure knots = P33/P66,3,knots_p33_p66__rh__mavg,47
rh,mavg,4,87.9177604333333,0.94,76.166598945,0.993877896314198,knots_p33_p66,Exposure knots = P33/P66,3,knots_p33_p66__rh__mavg,47
rh,mavg,4,88.491527711,0.95,76.166598945,0.993265069290277,knots_p33_p66,Exposure knots = P33/P66,3,knots_p33_p66__rh__mavg,47
rh,mavg,4,89.1438995766667,0.96,76.166598945,0.992542362791267,knots_p33_p66,Exposure knots = P33/P66,3,knots_p33_p66__rh__mavg,47
rh,mavg,4,89.92292729,0.97,76.166598945,0.991645541563784,knots_p33_p66,Exposure knots = P33/P66,3,knots_p33_p66__rh__mavg,47
rh,mavg,4,90.9308004652,0.98,76.166598945,0.990435256024212,knots_p33_p66,Exposure knots = P33/P66,3,knots_p33_p66__rh__mavg,47
rh,mavg,4,92.5559880265333,0.99,76.166598945,0.988380009283762,knots_p33_p66,Exposure knots = P33/P66,3,knots_p33_p66__rh__mavg,47
ssr,mavg,4,1.944673,0.01,12.787697,0.974520422400299,knots_p33_p66,Exposure knots = P33/P66,3,knots_p33_p66__ssr__mavg,48
ssr,mavg,4,2.6523456,0.02,12.787697,0.976140284665178,knots_p33_p66,Exposure knots = P33/P66,3,knots_p33_p66__ssr__mavg,48
ssr,mavg,4,3.189328,0.03,12.787697,0.977373252390784,knots_p33_p66,Exposure knots = P33/P66,3,knots_p33_p66__ssr__mavg,48
ssr,mavg,4,3.61973228832,0.04,12.787697,0.978364215714709,knots_p33_p66,Exposure knots = P33/P66,3,knots_p33_p66__ssr__mavg,48
ssr,mavg,4,4.02205824,0.05,12.787697,0.979292932470955,knots_p33_p66,Exposure knots = P33/P66,3,knots_p33_p66__ssr__mavg,48
ssr,mavg,4,4.38614026666667,0.06,12.787697,0.980135528897061,knots_p33_p66,Exposure knots = P33/P66,3,knots_p33_p66__ssr__mavg,48
ssr,mavg,4,4.71550509090909,0.07,12.787697,0.980899668907255,knots_p33_p66,Exposure knots = P33/P66,3,knots_p33_p66__ssr__mavg,48
ssr,mavg,4,5.02689664,0.08,12.787697,0.981623858377893,knots_p33_p66,Exposure knots = P33/P66,3,knots_p33_p66__ssr__mavg,48
ssr,mavg,4,5.31854136,0.09,12.787697,0.982303744338228,knots_p33_p66,Exposure knots = P33/P66,3,knots_p33_p66__ssr__mavg,48
ssr,mavg,4,5.590286,0.1,12.787697,0.982938715308404,knots_p33_p66,Exposure knots = P33/P66,3,knots_p33_p66__ssr__mavg,48
ssr,mavg,4,5.85069116533333,0.11,12.787697,0.983548582129686,knots_p33_p66,Exposure knots = P33/P66,3,knots_p33_p66__ssr__mavg,48
ssr,mavg,4,6.100882,0.12,12.787697,0.984135859539314,knots_p33_p66,Exposure knots = P33/P66,3,knots_p33_p66__ssr__mavg,48
ssr,mavg,4,6.34631533333333,0.13,12.787697,0.984713283647202,knots_p33_p66,Exposure knots = P33/P66,3,knots_p33_p66__ssr__mavg,48
ssr,mavg,4,6.580677856,0.14,12.787697,0.985265916984049,knots_p33_p66,Exposure knots = P33/P66,3,knots_p33_p66__ssr__mavg,48
ssr,mavg,4,6.80805926666667,0.15,12.787697,0.985803297383359,knots_p33_p66,Exposure knots = P33/P66,3,knots_p33_p66__ssr__mavg,48
ssr,mavg,4,7.02449127272727,0.16,12.787697,0.986315938697195,knots_p33_p66,Exposure knots = P33/P66,3,knots_p33_p66__ssr__mavg,48
ssr,mavg,4,7.23230030729333,0.17,12.787697,0.986809228736784,knots_p33_p66,Exposure knots = P33/P66,3,knots_p33_p66__ssr__mavg,48
ssr,mavg,4,7.43513077818182,0.18,12.787697,0.987291740648595,knots_p33_p66,Exposure knots = P33/P66,3,knots_p33_p66__ssr__mavg,48
ssr,mavg,4,7.64223791428571,0.19,12.787697,0.987785512370199,knots_p33_p66,Exposure knots = P33/P66,3,knots_p33_p66__ssr__mavg,48
ssr,mavg,4,7.8380788952381,0.2,12.787697,0.988253457416449,knots_p33_p66,Exposure knots = P33/P66,3,knots_p33_p66__ssr__mavg,48
ssr,mavg,4,8.03816607428571,0.21,12.787697,0.988732609694022,knots_p33_p66,Exposure knots = P33/P66,3,knots_p33_p66__ssr__mavg,48
ssr,mavg,4,8.23024508,0.22,12.787697,0.989193616029282,knots_p33_p66,Exposure knots = P33/P66,3,knots_p33_p66__ssr__mavg,48
ssr,mavg,4,8.42263443,0.23,12.787697,0.989656401710008,knots_p33_p66,Exposure knots = P33/P66,3,knots_p33_p66__ssr__mavg,48
ssr,mavg,4,8.61453718857143,0.24,12.787697,0.990119069720489,knots_p33_p66,Exposure knots = P33/P66,3,knots_p33_p66__ssr__mavg,48
ssr,mavg,4,8.7989433,0.25,12.787697,0.990564674262401,knots_p33_p66,Exposure knots = P33/P66,3,knots_p33_p66__ssr__mavg,48
ssr,mavg,4,8.98352706505051,0.26,12.787697,0.991011719277336,knots_p33_p66,Exposure knots = P33/P66,3,knots_p33_p66__ssr__mavg,48
ssr,mavg,4,9.16066517974667,0.27,12.787697,0.991441700611563,knots_p33_p66,Exposure knots = P33/P66,3,knots_p33_p66__ssr__mavg,48
ssr,mavg,4,9.33826191824727,0.28,12.787697,0.991873765184996,knots_p33_p66,Exposure knots = P33/P66,3,knots_p33_p66__ssr__mavg,48
ssr,mavg,4,9.50963934,0.29,12.787697,0.992291635960627,knots_p33_p66,Exposure knots = P33/P66,3,knots_p33_p66__ssr__mavg,48
ssr,mavg,4,9.67503075555555,0.3,12.787697,0.992695798069172,knots_p33_p66,Exposure knots = P33/P66,3,knots_p33_p66__ssr__mavg,48
ssr,mavg,4,9.83952432,0.31,12.787697,0.993098644203307,knots_p33_p66,Exposure knots = P33/P66,3,knots_p33_p66__ssr__mavg,48
ssr,mavg,4,10.0036404228571,0.32,12.787697,0.993501452217871,knots_p33_p66,Exposure knots = P33/P66,3,knots_p33_p66__ssr__mavg,48
ssr,mavg,4,10.16343928,0.33,12.787697,0.993894527527109,knots_p33_p66,Exposure knots = P33/P66,3,knots_p33_p66__ssr__mavg,48
ssr,mavg,4,10.322014380832,0.34,12.787697,0.994285341545961,knots_p33_p66,Exposure knots = P33/P66,3,knots_p33_p66__ssr__mavg,48
ssr,mavg,4,10.48074885,0.35,12.787697,0.994676776722454,knots_p33_p66,Exposure knots = P33/P66,3,knots_p33_p66__ssr__mavg,48
ssr,mavg,4,10.640083392,0.36,12.787697,0.995069291257491,knots_p33_p66,Exposure knots = P33/P66,3,knots_p33_p66__ssr__mavg,48
ssr,mavg,4,10.794844,0.37,12.787697,0.995449553461056,knots_p33_p66,Exposure knots = P33/P66,3,knots_p33_p66__ssr__mavg,48
ssr,mavg,4,10.95158032,0.38,12.787697,0.995833079659214,knots_p33_p66,Exposure knots = P33/P66,3,knots_p33_p66__ssr__mavg,48
ssr,mavg,4,11.1067491885714,0.39,12.787697,0.996210601721332,knots_p33_p66,Exposure knots = P33/P66,3,knots_p33_p66__ssr__mavg,48
ssr,mavg,4,11.26097152,0.4,12.787697,0.996583099008259,knots_p33_p66,Exposure knots = P33/P66,3,knots_p33_p66__ssr__mavg,48
ssr,mavg,4,11.41750094,0.41,12.787697,0.996957798161402,knots_p33_p66,Exposure knots = P33/P66,3,knots_p33_p66__ssr__mavg,48
ssr,mavg,4,11.575937763504,0.42,12.787697,0.997332989021538,knots_p33_p66,Exposure knots = P33/P66,3,knots_p33_p66__ssr__mavg,48
ssr,mavg,4,11.7291736536364,0.43,12.787697,0.997691374894025,knots_p33_p66,Exposure knots = P33/P66,3,knots_p33_p66__ssr__mavg,48
ssr,mavg,4,11.8854656133333,0.44,12.787697,0.998051763856176,knots_p33_p66,Exposure knots = P33/P66,3,knots_p33_p66__ssr__mavg,48
ssr,mavg,4,12.03982874,0.45,12.787697,0.998402017763338,knots_p33_p66,Exposure knots = P33/P66,3,knots_p33_p66__ssr__mavg,48
ssr,mavg,4,12.19248176,0.46,12.787697,0.998742258208232,knots_p33_p66,Exposure knots = P33/P66,3,knots_p33_p66__ssr__mavg,48
ssr,mavg,4,12.3422409527273,0.47,12.787697,0.999069573936972,knots_p33_p66,Exposure knots = P33/P66,3,knots_p33_p66__ssr__mavg,48
ssr,mavg,4,12.489190576,0.48,12.787697,0.999383995817438,knots_p33_p66,Exposure knots = P33/P66,3,knots_p33_p66__ssr__mavg,48
ssr,mavg,4,12.63607092,0.49,12.787697,0.999691076613976,knots_p33_p66,Exposure knots = P33/P66,3,knots_p33_p66__ssr__mavg,48
ssr,mavg,4,12.787697,0.5,12.787697,1,knots_p33_p66,Exposure knots = P33/P66,3,knots_p33_p66__ssr__mavg,48
ssr,mavg,4,12.9388510666667,0.51,12.787697,1.00029924489613,knots_p33_p66,Exposure knots = P33/P66,3,knots_p33_p66__ssr__mavg,48
ssr,mavg,4,13.0909324,0.52,12.787697,1.00059098367279,knots_p33_p66,Exposure knots = P33/P66,3,knots_p33_p66__ssr__mavg,48
ssr,mavg,4,13.2422424783875,0.53,12.787697,1.00087138783148,knots_p33_p66,Exposure knots = P33/P66,3,knots_p33_p66__ssr__mavg,48
ssr,mavg,4,13.39640408,0.54,12.787697,1.00114639235408,knots_p33_p66,Exposure knots = P33/P66,3,knots_p33_p66__ssr__mavg,48
ssr,mavg,4,13.54846681,0.55,12.787697,1.0014065200815,knots_p33_p66,Exposure knots = P33/P66,3,knots_p33_p66__ssr__mavg,48
ssr,mavg,4,13.6976573333333,0.56,12.787697,1.00165044329075,knots_p33_p66,Exposure knots = P33/P66,3,knots_p33_p66__ssr__mavg,48
ssr,mavg,4,13.8487551007792,0.57,12.787697,1.00188553822901,knots_p33_p66,Exposure knots = P33/P66,3,knots_p33_p66__ssr__mavg,48
ssr,mavg,4,13.9949158933333,0.58,12.787697,1.00210099432082,knots_p33_p66,Exposure knots = P33/P66,3,knots_p33_p66__ssr__mavg,48
ssr,mavg,4,14.14779,0.59,12.787697,1.00231321599473,knots_p33_p66,Exposure knots = P33/P66,3,knots_p33_p66__ssr__mavg,48
ssr,mavg,4,14.316496,0.6,12.787697,1.00253115560489,knots_p33_p66,Exposure knots = P33/P66,3,knots_p33_p66__ssr__mavg,48
ssr,mavg,4,14.4890822,0.61,12.787697,1.00273567742146,knots_p33_p66,Exposure knots = P33/P66,3,knots_p33_p66__ssr__mavg,48
ssr,mavg,4,14.6566642819048,0.62,12.787697,1.00291565840245,knots_p33_p66,Exposure knots = P33/P66,3,knots_p33_p66__ssr__mavg,48
ssr,mavg,4,14.82728228,0.63,12.787697,1.00307927600814,knots_p33_p66,Exposure knots = P33/P66,3,knots_p33_p66__ssr__mavg,48
ssr,mavg,4,15.00565864,0.64,12.787697,1.00322830608773,knots_p33_p66,Exposure knots = P33/P66,3,knots_p33_p66__ssr__mavg,48
ssr,mavg,4,15.1854037704545,0.65,12.787697,1.00335479708335,knots_p33_p66,Exposure knots = P33/P66,3,knots_p33_p66__ssr__mavg,48
ssr,mavg,4,15.3629884336,0.66,12.787697,1.00345551808834,knots_p33_p66,Exposure knots = P33/P66,3,knots_p33_p66__ssr__mavg,48
ssr,mavg,4,15.5513,0.67,12.787697,1.0035352311048,knots_p33_p66,Exposure knots = P33/P66,3,knots_p33_p66__ssr__mavg,48
ssr,mavg,4,15.7395738707071,0.68,12.787697,1.00358718443116,knots_p33_p66,Exposure knots = P33/P66,3,knots_p33_p66__ssr__mavg,48
ssr,mavg,4,15.92467629114,0.69,12.787697,1.00361156715984,knots_p33_p66,Exposure knots = P33/P66,3,knots_p33_p66__ssr__mavg,48
ssr,mavg,4,16.1136532,0.7,12.787697,1.00360951387433,knots_p33_p66,Exposure knots = P33/P66,3,knots_p33_p66__ssr__mavg,48
ssr,mavg,4,16.3027011428571,0.71,12.787697,1.00358058477885,knots_p33_p66,Exposure knots = P33/P66,3,knots_p33_p66__ssr__mavg,48
ssr,mavg,4,16.49189872,0.72,12.787697,1.00352509186287,knots_p33_p66,Exposure knots = P33/P66,3,knots_p33_p66__ssr__mavg,48
ssr,mavg,4,16.6861851418182,0.73,12.787697,1.00344086622126,knots_p33_p66,Exposure knots = P33/P66,3,knots_p33_p66__ssr__mavg,48
ssr,mavg,4,16.8843102351515,0.74,12.787697,1.00332696931969,knots_p33_p66,Exposure knots = P33/P66,3,knots_p33_p66__ssr__mavg,48
ssr,mavg,4,17.083352,0.75,12.787697,1.00318450202782,knots_p33_p66,Exposure knots = P33/P66,3,knots_p33_p66__ssr__mavg,48
ssr,mavg,4,17.2934395985455,0.76,12.787697,1.00300412445878,knots_p33_p66,Exposure knots = P33/P66,3,knots_p33_p66__ssr__mavg,48
ssr,mavg,4,17.5053112727273,0.77,12.787697,1.0027915280068,knots_p33_p66,Exposure knots = P33/P66,3,knots_p33_p66__ssr__mavg,48
ssr,mavg,4,17.718464032,0.78,12.787697,1.00254709114666,knots_p33_p66,Exposure knots = P33/P66,3,knots_p33_p66__ssr__mavg,48
ssr,mavg,4,17.93608008,0.79,12.787697,1.00226648944178,knots_p33_p66,Exposure knots = P33/P66,3,knots_p33_p66__ssr__mavg,48
ssr,mavg,4,18.1623068,0.8,12.787697,1.00194215687363,knots_p33_p66,Exposure knots = P33/P66,3,knots_p33_p66__ssr__mavg,48
ssr,mavg,4,18.3938196708571,0.81,12.787697,1.00157649221133,knots_p33_p66,Exposure knots = P33/P66,3,knots_p33_p66__ssr__mavg,48
ssr,mavg,4,18.6314207393714,0.82,12.787697,1.00116645100728,knots_p33_p66,Exposure knots = P33/P66,3,knots_p33_p66__ssr__mavg,48
ssr,mavg,4,18.8744522539,0.83,12.787697,1.00071140865399,knots_p33_p66,Exposure knots = P33/P66,3,knots_p33_p66__ssr__mavg,48
ssr,mavg,4,19.1208155,0.84,12.787697,1.00021419553773,knots_p33_p66,Exposure knots = P33/P66,3,knots_p33_p66__ssr__mavg,48
ssr,mavg,4,19.369656415,0.85,12.787697,0.999676135370466,knots_p33_p66,Exposure knots = P33/P66,3,knots_p33_p66__ssr__mavg,48
ssr,mavg,4,19.632897344,0.86,12.787697,0.999068714482931,knots_p33_p66,Exposure knots = P33/P66,3,knots_p33_p66__ssr__mavg,48
ssr,mavg,4,19.9049417937778,0.87,12.787697,0.998400794689052,knots_p33_p66,Exposure knots = P33/P66,3,knots_p33_p66__ssr__mavg,48
ssr,mavg,4,20.1880339266667,0.88,12.787697,0.997663632484428,knots_p33_p66,Exposure knots = P33/P66,3,knots_p33_p66__ssr__mavg,48
ssr,mavg,4,20.4975559782857,0.89,12.787697,0.996810031368488,knots_p33_p66,Exposure knots = P33/P66,3,knots_p33_p66__ssr__mavg,48
ssr,mavg,4,20.8251022857143,0.9,12.787697,0.995854424171088,knots_p33_p66,Exposure knots = P33/P66,3,knots_p33_p66__ssr__mavg,48
ssr,mavg,4,21.16694192,0.91,12.787697,0.994801950329467,knots_p33_p66,Exposure knots = P33/P66,3,knots_p33_p66__ssr__mavg,48
ssr,mavg,4,21.543307392,0.92,12.787697,0.993580764918838,knots_p33_p66,Exposure knots = P33/P66,3,knots_p33_p66__ssr__mavg,48
ssr,mavg,4,21.939771024,0.93,12.787697,0.992226951776395,knots_p33_p66,Exposure knots = P33/P66,3,knots_p33_p66__ssr__mavg,48
ssr,mavg,4,22.3746434533333,0.94,12.787697,0.990666690174856,knots_p33_p66,Exposure knots = P33/P66,3,knots_p33_p66__ssr__mavg,48
ssr,mavg,4,22.8378663971429,0.95,12.787697,0.988923304292481,knots_p33_p66,Exposure knots = P33/P66,3,knots_p33_p66__ssr__mavg,48
ssr,mavg,4,23.3259882036364,0.96,12.787697,0.987001582215837,knots_p33_p66,Exposure knots = P33/P66,3,knots_p33_p66__ssr__mavg,48
ssr,mavg,4,23.8906393965714,0.97,12.787697,0.984678939882822,knots_p33_p66,Exposure knots = P33/P66,3,knots_p33_p66__ssr__mavg,48
ssr,mavg,4,24.5702555,0.98,12.787697,0.981755757603004,knots_p33_p66,Exposure knots = P33/P66,3,knots_p33_p66__ssr__mavg,48
ssr,mavg,4,25.5998314666667,0.99,12.787697,0.977099850985541,knots_p33_p66,Exposure knots = P33/P66,3,knots_p33_p66__ssr__mavg,48
uv,mavg,4,0.348939914625,0.01,1.76445038733333,1.0277752071063,knots_p33_p66,Exposure knots = P33/P66,3,knots_p33_p66__uv__mavg,49
uv,mavg,4,0.429339396054857,0.02,1.76445038733333,1.02513635756366,knots_p33_p66,Exposure knots = P33/P66,3,knots_p33_p66__uv__mavg,49
uv,mavg,4,0.4854468878,0.03,1.76445038733333,1.02333701791944,knots_p33_p66,Exposure knots = P33/P66,3,knots_p33_p66__uv__mavg,49
uv,mavg,4,0.531460198256,0.04,1.76445038733333,1.02189052915481,knots_p33_p66,Exposure knots = P33/P66,3,knots_p33_p66__uv__mavg,49
uv,mavg,4,0.570290150280909,0.05,1.76445038733333,1.0206920305578,knots_p33_p66,Exposure knots = P33/P66,3,knots_p33_p66__uv__mavg,49
uv,mavg,4,0.608565775333333,0.06,1.76445038733333,1.01953186238256,knots_p33_p66,Exposure knots = P33/P66,3,knots_p33_p66__uv__mavg,49
uv,mavg,4,0.64579285185,0.07,1.76445038733333,1.01842488414988,knots_p33_p66,Exposure knots = P33/P66,3,knots_p33_p66__uv__mavg,49
uv,mavg,4,0.681987515212857,0.08,1.76445038733333,1.01736994743406,knots_p33_p66,Exposure knots = P33/P66,3,knots_p33_p66__uv__mavg,49
uv,mavg,4,0.71707240557,0.09,1.76445038733333,1.01636844414394,knots_p33_p66,Exposure knots = P33/P66,3,knots_p33_p66__uv__mavg,49
uv,mavg,4,0.753016215709091,0.1,1.76445038733333,1.01536496053728,knots_p33_p66,Exposure knots = P33/P66,3,knots_p33_p66__uv__mavg,49
uv,mavg,4,0.789314563566667,0.11,1.76445038733333,1.01437576292974,knots_p33_p66,Exposure knots = P33/P66,3,knots_p33_p66__uv__mavg,49
uv,mavg,4,0.825111005444444,0.12,1.76445038733333,1.01342506716982,knots_p33_p66,Exposure knots = P33/P66,3,knots_p33_p66__uv__mavg,49
uv,mavg,4,0.860076582076,0.13,1.76445038733333,1.01252120708056,knots_p33_p66,Exposure knots = P33/P66,3,knots_p33_p66__uv__mavg,49
uv,mavg,4,0.8951870418,0.14,1.76445038733333,1.01163918417204,knots_p33_p66,Exposure knots = P33/P66,3,knots_p33_p66__uv__mavg,49
uv,mavg,4,0.92993914865,0.15,1.76445038733333,1.01079233594961,knots_p33_p66,Exposure knots = P33/P66,3,knots_p33_p66__uv__mavg,49
uv,mavg,4,0.963910693706667,0.16,1.76445038733333,1.00999055890623,knots_p33_p66,Exposure knots = P33/P66,3,knots_p33_p66__uv__mavg,49
uv,mavg,4,0.997829398578909,0.17,1.76445038733333,1.00921658303212,knots_p33_p66,Exposure knots = P33/P66,3,knots_p33_p66__uv__mavg,49
uv,mavg,4,1.03049554549091,0.18,1.76445038733333,1.00849706533744,knots_p33_p66,Exposure knots = P33/P66,3,knots_p33_p66__uv__mavg,49
uv,mavg,4,1.06210939533143,0.19,1.76445038733333,1.00782562691405,knots_p33_p66,Exposure knots = P33/P66,3,knots_p33_p66__uv__mavg,49
uv,mavg,4,1.09264629635,0.2,1.76445038733333,1.0072009708641,knots_p33_p66,Exposure knots = P33/P66,3,knots_p33_p66__uv__mavg,49
uv,mavg,4,1.12195891197,0.21,1.76445038733333,1.00662404206365,knots_p33_p66,Exposure knots = P33/P66,3,knots_p33_p66__uv__mavg,49
uv,mavg,4,1.15037510146786,0.22,1.76445038733333,1.00608649309965,knots_p33_p66,Exposure knots = P33/P66,3,knots_p33_p66__uv__mavg,49
uv,mavg,4,1.17856443613,0.23,1.76445038733333,1.0055748769342,knots_p33_p66,Exposure knots = P33/P66,3,knots_p33_p66__uv__mavg,49
uv,mavg,4,1.20530174134667,0.24,1.76445038733333,1.00510997680393,knots_p33_p66,Exposure knots = P33/P66,3,knots_p33_p66__uv__mavg,49
uv,mavg,4,1.23200291971429,0.25,1.76445038733333,1.00466591283519,knots_p33_p66,Exposure knots = P33/P66,3,knots_p33_p66__uv__mavg,49
uv,mavg,4,1.25758901867,0.26,1.76445038733333,1.00425972553855,knots_p33_p66,Exposure knots = P33/P66,3,knots_p33_p66__uv__mavg,49
uv,mavg,4,1.282364763396,0.27,1.76445038733333,1.00388478375491,knots_p33_p66,Exposure knots = P33/P66,3,knots_p33_p66__uv__mavg,49
uv,mavg,4,1.30654421604,0.28,1.76445038733333,1.00353662550132,knots_p33_p66,Exposure knots = P33/P66,3,knots_p33_p66__uv__mavg,49
uv,mavg,4,1.3309235534,0.29,1.76445038733333,1.00320366794576,knots_p33_p66,Exposure knots = P33/P66,3,knots_p33_p66__uv__mavg,49
uv,mavg,4,1.35380810756444,0.3,1.76445038733333,1.00290792598778,knots_p33_p66,Exposure knots = P33/P66,3,knots_p33_p66__uv__mavg,49
uv,mavg,4,1.3760796083675,0.31,1.76445038733333,1.00263598472167,knots_p33_p66,Exposure knots = P33/P66,3,knots_p33_p66__uv__mavg,49
uv,mavg,4,1.39867697989333,0.32,1.76445038733333,1.00237632491961,knots_p33_p66,Exposure knots = P33/P66,3,knots_p33_p66__uv__mavg,49
uv,mavg,4,1.42051298490667,0.33,1.76445038733333,1.00214121219321,knots_p33_p66,Exposure knots = P33/P66,3,knots_p33_p66__uv__mavg,49
uv,mavg,4,1.44233979499048,0.34,1.76445038733333,1.00192177831797,knots_p33_p66,Exposure knots = P33/P66,3,knots_p33_p66__uv__mavg,49
uv,mavg,4,1.46383086697403,0.35,1.76445038733333,1.00172033245367,knots_p33_p66,Exposure knots = P33/P66,3,knots_p33_p66__uv__mavg,49
uv,mavg,4,1.485152064384,0.36,1.76445038733333,1.00153405549283,knots_p33_p66,Exposure knots = P33/P66,3,knots_p33_p66__uv__mavg,49
uv,mavg,4,1.50586764633222,0.37,1.76445038733333,1.00136531819178,knots_p33_p66,Exposure knots = P33/P66,3,knots_p33_p66__uv__mavg,49
uv,mavg,4,1.526465190626,0.38,1.76445038733333,1.00120883468532,knots_p33_p66,Exposure knots = P33/P66,3,knots_p33_p66__uv__mavg,49
uv,mavg,4,1.54649524190691,0.39,1.76445038733333,1.00106682840197,knots_p33_p66,Exposure knots = P33/P66,3,knots_p33_p66__uv__mavg,49
uv,mavg,4,1.56666881683333,0.4,1.76445038733333,1.00093331170861,knots_p33_p66,Exposure knots = P33/P66,3,knots_p33_p66__uv__mavg,49
uv,mavg,4,1.58704123712,0.41,1.76445038733333,1.00080752828311,knots_p33_p66,Exposure knots = P33/P66,3,knots_p33_p66__uv__mavg,49
uv,mavg,4,1.606860504844,0.42,1.76445038733333,1.00069327876075,knots_p33_p66,Exposure knots = P33/P66,3,knots_p33_p66__uv__mavg,49
uv,mavg,4,1.6269823500725,0.43,1.76445038733333,1.00058486374143,knots_p33_p66,Exposure knots = P33/P66,3,knots_p33_p66__uv__mavg,49
uv,mavg,4,1.6468283248,0.44,1.76445038733333,1.00048481616865,knots_p33_p66,Exposure knots = P33/P66,3,knots_p33_p66__uv__mavg,49
uv,mavg,4,1.66686548877,0.45,1.76445038733333,1.00039013237959,knots_p33_p66,Exposure knots = P33/P66,3,knots_p33_p66__uv__mavg,49
uv,mavg,4,1.68652428634,0.46,1.76445038733333,1.00030282958702,knots_p33_p66,Exposure knots = P33/P66,3,knots_p33_p66__uv__mavg,49
uv,mavg,4,1.70586345254286,0.47,1.76445038733333,1.00022179047134,knots_p33_p66,Exposure knots = P33/P66,3,knots_p33_p66__uv__mavg,49
uv,mavg,4,1.72568964166667,0.48,1.76445038733333,1.0001431226462,knots_p33_p66,Exposure knots = P33/P66,3,knots_p33_p66__uv__mavg,49
uv,mavg,4,1.74493691477622,0.49,1.76445038733333,1.00007047194959,knots_p33_p66,Exposure knots = P33/P66,3,knots_p33_p66__uv__mavg,49
uv,mavg,4,1.76445038733333,0.5,1.76445038733333,1,knots_p33_p66,Exposure knots = P33/P66,3,knots_p33_p66__uv__mavg,49
uv,mavg,4,1.784299932875,0.51,1.76445038733333,0.999931026789926,knots_p33_p66,Exposure knots = P33/P66,3,knots_p33_p66__uv__mavg,49
uv,mavg,4,1.80388643063,0.52,1.76445038733333,0.999865076314121,knots_p33_p66,Exposure knots = P33/P66,3,knots_p33_p66__uv__mavg,49
uv,mavg,4,1.8229605780103,0.53,1.76445038733333,0.999802321560835,knots_p33_p66,Exposure knots = P33/P66,3,knots_p33_p66__uv__mavg,49
uv,mavg,4,1.84287854172343,0.54,1.76445038733333,0.999737767440854,knots_p33_p66,Exposure knots = P33/P66,3,knots_p33_p66__uv__mavg,49
uv,mavg,4,1.86241789998143,0.55,1.76445038733333,0.999674842889022,knots_p33_p66,Exposure knots = P33/P66,3,knots_p33_p66__uv__mavg,49
uv,mavg,4,1.88203713654667,0.56,1.76445038733333,0.999611491882871,knots_p33_p66,Exposure knots = P33/P66,3,knots_p33_p66__uv__mavg,49
uv,mavg,4,1.90138614414545,0.57,1.76445038733333,0.999548293193265,knots_p33_p66,Exposure knots = P33/P66,3,knots_p33_p66__uv__mavg,49
uv,mavg,4,1.921404196132,0.58,1.76445038733333,0.999481572641218,knots_p33_p66,Exposure knots = P33/P66,3,knots_p33_p66__uv__mavg,49
uv,mavg,4,1.94150384552,0.59,1.76445038733333,0.99941261042435,knots_p33_p66,Exposure knots = P33/P66,3,knots_p33_p66__uv__mavg,49
uv,mavg,4,1.961998434875,0.6,1.76445038733333,0.999339627933914,knots_p33_p66,Exposure knots = P33/P66,3,knots_p33_p66__uv__mavg,49
uv,mavg,4,1.98221717749067,0.61,1.76445038733333,0.999264362524418,knots_p33_p66,Exposure knots = P33/P66,3,knots_p33_p66__uv__mavg,49
uv,mavg,4,2.00237060346095,0.62,1.76445038733333,0.999185491640657,knots_p33_p66,Exposure knots = P33/P66,3,knots_p33_p66__uv__mavg,49
uv,mavg,4,2.02306657566429,0.63,1.76445038733333,0.99909985117997,knots_p33_p66,Exposure knots = P33/P66,3,knots_p33_p66__uv__mavg,49
uv,mavg,4,2.04410015614857,0.64,1.76445038733333,0.999007309064417,knots_p33_p66,Exposure knots = P33/P66,3,knots_p33_p66__uv__mavg,49
uv,mavg,4,2.06535697559524,0.65,1.76445038733333,0.998907437610333,knots_p33_p66,Exposure knots = P33/P66,3,knots_p33_p66__uv__mavg,49
uv,mavg,4,2.08687942271273,0.66,1.76445038733333,0.998799081777891,knots_p33_p66,Exposure knots = P33/P66,3,knots_p33_p66__uv__mavg,49
uv,mavg,4,2.10905725368,0.67,1.76445038733333,0.99867916318907,knots_p33_p66,Exposure knots = P33/P66,3,knots_p33_p66__uv__mavg,49
uv,mavg,4,2.13112084417576,0.68,1.76445038733333,0.998551437080157,knots_p33_p66,Exposure knots = P33/P66,3,knots_p33_p66__uv__mavg,49
uv,mavg,4,2.15384876642914,0.69,1.76445038733333,0.998411112229747,knots_p33_p66,Exposure knots = P33/P66,3,knots_p33_p66__uv__mavg,49
uv,mavg,4,2.17717991177778,0.7,1.76445038733333,0.998257860130521,knots_p33_p66,Exposure knots = P33/P66,3,knots_p33_p66__uv__mavg,49
uv,mavg,4,2.20100500802,0.71,1.76445038733333,0.998091781437762,knots_p33_p66,Exposure knots = P33/P66,3,knots_p33_p66__uv__mavg,49
uv,mavg,4,2.22499112551564,0.72,1.76445038733333,0.997914840847778,knots_p33_p66,Exposure knots = P33/P66,3,knots_p33_p66__uv__mavg,49
uv,mavg,4,2.24943836022,0.73,1.76445038733333,0.997724486445494,knots_p33_p66,Exposure knots = P33/P66,3,knots_p33_p66__uv__mavg,49
uv,mavg,4,2.27497951767792,0.74,1.76445038733333,0.997514866737468,knots_p33_p66,Exposure knots = P33/P66,3,knots_p33_p66__uv__mavg,49
uv,mavg,4,2.30112956863333,0.75,1.76445038733333,0.997288924166697,knots_p33_p66,Exposure knots = P33/P66,3,knots_p33_p66__uv__mavg,49
uv,mavg,4,2.3278282834,0.76,1.76445038733333,0.997046476298528,knots_p33_p66,Exposure knots = P33/P66,3,knots_p33_p66__uv__mavg,49
uv,mavg,4,2.355320164288,0.77,1.76445038733333,0.996784466540474,knots_p33_p66,Exposure knots = P33/P66,3,knots_p33_p66__uv__mavg,49
uv,mavg,4,2.38318826700364,0.78,1.76445038733333,0.99650613907705,knots_p33_p66,Exposure knots = P33/P66,3,knots_p33_p66__uv__mavg,49
uv,mavg,4,2.4125659399175,0.79,1.76445038733333,0.996198931458307,knots_p33_p66,Exposure knots = P33/P66,3,knots_p33_p66__uv__mavg,49
uv,mavg,4,2.44331356744722,0.8,1.76445038733333,0.995862310605608,knots_p33_p66,Exposure knots = P33/P66,3,knots_p33_p66__uv__mavg,49
uv,mavg,4,2.4753730504,0.81,1.76445038733333,0.995494994499993,knots_p33_p66,Exposure knots = P33/P66,3,knots_p33_p66__uv__mavg,49
uv,mavg,4,2.50921984259333,0.82,1.76445038733333,0.995089222247683,knots_p33_p66,Exposure knots = P33/P66,3,knots_p33_p66__uv__mavg,49
uv,mavg,4,2.54473633550667,0.83,1.76445038733333,0.994643713722306,knots_p33_p66,Exposure knots = P33/P66,3,knots_p33_p66__uv__mavg,49
uv,mavg,4,2.58137415002,0.84,1.76445038733333,0.994163132781376,knots_p33_p66,Exposure knots = P33/P66,3,knots_p33_p66__uv__mavg,49
uv,mavg,4,2.62044221986,0.85,1.76445038733333,0.993627352247654,knots_p33_p66,Exposure knots = P33/P66,3,knots_p33_p66__uv__mavg,49
uv,mavg,4,2.661516193,0.86,1.76445038733333,0.993038319922804,knots_p33_p66,Exposure knots = P33/P66,3,knots_p33_p66__uv__mavg,49
uv,mavg,4,2.70610418765714,0.87,1.76445038733333,0.992369289940718,knots_p33_p66,Exposure knots = P33/P66,3,knots_p33_p66__uv__mavg,49
uv,mavg,4,2.75275760735,0.88,1.76445038733333,0.99163659293753,knots_p33_p66,Exposure knots = P33/P66,3,knots_p33_p66__uv__mavg,49
uv,mavg,4,2.80398904628556,0.89,1.76445038733333,0.990793907520656,knots_p33_p66,Exposure knots = P33/P66,3,knots_p33_p66__uv__mavg,49
uv,mavg,4,2.8600263364,0.9,1.76445038733333,0.98982704356319,knots_p33_p66,Exposure knots = P33/P66,3,knots_p33_p66__uv__mavg,49
uv,mavg,4,2.92110398281,0.91,1.76445038733333,0.988720203406106,knots_p33_p66,Exposure knots = P33/P66,3,knots_p33_p66__uv__mavg,49
uv,mavg,4,2.98988345813455,0.92,1.76445038733333,0.987408565538231,knots_p33_p66,Exposure knots = P33/P66,3,knots_p33_p66__uv__mavg,49
uv,mavg,4,3.06508101454679,0.93,1.76445038733333,0.985896765437017,knots_p33_p66,Exposure knots = P33/P66,3,knots_p33_p66__uv__mavg,49
uv,mavg,4,3.15407605128571,0.94,1.76445038733333,0.984004624222428,knots_p33_p66,Exposure knots = P33/P66,3,knots_p33_p66__uv__mavg,49
uv,mavg,4,3.25683188008334,0.95,1.76445038733333,0.981684222158555,knots_p33_p66,Exposure knots = P33/P66,3,knots_p33_p66__uv__mavg,49
uv,mavg,4,3.38348148444,0.96,1.76445038733333,0.978629733156561,knots_p33_p66,Exposure knots = P33/P66,3,knots_p33_p66__uv__mavg,49
uv,mavg,4,3.5457266406325,0.97,1.76445038733333,0.974414082342771,knots_p33_p66,Exposure knots = P33/P66,3,knots_p33_p66__uv__mavg,49
uv,mavg,4,3.769745567625,0.98,1.76445038733333,0.968061756029289,knots_p33_p66,Exposure knots = P33/P66,3,knots_p33_p66__uv__mavg,49
uv,mavg,4,4.142572226,0.99,1.76445038733333,0.956227184124634,knots_p33_p66,Exposure knots = P33/P66,3,knots_p33_p66__uv__mavg,49
sp,mavg,4,88.1613038845,0.01,100.31247644,0.910448363842896,knots_p33_p66,Exposure knots = P33/P66,3,knots_p33_p66__sp__mavg,50
sp,mavg,4,90.57908648016,0.02,100.31247644,0.900902299548873,knots_p33_p66,Exposure knots = P33/P66,3,knots_p33_p66__sp__mavg,50
sp,mavg,4,91.917696045,0.03,100.31247644,0.899619636459116,knots_p33_p66,Exposure knots = P33/P66,3,knots_p33_p66__sp__mavg,50
sp,mavg,4,92.3407861325,0.04,100.31247644,0.899925936887342,knots_p33_p66,Exposure knots = P33/P66,3,knots_p33_p66__sp__mavg,50
sp,mavg,4,92.8723250197,0.05,100.31247644,0.900841749285308,knots_p33_p66,Exposure knots = P33/P66,3,knots_p33_p66__sp__mavg,50
sp,mavg,4,93.3687400733333,0.06,100.31247644,0.902261923555746,knots_p33_p66,Exposure knots = P33/P66,3,knots_p33_p66__sp__mavg,50
sp,mavg,4,94.07326531942,0.07,100.31247644,0.905277709337439,knots_p33_p66,Exposure knots = P33/P66,3,knots_p33_p66__sp__mavg,50
sp,mavg,4,95.2781422743334,0.08,100.31247644,0.913411191315402,knots_p33_p66,Exposure knots = P33/P66,3,knots_p33_p66__sp__mavg,50
sp,mavg,4,96.07637375996,0.09,100.31247644,0.921084965260261,knots_p33_p66,Exposure knots = P33/P66,3,knots_p33_p66__sp__mavg,50
sp,mavg,4,96.7121348044444,0.1,100.31247644,0.92863225530796,knots_p33_p66,Exposure knots = P33/P66,3,knots_p33_p66__sp__mavg,50
sp,mavg,4,97.16185685698,0.11,100.31247644,0.934795212540364,knots_p33_p66,Exposure knots = P33/P66,3,knots_p33_p66__sp__mavg,50
sp,mavg,4,97.4627044096667,0.12,100.31247644,0.939319559214249,knots_p33_p66,Exposure knots = P33/P66,3,knots_p33_p66__sp__mavg,50
sp,mavg,4,97.7153785386364,0.13,100.31247644,0.943377786977809,knots_p33_p66,Exposure knots = P33/P66,3,knots_p33_p66__sp__mavg,50
sp,mavg,4,97.9241315616909,0.14,100.31247644,0.946913778387538,knots_p33_p66,Exposure knots = P33/P66,3,knots_p33_p66__sp__mavg,50
sp,mavg,4,98.1093613837143,0.15,100.31247644,0.950193601217463,knots_p33_p66,Exposure knots = P33/P66,3,knots_p33_p66__sp__mavg,50
sp,mavg,4,98.2706770928,0.16,100.31247644,0.953161344869011,knots_p33_p66,Exposure knots = P33/P66,3,knots_p33_p66__sp__mavg,50
sp,mavg,4,98.4205721796,0.17,100.31247644,0.956013723923079,knots_p33_p66,Exposure knots = P33/P66,3,knots_p33_p66__sp__mavg,50
sp,mavg,4,98.5726812128178,0.18,100.31247644,0.959003238045221,knots_p33_p66,Exposure knots = P33/P66,3,knots_p33_p66__sp__mavg,50
sp,mavg,4,98.7167426709933,0.19,100.31247644,0.96192439131367,knots_p33_p66,Exposure knots = P33/P66,3,knots_p33_p66__sp__mavg,50
sp,mavg,4,98.8502103618182,0.2,100.31247644,0.96471003334774,knots_p33_p66,Exposure knots = P33/P66,3,knots_p33_p66__sp__mavg,50
sp,mavg,4,98.9695666606714,0.21,100.31247644,0.967266782581505,knots_p33_p66,Exposure knots = P33/P66,3,knots_p33_p66__sp__mavg,50
sp,mavg,4,99.0817438334,0.22,100.31247644,0.969727064107309,knots_p33_p66,Exposure knots = P33/P66,3,knots_p33_p66__sp__mavg,50
sp,mavg,4,99.18259704875,0.23,100.31247644,0.971987036804066,knots_p33_p66,Exposure knots = P33/P66,3,knots_p33_p66__sp__mavg,50
sp,mavg,4,99.2673595045714,0.24,100.31247644,0.973922049813676,knots_p33_p66,Exposure knots = P33/P66,3,knots_p33_p66__sp__mavg,50
sp,mavg,4,99.3349413991667,0.25,100.31247644,0.975488396516249,knots_p33_p66,Exposure knots = P33/P66,3,knots_p33_p66__sp__mavg,50
sp,mavg,4,99.39329169783,0.26,100.31247644,0.976857729163208,knots_p33_p66,Exposure knots = P33/P66,3,knots_p33_p66__sp__mavg,50
sp,mavg,4,99.44717584182,0.27,100.31247644,0.978136302219087,knots_p33_p66,Exposure knots = P33/P66,3,knots_p33_p66__sp__mavg,50
sp,mavg,4,99.4966213548,0.28,100.31247644,0.979321502414837,knots_p33_p66,Exposure knots = P33/P66,3,knots_p33_p66__sp__mavg,50
sp,mavg,4,99.5420306569,0.29,100.31247644,0.980420089201096,knots_p33_p66,Exposure knots = P33/P66,3,knots_p33_p66__sp__mavg,50
sp,mavg,4,99.584064594,0.3,100.31247644,0.981445711928801,knots_p33_p66,Exposure knots = P33/P66,3,knots_p33_p66__sp__mavg,50
sp,mavg,4,99.62427209475,0.31,100.31247644,0.982434634233822,knots_p33_p66,Exposure knots = P33/P66,3,knots_p33_p66__sp__mavg,50
sp,mavg,4,99.662907795,0.32,100.31247644,0.983392178051767,knots_p33_p66,Exposure knots = P33/P66,3,knots_p33_p66__sp__mavg,50
sp,mavg,4,99.69996436,0.33,100.31247644,0.984317320716522,knots_p33_p66,Exposure knots = P33/P66,3,knots_p33_p66__sp__mavg,50
sp,mavg,4,99.7377361666667,0.34,100.31247644,0.985267002443378,knots_p33_p66,Exposure knots = P33/P66,3,knots_p33_p66__sp__mavg,50
sp,mavg,4,99.7742436925,0.35,100.31247644,0.986190697235009,knots_p33_p66,Exposure knots = P33/P66,3,knots_p33_p66__sp__mavg,50
sp,mavg,4,99.810066116,0.36,100.31247644,0.987101900903349,knots_p33_p66,Exposure knots = P33/P66,3,knots_p33_p66__sp__mavg,50
sp,mavg,4,99.8458769306227,0.37,100.31247644,0.98801692164389,knots_p33_p66,Exposure knots = P33/P66,3,knots_p33_p66__sp__mavg,50
sp,mavg,4,99.8806218346489,0.38,100.31247644,0.988907992813923,knots_p33_p66,Exposure knots = P33/P66,3,knots_p33_p66__sp__mavg,50
sp,mavg,4,99.9146267801061,0.39,100.31247644,0.989782614963704,knots_p33_p66,Exposure knots = P33/P66,3,knots_p33_p66__sp__mavg,50
sp,mavg,4,99.9487847656667,0.4,100.31247644,0.990663095222671,knots_p33_p66,Exposure knots = P33/P66,3,knots_p33_p66__sp__mavg,50
sp,mavg,4,99.983124582,0.41,100.31247644,0.991549602282458,knots_p33_p66,Exposure knots = P33/P66,3,knots_p33_p66__sp__mavg,50
sp,mavg,4,100.0179118284,0.42,100.31247644,0.992448407670143,knots_p33_p66,Exposure knots = P33/P66,3,knots_p33_p66__sp__mavg,50
sp,mavg,4,100.05231735,0.43,100.31247644,0.99333747086914,knots_p33_p66,Exposure knots = P33/P66,3,knots_p33_p66__sp__mavg,50
sp,mavg,4,100.08815740589,0.44,100.31247644,0.994263063762058,knots_p33_p66,Exposure knots = P33/P66,3,knots_p33_p66__sp__mavg,50
sp,mavg,4,100.1246505236,0.45,100.31247644,0.995204243085171,knots_p33_p66,Exposure knots = P33/P66,3,knots_p33_p66__sp__mavg,50
sp,mavg,4,100.160572542382,0.46,100.31247644,0.996128716999771,knots_p33_p66,Exposure knots = P33/P66,3,knots_p33_p66__sp__mavg,50
sp,mavg,4,100.19735974038,0.47,100.31247644,0.99707267944713,knots_p33_p66,Exposure knots = P33/P66,3,knots_p33_p66__sp__mavg,50
sp,mavg,4,100.235001153834,0.48,100.31247644,0.998034860507413,knots_p33_p66,Exposure knots = P33/P66,3,knots_p33_p66__sp__mavg,50
sp,mavg,4,100.273007922727,0.49,100.31247644,0.999001752156933,knots_p33_p66,Exposure knots = P33/P66,3,knots_p33_p66__sp__mavg,50
sp,mavg,4,100.31247644,0.5,100.31247644,1,knots_p33_p66,Exposure knots = P33/P66,3,knots_p33_p66__sp__mavg,50
sp,mavg,4,100.352271426,0.51,100.31247644,1.00099953262963,knots_p33_p66,Exposure knots = P33/P66,3,knots_p33_p66__sp__mavg,50
sp,mavg,4,100.392076850267,0.52,100.31247644,1.00199134314353,knots_p33_p66,Exposure knots = P33/P66,3,knots_p33_p66__sp__mavg,50
sp,mavg,4,100.432300034914,0.53,100.31247644,1.00298444516885,knots_p33_p66,Exposure knots = P33/P66,3,knots_p33_p66__sp__mavg,50
sp,mavg,4,100.472945344667,0.54,100.31247644,1.00397762102327,knots_p33_p66,Exposure knots = P33/P66,3,knots_p33_p66__sp__mavg,50
sp,mavg,4,100.513187134375,0.55,100.31247644,1.00494965316357,knots_p33_p66,Exposure knots = P33/P66,3,knots_p33_p66__sp__mavg,50
sp,mavg,4,100.55409178,0.56,100.31247644,1.00592512452288,knots_p33_p66,Exposure knots = P33/P66,3,knots_p33_p66__sp__mavg,50
sp,mavg,4,100.5954553096,0.57,100.31247644,1.00689754777492,knots_p33_p66,Exposure knots = P33/P66,3,knots_p33_p66__sp__mavg,50
sp,mavg,4,100.637923867,0.58,100.31247644,1.00788013282884,knots_p33_p66,Exposure knots = P33/P66,3,knots_p33_p66__sp__mavg,50
sp,mavg,4,100.681565279,0.59,100.31247644,1.00887188395407,knots_p33_p66,Exposure knots = P33/P66,3,knots_p33_p66__sp__mavg,50
sp,mavg,4,100.72555446,0.6,100.31247644,1.00985176622679,knots_p33_p66,Exposure knots = P33/P66,3,knots_p33_p66__sp__mavg,50
sp,mavg,4,100.76940525,0.61,100.31247644,1.01080745306108,knots_p33_p66,Exposure knots = P33/P66,3,knots_p33_p66__sp__mavg,50
sp,mavg,4,100.81434735,0.62,100.31247644,1.01176362864576,knots_p33_p66,Exposure knots = P33/P66,3,knots_p33_p66__sp__mavg,50
sp,mavg,4,100.861250522714,0.63,100.31247644,1.01273480667334,knots_p33_p66,Exposure knots = P33/P66,3,knots_p33_p66__sp__mavg,50
sp,mavg,4,100.907991277714,0.64,100.31247644,1.01367383566,knots_p33_p66,Exposure knots = P33/P66,3,knots_p33_p66__sp__mavg,50
sp,mavg,4,100.953955174,0.65,100.31247644,1.01456762578063,knots_p33_p66,Exposure knots = P33/P66,3,knots_p33_p66__sp__mavg,50
sp,mavg,4,100.998953376,0.66,100.31247644,1.01541264739956,knots_p33_p66,Exposure knots = P33/P66,3,knots_p33_p66__sp__mavg,50
sp,mavg,4,101.044167771429,0.67,100.31247644,1.01623065294965,knots_p33_p66,Exposure knots = P33/P66,3,knots_p33_p66__sp__mavg,50
sp,mavg,4,101.0875601422,0.68,100.31247644,1.01698647167862,knots_p33_p66,Exposure knots = P33/P66,3,knots_p33_p66__sp__mavg,50
sp,mavg,4,101.132357538333,0.69,100.31247644,1.01773711380618,knots_p33_p66,Exposure knots = P33/P66,3,knots_p33_p66__sp__mavg,50
sp,mavg,4,101.175931684,0.7,100.31247644,1.01843872674072,knots_p33_p66,Exposure knots = P33/P66,3,knots_p33_p66__sp__mavg,50
sp,mavg,4,101.21973586,0.71,100.31247644,1.01911605341902,knots_p33_p66,Exposure knots = P33/P66,3,knots_p33_p66__sp__mavg,50
sp,mavg,4,101.261633545455,0.72,100.31247644,1.01973798530314,knots_p33_p66,Exposure knots = P33/P66,3,knots_p33_p66__sp__mavg,50
sp,mavg,4,101.303701327222,0.73,100.31247644,1.02033728481896,knots_p33_p66,Exposure knots = P33/P66,3,knots_p33_p66__sp__mavg,50
sp,mavg,4,101.343882408667,0.74,100.31247644,1.02088647675445,knots_p33_p66,Exposure knots = P33/P66,3,knots_p33_p66__sp__mavg,50
sp,mavg,4,101.383752875,0.75,100.31247644,1.02140928410126,knots_p33_p66,Exposure knots = P33/P66,3,knots_p33_p66__sp__mavg,50
sp,mavg,4,101.4223084125,0.76,100.31247644,1.02189414851958,knots_p33_p66,Exposure knots = P33/P66,3,knots_p33_p66__sp__mavg,50
sp,mavg,4,101.46078850175,0.77,100.31247644,1.02235803629611,knots_p33_p66,Exposure knots = P33/P66,3,knots_p33_p66__sp__mavg,50
sp,mavg,4,101.5000685152,0.78,100.31247644,1.0228112055792,knots_p33_p66,Exposure knots = P33/P66,3,knots_p33_p66__sp__mavg,50
sp,mavg,4,101.539681617,0.79,100.31247644,1.02324766936772,knots_p33_p66,Exposure knots = P33/P66,3,knots_p33_p66__sp__mavg,50
sp,mavg,4,101.57914274,0.8,100.31247644,1.02366223124135,knots_p33_p66,Exposure knots = P33/P66,3,knots_p33_p66__sp__mavg,50
sp,mavg,4,101.61813145,0.81,100.31247644,1.02405228705077,knots_p33_p66,Exposure knots = P33/P66,3,knots_p33_p66__sp__mavg,50
sp,mavg,4,101.6564830125,0.82,100.31247644,1.0244172911244,knots_p33_p66,Exposure knots = P33/P66,3,knots_p33_p66__sp__mavg,50
sp,mavg,4,101.695753307889,0.83,100.31247644,1.02477212749425,knots_p33_p66,Exposure knots = P33/P66,3,knots_p33_p66__sp__mavg,50
sp,mavg,4,101.73558803,0.84,100.31247644,1.0251128101384,knots_p33_p66,Exposure knots = P33/P66,3,knots_p33_p66__sp__mavg,50
sp,mavg,4,101.774658719048,0.85,100.31247644,1.02542841467487,knots_p33_p66,Exposure knots = P33/P66,3,knots_p33_p66__sp__mavg,50
sp,mavg,4,101.817225236364,0.86,100.31247644,1.02575169648187,knots_p33_p66,Exposure knots = P33/P66,3,knots_p33_p66__sp__mavg,50
sp,mavg,4,101.861140097917,0.87,100.31247644,1.0260631345762,knots_p33_p66,Exposure knots = P33/P66,3,knots_p33_p66__sp__mavg,50
sp,mavg,4,101.9060232068,0.88,100.31247644,1.02635869098254,knots_p33_p66,Exposure knots = P33/P66,3,knots_p33_p66__sp__mavg,50
sp,mavg,4,101.951981433333,0.89,100.31247644,1.02663795899429,knots_p33_p66,Exposure knots = P33/P66,3,knots_p33_p66__sp__mavg,50
sp,mavg,4,102.0014206375,0.9,100.31247644,1.02691252546602,knots_p33_p66,Exposure knots = P33/P66,3,knots_p33_p66__sp__mavg,50
sp,mavg,4,102.053943448143,0.91,100.31247644,1.0271755159644,knots_p33_p66,Exposure knots = P33/P66,3,knots_p33_p66__sp__mavg,50
sp,mavg,4,102.109737577778,0.92,100.31247644,1.02742328980961,knots_p33_p66,Exposure knots = P33/P66,3,knots_p33_p66__sp__mavg,50
sp,mavg,4,102.170757633333,0.93,100.31247644,1.02765801186552,knots_p33_p66,Exposure knots = P33/P66,3,knots_p33_p66__sp__mavg,50
sp,mavg,4,102.2371949595,0.94,100.31247644,1.02787179807631,knots_p33_p66,Exposure knots = P33/P66,3,knots_p33_p66__sp__mavg,50
sp,mavg,4,102.309492509,0.95,100.31247644,1.02805664828345,knots_p33_p66,Exposure knots = P33/P66,3,knots_p33_p66__sp__mavg,50
sp,mavg,4,102.390053542857,0.96,100.31247644,1.02820623367096,knots_p33_p66,Exposure knots = P33/P66,3,knots_p33_p66__sp__mavg,50
sp,mavg,4,102.4833797,0.97,100.31247644,1.02830860078918,knots_p33_p66,Exposure knots = P33/P66,3,knots_p33_p66__sp__mavg,50
sp,mavg,4,102.60412104,0.98,100.31247644,1.02833458384933,knots_p33_p66,Exposure knots = P33/P66,3,knots_p33_p66__sp__mavg,50
sp,mavg,4,102.783485304667,0.99,100.31247644,1.02816964250826,knots_p33_p66,Exposure knots = P33/P66,3,knots_p33_p66__sp__mavg,50
tp,mavg,4,0.000217557,0.01,2.31395059311111,1.00817525097372,knots_p33_p66,Exposure knots = P33/P66,3,knots_p33_p66__tp__mavg,51
tp,mavg,4,0.000512003852,0.02,2.31395059311111,1.00817383190192,knots_p33_p66,Exposure knots = P33/P66,3,knots_p33_p66__tp__mavg,51
tp,mavg,4,0.0007751064,0.03,2.31395059311111,1.00817256389418,knots_p33_p66,Exposure knots = P33/P66,3,knots_p33_p66__tp__mavg,51
tp,mavg,4,0.000858307,0.04,2.31395059311111,1.00817216291398,knots_p33_p66,Exposure knots = P33/P66,3,knots_p33_p66__tp__mavg,51
tp,mavg,4,0.0010584123,0.05,2.31395059311111,1.00817119851945,knots_p33_p66,Exposure knots = P33/P66,3,knots_p33_p66__tp__mavg,51
tp,mavg,4,0.00128491696,0.06,2.31395059311111,1.00817010689613,knots_p33_p66,Exposure knots = P33/P66,3,knots_p33_p66__tp__mavg,51
tp,mavg,4,0.0015765054,0.07,2.31395059311111,1.00816870160805,knots_p33_p66,Exposure knots = P33/P66,3,knots_p33_p66__tp__mavg,51
tp,mavg,4,0.00210184234,0.08,2.31395059311111,1.00816616979271,knots_p33_p66,Exposure knots = P33/P66,3,knots_p33_p66__tp__mavg,51
tp,mavg,4,0.00351071356,0.09,2.31395059311111,1.00815937989944,knots_p33_p66,Exposure knots = P33/P66,3,knots_p33_p66__tp__mavg,51
tp,mavg,4,0.00705059659999997,0.1,2.31395059311111,1.00814232011638,knots_p33_p66,Exposure knots = P33/P66,3,knots_p33_p66__tp__mavg,51
tp,mavg,4,0.013236521895,0.11,2.31395059311111,1.00811250942178,knots_p33_p66,Exposure knots = P33/P66,3,knots_p33_p66__tp__mavg,51
tp,mavg,4,0.021755292644,0.12,2.31395059311111,1.00807145969798,knots_p33_p66,Exposure knots = P33/P66,3,knots_p33_p66__tp__mavg,51
tp,mavg,4,0.032575447245,0.13,2.31395059311111,1.00801932739755,knots_p33_p66,Exposure knots = P33/P66,3,knots_p33_p66__tp__mavg,51
tp,mavg,4,0.0463079369257143,0.14,2.31395059311111,1.00795317859826,knots_p33_p66,Exposure knots = P33/P66,3,knots_p33_p66__tp__mavg,51
tp,mavg,4,0.0631568364045455,0.15,2.31395059311111,1.00787204883642,knots_p33_p66,Exposure knots = P33/P66,3,knots_p33_p66__tp__mavg,51
tp,mavg,4,0.08240270592,0.16,2.31395059311111,1.00777943032382,knots_p33_p66,Exposure knots = P33/P66,3,knots_p33_p66__tp__mavg,51
tp,mavg,4,0.104799963734,0.17,2.31395059311111,1.00767173565393,knots_p33_p66,Exposure knots = P33/P66,3,knots_p33_p66__tp__mavg,51
tp,mavg,4,0.13002237566,0.18,2.31395059311111,1.00755059890802,knots_p33_p66,Exposure knots = P33/P66,3,knots_p33_p66__tp__mavg,51
tp,mavg,4,0.158342719,0.19,2.31395059311111,1.00741480209973,knots_p33_p66,Exposure knots = P33/P66,3,knots_p33_p66__tp__mavg,51
tp,mavg,4,0.189671592,0.2,2.31395059311111,1.00726490198182,knots_p33_p66,Exposure knots = P33/P66,3,knots_p33_p66__tp__mavg,51
tp,mavg,4,0.223834164407333,0.21,2.31395059311111,1.00710190031489,knots_p33_p66,Exposure knots = P33/P66,3,knots_p33_p66__tp__mavg,51
tp,mavg,4,0.2602457999,0.22,2.31395059311111,1.00692878042683,knots_p33_p66,Exposure knots = P33/P66,3,knots_p33_p66__tp__mavg,51
tp,mavg,4,0.300448420176191,0.23,2.31395059311111,1.00673848543299,knots_p33_p66,Exposure knots = P33/P66,3,knots_p33_p66__tp__mavg,51
tp,mavg,4,0.34436585054,0.24,2.31395059311111,1.00653177483516,knots_p33_p66,Exposure knots = P33/P66,3,knots_p33_p66__tp__mavg,51
tp,mavg,4,0.393592221166667,0.25,2.31395059311111,1.00630173095787,knots_p33_p66,Exposure knots = P33/P66,3,knots_p33_p66__tp__mavg,51
tp,mavg,4,0.447764931556,0.26,2.31395059311111,1.00605087017163,knots_p33_p66,Exposure knots = P33/P66,3,knots_p33_p66__tp__mavg,51
tp,mavg,4,0.503937402656364,0.27,2.31395059311111,1.0057936234057,knots_p33_p66,Exposure knots = P33/P66,3,knots_p33_p66__tp__mavg,51
tp,mavg,4,0.5629918304,0.28,2.31395059311111,1.00552671975695,knots_p33_p66,Exposure knots = P33/P66,3,knots_p33_p66__tp__mavg,51
tp,mavg,4,0.6221112311725,0.29,2.31395059311111,1.00526356548217,knots_p33_p66,Exposure knots = P33/P66,3,knots_p33_p66__tp__mavg,51
tp,mavg,4,0.684642581333333,0.3,2.31395059311111,1.00499008508286,knots_p33_p66,Exposure knots = P33/P66,3,knots_p33_p66__tp__mavg,51
tp,mavg,4,0.748956280990476,0.31,2.31395059311111,1.00471452907753,knots_p33_p66,Exposure knots = P33/P66,3,knots_p33_p66__tp__mavg,51
tp,mavg,4,0.815105222222222,0.32,2.31395059311111,1.00443771554463,knots_p33_p66,Exposure knots = P33/P66,3,knots_p33_p66__tp__mavg,51
tp,mavg,4,0.883574784,0.33,2.31395059311111,1.00415885682965,knots_p33_p66,Exposure knots = P33/P66,3,knots_p33_p66__tp__mavg,51
tp,mavg,4,0.9552872478,0.34,2.31395059311111,1.00387568607159,knots_p33_p66,Exposure knots = P33/P66,3,knots_p33_p66__tp__mavg,51
tp,mavg,4,1.0283741012,0.35,2.31395059311111,1.00359640062635,knots_p33_p66,Exposure knots = P33/P66,3,knots_p33_p66__tp__mavg,51
tp,mavg,4,1.10415429732935,0.36,2.31395059311111,1.003316528168,knots_p33_p66,Exposure knots = P33/P66,3,knots_p33_p66__tp__mavg,51
tp,mavg,4,1.17889035706,0.37,2.31395059311111,1.00304996559419,knots_p33_p66,Exposure knots = P33/P66,3,knots_p33_p66__tp__mavg,51
tp,mavg,4,1.25760424428762,0.38,2.31395059311111,1.0027791204884,knots_p33_p66,Exposure knots = P33/P66,3,knots_p33_p66__tp__mavg,51
tp,mavg,4,1.33826296911833,0.39,2.31395059311111,1.00251185878722,knots_p33_p66,Exposure knots = P33/P66,3,knots_p33_p66__tp__mavg,51
tp,mavg,4,1.41885863562,0.4,2.31395059311111,1.00225491910792,knots_p33_p66,Exposure knots = P33/P66,3,knots_p33_p66__tp__mavg,51
tp,mavg,4,1.50006672242,0.41,2.31395059311111,1.00200597084936,knots_p33_p66,Exposure knots = P33/P66,3,knots_p33_p66__tp__mavg,51
tp,mavg,4,1.5841189945,0.42,2.31395059311111,1.00175851512747,knots_p33_p66,Exposure knots = P33/P66,3,knots_p33_p66__tp__mavg,51
tp,mavg,4,1.66883971794,0.43,2.31395059311111,1.00151928918848,knots_p33_p66,Exposure knots = P33/P66,3,knots_p33_p66__tp__mavg,51
tp,mavg,4,1.75636131155,0.44,2.31395059311111,1.00128256734314,knots_p33_p66,Exposure knots = P33/P66,3,knots_p33_p66__tp__mavg,51
tp,mavg,4,1.84589471165417,0.45,2.31395059311111,1.00105099109624,knots_p33_p66,Exposure knots = P33/P66,3,knots_p33_p66__tp__mavg,51
tp,mavg,4,1.93624221971429,0.46,2.31395059311111,1.00082778355515,knots_p33_p66,Exposure knots = P33/P66,3,knots_p33_p66__tp__mavg,51
tp,mavg,4,2.0268376125975,0.47,2.31395059311111,1.00061414233669,knots_p33_p66,Exposure knots = P33/P66,3,knots_p33_p66__tp__mavg,51
tp,mavg,4,2.12111857899467,0.48,2.31395059311111,1.00040221556073,knots_p33_p66,Exposure knots = P33/P66,3,knots_p33_p66__tp__mavg,51
tp,mavg,4,2.215417732463,0.49,2.31395059311111,1.00020043290747,knots_p33_p66,Exposure knots = P33/P66,3,knots_p33_p66__tp__mavg,51
tp,mavg,4,2.31395059311111,0.5,2.31395059311111,1,knots_p33_p66,Exposure knots = P33/P66,3,knots_p33_p66__tp__mavg,51
tp,mavg,4,2.415106572976,0.51,2.31395059311111,0.999804783110527,knots_p33_p66,Exposure knots = P33/P66,3,knots_p33_p66__tp__mavg,51
tp,mavg,4,2.51736278881029,0.52,2.31395059311111,0.999617765324343,knots_p33_p66,Exposure knots = P33/P66,3,knots_p33_p66__tp__mavg,51
tp,mavg,4,2.625065128755,0.53,2.31395059311111,0.999431401512419,knots_p33_p66,Exposure knots = P33/P66,3,knots_p33_p66__tp__mavg,51
tp,mavg,4,2.732443163375,0.54,2.31395059311111,0.999255807365245,knots_p33_p66,Exposure knots = P33/P66,3,knots_p33_p66__tp__mavg,51
tp,mavg,4,2.84548426760179,0.55,2.31395059311111,0.999081261768052,knots_p33_p66,Exposure knots = P33/P66,3,knots_p33_p66__tp__mavg,51
tp,mavg,4,2.96027255957527,0.56,2.31395059311111,0.998914084567703,knots_p33_p66,Exposure knots = P33/P66,3,knots_p33_p66__tp__mavg,51
tp,mavg,4,3.07913805306667,0.57,2.31395059311111,0.998750831863774,knots_p33_p66,Exposure knots = P33/P66,3,knots_p33_p66__tp__mavg,51
tp,mavg,4,3.201547234168,0.58,2.31395059311111,0.998592296909966,knots_p33_p66,Exposure knots = P33/P66,3,knots_p33_p66__tp__mavg,51
tp,mavg,4,3.324673573,0.59,2.31395059311111,0.99844169911842,knots_p33_p66,Exposure knots = P33/P66,3,knots_p33_p66__tp__mavg,51
tp,mavg,4,3.45315715766667,0.6,2.31395059311111,0.998292992926741,knots_p33_p66,Exposure knots = P33/P66,3,knots_p33_p66__tp__mavg,51
tp,mavg,4,3.58487019850182,0.61,2.31395059311111,0.998148375551993,knots_p33_p66,Exposure knots = P33/P66,3,knots_p33_p66__tp__mavg,51
tp,mavg,4,3.71991554341939,0.62,2.31395059311111,0.998007107688543,knots_p33_p66,Exposure knots = P33/P66,3,knots_p33_p66__tp__mavg,51
tp,mavg,4,3.8580750568,0.63,2.31395059311111,0.997868618088622,knots_p33_p66,Exposure knots = P33/P66,3,knots_p33_p66__tp__mavg,51
tp,mavg,4,3.99790607483333,0.64,2.31395059311111,0.997733296599,knots_p33_p66,Exposure knots = P33/P66,3,knots_p33_p66__tp__mavg,51
tp,mavg,4,4.14701170296111,0.65,2.31395059311111,0.997592796026984,knots_p33_p66,Exposure knots = P33/P66,3,knots_p33_p66__tp__mavg,51
tp,mavg,4,4.2930047386,0.66,2.31395059311111,0.997457425123651,knots_p33_p66,Exposure knots = P33/P66,3,knots_p33_p66__tp__mavg,51
tp,mavg,4,4.450359574224,0.67,2.31395059311111,0.997312442310501,knots_p33_p66,Exposure knots = P33/P66,3,knots_p33_p66__tp__mavg,51
tp,mavg,4,4.60841947505667,0.68,2.31395059311111,0.997167474656987,knots_p33_p66,Exposure knots = P33/P66,3,knots_p33_p66__tp__mavg,51
tp,mavg,4,4.775454524658,0.69,2.31395059311111,0.997014998547575,knots_p33_p66,Exposure knots = P33/P66,3,knots_p33_p66__tp__mavg,51
tp,mavg,4,4.94840887518,0.7,2.31395059311111,0.996857901363444,knots_p33_p66,Exposure knots = P33/P66,3,knots_p33_p66__tp__mavg,51
tp,mavg,4,5.12807220749333,0.71,2.31395059311111,0.996695552094766,knots_p33_p66,Exposure knots = P33/P66,3,knots_p33_p66__tp__mavg,51
tp,mavg,4,5.311421839228,0.72,2.31395059311111,0.996530755043593,knots_p33_p66,Exposure knots = P33/P66,3,knots_p33_p66__tp__mavg,51
tp,mavg,4,5.505586077694,0.73,2.31395059311111,0.996357209139067,knots_p33_p66,Exposure knots = P33/P66,3,knots_p33_p66__tp__mavg,51
tp,mavg,4,5.713799688,0.74,2.31395059311111,0.996172214600757,knots_p33_p66,Exposure knots = P33/P66,3,knots_p33_p66__tp__mavg,51
tp,mavg,4,5.92966563758333,0.75,2.31395059311111,0.995981630906281,knots_p33_p66,Exposure knots = P33/P66,3,knots_p33_p66__tp__mavg,51
tp,mavg,4,6.15211775848,0.76,2.31395059311111,0.995786519060078,knots_p33_p66,Exposure knots = P33/P66,3,knots_p33_p66__tp__mavg,51
tp,mavg,4,6.38476112901111,0.77,2.31395059311111,0.995583863412307,knots_p33_p66,Exposure knots = P33/P66,3,knots_p33_p66__tp__mavg,51
tp,mavg,4,6.63157367480667,0.78,2.31395059311111,0.99537042150997,knots_p33_p66,Exposure knots = P33/P66,3,knots_p33_p66__tp__mavg,51
tp,mavg,4,6.8898921874,0.79,2.31395059311111,0.995148742680645,knots_p33_p66,Exposure knots = P33/P66,3,knots_p33_p66__tp__mavg,51
tp,mavg,4,7.15736196381137,0.8,2.31395059311111,0.99492105387768,knots_p33_p66,Exposure knots = P33/P66,3,knots_p33_p66__tp__mavg,51
tp,mavg,4,7.445676627,0.81,2.31395059311111,0.994677716776743,knots_p33_p66,Exposure knots = P33/P66,3,knots_p33_p66__tp__mavg,51
tp,mavg,4,7.75448043947637,0.82,2.31395059311111,0.994419494298038,knots_p33_p66,Exposure knots = P33/P66,3,knots_p33_p66__tp__mavg,51
tp,mavg,4,8.065685842434,0.83,2.31395059311111,0.994161777462629,knots_p33_p66,Exposure knots = P33/P66,3,knots_p33_p66__tp__mavg,51
tp,mavg,4,8.409590382118,0.84,2.31395059311111,0.993879910395305,knots_p33_p66,Exposure knots = P33/P66,3,knots_p33_p66__tp__mavg,51
tp,mavg,4,8.77583980659999,0.85,2.31395059311111,0.993583102390326,knots_p33_p66,Exposure knots = P33/P66,3,knots_p33_p66__tp__mavg,51
tp,mavg,4,9.17054728213818,0.86,2.31395059311111,0.993267117387387,knots_p33_p66,Exposure knots = P33/P66,3,knots_p33_p66__tp__mavg,51
tp,mavg,4,9.6001431355,0.87,2.31395059311111,0.992927770628223,knots_p33_p66,Exposure knots = P33/P66,3,knots_p33_p66__tp__mavg,51
tp,mavg,4,10.0665660996,0.88,2.31395059311111,0.992564708878312,knots_p33_p66,Exposure knots = P33/P66,3,knots_p33_p66__tp__mavg,51
tp,mavg,4,10.5905330269045,0.89,2.31395059311111,0.992163508233786,knots_p33_p66,Exposure knots = P33/P66,3,knots_p33_p66__tp__mavg,51
tp,mavg,4,11.1666750593636,0.9,2.31395059311111,0.991730454284408,knots_p33_p66,Exposure knots = P33/P66,3,knots_p33_p66__tp__mavg,51
tp,mavg,4,11.8284629161636,0.91,2.31395059311111,0.991243449305853,knots_p33_p66,Exposure knots = P33/P66,3,knots_p33_p66__tp__mavg,51
tp,mavg,4,12.5588736841246,0.92,2.31395059311111,0.99071882661226,knots_p33_p66,Exposure knots = P33/P66,3,knots_p33_p66__tp__mavg,51
tp,mavg,4,13.427695763938,0.93,2.31395059311111,0.990112300697162,knots_p33_p66,Exposure knots = P33/P66,3,knots_p33_p66__tp__mavg,51
tp,mavg,4,14.4376751854,0.94,2.31395059311111,0.989431008867401,knots_p33_p66,Exposure knots = P33/P66,3,knots_p33_p66__tp__mavg,51
tp,mavg,4,15.6445536415818,0.95,2.31395059311111,0.988650191169382,knots_p33_p66,Exposure knots = P33/P66,3,knots_p33_p66__tp__mavg,51
tp,mavg,4,17.209105950712,0.96,2.31395059311111,0.987691478748486,knots_p33_p66,Exposure knots = P33/P66,3,knots_p33_p66__tp__mavg,51
tp,mavg,4,19.326521119865,0.97,2.31395059311111,0.986489178188199,knots_p33_p66,Exposure knots = P33/P66,3,knots_p33_p66__tp__mavg,51
tp,mavg,4,22.665116924,0.98,2.31395059311111,0.984812539136747,knots_p33_p66,Exposure knots = P33/P66,3,knots_p33_p66__tp__mavg,51
tp,mavg,4,29.225760368045,0.99,2.31395059311111,0.982279347826775,knots_p33_p66,Exposure knots = P33/P66,3,knots_p33_p66__tp__mavg,51
PM25,mavg,4,11.8000001758337,0.01,43.10000064224,0.952439991465065,knots_p33_p66,Exposure knots = P33/P66,3,knots_p33_p66__PM25__mavg,52
PM25,mavg,4,13.3000001981854,0.02,43.10000064224,0.955764819850413,knots_p33_p66,Exposure knots = P33/P66,3,knots_p33_p66__PM25__mavg,52
PM25,mavg,4,14.5333335498969,0.03,43.10000064224,0.958461188649344,knots_p33_p66,Exposure knots = P33/P66,3,knots_p33_p66__PM25__mavg,52
PM25,mavg,4,15.6500002332032,0.04,43.10000064224,0.960868874029045,knots_p33_p66,Exposure knots = P33/P66,3,knots_p33_p66__PM25__mavg,52
PM25,mavg,4,16.6166669142743,0.05,43.10000064224,0.962924317301262,knots_p33_p66,Exposure knots = P33/P66,3,knots_p33_p66__PM25__mavg,52
PM25,mavg,4,17.4800002604723,0.06,43.10000064224,0.964735309594212,knots_p33_p66,Exposure knots = P33/P66,3,knots_p33_p66__PM25__mavg,52
PM25,mavg,4,18.2750002723187,0.07,43.10000064224,0.966380736780864,knots_p33_p66,Exposure knots = P33/P66,3,knots_p33_p66__PM25__mavg,52
PM25,mavg,4,19.0333336169521,0.08,43.10000064224,0.967929104991516,knots_p33_p66,Exposure knots = P33/P66,3,knots_p33_p66__PM25__mavg,52
PM25,mavg,4,19.7500002942979,0.09,43.10000064224,0.969372288969882,knots_p33_p66,Exposure knots = P33/P66,3,knots_p33_p66__PM25__mavg,52
PM25,mavg,4,20.4250003043562,0.1,43.10000064224,0.970712757069018,knots_p33_p66,Exposure knots = P33/P66,3,knots_p33_p66__PM25__mavg,52
PM25,mavg,4,21.0666669805845,0.11,43.10000064224,0.9719693091906,knots_p33_p66,Exposure knots = P33/P66,3,knots_p33_p66__PM25__mavg,52
PM25,mavg,4,21.6900003232062,0.12,43.10000064224,0.973172704192643,knots_p33_p66,Exposure knots = P33/P66,3,knots_p33_p66__PM25__mavg,52
PM25,mavg,4,22.3000003322959,0.13,43.10000064224,0.974333230632002,knots_p33_p66,Exposure knots = P33/P66,3,knots_p33_p66__PM25__mavg,52
PM25,mavg,4,22.9000003412366,0.14,43.10000064224,0.975457575952952,knots_p33_p66,Exposure knots = P33/P66,3,knots_p33_p66__PM25__mavg,52
PM25,mavg,4,23.4833336832623,0.15,43.10000064224,0.976533791741157,knots_p33_p66,Exposure knots = P33/P66,3,knots_p33_p66__PM25__mavg,52
PM25,mavg,4,24.0545458129861,0.16,43.10000064224,0.977570951625617,knots_p33_p66,Exposure knots = P33/P66,3,knots_p33_p66__PM25__mavg,52
PM25,mavg,4,24.6200003668666,0.17,43.10000064224,0.97858086290345,knots_p33_p66,Exposure knots = P33/P66,3,knots_p33_p66__PM25__mavg,52
PM25,mavg,4,25.2000003755093,0.18,43.10000064224,0.979598849505658,knots_p33_p66,Exposure knots = P33/P66,3,knots_p33_p66__PM25__mavg,52
PM25,mavg,4,25.7777781618966,0.19,43.10000064224,0.980594359073641,knots_p33_p66,Exposure knots = P33/P66,3,knots_p33_p66__PM25__mavg,52
PM25,mavg,4,26.3500003926456,0.2,43.10000064224,0.98156147749825,knots_p33_p66,Exposure knots = P33/P66,3,knots_p33_p66__PM25__mavg,52
PM25,mavg,4,26.9142861153398,0.21,43.10000064224,0.982496315547241,knots_p33_p66,Exposure knots = P33/P66,3,knots_p33_p66__PM25__mavg,52
PM25,mavg,4,27.5000004097819,0.22,43.10000064224,0.983446281602209,knots_p33_p66,Exposure knots = P33/P66,3,knots_p33_p66__PM25__mavg,52
PM25,mavg,4,28.0500004179776,0.23,43.10000064224,0.984318920621325,knots_p33_p66,Exposure knots = P33/P66,3,knots_p33_p66__PM25__mavg,52
PM25,mavg,4,28.6000004261732,0.24,43.10000064224,0.985172277256749,knots_p33_p66,Exposure knots = P33/P66,3,knots_p33_p66__PM25__mavg,52
PM25,mavg,4,29.1727277074348,0.25,43.10000064224,0.986039885086285,knots_p33_p66,Exposure knots = P33/P66,3,knots_p33_p66__PM25__mavg,52
PM25,mavg,4,29.7181822610172,0.26,43.10000064224,0.986845758585572,knots_p33_p66,Exposure knots = P33/P66,3,knots_p33_p66__PM25__mavg,52
PM25,mavg,4,30.2666671176751,0.27,43.10000064224,0.98763553965831,knots_p33_p66,Exposure knots = P33/P66,3,knots_p33_p66__PM25__mavg,52
PM25,mavg,4,30.8000004589558,0.28,43.10000064224,0.988383271713829,knots_p33_p66,Exposure knots = P33/P66,3,knots_p33_p66__PM25__mavg,52
PM25,mavg,4,31.3300004668534,0.29,43.10000064224,0.98910613107747,knots_p33_p66,Exposure knots = P33/P66,3,knots_p33_p66__PM25__mavg,52
PM25,mavg,4,31.8714290463499,0.3,43.10000064224,0.98982333741391,knots_p33_p66,Exposure knots = P33/P66,3,knots_p33_p66__PM25__mavg,52
PM25,mavg,4,32.4000004827976,0.31,43.10000064224,0.99050236864818,knots_p33_p66,Exposure knots = P33/P66,3,knots_p33_p66__PM25__mavg,52
PM25,mavg,4,32.942857633744,0.32,43.10000064224,0.99117755656132,knots_p33_p66,Exposure knots = P33/P66,3,knots_p33_p66__PM25__mavg,52
PM25,mavg,4,33.4888893879122,0.33,43.10000064224,0.991833541585036,knots_p33_p66,Exposure knots = P33/P66,3,knots_p33_p66__PM25__mavg,52
PM25,mavg,4,34.0100005067885,0.34,43.10000064224,0.99243764974871,knots_p33_p66,Exposure knots = P33/P66,3,knots_p33_p66__PM25__mavg,52
PM25,mavg,4,34.5500005148351,0.35,43.10000064224,0.993041391144102,knots_p33_p66,Exposure knots = P33/P66,3,knots_p33_p66__PM25__mavg,52
PM25,mavg,4,35.0800005227327,0.36,43.10000064224,0.993612414776069,knots_p33_p66,Exposure knots = P33/P66,3,knots_p33_p66__PM25__mavg,52
PM25,mavg,4,35.6142862449799,0.37,43.10000064224,0.994166965899253,knots_p33_p66,Exposure knots = P33/P66,3,knots_p33_p66__PM25__mavg,52
PM25,mavg,4,36.150000538677,0.38,43.10000064224,0.994702250840502,knots_p33_p66,Exposure knots = P33/P66,3,knots_p33_p66__PM25__mavg,52
PM25,mavg,4,36.6875005466864,0.39,43.10000064224,0.995218958533727,knots_p33_p66,Exposure knots = P33/P66,3,knots_p33_p66__PM25__mavg,52
PM25,mavg,4,37.2222227768766,0.4,43.10000064224,0.995713276809876,knots_p33_p66,Exposure knots = P33/P66,3,knots_p33_p66__PM25__mavg,52
PM25,mavg,4,37.7750005628914,0.41,43.10000064224,0.996204162807273,knots_p33_p66,Exposure knots = P33/P66,3,knots_p33_p66__PM25__mavg,52
PM25,mavg,4,38.3333339045445,0.42,43.10000064224,0.996679794499294,knots_p33_p66,Exposure knots = P33/P66,3,knots_p33_p66__PM25__mavg,52
PM25,mavg,4,38.9000005796552,0.43,43.10000064224,0.997142389211579,knots_p33_p66,Exposure knots = P33/P66,3,knots_p33_p66__PM25__mavg,52
PM25,mavg,4,39.4500005878509,0.44,43.10000064224,0.997572567557382,knots_p33_p66,Exposure knots = P33/P66,3,knots_p33_p66__PM25__mavg,52
PM25,mavg,4,40.0400005966425,0.45,43.10000064224,0.998014090211306,knots_p33_p66,Exposure knots = P33/P66,3,knots_p33_p66__PM25__mavg,52
PM25,mavg,4,40.6166672719022,0.46,43.10000064224,0.998426353638796,knots_p33_p66,Exposure knots = P33/P66,3,knots_p33_p66__PM25__mavg,52
PM25,mavg,4,41.2166672808428,0.47,43.10000064224,0.998835785800747,knots_p33_p66,Exposure knots = P33/P66,3,knots_p33_p66__PM25__mavg,52
PM25,mavg,4,41.8285720518657,0.48,43.10000064224,0.999233615314717,knots_p33_p66,Exposure knots = P33/P66,3,knots_p33_p66__PM25__mavg,52
PM25,mavg,4,42.4571434898036,0.49,43.10000064224,0.999622374230504,knots_p33_p66,Exposure knots = P33/P66,3,knots_p33_p66__PM25__mavg,52
PM25,mavg,4,43.10000064224,0.5,43.10000064224,1,knots_p33_p66,Exposure knots = P33/P66,3,knots_p33_p66__PM25__mavg,52
PM25,mavg,4,43.7333339850108,0.51,43.10000064224,1.00035318581533,knots_p33_p66,Exposure knots = P33/P66,3,knots_p33_p66__PM25__mavg,52
PM25,mavg,4,44.3833339946965,0.52,43.10000064224,1.00069715910393,knots_p33_p66,Exposure knots = P33/P66,3,knots_p33_p66__PM25__mavg,52
PM25,mavg,4,45.0400006711483,0.53,43.10000064224,1.00102660287338,knots_p33_p66,Exposure knots = P33/P66,3,knots_p33_p66__PM25__mavg,52
PM25,mavg,4,45.7000006809831,0.54,43.10000064224,1.00134043862123,knots_p33_p66,Exposure knots = P33/P66,3,knots_p33_p66__PM25__mavg,52
PM25,mavg,4,46.4000006914139,0.55,43.10000064224,1.00165549841695,knots_p33_p66,Exposure knots = P33/P66,3,knots_p33_p66__PM25__mavg,52
PM25,mavg,4,47.1000007018447,0.56,43.10000064224,1.00195343393432,knots_p33_p66,Exposure knots = P33/P66,3,knots_p33_p66__PM25__mavg,52
PM25,mavg,4,47.8400007128716,0.57,43.10000064224,1.00225112729307,knots_p33_p66,Exposure knots = P33/P66,3,knots_p33_p66__PM25__mavg,52
PM25,mavg,4,48.5750007238239,0.58,43.10000064224,1.00253064357367,knots_p33_p66,Exposure knots = P33/P66,3,knots_p33_p66__PM25__mavg,52
PM25,mavg,4,49.3400007352233,0.59,43.10000064224,1.00280598851217,knots_p33_p66,Exposure knots = P33/P66,3,knots_p33_p66__PM25__mavg,52
PM25,mavg,4,50.1000007465482,0.6,43.10000064224,1.00306535957107,knots_p33_p66,Exposure knots = P33/P66,3,knots_p33_p66__PM25__mavg,52
PM25,mavg,4,50.9125007586554,0.61,43.10000064224,1.00332880599285,knots_p33_p66,Exposure knots = P33/P66,3,knots_p33_p66__PM25__mavg,52
PM25,mavg,4,51.7375007709488,0.62,43.10000064224,1.00358360682181,knots_p33_p66,Exposure knots = P33/P66,3,knots_p33_p66__PM25__mavg,52
PM25,mavg,4,52.5888896725244,0.63,43.10000064224,1.00383526896307,knots_p33_p66,Exposure knots = P33/P66,3,knots_p33_p66__PM25__mavg,52
PM25,mavg,4,53.4545462510803,0.64,43.10000064224,1.00408165730002,knots_p33_p66,Exposure knots = P33/P66,3,knots_p33_p66__PM25__mavg,52
PM25,mavg,4,54.3363644460386,0.65,43.10000064224,1.00432520951045,knots_p33_p66,Exposure knots = P33/P66,3,knots_p33_p66__PM25__mavg,52
PM25,mavg,4,55.2500008232892,0.66,43.10000064224,1.00457225642561,knots_p33_p66,Exposure knots = P33/P66,3,knots_p33_p66__PM25__mavg,52
PM25,mavg,4,56.1833341705303,0.67,43.10000064224,1.00482140792503,knots_p33_p66,Exposure knots = P33/P66,3,knots_p33_p66__PM25__mavg,52
PM25,mavg,4,57.1166675177713,0.68,43.10000064224,1.005067783745,knots_p33_p66,Exposure knots = P33/P66,3,knots_p33_p66__PM25__mavg,52
PM25,mavg,4,58.0666675319274,0.69,43.10000064224,1.00531571673266,knots_p33_p66,Exposure knots = P33/P66,3,knots_p33_p66__PM25__mavg,52
PM25,mavg,4,59.0666675468286,0.7,43.10000064224,1.00557360995481,knots_p33_p66,Exposure knots = P33/P66,3,knots_p33_p66__PM25__mavg,52
PM25,mavg,4,60.0600008949637,0.71,43.10000064224,1.00582665683949,knots_p33_p66,Exposure knots = P33/P66,3,knots_p33_p66__PM25__mavg,52
PM25,mavg,4,61.0833342435459,0.72,43.10000064224,1.00608409697744,knots_p33_p66,Exposure knots = P33/P66,3,knots_p33_p66__PM25__mavg,52
PM25,mavg,4,62.1333342591922,0.73,43.10000064224,1.00634482908352,knots_p33_p66,Exposure knots = P33/P66,3,knots_p33_p66__PM25__mavg,52
PM25,mavg,4,63.2250009421259,0.74,43.10000064224,1.00661225058942,knots_p33_p66,Exposure knots = P33/P66,3,knots_p33_p66__PM25__mavg,52
PM25,mavg,4,64.3600009590388,0.75,43.10000064224,1.00688634772325,knots_p33_p66,Exposure knots = P33/P66,3,knots_p33_p66__PM25__mavg,52
PM25,mavg,4,65.5454555221579,0.76,43.10000064224,1.00716835687262,knots_p33_p66,Exposure knots = P33/P66,3,knots_p33_p66__PM25__mavg,52
PM25,mavg,4,66.7571438519018,0.77,43.10000064224,1.00745211242818,knots_p33_p66,Exposure knots = P33/P66,3,knots_p33_p66__PM25__mavg,52
PM25,mavg,4,68.000001013279,0.78,43.10000064224,1.00773846529442,knots_p33_p66,Exposure knots = P33/P66,3,knots_p33_p66__PM25__mavg,52
PM25,mavg,4,69.3100010327995,0.79,43.10000064224,1.00803515451271,knots_p33_p66,Exposure knots = P33/P66,3,knots_p33_p66__PM25__mavg,52
PM25,mavg,4,70.6375010525808,0.8,43.10000064224,1.00833045567348,knots_p33_p66,Exposure knots = P33/P66,3,knots_p33_p66__PM25__mavg,52
PM25,mavg,4,72.0666677405437,0.81,43.10000064224,1.0086423779876,knots_p33_p66,Exposure knots = P33/P66,3,knots_p33_p66__PM25__mavg,52
PM25,mavg,4,73.5750010963529,0.82,43.10000064224,1.00896486936295,knots_p33_p66,Exposure knots = P33/P66,3,knots_p33_p66__PM25__mavg,52
PM25,mavg,4,75.1666677867373,0.83,43.10000064224,1.00929774436776,knots_p33_p66,Exposure knots = P33/P66,3,knots_p33_p66__PM25__mavg,52
PM25,mavg,4,76.8818193274465,0.84,43.10000064224,1.00964794678312,knots_p33_p66,Exposure knots = P33/P66,3,knots_p33_p66__PM25__mavg,52
PM25,mavg,4,78.6625011721626,0.85,43.10000064224,1.01000225737684,knots_p33_p66,Exposure knots = P33/P66,3,knots_p33_p66__PM25__mavg,52
PM25,mavg,4,80.6000012010336,0.86,43.10000064224,1.0103771088235,knots_p33_p66,Exposure knots = P33/P66,3,knots_p33_p66__PM25__mavg,52
PM25,mavg,4,82.6096557764342,0.87,43.10000064224,1.01075425960867,knots_p33_p66,Exposure knots = P33/P66,3,knots_p33_p66__PM25__mavg,52
PM25,mavg,4,84.7816012633445,0.88,43.10000064224,1.01114861470909,knots_p33_p66,Exposure knots = P33/P66,3,knots_p33_p66__PM25__mavg,52
PM25,mavg,4,87.1800012990832,0.89,43.10000064224,1.01156821963842,knots_p33_p66,Exposure knots = P33/P66,3,knots_p33_p66__PM25__mavg,52
PM25,mavg,4,89.7777791155709,0.9,43.10000064224,1.01200408514585,knots_p33_p66,Exposure knots = P33/P66,3,knots_p33_p66__PM25__mavg,52
PM25,mavg,4,92.624056935762,0.91,43.10000064224,1.01245963270761,knots_p33_p66,Exposure knots = P33/P66,3,knots_p33_p66__PM25__mavg,52
PM25,mavg,4,95.8777792064681,0.92,43.10000064224,1.01295251016386,knots_p33_p66,Exposure knots = P33/P66,3,knots_p33_p66__PM25__mavg,52
PM25,mavg,4,99.4555570375588,0.93,43.10000064224,1.01346057409735,knots_p33_p66,Exposure knots = P33/P66,3,knots_p33_p66__PM25__mavg,52
PM25,mavg,4,103.425001541153,0.94,43.10000064224,1.01398330127162,knots_p33_p66,Exposure knots = P33/P66,3,knots_p33_p66__PM25__mavg,52
PM25,mavg,4,107.990304639484,0.95,43.10000064224,1.01453211012433,knots_p33_p66,Exposure knots = P33/P66,3,knots_p33_p66__PM25__mavg,52
PM25,mavg,4,113.471430262284,0.96,43.10000064224,1.01511843493089,knots_p33_p66,Exposure knots = P33/P66,3,knots_p33_p66__PM25__mavg,52
PM25,mavg,4,120.150001790374,0.97,43.10000064224,1.01572841011674,knots_p33_p66,Exposure knots = P33/P66,3,knots_p33_p66__PM25__mavg,52
PM25,mavg,4,128.73333525161,0.98,43.10000064224,1.01634913590655,knots_p33_p66,Exposure knots = P33/P66,3,knots_p33_p66__PM25__mavg,52
PM25,mavg,4,142.812502128072,0.99,43.10000064224,1.01698817060258,knots_p33_p66,Exposure knots = P33/P66,3,knots_p33_p66__PM25__mavg,52
PM10,mavg,4,21.4500003196299,0.01,70.7666677211722,0.935432468816698,knots_p33_p66,Exposure knots = P33/P66,3,knots_p33_p66__PM10__mavg,53
PM10,mavg,4,23.8100003547966,0.02,70.7666677211722,0.940251187405278,knots_p33_p66,Exposure knots = P33/P66,3,knots_p33_p66__PM10__mavg,53
PM10,mavg,4,25.5800003811717,0.03,70.7666677211722,0.943813016886557,knots_p33_p66,Exposure knots = P33/P66,3,knots_p33_p66__PM10__mavg,53
PM10,mavg,4,27.125000404194,0.04,70.7666677211722,0.946879842783805,knots_p33_p66,Exposure knots = P33/P66,3,knots_p33_p66__PM10__mavg,53
PM10,mavg,4,28.5666670923432,0.05,70.7666677211722,0.949702020443669,knots_p33_p66,Exposure knots = P33/P66,3,knots_p33_p66__PM10__mavg,53
PM10,mavg,4,29.8600004449487,0.06,70.7666677211722,0.95219833935368,knots_p33_p66,Exposure knots = P33/P66,3,knots_p33_p66__PM10__mavg,53
PM10,mavg,4,31.050000462681,0.07,70.7666677211722,0.954463240371739,knots_p33_p66,Exposure knots = P33/P66,3,knots_p33_p66__PM10__mavg,53
PM10,mavg,4,32.1750004794449,0.08,70.7666677211722,0.956574355983982,knots_p33_p66,Exposure knots = P33/P66,3,knots_p33_p66__PM10__mavg,53
PM10,mavg,4,33.2666671623786,0.09,70.7666677211722,0.958593302720685,knots_p33_p66,Exposure knots = P33/P66,3,knots_p33_p66__PM10__mavg,53
PM10,mavg,4,34.3000005111098,0.1,70.7666677211722,0.960476032416168,knots_p33_p66,Exposure knots = P33/P66,3,knots_p33_p66__PM10__mavg,53
PM10,mavg,4,35.316667192926,0.11,70.7666677211722,0.962300156223451,knots_p33_p66,Exposure knots = P33/P66,3,knots_p33_p66__PM10__mavg,53
PM10,mavg,4,36.3333338747422,0.12,70.7666677211722,0.964094960977951,knots_p33_p66,Exposure knots = P33/P66,3,knots_p33_p66__PM10__mavg,53
PM10,mavg,4,37.3500005565584,0.13,70.7666677211722,0.965859138590858,knots_p33_p66,Exposure knots = P33/P66,3,knots_p33_p66__PM10__mavg,53
PM10,mavg,4,38.3400005713105,0.14,70.7666677211722,0.967546358786894,knots_p33_p66,Exposure knots = P33/P66,3,knots_p33_p66__PM10__mavg,53
PM10,mavg,4,39.3100005857646,0.15,70.7666677211722,0.969168945451634,knots_p33_p66,Exposure knots = P33/P66,3,knots_p33_p66__PM10__mavg,53
PM10,mavg,4,40.2555561554101,0.16,70.7666677211722,0.97072043475806,knots_p33_p66,Exposure knots = P33/P66,3,knots_p33_p66__PM10__mavg,53
PM10,mavg,4,41.2000006139278,0.17,70.7666677211722,0.972239257113425,knots_p33_p66,Exposure knots = P33/P66,3,knots_p33_p66__PM10__mavg,53
PM10,mavg,4,42.1000006273389,0.18,70.7666677211722,0.973656944288993,knots_p33_p66,Exposure knots = P33/P66,3,knots_p33_p66__PM10__mavg,53
PM10,mavg,4,43.0000006407499,0.19,70.7666677211722,0.975044744655139,knots_p33_p66,Exposure knots = P33/P66,3,knots_p33_p66__PM10__mavg,53
PM10,mavg,4,43.8636370172555,0.2,70.7666677211722,0.976347512611171,knots_p33_p66,Exposure knots = P33/P66,3,knots_p33_p66__PM10__mavg,53
PM10,mavg,4,44.7500006668269,0.21,70.7666677211722,0.977654199433824,knots_p33_p66,Exposure knots = P33/P66,3,knots_p33_p66__PM10__mavg,53
PM10,mavg,4,45.600000679493,0.22,70.7666677211722,0.978877571059488,knots_p33_p66,Exposure knots = P33/P66,3,knots_p33_p66__PM10__mavg,53
PM10,mavg,4,46.4333340252439,0.23,70.7666677211722,0.980047952487561,knots_p33_p66,Exposure knots = P33/P66,3,knots_p33_p66__PM10__mavg,53
PM10,mavg,4,47.2500007040799,0.24,70.7666677211722,0.981166349322904,knots_p33_p66,Exposure knots = P33/P66,3,knots_p33_p66__PM10__mavg,53
PM10,mavg,4,48.1000007167459,0.25,70.7666677211722,0.9822995967249,knots_p33_p66,Exposure knots = P33/P66,3,knots_p33_p66__PM10__mavg,53
PM10,mavg,4,48.9400007292628,0.26,70.7666677211722,0.983387891574307,knots_p33_p66,Exposure knots = P33/P66,3,knots_p33_p66__PM10__mavg,53
PM10,mavg,4,49.7800007417798,0.27,70.7666677211722,0.984443992688532,knots_p33_p66,Exposure knots = P33/P66,3,knots_p33_p66__PM10__mavg,53
PM10,mavg,4,50.6166674209137,0.28,70.7666677211722,0.985463148789141,knots_p33_p66,Exposure knots = P33/P66,3,knots_p33_p66__PM10__mavg,53
PM10,mavg,4,51.4666674335798,0.29,70.7666677211722,0.986464301046868,knots_p33_p66,Exposure knots = P33/P66,3,knots_p33_p66__PM10__mavg,53
PM10,mavg,4,52.3166674462458,0.3,70.7666677211722,0.987430158081836,knots_p33_p66,Exposure knots = P33/P66,3,knots_p33_p66__PM10__mavg,53
PM10,mavg,4,53.2000007927418,0.31,70.7666677211722,0.988395653743737,knots_p33_p66,Exposure knots = P33/P66,3,knots_p33_p66__PM10__mavg,53
PM10,mavg,4,54.0714293771557,0.32,70.7666677211722,0.989309104251498,knots_p33_p66,Exposure knots = P33/P66,3,knots_p33_p66__PM10__mavg,53
PM10,mavg,4,54.9400008186698,0.33,70.7666677211722,0.990180143769811,knots_p33_p66,Exposure knots = P33/P66,3,knots_p33_p66__PM10__mavg,53
PM10,mavg,4,55.8454553776167,0.34,70.7666677211722,0.991045716176782,knots_p33_p66,Exposure knots = P33/P66,3,knots_p33_p66__PM10__mavg,53
PM10,mavg,4,56.7500008456409,0.35,70.7666677211722,0.991867889438216,knots_p33_p66,Exposure knots = P33/P66,3,knots_p33_p66__PM10__mavg,53
PM10,mavg,4,57.683334192882,0.36,70.7666677211722,0.992672812101077,knots_p33_p66,Exposure knots = P33/P66,3,knots_p33_p66__PM10__mavg,53
PM10,mavg,4,58.600000873208,0.37,70.7666677211722,0.9934215821621,knots_p33_p66,Exposure knots = P33/P66,3,knots_p33_p66__PM10__mavg,53
PM10,mavg,4,59.5000008866191,0.38,70.7666677211722,0.994117567689385,knots_p33_p66,Exposure knots = P33/P66,3,knots_p33_p66__PM10__mavg,53
PM10,mavg,4,60.4000009000301,0.39,70.7666677211722,0.994775836361646,knots_p33_p66,Exposure knots = P33/P66,3,knots_p33_p66__PM10__mavg,53
PM10,mavg,4,61.3166675803561,0.4,70.7666677211722,0.995408656889256,knots_p33_p66,Exposure knots = P33/P66,3,knots_p33_p66__PM10__mavg,53
PM10,mavg,4,62.2500009275973,0.41,70.7666677211722,0.996015154072567,knots_p33_p66,Exposure knots = P33/P66,3,knots_p33_p66__PM10__mavg,53
PM10,mavg,4,63.1775564969746,0.42,70.7666677211722,0.996581296115244,knots_p33_p66,Exposure knots = P33/P66,3,knots_p33_p66__PM10__mavg,53
PM10,mavg,4,64.0909100459381,0.43,70.7666677211722,0.99710430610842,knots_p33_p66,Exposure knots = P33/P66,3,knots_p33_p66__PM10__mavg,53
PM10,mavg,4,65.0181827870282,0.44,70.7666677211722,0.997601514376581,knots_p33_p66,Exposure knots = P33/P66,3,knots_p33_p66__PM10__mavg,53
PM10,mavg,4,65.9636373465711,0.45,70.7666677211722,0.998074707947831,knots_p33_p66,Exposure knots = P33/P66,3,knots_p33_p66__PM10__mavg,53
PM10,mavg,4,66.9000009968877,0.46,70.7666677211722,0.998511031373032,knots_p33_p66,Exposure knots = P33/P66,3,knots_p33_p66__PM10__mavg,53
PM10,mavg,4,67.8727282841097,0.47,70.7666677211722,0.998931615665437,knots_p33_p66,Exposure knots = P33/P66,3,knots_p33_p66__PM10__mavg,53
PM10,mavg,4,68.8250010255723,0.48,70.7666677211722,0.999312462050608,knots_p33_p66,Exposure knots = P33/P66,3,knots_p33_p66__PM10__mavg,53
PM10,mavg,4,69.8000010401011,0.49,70.7666677211722,0.999672157181329,knots_p33_p66,Exposure knots = P33/P66,3,knots_p33_p66__PM10__mavg,53
PM10,mavg,4,70.7666677211722,0.5,70.7666677211722,1,knots_p33_p66,Exposure knots = P33/P66,3,knots_p33_p66__PM10__mavg,53
PM10,mavg,4,71.7636374329979,0.51,70.7666677211722,1.00030962140098,knots_p33_p66,Exposure knots = P33/P66,3,knots_p33_p66__PM10__mavg,53
PM10,mavg,4,72.7700010843575,0.52,70.7666677211722,1.0005943953319,knots_p33_p66,Exposure knots = P33/P66,3,knots_p33_p66__PM10__mavg,53
PM10,mavg,4,73.8000010997057,0.53,70.7666677211722,1.00085865954012,knots_p33_p66,Exposure knots = P33/P66,3,knots_p33_p66__PM10__mavg,53
PM10,mavg,4,74.8000011146068,0.54,70.7666677211722,1.00109054184749,knots_p33_p66,Exposure knots = P33/P66,3,knots_p33_p66__PM10__mavg,53
PM10,mavg,4,75.816667796423,0.55,70.7666677211722,1.00130302151192,knots_p33_p66,Exposure knots = P33/P66,3,knots_p33_p66__PM10__mavg,53
PM10,mavg,4,76.8700011454523,0.56,70.7666677211722,1.00150020702782,knots_p33_p66,Exposure knots = P33/P66,3,knots_p33_p66__PM10__mavg,53
PM10,mavg,4,77.9125011609867,0.57,70.7666677211722,1.00167417792244,knots_p33_p66,Exposure knots = P33/P66,3,knots_p33_p66__PM10__mavg,53
PM10,mavg,4,79.0000011771918,0.58,70.7666677211722,1.00183517130677,knots_p33_p66,Exposure knots = P33/P66,3,knots_p33_p66__PM10__mavg,53
PM10,mavg,4,80.100001193583,0.59,70.7666677211722,1.001978817018,knots_p33_p66,Exposure knots = P33/P66,3,knots_p33_p66__PM10__mavg,53
PM10,mavg,4,81.1833345430593,0.6,70.7666677211722,1.00210349149431,knots_p33_p66,Exposure knots = P33/P66,3,knots_p33_p66__PM10__mavg,53
PM10,mavg,4,82.2777790038122,0.61,70.7666677211722,1.00221461970001,knots_p33_p66,Exposure knots = P33/P66,3,knots_p33_p66__PM10__mavg,53
PM10,mavg,4,83.4000012427569,0.62,70.7666677211722,1.00231530290457,knots_p33_p66,Exposure knots = P33/P66,3,knots_p33_p66__PM10__mavg,53
PM10,mavg,4,84.5500012598932,0.63,70.7666677211722,1.00240691061162,knots_p33_p66,Exposure knots = P33/P66,3,knots_p33_p66__PM10__mavg,53
PM10,mavg,4,85.7000012770295,0.64,70.7666677211722,1.0024892459631,knots_p33_p66,Exposure knots = P33/P66,3,knots_p33_p66__PM10__mavg,53
PM10,mavg,4,86.9000012949109,0.65,70.7666677211722,1.00256793346223,knots_p33_p66,Exposure knots = P33/P66,3,knots_p33_p66__PM10__mavg,53
PM10,mavg,4,88.1428584562881,0.66,70.7666677211722,1.00264458862298,knots_p33_p66,Exposure knots = P33/P66,3,knots_p33_p66__PM10__mavg,53
PM10,mavg,4,89.427274059843,0.67,70.7666677211722,1.00272131984046,knots_p33_p66,Exposure knots = P33/P66,3,knots_p33_p66__PM10__mavg,53
PM10,mavg,4,90.7500013522804,0.68,70.7666677211722,1.00279826945752,knots_p33_p66,Exposure knots = P33/P66,3,knots_p33_p66__PM10__mavg,53
PM10,mavg,4,92.1090922816233,0.69,70.7666677211722,1.00287515125321,knots_p33_p66,Exposure knots = P33/P66,3,knots_p33_p66__PM10__mavg,53
PM10,mavg,4,93.5125013934448,0.7,70.7666677211722,1.00295222317764,knots_p33_p66,Exposure knots = P33/P66,3,knots_p33_p66__PM10__mavg,53
PM10,mavg,4,94.9888903043336,0.71,70.7666677211722,1.00303076829255,knots_p33_p66,Exposure knots = P33/P66,3,knots_p33_p66__PM10__mavg,53
PM10,mavg,4,96.500001437962,0.72,70.7666677211722,1.00310847614594,knots_p33_p66,Exposure knots = P33/P66,3,knots_p33_p66__PM10__mavg,53
PM10,mavg,4,98.0666681279739,0.73,70.7666677211722,1.00318618116544,knots_p33_p66,Exposure knots = P33/P66,3,knots_p33_p66__PM10__mavg,53
PM10,mavg,4,99.6666681518158,0.74,70.7666677211722,1.00326254274909,knots_p33_p66,Exposure knots = P33/P66,3,knots_p33_p66__PM10__mavg,53
PM10,mavg,4,101.300001509488,0.75,70.7666677211722,1.00333738043143,knots_p33_p66,Exposure knots = P33/P66,3,knots_p33_p66__PM10__mavg,53
PM10,mavg,4,102.950001534075,0.76,70.7666677211722,1.0034097957732,knots_p33_p66,Exposure knots = P33/P66,3,knots_p33_p66__PM10__mavg,53
PM10,mavg,4,104.700001560152,0.77,70.7666677211722,1.00348311124728,knots_p33_p66,Exposure knots = P33/P66,3,knots_p33_p66__PM10__mavg,53
PM10,mavg,4,106.466668253144,0.78,70.7666677211722,1.00355349347902,knots_p33_p66,Exposure knots = P33/P66,3,knots_p33_p66__PM10__mavg,53
PM10,mavg,4,108.310001613945,0.79,70.7666677211722,1.00362305295838,knots_p33_p66,Exposure knots = P33/P66,3,knots_p33_p66__PM10__mavg,53
PM10,mavg,4,110.22500164248,0.8,70.7666677211722,1.00369113757849,knots_p33_p66,Exposure knots = P33/P66,3,knots_p33_p66__PM10__mavg,53
PM10,mavg,4,112.233516823925,0.81,70.7666677211722,1.00375798711812,knots_p33_p66,Exposure knots = P33/P66,3,knots_p33_p66__PM10__mavg,53
PM10,mavg,4,114.266668369372,0.82,70.7666677211722,1.00382091929144,knots_p33_p66,Exposure knots = P33/P66,3,knots_p33_p66__PM10__mavg,53
PM10,mavg,4,116.400001734495,0.83,70.7666677211722,1.00388184775425,knots_p33_p66,Exposure knots = P33/P66,3,knots_p33_p66__PM10__mavg,53
PM10,mavg,4,118.633335101108,0.84,70.7666677211722,1.00394005399105,knots_p33_p66,Exposure knots = P33/P66,3,knots_p33_p66__PM10__mavg,53
PM10,mavg,4,121.000001803041,0.85,70.7666677211722,1.00399553452916,knots_p33_p66,Exposure knots = P33/P66,3,knots_p33_p66__PM10__mavg,53
PM10,mavg,4,123.48065638546,0.86,70.7666677211722,1.00404686929234,knots_p33_p66,Exposure knots = P33/P66,3,knots_p33_p66__PM10__mavg,53
PM10,mavg,4,126.063638242131,0.87,70.7666677211722,1.00409294101674,knots_p33_p66,Exposure knots = P33/P66,3,knots_p33_p66__PM10__mavg,53
PM10,mavg,4,128.771430490272,0.88,70.7666677211722,1.0041331953523,knots_p33_p66,Exposure knots = P33/P66,3,knots_p33_p66__PM10__mavg,53
PM10,mavg,4,131.633335294823,0.89,70.7666677211722,1.00416683892495,knots_p33_p66,Exposure knots = P33/P66,3,knots_p33_p66__PM10__mavg,53
PM10,mavg,4,134.700002007186,0.9,70.7666677211722,1.00419279425258,knots_p33_p66,Exposure knots = P33/P66,3,knots_p33_p66__PM10__mavg,53
PM10,mavg,4,138.050002057105,0.91,70.7666677211722,1.00420928563211,knots_p33_p66,Exposure knots = P33/P66,3,knots_p33_p66__PM10__mavg,53
PM10,mavg,4,141.700002111495,0.92,70.7666677211722,1.00421325061885,knots_p33_p66,Exposure knots = P33/P66,3,knots_p33_p66__PM10__mavg,53
PM10,mavg,4,145.79000217244,0.93,70.7666677211722,1.00420047522232,knots_p33_p66,Exposure knots = P33/P66,3,knots_p33_p66__PM10__mavg,53
PM10,mavg,4,150.35000224039,0.94,70.7666677211722,1.00416496090753,knots_p33_p66,Exposure knots = P33/P66,3,knots_p33_p66__PM10__mavg,53
PM10,mavg,4,155.733335653941,0.95,70.7666677211722,1.00409445374268,knots_p33_p66,Exposure knots = P33/P66,3,knots_p33_p66__PM10__mavg,53
PM10,mavg,4,162.012502414174,0.96,70.7666677211722,1.00397356800941,knots_p33_p66,Exposure knots = P33/P66,3,knots_p33_p66__PM10__mavg,53
PM10,mavg,4,169.800002530217,0.97,70.7666677211722,1.00376665749285,knots_p33_p66,Exposure knots = P33/P66,3,knots_p33_p66__PM10__mavg,53
PM10,mavg,4,180.50000268966,0.98,70.7666677211722,1.00338136569047,knots_p33_p66,Exposure knots = P33/P66,3,knots_p33_p66__PM10__mavg,53
PM10,mavg,4,198.164936286221,0.99,70.7666677211722,1.00249660161335,knots_p33_p66,Exposure knots = P33/P66,3,knots_p33_p66__PM10__mavg,53
O3,mavg,4,23.1804730726887,0.01,87.7750013079494,0.976903460214094,knots_p33_p66,Exposure knots = P33/P66,3,knots_p33_p66__O3__mavg,54
O3,mavg,4,27.3000004068017,0.02,87.7750013079494,0.978137879785336,knots_p33_p66,Exposure knots = P33/P66,3,knots_p33_p66__O3__mavg,54
O3,mavg,4,30.2285718790123,0.03,87.7750013079494,0.979027422324758,knots_p33_p66,Exposure knots = P33/P66,3,knots_p33_p66__O3__mavg,54
O3,mavg,4,32.5750004854053,0.04,87.7750013079494,0.979748240085192,knots_p33_p66,Exposure knots = P33/P66,3,knots_p33_p66__O3__mavg,54
O3,mavg,4,34.7310005175322,0.05,87.7750013079494,0.980417475008904,knots_p33_p66,Exposure knots = P33/P66,3,knots_p33_p66__O3__mavg,54
O3,mavg,4,36.6000005453825,0.06,87.7750013079494,0.981003359788555,knots_p33_p66,Exposure knots = P33/P66,3,knots_p33_p66__O3__mavg,54
O3,mavg,4,38.3500005714595,0.07,87.7750013079494,0.98155705836672,knots_p33_p66,Exposure knots = P33/P66,3,knots_p33_p66__O3__mavg,54
O3,mavg,4,39.9701148813154,0.08,87.7750013079494,0.982074298764069,knots_p33_p66,Exposure knots = P33/P66,3,knots_p33_p66__O3__mavg,54
O3,mavg,4,41.5000006183982,0.09,87.7750013079494,0.982567012777436,knots_p33_p66,Exposure knots = P33/P66,3,knots_p33_p66__O3__mavg,54
O3,mavg,4,43.0000006407499,0.1,87.7750013079494,0.983054305978825,knots_p33_p66,Exposure knots = P33/P66,3,knots_p33_p66__O3__mavg,54
O3,mavg,4,44.4166673285266,0.11,87.7750013079494,0.983518495643862,knots_p33_p66,Exposure knots = P33/P66,3,knots_p33_p66__O3__mavg,54
O3,mavg,4,45.7875006822869,0.12,87.7750013079494,0.983971467825785,knots_p33_p66,Exposure knots = P33/P66,3,knots_p33_p66__O3__mavg,54
O3,mavg,4,47.1000007018447,0.13,87.7750013079494,0.984408782627511,knots_p33_p66,Exposure knots = P33/P66,3,knots_p33_p66__O3__mavg,54
O3,mavg,4,48.3666673873862,0.14,87.7750013079494,0.984834285524766,knots_p33_p66,Exposure knots = P33/P66,3,knots_p33_p66__O3__mavg,54
O3,mavg,4,49.609091648324,0.15,87.7750013079494,0.985255041359995,knots_p33_p66,Exposure knots = P33/P66,3,knots_p33_p66__O3__mavg,54
O3,mavg,4,50.833334090809,0.16,87.7750013079494,0.985673020619046,knots_p33_p66,Exposure knots = P33/P66,3,knots_p33_p66__O3__mavg,54
O3,mavg,4,52.0400007754564,0.17,87.7750013079494,0.986088369921693,knots_p33_p66,Exposure knots = P33/P66,3,knots_p33_p66__O3__mavg,54
O3,mavg,4,53.2159055548836,0.18,87.7750013079494,0.986496431613896,knots_p33_p66,Exposure knots = P33/P66,3,knots_p33_p66__O3__mavg,54
O3,mavg,4,54.4000008106232,0.19,87.7750013079494,0.986910708641891,knots_p33_p66,Exposure knots = P33/P66,3,knots_p33_p66__O3__mavg,54
O3,mavg,4,55.5909099192782,0.2,87.7750013079494,0.987330865033101,knots_p33_p66,Exposure knots = P33/P66,3,knots_p33_p66__O3__mavg,54
O3,mavg,4,56.7500008456409,0.21,87.7750013079494,0.987743240214117,knots_p33_p66,Exposure knots = P33/P66,3,knots_p33_p66__O3__mavg,54
O3,mavg,4,57.9333341966073,0.22,87.7750013079494,0.988167824939018,knots_p33_p66,Exposure knots = P33/P66,3,knots_p33_p66__O3__mavg,54
O3,mavg,4,59.1000008806586,0.23,87.7750013079494,0.988590053656307,knots_p33_p66,Exposure knots = P33/P66,3,knots_p33_p66__O3__mavg,54
O3,mavg,4,60.250000897795,0.24,87.7750013079494,0.989009848310991,knots_p33_p66,Exposure knots = P33/P66,3,knots_p33_p66__O3__mavg,54
O3,mavg,4,61.4100009150803,0.25,87.7750013079494,0.98943698822547,knots_p33_p66,Exposure knots = P33/P66,3,knots_p33_p66__O3__mavg,54
O3,mavg,4,62.6000009328127,0.26,87.7750013079494,0.989879111214083,knots_p33_p66,Exposure knots = P33/P66,3,knots_p33_p66__O3__mavg,54
O3,mavg,4,63.7833819028275,0.27,87.7750013079494,0.990322810004555,knots_p33_p66,Exposure knots = P33/P66,3,knots_p33_p66__O3__mavg,54
O3,mavg,4,64.9333343009154,0.28,87.7750013079494,0.990757907773956,knots_p33_p66,Exposure knots = P33/P66,3,knots_p33_p66__O3__mavg,54
O3,mavg,4,66.1000009849668,0.29,87.7750013079494,0.99120336903042,knots_p33_p66,Exposure knots = P33/P66,3,knots_p33_p66__O3__mavg,54
O3,mavg,4,67.2428581448538,0.3,87.7750013079494,0.991643759709963,knots_p33_p66,Exposure knots = P33/P66,3,knots_p33_p66__O3__mavg,54
O3,mavg,4,68.3833343523244,0.31,87.7750013079494,0.992087274040911,knots_p33_p66,Exposure knots = P33/P66,3,knots_p33_p66__O3__mavg,54
O3,mavg,4,69.5333343694607,0.32,87.7750013079494,0.992538654872187,knots_p33_p66,Exposure knots = P33/P66,3,knots_p33_p66__O3__mavg,54
O3,mavg,4,70.6666677196821,0.33,87.7750013079494,0.992987657513153,knots_p33_p66,Exposure knots = P33/P66,3,knots_p33_p66__O3__mavg,54
O3,mavg,4,71.7500010691584,0.34,87.7750013079494,0.993420702050713,knots_p33_p66,Exposure knots = P33/P66,3,knots_p33_p66__O3__mavg,54
O3,mavg,4,72.8250010851771,0.35,87.7750013079494,0.993853801940416,knots_p33_p66,Exposure knots = P33/P66,3,knots_p33_p66__O3__mavg,54
O3,mavg,4,73.9000011011958,0.36,87.7750013079494,0.994289864418364,knots_p33_p66,Exposure knots = P33/P66,3,knots_p33_p66__O3__mavg,54
O3,mavg,4,74.940001116693,0.37,87.7750013079494,0.994714162618741,knots_p33_p66,Exposure knots = P33/P66,3,knots_p33_p66__O3__mavg,54
O3,mavg,4,76.0000011324882,0.38,87.7750013079494,0.995148692876785,knots_p33_p66,Exposure knots = P33/P66,3,knots_p33_p66__O3__mavg,54
O3,mavg,4,77.0125011475757,0.39,87.7750013079494,0.995565344078263,knots_p33_p66,Exposure knots = P33/P66,3,knots_p33_p66__O3__mavg,54
O3,mavg,4,78.0500011630357,0.4,87.7750013079494,0.995993531302848,knots_p33_p66,Exposure knots = P33/P66,3,knots_p33_p66__O3__mavg,54
O3,mavg,4,79.0500011779368,0.41,87.7750013079494,0.996407093240138,knots_p33_p66,Exposure knots = P33/P66,3,knots_p33_p66__O3__mavg,54
O3,mavg,4,80.0666678597529,0.42,87.7750013079494,0.996828056832949,knots_p33_p66,Exposure knots = P33/P66,3,knots_p33_p66__O3__mavg,54
O3,mavg,4,81.0500012077391,0.43,87.7750013079494,0.997235378346956,knots_p33_p66,Exposure knots = P33/P66,3,knots_p33_p66__O3__mavg,54
O3,mavg,4,82.0666678895552,0.44,87.7750013079494,0.997656331024941,knots_p33_p66,Exposure knots = P33/P66,3,knots_p33_p66__O3__mavg,54
O3,mavg,4,83.0100012369454,0.45,87.7750013079494,0.998046455827112,knots_p33_p66,Exposure knots = P33/P66,3,knots_p33_p66__O3__mavg,54
O3,mavg,4,83.9888901404209,0.46,87.7750013079494,0.998450503563518,knots_p33_p66,Exposure knots = P33/P66,3,knots_p33_p66__O3__mavg,54
O3,mavg,4,84.9428584086044,0.47,87.7750013079494,0.998843202343329,knots_p33_p66,Exposure knots = P33/P66,3,knots_p33_p66__O3__mavg,54
O3,mavg,4,85.9000012800097,0.48,87.7750013079494,0.999235857271469,knots_p33_p66,Exposure knots = P33/P66,3,knots_p33_p66__O3__mavg,54
O3,mavg,4,86.8200012937188,0.49,87.7750013079494,0.999611725060215,knots_p33_p66,Exposure knots = P33/P66,3,knots_p33_p66__O3__mavg,54
O3,mavg,4,87.7750013079494,0.5,87.7750013079494,1,knots_p33_p66,Exposure knots = P33/P66,3,knots_p33_p66__O3__mavg,54
O3,mavg,4,88.700001321733,0.51,87.7750013079494,1.00037396590861,knots_p33_p66,Exposure knots = P33/P66,3,knots_p33_p66__O3__mavg,54
O3,mavg,4,89.6166680020591,0.52,87.7750013079494,1.00074224619081,knots_p33_p66,Exposure knots = P33/P66,3,knots_p33_p66__O3__mavg,54
O3,mavg,4,90.5500013493002,0.53,87.7750013079494,1.00111458242505,knots_p33_p66,Exposure knots = P33/P66,3,knots_p33_p66__O3__mavg,54
O3,mavg,4,91.4857156489577,0.54,87.7750013079494,1.00148491883411,knots_p33_p66,Exposure knots = P33/P66,3,knots_p33_p66__O3__mavg,54
O3,mavg,4,92.4000013768673,0.55,87.7750013079494,1.00184365481485,knots_p33_p66,Exposure knots = P33/P66,3,knots_p33_p66__O3__mavg,54
O3,mavg,4,93.3333347241085,0.56,87.7750013079494,1.00220641186102,knots_p33_p66,Exposure knots = P33/P66,3,knots_p33_p66__O3__mavg,54
O3,mavg,4,94.2500014044344,0.57,87.7750013079494,1.00255902952286,knots_p33_p66,Exposure knots = P33/P66,3,knots_p33_p66__O3__mavg,54
O3,mavg,4,95.1500014178454,0.58,87.7750013079494,1.00290145002128,knots_p33_p66,Exposure knots = P33/P66,3,knots_p33_p66__O3__mavg,54
O3,mavg,4,96.0666680981716,0.59,87.7750013079494,1.00324609642573,knots_p33_p66,Exposure knots = P33/P66,3,knots_p33_p66__O3__mavg,54
O3,mavg,4,96.9500014446677,0.6,87.7750013079494,1.00357403632629,knots_p33_p66,Exposure knots = P33/P66,3,knots_p33_p66__O3__mavg,54
O3,mavg,4,97.8777792362704,0.61,87.7750013079494,1.00391380380254,knots_p33_p66,Exposure knots = P33/P66,3,knots_p33_p66__O3__mavg,54
O3,mavg,4,98.8000014722346,0.62,87.7750013079494,1.00424652603627,knots_p33_p66,Exposure knots = P33/P66,3,knots_p33_p66__O3__mavg,54
O3,mavg,4,99.7000014856458,0.63,87.7750013079494,1.0045661564114,knots_p33_p66,Exposure knots = P33/P66,3,knots_p33_p66__O3__mavg,54
O3,mavg,4,100.633334832887,0.64,87.7750013079494,1.00489206055993,knots_p33_p66,Exposure knots = P33/P66,3,knots_p33_p66__O3__mavg,54
O3,mavg,4,101.577501513623,0.65,87.7750013079494,1.00521570083984,knots_p33_p66,Exposure knots = P33/P66,3,knots_p33_p66__O3__mavg,54
O3,mavg,4,102.514668194254,0.66,87.7750013079494,1.00553064297311,knots_p33_p66,Exposure knots = P33/P66,3,knots_p33_p66__O3__mavg,54
O3,mavg,4,103.50000154227,0.67,87.7750013079494,1.00585475279552,knots_p33_p66,Exposure knots = P33/P66,3,knots_p33_p66__O3__mavg,54
O3,mavg,4,104.450001556426,0.68,87.7750013079494,1.00616040263292,knots_p33_p66,Exposure knots = P33/P66,3,knots_p33_p66__O3__mavg,54
O3,mavg,4,105.437501571141,0.69,87.7750013079494,1.00647103139091,knots_p33_p66,Exposure knots = P33/P66,3,knots_p33_p66__O3__mavg,54
O3,mavg,4,106.422223808037,0.7,87.7750013079494,1.00677362339628,knots_p33_p66,Exposure knots = P33/P66,3,knots_p33_p66__O3__mavg,54
O3,mavg,4,107.433334934215,0.71,87.7750013079494,1.00707691333727,knots_p33_p66,Exposure knots = P33/P66,3,knots_p33_p66__O3__mavg,54
O3,mavg,4,108.477779394223,0.72,87.7750013079494,1.00738235231641,knots_p33_p66,Exposure knots = P33/P66,3,knots_p33_p66__O3__mavg,54
O3,mavg,4,109.52500163205,0.73,87.7750013079494,1.00768063151737,knots_p33_p66,Exposure knots = P33/P66,3,knots_p33_p66__O3__mavg,54
O3,mavg,4,110.600001648068,0.74,87.7750013079494,1.00797855861964,knots_p33_p66,Exposure knots = P33/P66,3,knots_p33_p66__O3__mavg,54
O3,mavg,4,111.675001664087,0.75,87.7750013079494,1.00826815380669,knots_p33_p66,Exposure knots = P33/P66,3,knots_p33_p66__O3__mavg,54
O3,mavg,4,112.800001680851,0.76,87.7750013079494,1.00856234076849,knots_p33_p66,Exposure knots = P33/P66,3,knots_p33_p66__O3__mavg,54
O3,mavg,4,113.950001697988,0.77,87.7750013079494,1.00885372917056,knots_p33_p66,Exposure knots = P33/P66,3,knots_p33_p66__O3__mavg,54
O3,mavg,4,115.150001715869,0.78,87.7750013079494,1.00914777795727,knots_p33_p66,Exposure knots = P33/P66,3,knots_p33_p66__O3__mavg,54
O3,mavg,4,116.400001734495,0.79,87.7750013079494,1.00944327109295,knots_p33_p66,Exposure knots = P33/P66,3,knots_p33_p66__O3__mavg,54
O3,mavg,4,117.675001753494,0.8,87.7750013079494,1.00973338031758,knots_p33_p66,Exposure knots = P33/P66,3,knots_p33_p66__O3__mavg,54
O3,mavg,4,118.988957328629,0.81,87.7750013079494,1.01002049375818,knots_p33_p66,Exposure knots = P33/P66,3,knots_p33_p66__O3__mavg,54
O3,mavg,4,120.33333512644,0.82,87.7750013079494,1.01030187566128,knots_p33_p66,Exposure knots = P33/P66,3,knots_p33_p66__O3__mavg,54
O3,mavg,4,121.744446258578,0.83,87.7750013079494,1.0105838474746,knots_p33_p66,Exposure knots = P33/P66,3,knots_p33_p66__O3__mavg,54
O3,mavg,4,123.216668502738,0.84,87.7750013079494,1.01086353006373,knots_p33_p66,Exposure knots = P33/P66,3,knots_p33_p66__O3__mavg,54
O3,mavg,4,124.800001859665,0.85,87.7750013079494,1.01114792021839,knots_p33_p66,Exposure knots = P33/P66,3,knots_p33_p66__O3__mavg,54
O3,mavg,4,126.450001884252,0.86,87.7750013079494,1.01142634654212,knots_p33_p66,Exposure knots = P33/P66,3,knots_p33_p66__O3__mavg,54
O3,mavg,4,128.200001910329,0.87,87.7750013079494,1.01170181649842,knots_p33_p66,Exposure knots = P33/P66,3,knots_p33_p66__O3__mavg,54
O3,mavg,4,130.050001937896,0.88,87.7750013079494,1.01197103884374,knots_p33_p66,Exposure knots = P33/P66,3,knots_p33_p66__O3__mavg,54
O3,mavg,4,132.022224189507,0.89,87.7750013079494,1.01223341133857,knots_p33_p66,Exposure knots = P33/P66,3,knots_p33_p66__O3__mavg,54
O3,mavg,4,134.100001998246,0.9,87.7750013079494,1.01248262507824,knots_p33_p66,Exposure knots = P33/P66,3,knots_p33_p66__O3__mavg,54
O3,mavg,4,136.333335364858,0.91,87.7750013079494,1.01271974278533,knots_p33_p66,Exposure knots = P33/P66,3,knots_p33_p66__O3__mavg,54
O3,mavg,4,138.850002069026,0.92,87.7750013079494,1.01294926109083,knots_p33_p66,Exposure knots = P33/P66,3,knots_p33_p66__O3__mavg,54
O3,mavg,4,141.557144966509,0.93,87.7750013079494,1.01315222807221,knots_p33_p66,Exposure knots = P33/P66,3,knots_p33_p66__O3__mavg,54
O3,mavg,4,144.800002157688,0.94,87.7750013079494,1.01333645373827,knots_p33_p66,Exposure knots = P33/P66,3,knots_p33_p66__O3__mavg,54
O3,mavg,4,148.642859357808,0.95,87.7750013079494,1.0134733209591,knots_p33_p66,Exposure knots = P33/P66,3,knots_p33_p66__O3__mavg,54
O3,mavg,4,153.350002285093,0.96,87.7750013079494,1.01352362442272,knots_p33_p66,Exposure knots = P33/P66,3,knots_p33_p66__O3__mavg,54
O3,mavg,4,159.300002373755,0.97,87.7750013079494,1.01340826693359,knots_p33_p66,Exposure knots = P33/P66,3,knots_p33_p66__O3__mavg,54
O3,mavg,4,167.4500024952,0.98,87.7750013079494,1.01294012185707,knots_p33_p66,Exposure knots = P33/P66,3,knots_p33_p66__O3__mavg,54
O3,mavg,4,180.228236451844,0.99,87.7750013079494,1.01153219706415,knots_p33_p66,Exposure knots = P33/P66,3,knots_p33_p66__O3__mavg,54
